不定期,'【不定期ポスト】小学生のとき天才と呼ばれたけど、その後凡才になっちゃう人もいるし、大学受験のとき、天才だった人もその後凡才になっちゃうかもしれないし、逆もまた然りで、大学に行く能力がなかった人でも、その後伸びるかもしれない。脳の成長は続くらしいから、一生続く競争だよ。。'
不定期,'うっすうっす\n投稿不定期だけどよろしくです https://t.co/p0TIiqzxRV'
不定期,'【不定期】ひさしぶのうちねこ🐈連投🐈🐈🐈\n\n#猫好きさんと繋がりたい #猫 #ねこ  #ノルウェージャンフォレストキャット #ねこのきもち #ねこと暮らす #NorwegianForestCat https://t.co/BKwqzIgtcv'
不定期,'#PS4share\n不定期でバイクとばすのやめてください（）\n\nhttps://t.co/hjQl6TK9Rf https://t.co/4lzPIwIp99'
不定期,'やばいライブのページ開かん\nえ、今日運営のなんかあったっけ、\n\nいつもなんか不定期にある調整みたいなん'
不定期,'そうなんですよね…人の心がナイゲームス……不定期で人の心を失うのでなんか…周年イベでは流石に人の心がナイゲームス発動しないとは思ってるんですけど、｢これまでの常識を覆そうと思って…😊｣とか言って人の心がナイゲームス発動されてしまったら情緒と共に食欲も消し飛びます'
不定期,'不定期艦これ記録。クォータリーを効率よく消化しようとすると逆に身動きが取りづらくなる病発動中。 https://t.co/XDSngTDKSq'
不定期,'ダビングについて簡単に記載させていただきました。質問などはDMにお願いします。\nまた、不定期ですがツイートし直し多いです。\n💙が付いているものはダビング回数が少ないものになります。\n💚が付いているものは近々消去予定のものです。 https://t.co/71IURZNvg9'
不定期,'やっぱ不定期だと、みんな来なくなるね'
不定期,'@Yamatatsu200 いいですね〜！自分もいけると思いますが予定が不定期でどうなるかわからないんですよね...'
不定期,'【不定期】ひさしぶのうちねこ🐈\n\n#猫好きさんと繋がりたい #猫 #ねこ  #ノルウェージャンフォレストキャット #ねこのきもち #ねこと暮らす #NorwegianForestCat https://t.co/vusq8dtFbh'
不定期,'#ブロスタ鋭角部マップメー科【不定期】 https://t.co/yMn2ASETJf'
不定期,'不定期で #デュエルリンクス 大会開催してます。\n景品ありのまったりとした大会ですので参加したい\n方はフォローしておいてくださいね～'
不定期,'今決まってる専コラ全部消化したら相互さんと緩くユニットやるコミュ作りたい( ˘ω˘ ) \nnanaの相互さんなら入退室自由、やりたい曲を挙げてもらって不定期に1曲選ぶ→参加したい人は挙手 って感じのやつ'
不定期,'あつ森、ポケ森、Twitterも今まで以上に不定期になり低浮上になります。\nF F、またはフレンド外される方は仕方ありません🙇\u200d♀️💦\n\n落ち着きましたら、繋がってるフォロワーさん、フレンドさんとまた楽しく交流したいです🙏💕\n\nどうか愛猫の無事を祈っててください😭🙏'
不定期,'これ気になったから買ってみた😊\nいらなかったら実家に持って行こう🤣\n\n【不定期開催／数量限定】カネ吉の惣菜おまかせセット\n[楽天] #Rakutenichiba\nhttps://t.co/9vdd9zMlav'
不定期,"""沢山の方からご反響頂きありがとうございます！\nこんな時間ですが・・・\n\n・カスタム用おハゲ星の子【改訂版】\n・拡張パック【手・足】\nをご用意いたしました！٩( 'ω' )و \n\n今後も不定期に拡張パックを作る予定です～。\n宜しけれ… https://t.co/tdGVP3Xq6K"""
不定期,'@PxS8lb9w6Mg4PeM こちらはツイッターで趣味で不定期に掲載しているものでして、特にタイトルなどは決まってないです！'
不定期,'このBotにリプライで「運動しました」「ジム」を打つと反応するBotです。不定期にこちらも報告すると思います。#運動報告部 のタグを付けてユーザー同士で褒め合って継続していきましょう！'
不定期,'これ昔ヘアカタログ見てて千葉さんじゃん！てなったやつでして。大人のカットと違ってあんまりワックスとかパーマかかってなくて神作画資料だなと。他の人のも不定期に探していたりします。 https://t.co/b1Rr2wNcOc'
不定期,'うおうおTV不定期だけど見てて楽しい'
不定期,'毎日配信してると思われている…\n不定期なんですわ……\nごめんなさいね……'
不定期,'たった20秒の歌声でこんだけの騒ぎよ😂\nいやたったって言っても不定期でくる突然の歌声披露だからそりゃ盛り上がるけど、、、\n\nこれ新曲出たりMV出たりましてやアルバムとかライブってなったらすごい騒ぎよお祭りだわ'
不定期,'@fishing_ojisan8 不定期に企画しますので、またご応募お待ちしております😊'
不定期,'神経痛？かわからんけどさ…すっげぇ不定期で頭がズキズキする'
不定期,'深夜ですので不定期浮上の裏垢を紹介します〜\n【@ura_garden_ 】\n\nｴｯｯｯなので18歳未満はダメです〜'
不定期,'人のフォロー欄が不定期にぐちゃぐちゃになるのはよく観測してたけど自分のフォロー欄ぐちゃぐちゃなるのはじめてなんやが'
不定期,'めーーーっちゃ不定期に、インスタ\nDMくれるおじさんが居るんだけど、\n褒めてくれて嬉しいー^ ^\n私が返事すると無視で会話長くなら\nないし、ただただ自己肯定感が上がる\n知らない人とDMするのも悪くない、\nまぁやべぇやつもおるけど。'
不定期,'@ddentdelionn126 バイトはかけ持ちしてるから不定期よ〜\nひどい時は半休あるけど14連勤とかある。\n\nそれがやすぎて4月から週5シフト固定にするー'
不定期,'@haru_3653 不定期すぎてすみません🙇\u200d♂️'
不定期,'ちょっと、配信いつもよりもっと、不定期になります🙇\u200d♂️見かけたらpt回収しにきてもろてぇ！'
不定期,'【不定期開催／数量限定】カネ吉の惣菜おまかせセット\n\n楽天リアルタイムランキング :6位\n価格:1600\n更にポイント1倍！ (23:50)\nhttps://t.co/Hu8Mum6b7Q'
不定期,'【定期】\n不定期浮上。\n呼びタメ大歓迎♡無言OKです！\n基本相互希望❀お迎えにあがります！サヨナラはブロ解で！'
不定期,'🌙深夜1時45分～「#Ｂテレ」\n\n「実験的テレビ番組を作ろう！」がコンセプトの不定期放送番組‼\n\n【よさんぜろシリーズ】は、YouTubeでも配信中！\nhttps://t.co/blIYukmMme\n\n@BproTelevision\n#tvk'
不定期,'「リベシティ」で、過去の「学長マガジン」が全て読めるようになったでー^^\n\n何か学びや楽しみになってくれたら良いなぁと、不定期更新で始めた学長マガジン。\n\n気がつけば、毎日更新してリベシティの名物コンテンツになってたで。笑\n\nみん… https://t.co/9qAZ1KPJJW'
不定期,'不定期の実験を始めよう。 #実験を始めよう君'
不定期,'@CR_B83TP 平原で火力カデと謎CUのVGコンビ面白そうなんだけどなぁ…😢\n\n自分は週末や世間的な休日はやれるか運ゲーで、平日も不定期夕方以降くらいに居たり居なかったりです。\n\nお機会あれば是非に🙇\u200d♂️'
不定期,'【不定期】死にたくない'
不定期,'不定期的にマーキュリー摂取しないとダメな体にはまだなりたくないけどやっぱいい曲なんだよな性癖に、刺さる'
不定期,"'@sPx35ONXkvEWlCZ あっ、来てくれてたね〜\n""(ﾉ*&gt;∀&lt;)ﾉ\n\nゆちゃくんも不定期だから…(^^;)'"
不定期,'#嘘か本当かわからないことを言う\n\nAPEX LIVE配信してるんですよ。不定期で'
不定期,'ala*-ｱｰﾗ- #minne https://t.co/awX7jD43Ra \n\n2021/02/20 ギャラリー開放日です\n※土曜日(不定期)のみ開放しています\nよろしくお願いします\n\n#ハンドメイド… https://t.co/99qdpGUJqT'
不定期,'昨日のmiel不定期公演を思い出す。\n＃ブンブンナイト'
不定期,'どーもーヒデさんです😊\n\nTikTokでは🌈\n好プレイ動画を発信します😄\n絶賛不定期公開中✨\n\nTikTokへ今すぐGO🚀⤵️\n\n🎮🎙️💻📷📱📺🎞️🎮🎙️💻📷📱📺🎞️\nhttps://t.co/GtqV5SS3S8\n🎮🎙️💻📷📱📺… https://t.co/IB1uHliL3v'
不定期,'@SxNqxx_ 深夜不定期だから申し訳ない。'
不定期,'再販してます📣\n\nうちの冷蔵庫も在庫切れたから買お😊\n\n【不定期開催／数量限定】\nカネ吉の惣菜おまかせセット  https://t.co/Lmx4KZTCfZ'
不定期,'【不定期ポスト】自由には責任と覚悟が必要である。'
不定期,'@9snh 不定期的に記録がリセットされるんだけどどこに言ったらいいのか分からん？'
不定期,'@me_51y めぇさんクインの主催ありがとうございます😖\n2月からクインメインの活動になって、クインリレーの運営や不定期ですがクイン主催するようになりましたっ😖\n\nAter\n@kapikapi__chan \nkapikapi__chan \n豊\n\n良ければお願いします🐷'
不定期,'@haru_3653 不定期です、、、'
不定期,'[不定期]\nプレゼント企画やってます、宜しければご参加下さい'
不定期,'２時間くらいの枠でしたが、来てくれた方ありがとうございました。\n不定期で配信をしているため、これからは配信時間をお知らせしてから配信をやっていこうと思います！（ツイートがない時はやらないってこと）\n把握よろしくね\nお疲れさまでした。'
不定期,'【定期bot】不定期ですが「弾いてみた」やってます。\nよろしくお願いします。\n★何となく「インパーフェクトアニマルズ」を弾いてみた\n★→https://t.co/woVFrVRJwP'
不定期,'【定期ぽすとん】不定期でニコ生してます(*´ω`*)\nよかったら遊びにきてください！！！！'
不定期,'@oboro311 うちも知ってびっくりしました😭\n元々原作の原作が完結してて今はおまけが不定期で続いてるので分かってはいた事なんですけどね💦'
不定期,'@haru_0224_ ばあああありがとうございます😭\nフォロバもありがとうございます💦 不定期浮上ですがよろしくお願いします🙇\u200d♀️🙇\u200d♀️'
不定期,'ミライヤーの再放送不定期すぎん？？\n探すの大変'
不定期,'不定期でやって欲しいね 📺君はコヤッキーチャンネルを知ってるか？ https://t.co/K1BQu1tKh4'
不定期,'自分のことは時たまにめちゃくちゃに心の中で罰しておかないと気が済まない時が不定期に出ちゃうのよね…💦でもこうしておかないと今度はパニック起こすというね。'
不定期,'@vlSfypnUkKOljHV 私も一緒だよ！不定期休みだから、今回平日だけしか当たんなかったけど、なんとか行ける！はず←\n私も同じ考え⸜(* ॑  ॑*  )⸝神戸のほうはデビュー日だし、ちょっと特別感あるよね！\nわーい(*´˘`*)♡楽しみにしてるね！'
不定期,'@shuri_go 嬉しいお言葉ありがとうございます…よく沁みます(;o;)💖\n絵を描くのは不定期ですが、また見ていただけると幸いです😆💛'
不定期,'2月19日\nすっかり不定期になってしまった日報\nACAねさんの声がきれいすぎて帰り道終始鼻歌で歩いてた。きっと異常。水飲みたいなと思って手に取ったのが味噌汁だった時に今週は頑張ったのかなって感じた。もしかしたら異常。空になったシャ… https://t.co/lEtGsvPPRz'
不定期,'前回のtaiさんの配信で『参加型配信はお知らせして欲しいです』ってお願いしたけど、雑談配信とか麻雀配信とかは不定期の方が嬉しいっ ̫ ‹♡\n定期配信にすると義務感あって見る方も、多分tai_さんも今より楽しめなさそう、🤔🤔'
不定期,'@uidhias ・全マップを報酬０の代わりにカリスタ消費０で出撃できるオプションの実装\n・通常の挑戦でも失敗orリタイア時のカリスタ消費０\nを実装して試行回数を増加させるのが初手かなと考えていて、要望は不定期的に送ってますね'
不定期,'【不定期】ゲスで狡猾で泥臭くて、裏切りも詐術も平気で行って、自分の為なら平気で人々を踏みつけにするド外道の九戸政実が、最後には奥羽の人々の無垢で残酷な期待を背負わされて、必敗確実の蜂起に踏み切らなければならなくなる話が見たい。'
不定期,'呪関係のグッズ買う数も買うグッズもめっさ不定期だし、原作絵ほぼ買うけどアニメ絵好み別れるし私ナチュラルに推しが多いから枠交換しないようにしてる'
不定期,'不定期でやってくる右手の親指の皮剥ける現象がやってきた…ピリピリする💦'
不定期,'@Naokingmodworld そう！！そうなの！！！うえした不定期配信だし、ずっとそれより上の人だと恐れ多くて声掛けられない事が多い😭'
不定期,"'名曲DigUp!（不定期配信） \nチェロとピアノのための「エレジー」（カプースチン） \nPf:N.Kapustin, Vc:A.Zagorinsky \nhttps://t.co/vhK9rUR8FF #MBObot'"
不定期,'【自動更新】\n不定期的に、スポーツ、芸能、雑談ネタなどを紹介していきます！'
不定期,'著しく偏った私好みのバイクや車、乗り物の拾い画をただUPするだけの不定期ツイ https://t.co/1mumO49cZH'
不定期,'しばらくは不定期に出没します。 #ミコbot'
不定期,'@PixivF_TL \n@はっぱ団の人たちへ\nギルメン表つくりました\nチンして食べてね\n(微修正、追記は不定期でします)\n\nhttps://t.co/CIvjxVoqgG'
不定期,'沢山の方々にご参加いただき、改めてclubhouseの凄さが分かりました。プロの通訳の方々もいらっしゃったり、有益な情報が沢山でした。また不定期で開催できればと思います。ありがとうございました😊 https://t.co/YDP5v5iEJQ'
不定期,'通話好きなので誘ってください\n家庭の環境もあってやれるタイミング結構限られる上に不定期だけど'
不定期,'BLUE BOSE Gaming.\nは不定期でKRJPにてヤクザームーヴしてます🐣 https://t.co/IT4lEPqNgn'
不定期,'【不定期post】このbotの管理人はhatimitsubati(蜂蜜蜂。)です。何かありましたら、管理人かもちめりbotにDMで御報告願います。'
不定期,'この垢はシャフ垢です。不定期にキャラが入れ替わります。メインは僕、アレン・ウォーカーです。リクエストなどあれば、受けますよ。 #定期'
不定期,'【不定期開催／数量限定】カネ吉の惣菜おまかせセット\n\n楽天リアルタイムランキング 7位 1600円 [23:33]\n★★★★☆(5477件)\n\n【不定期開催／数量限定】【賞味期限お届け後10日前後商品あり】何が届くかお楽しみ！毎日… https://t.co/4bfhEhdKLF'
不定期,'【楽天リアルタイムランキング】\n\n順位：7\n商品名：【不定期開催／数量限定】カネ吉の惣菜おまかせセット\n\n価格：1600円\n23:33\n\nhttps://t.co/aOame8h9VR'
不定期,'@uka_no157 不定期に起こる飲みの帰り、何故か仙台民を拾って帰ることになって困惑してる……'
不定期,'[不定期呟き]こころはクールであってそれでいて可愛いところがなんか好き'
不定期,'不定期にくる、自己投資めちゃくちゃしたい期なのでさいっこうにおしゃれしてコスメとか買いに行きたい！！！！\n誰にも見せないのにマスクの下までしっかりメイクして出かけたい！'
不定期,'PC不定期でスリープモードに入る原因が全く分からん、操作してる最中でも容赦なく落ちるのほんと謎'
不定期,'月曜日なのにみんなすごいね！！！\n休み不定期だから月曜日行けるけど、\n学校や仕事休んでまで行ける人達ほんと凄い🥺'
不定期,'モイ！Androidからキャス配信中 - こぴです 不定期キャスの始まり✌🏻🎤 / テレキャスタービーボーイ https://t.co/nAm8PDVZtr'
不定期,'[不定期更新の自己紹介]\nDおです！\nゲームやアニメが好きな人です！\nバンドリやプロセカ、ドッカンバトルなどいろんなゲームをしてます✨\n\n最近はホロライブにハマっています😊\nみんなからの絡み大歓迎です(*´ｰ`*)\n\n↓サブ垢です… https://t.co/4Y6YHxPoKF'
不定期,'[不定期]\nI think that the President Trump becomes the best U.S. President if even the groundwork is possible'
不定期,'チーターに理不尽な攻撃されてキレて不定期になって○ね'
不定期,'イラスト不定期すぎてごめんなさい'
不定期,'@saaaaa4tky3 不定期休みなんだ〜😭\n神奈川当たってたら神戸は行けなかっただろうから、感謝するべきだね🥲✨\n嬉しい〜会う会う☺️♫'
不定期,'不定期にこの曲聴きたくなる。大好きすぎるな。\n https://t.co/6XT5rI2IuD'
不定期,'【定期】不定期出没にございます。'
不定期,'@Ryo_mai0820 3月頭のテストが終わればいつでもいいよー！\nそだね、グループつくらなきゃ！\n空手の休みは不定期だから分かんないけど、連絡したら休めるし気にしないで大丈夫だよー！'
不定期,'【不定期】ADEKAお詫びCMをアップしてください'
不定期,'不定期にスタバで日本政治、安全保障を議論する会を開きたい。'
不定期,'@MasaUtp はじめましてさしみゆうと申します🐟️\n誤反応ではございません\n不定期浮上ですが是非仲良くしてくださるとうれしいです\nよろしくお願いいたします'
不定期,'3年前に先生が中国語猛勉強してちょう身体はってる台湾ドラマ、今YouTubeで1話ずつ不定期更新なう！！\n最新話は北海道でロケしたシーンも出てくるよー！！\n東海系昼ドラちっくなノリが苦手な人やぴゅあな未成年は閲覧注意！！笑\n\n《紡… https://t.co/kNHtOcg1xn'
不定期,'石好きさんや興味のある方はフォローお願いします。もれなくフォロバさせて頂きます。m(__)m\n(不定期でフォロワーさん対象のプレゼント企画をやります。)\n\nメインブログ→https://t.co/j8NCeEgVS6\n\nYouTu… https://t.co/vu0mLLJmc7'
不定期,'うわぁー😭😭\nここ数日送れんかった…ショック😖\nこれから不定期にツイートする。多分送れん日増えるから。\n@hskzkzkzkzkzkz'
不定期,'22になったら、不定期でも定期でも人によると思うんですけど大賞について、とらまるで触れると思うんですよね。多分ファン想いのトラジャのことだから褒めたり喜んだりしてくれると思うんですけど、ここでのえるさん、宮近くんがばぶーばぶー言い… https://t.co/FbhH6jPsHr'
不定期,'【拡散希望】不定期つぶやき垢'
不定期,'集まったりする？TKACは不定期だけど火曜日にミーティングをするよ！ミーティングがある日は連絡するね！！'
不定期,'［定期］ニコニコ生放送にて配信を不定期でしています、よろしければコミュニティ参加お願いします\u3000ダイコンコミュニティ→https://t.co/xL2PtEoyGx'
不定期,'ちなみにワイのふもふもさとりのアイコンは不定期でどんどんズームアップされていきます。'
不定期,'@foolper_cats とりあえず不定期でやることにする'
不定期,'@ggrks__o01 お主いつ空いてるん\n俺完全不定期だからさ'
不定期,'【不定期蔵出】2月20日！お誕生日おめでとーございます(｡･ω･｡)何の写真とかなしで･･･ https://t.co/fK8ogHEXFC'
不定期,'ぼっちとかやめてくれ\n 死にたい。みんなつめたい。固定いない不定期'
不定期,'@yu12021202 オッケー\n\nとりあえず不定期だけど、コレからやるからその時は参加してね🥺\n\nレシートは店バレとかしたくないだろうからツイートあげずにあDM入れといて😖\n\nもちろん俺にもバレたくないだろうから隠していいからね店名w'
不定期,'不定期に骨喰につんつんしたくなるんですよね。でもつんつんしたら高確率で肘鉄くるんですよね。はぁ…'
不定期,'ホットサンド一旦レギュラー放送は終了で不定期特番放送という事で番組自体は続くとのこと！\n\n良かったー！'
不定期,'ＤＭはbotと人双方対応ですが，botは管理者が浮上しているときのみ作動させますので，返信は不定期ですー'
不定期,'@Cosplay_yozora 不定期ですがたまに動画上げてます！'
不定期,'【不定期】\n私のアカウントで何か気になる事や不具合があったらユーディット(@ Judith_VOC)に連絡ちょうだい。\nちまちま確認できないから気付いた時は修正して貰っているのよ。'
不定期,'不定期に読む https://t.co/QiTAw9TIWn'
不定期,'【連載中】アルファポリスの投稿小説「胡桃の中の蜃気楼」！！ https://t.co/n6AS42MsIb … #アルファポリス\n\n改稿版。毎日せっせと改稿しています。\n\n連載は不定期更新です。'
不定期,'@W_CC_wiki 会社で自社の記事に間違い（長期間の放置）があっても「かまいません」って意向を聞くのですが、もう少しそういう意識をもたないと利益にかかわってこない？ある程度コントロールしたくないすか？って思ったりします。忙しい… https://t.co/unsFgoMsCX'
不定期,'フレ募集なう(不定期)\nチュウニズム: 6063470367425\nmaimai: 6068490766415\nオンゲキ: 6062490763495 https://t.co/3bGmPJlnLh'
不定期,'経済循環の波で最も不定期なポンペの波が来ている'
不定期,'それに加えて🎴くんは男性体Ωなので女性体Ωと違って、発情期が不定期でなかなか来ないとかだといいなあ。'
不定期,'@mu03868740 @Christ1325784 😍🙏💕不定期に猫の集会を開催しております💖見かけましたらいつでも遠慮なくご参加くださいニャ😍💖✨🍀'
不定期,'スピのお弁当不定期でキャラ弁になってたら笑う\nアロ「ギロチのキャラ弁作った時はさすがに怒られた」\nマスク「あれめちゃくちゃ面白かった」'
不定期,'考えた結果、これをチビチビ机上でやることに。読書やスマホ以外で、待つ時間が不定期に訪れる。上手に待てない今の私に必要な訓練。\n早々に終わっては困るので、長旅でのんびりいく感じ。\n#1000マイクロピース https://t.co/TJv2hPShlP'
不定期,'@_Akari_kurosawa 新宿アルタ&amp;不定期公演お疲れ様でした✨\n\n60分連続ライブめちゃくちゃ楽しかったです😆\n\nどうもありがとうございました🙇'
不定期,'【定期】\n不定期浮上。\n呼びタメ大歓迎♡無言OKです！\n基本相互希望❀お迎えにあがります！サヨナラはブロ解で！'
不定期,'#YouTube  #ライブ配信\u3000#DBD\n\n本日の定期配信は終了しました🙇\u200d♂️\nご視聴&amp;コメントありがとございました✨\n明日も不定期配信&amp;定期配信やりますのでお時間ありましたら是非遊びに来てください😆✨'
不定期,'【定期】手動の為、浮上が不定期です。お嬢様を退屈させてしまい申し訳ありません。不要の際は悲しいですがブロックでお願いします。'
不定期,'説明書（https://t.co/W6qEtW68lr）はちゃんと読んどいてほしい。不定期的に更新するからちょくちょく見てて（最終更新１/６） #一条てーき'
不定期,'@mLiner_3954B ノリと勢いで生きてるからかな(\nこれから不定期で荒らすね'
不定期,'他の投稿者の方達のように締め切りを決めないで不定期に動画を作るというやり方なら負担が軽くなるけど、このボラッパという男は制限を付けないとダラダラ毎日を過ごすんだよこいつは！！\u3000そもそも動画作りをやっているのもプレゼンテーションの力を鍛える為でもあるからね'
不定期,'不定期艦これ記録。戦果関連任務進行中。あとは6-5（Ｚ後段、六水戦）のみ。 https://t.co/yu49MPTcfF'
不定期,'https://t.co/L43iTeo4te CFのことについて不定期で更新しています、相互リンク募集中です'
不定期,'【定期】ふぉろー感謝する。 まずは説明書を読んでもらいたい。 ふぉろわー殿も、不定期に説明書を更新するので、時々読んでほしい。https://t.co/xi8dpX7WMq'
不定期,'@myantyan0 みゃんちゃさん、お答えありがとうございます！\nお好きなキャラがカッコいいから可愛いまで凄く幅広いですね！！！\u3000また協力バトルもお誘いしますね！\u3000お恥ずかしいなら通話無しでも全然大丈夫ですので！\n不定期な仕事な… https://t.co/x94RynoQVD'
不定期,'@rxYMcZrLCYeMeqP やってない\n不定期\nやから気を引き締めていく'
不定期,'ジョニー、繁田のフォロワー全員社不定期'
不定期,'こすけんは不定期でぶりぞうに一括リプライやリツイートを行う奇行をみせているが\n画面を操作している際は真顔であり、ぶりぞうが反応した際には鼻で笑っている。\nしかし相手が嫌がる線は理解している為、常に怒らせないかどうかの境界線を見定めている努力家の奇行子でもある。'
不定期,'@aosa___xx___182 不定期だけどいいん？'
不定期,'@nonahmrn10 こちらこそ助かりました！！またその内不定期に作業部屋開くので…お気軽にご利用ください🙏🏻❤️'
不定期,'【宣伝】\n不定期にツイッチで配信していくのでフォローのほど\nよろしくお願いします。\nhttps://t.co/CHo6jF5rWY'
不定期,'弘泉寺のFacebookページです。不定期更新ですが行事案内や報告を掲載してまいります。\u3000よろしければ是非『いいね！』を押して下さい\u3000\n（⌒人⌒）合掌\nhttps://t.co/OjSAg8oucu'
不定期,'外反母趾が不定期で痛くなるのでだめですね。\nてか姉もなんだけど、足の裏タコあるのが当たり前すぎて普通の人の足の裏綺麗すぎる!!'
不定期,'不定期でライブ活動してます٩( ᐛ )و'
不定期,'阿部顕嵐くん出演『ガムシャラ！』毎週土曜日深夜1時45分～放送！(不定期出演)'
不定期,'FF外で突然言うの申し訳ないんだけど、jcomは回線が遅いんじゃなくて不定期にブチブチ通信切れるんだよなぁ https://t.co/AAXpFf3FVE'
不定期,'@Ayana__SwAl 合格してなかったらこうやってたくさん会えてなかったんだから俺のほうが感謝の気持ちでいっぱいだよ~🙏🏻\n行けるのが当たり前じゃないから不定期で行くね笑でもありがとうの気持ちが伝わってきてうれしいよ。\nさすが… https://t.co/bs1BYa5ZYH'
不定期,'牛乳美味しい(不定期POST)'
不定期,'【定期bot】不定期ですが「弾いてみた」やってます。\nよろしくお願いします。\n★何となく「インパーフェクトアニマルズ」を弾いてみた\n★→https://t.co/woVFrVRJwP'
不定期,'『ＢＯＴ』エヴァ、けいおん、とある～、化物語、ジャンプアニメなどなどアニメ大好きです。不定期で現れ絡みます＼(^o^)／フォロワーは随時募集中！リフォローする！2次元好きの人集まれー'
不定期,'モイ！Androidからキャス配信中 - / 不定期配信 https://t.co/IJybwbXY63'
不定期,'(OvO)ってこんな人です\n(不定期固定更新) https://t.co/fshfKcV8ak'
不定期,'「【不定期開催！てばさきへの空リプ検索タイム！！】にて発見しました。処理を開始します。」 https://t.co/nGmMMeGonV'
不定期,'【定期】不定期ですが生放送してます。主な放送はポケモンです。コミュ参加よろしくお願いします！https://t.co/5jkkzqJul1'
不定期,'@8Palkia 難解パズルみたいな感じ～\n(それも若干詰んでるw)\n負荷の有無に関わらず不定期で発生だから熱も関係ないっていう結論なんだろうし、わかんないなw'
不定期,'【定期】予の仕様書だ。不定期で更新する。初めての者は必ず読んでくれ。https://t.co/nxtm7uT1Zr'
不定期,'@mom_hitorigoto 見まくってくれてたんですか！！！！\nなんだか気恥しいものですね笑\nでもすっごく嬉しいです☺️💓\n\n自分の体調にもよるので不定期更新ですが\n今後ともよろしくお願いします🙇\u200d♀️🙇\u200d♀️'
不定期,'締切ます🙇\u200d♀️✨\n\nまた温かくなる頃に\n不定期に開催するので\nよろしくお願いします〜♡\n\n／\nご参加のみなさま\nDM送ったので\n日程調整よろです🌾✨\n＼ https://t.co/03osCGoa59'
不定期,'@Naa14464027 ご当選おめでとうございました‼️😊😊\n本日、DMをお送り致しましたので\n確認してみてください👍✨🙆😊\n不定期ですがプレゼント企画も\n行っていますので\n今後もチャレンジお待ちしてまーす🙋🙋'
不定期,'やっと環境整備したとはいえやはりまだまだ使い慣れてない感が強いので、経験積まないとな～ってあらためて思いました。  そういう場所をいただけるのなら喜んで乗りますし、今後は自分自身でも不定期であげていったほうがいいのかな...なんて'
不定期,'給料不定期だからお金無い時マジで無い\nそしてPC買い替えに30万使った傷も癒えぬ'
不定期,'配信お疲れ様でした！\nとりあえず1週間終わったんで後は不定期でやっていこうかなと🤔'
不定期,'不定期中間報告ですが本は絶対に出すんだが14日発送は既にちょっと諦めています……本当に申し訳ない……予約販売とか一番やってはいけないタイプの人間やった……もう二度としません'
不定期,'@karaagemaruUR No.256 識別名《有終》\n不定期に上空に出現する、巨大な揚羽蝶型の特殊害獣。瑠璃色に輝く美しい翅を持ち、それを大きくはためかせて空を舞うさまは、しばしば天女と例えられる。肉食。翅に付着した鱗粉は吸… https://t.co/wLQWX4fZzz'
不定期,'@chiakigogo あーなんか辿ったルートが想像つきますw\u3000お疲れさまでした。\nふもとのヨークベニマル隣のセブンですかねたどり着いたのはw\n\n冬季はほぼ毎週週末と平日も不定期に山に行ってますので、道迷いそうなときは事前にご連絡をww'
不定期,'ＫＫＲ伊豆長岡千歳荘／国家公務員共済組合連合会伊豆長岡保養所 [静岡県-伊豆長岡・大仁・韮山]5500円～=&gt; https://t.co/TcJg2zfFCk  2021年2月20日の最安値!! 【素泊】不定期に登場！チェックイン21時まで♪気軽に伊豆長岡満喫！素泊プラン'
不定期,'告知なんですがサイトの方でビンゴの景品が丸井くんとのデートだったという始まりの連載を書き始めました！\nツイには１話だけサンプルで置いておくので良かったら覗いてください〜🍓不定期更新です。\nhttps://t.co/ZSht4dOoNS'
不定期,'本日のリモートポケカ大会無事終了致しました👍\n参加者の皆様ご協力ありがとうございました🙇\u200d♂️\n\n参加者は9名\n優勝は水樺さん(@huu_poke )でした\nおめでとうございます🎊\n\n次回も不定期ではございますが開催したいと思います！\nまたの参加お待ちしております！！'
不定期,'【不定期】かわいい子の血を吸いたい'
不定期,'【手動不定期】依頼の手続き等を変更いたしました。今までご依頼をされた方も、もう一度ご確認をお願いいたします。詳しい内容はこちらから→  \nhttps://t.co/Y12R6iQJWD'
不定期,'役所の担当者の方や主治医すらも発作が不定期の時点でどうする事も出来ないと言われ続けて治療は毎月同じ抑制と鎮痛剤のみを処方され、副作用負けしたら徹夜してまで目眩や頭痛でのたうち回る毎晩'
不定期,'@mint_amase119 私も不定期ですがファンアートを描くので繋がれて嬉しいです(*^^*)'
不定期,'#昔の選手名鑑風に1名前2観戦位置3投打4ファン経歴5好きなタイプ6カラオケの十八番7寸評で自己紹介\n\n①あい\n②ビジター内野民\n③右投右打\n④福也くんから始まりブランク空き去年から\n⑤山岡くんみたいな人\n⑥SKY\n⑦介護職の為生活リズム休み不定期です。オリ姫のお友達欲しいです♡'
不定期,'@Enricbe_rs 高校生より！？Σ(´□`；) \nしかも、不定期！？ΣΣ(´□`；) \nそれはつらいですね(´；ω；`) \n\n結婚時に隠し口座を用意しなかったことが敗因ですね…。\nしかも、子供が産まれたり、イベント毎に削られ… https://t.co/LGnVXqPZKy'
不定期,'名曲DigUp！（不定期配信） 24の前奏曲～第19番嬰ト短調（アブラミアン） Pf:C.Williams  https://t.co/BnkhTfWltx #MBObot'
不定期,'【不定期】にゃんぱすー＼(^ω^)／'
不定期,'休日には不定期で、早朝４時にスウェットパーティー略してスエパが始まる。'
不定期,'【定期】プライベッター https://t.co/wNY83jBpIt にて不定期ながら更新中ฅ( ˙꒳\u200b˙ ฅ)ウィル家のうちの子の設定や今までつぶやいてきた絵、加工SS、ヒュムノスを上げてます'
不定期,'不定期でyoutubeに動画をupしているキー坊です！\nマイクラ日記やsplatoonのガチマなど配信しています！\n是非、見に来てください^^\nリクエストも随時受付中です！\nよろしければ拡散、チャンネル登録＆Twitterのフォローお願いします！'
不定期,'カラオケ行きてぇ～～～～～(不定期定期)'
不定期,'2/20\n不定期ラジオ配信、全速全壊ラジオ第4回配信を企画。\n《メインMC》\n星猫ネジェム @ HoshinekoNedjem \ntago @ tago_35911 \n《ゲスト》\n兎桜こう @ Tozakura_Kou \n\n配信枠… https://t.co/VzMtINMSKg'
不定期,'YouTubeチャンネル「麻雀遊戯王」の“大和チャレンジ”でおなじみ（⁉︎）不器用なイケメン雀士が綴る不定期な不沈艦コラム【大和コラム2020】\n\nhttps://t.co/sz7fk7nyp7\n\n#キンマweb #大和'
不定期,'浮上不定期だよ！野良猫みたいにふらっと現れてふらっと消えるのにゃー'
不定期,'小説投稿サイト『ノベルアップ+』で公開中！\n「あやかし通信」を読んでみませんか？\n\n短編ホラーまとめです。不定期更新。\nhttps://t.co/6VIAqptj0X #ノベルアッププラス #怪談 #ホラー #怪異'
不定期,'【トピア】\n最近はタイミング合わないせいか、周りから枠行けてないという声が聞こえてきました。\n一応配信はしております。が、不定期配信なので確かにタイミング合わないですね💦💦\n定期配信に切り替えようか少し考えておきますm(_ _)m'
不定期,'メルマガ配信開始！不定期配信となります。登録は無料です。\nhttps://t.co/wtB0w0olEQ #LeoLeopardess'
不定期,'@yumedemokimini ヒョンもみんなもだ～～いすきなので会いに不定期に来ちゃってます……！！'
不定期,'福岡 沖縄 打ち子募集！ \n長期勤務大歓迎\n同時に不定期も募集\n日払い 交通費支給 寮完備です。\n\n詳しくはDMください。\n\n#スロ #福岡 #沖縄 #日払い #打ち子 #寮 #バイト'
不定期,'本日ラジオ配信を聴いてくださった方ありがとうございました！\n\nまた不定期でどんどん開催していく予定なので、お楽しみに✨\n\n話してほしい内容や、メンバーへの質問などもお待ちしてます〜！\n\n🍇'
不定期,'@Vivecomounpollo けいさんが何ポイント貯めてるかわかんないのでなんとも言えないですけども、ポケGOは150ポイントで300円分になるので残高交換よりお得！\n最初は100円で1ポイントなのですけど、正月とか、あとは不… https://t.co/fRnXnViotQ'
不定期,'唐突！不定期！好きなbgmコーナー\n\n第6回目のbgmは！\n星のカービィwiiより\n「スカイタワー」です。\n\nスカイタワーはなんと言っても\n背景とのマッチが素晴らしい曲となっています。夕日に照らされた塔。ベルの音や優しい低音、程よ… https://t.co/ANJLu1BGH8'
不定期,'しらのと〜、本当にふら〜っと熱上がってふら〜っとぬるま湯に戻るを不定期に繰り返してる推し方してる、もしかして電気ケトル？'
不定期,'【不定期配信】土曜日22時半のはるきゃすはっじまっるよー！！！ https://t.co/9n0PAkeigJ #アイドル #メン地下 #初見さん大歓迎 #凸待ち'
不定期,'段位が近いお友達が欲しいです( ߹꒳߹ )55行ったり不定期ガチカスタム開いたりもしているので気軽に反応ください〜🐻\u200d❄️❤︎\n#第五人格自己紹介カード #第五人格フレンド募集 #第五人格やってる人と繋がりたい #第五人格 https://t.co/FNpKY728Nu'
不定期,'@gyouzakun_ 不定期でもいいから引退はしないで欲しい'
不定期,'【不定期】ヘイトスピーチ規制条例は嫌われる理由を知る機会を損ない、自浄作用も無くし、余計に憎悪を募らせる条例です'
不定期,'チーターに理不尽な攻撃されてキレて不定期になって○ね'
不定期,'行かない\n不定期的にモンスターがくれば村人はそれに怯えるけどいつだかの時期に村の外に家畜の肉とその年に村で採れた作物やらを大量に置いたら村には入ってこず、そこからモンスターを荒神として信仰するようになったとかありそう'
不定期,'元トライNexusのさずきです！\n\nツイキャスでカップルチャンネルを作成しました。\nÉtoileチャンネル！遊びに来てね！\n\n不定期配信、ぐだぐだだけど少しでもリスナーさんに癒しと笑顔をお届けできればと思います！！'
不定期,'けんたさん(@kenta_lish)と\n不定期でroom開くことに\nなりました🙌\n\nテストの本日も\nTopicsは核心をついてくるわ\nトークの熱量は半端ないわで\n\n誰かが入ってきたらやばいって\nドキドキしまくった1時間でした←… https://t.co/syrr8XWZok'
不定期,'#Zガンダム #tvk \n\nおそらくZの視聴は不定期になりそうかな～\n完走する予定ではある・・・'
不定期,'@amym32763040 それなマジで笑笑\n次新しいsp出るから楽しみにしとる💓\n\nえっとね、恋部屋飽きたから今は逃亡サイコ狼付き饒舌狩り純愛の誰でも20部屋建てとるよ。不定期だから、時間合えば来てね！あれだったら声掛けてくれてもええけん👍✨'
不定期,'🌸不定期開催🌸\n【みんGOLナイトギャンブラー】\n\nホールインワン\nアルバトロス\nイーグル\n\n合計の正解は【6】！！！\n\n太陽ﾆｷ\n杓子舞ﾆｷ\nぴっぴぴぽろﾆｷ\n\nおめでとうございますo(^▽^)o\n後日dmにて！\n\n第2回やろー… https://t.co/BQavB70oKk'
不定期,'#いつか超つよつよ絵師になるので今のうちに推しませんか\n東方です。アナログ、デジタルどっちもやります\n更新は不定期です https://t.co/K8oyZCXfN3'
不定期,'イベントカレンダーに書かれることのないBAR笹呑み、不定期開店です🐼🍷 https://t.co/xO3zvglOgf'
不定期,'不定期だというRPカフェに滑り込めて本当に楽しかった。良かった。\n全然別のRPで行っても良かったけど結局いつものw'
不定期,'@pipipipipicco してた＾＾\n最近大変そうでしたし元気になれたならよかった!!!!!!!!!!!!今後はぽちさんを見習って絵を定期的に描くことを目標に頑張ります(不定期更新マン)'
不定期,'デジっちはやはりおもろいな\n不定期でしてほしいわ'
不定期,'１ｈ程前から外から不定期に「うわ～～～～～！！」って叫び声聞こえて来るんだけど何事？'
不定期,'不定期的に言ってるが、「他の人がいいねしたツイートが表示されるのウザい」てなるフォロワー！！！！！これやったら解決するよ！！！！！！ https://t.co/cYa6XZMIZG'
不定期,'深夜不定期便、インストルメンタルタイム！今夜は\u3000#西村由紀恵\u3000の\nKiss The Blues Away 3年9組57281番 グランルージュ #charafre'
不定期,'本当は貢献度にランキングをつけるなんてとんでもないと思うのですが、少しでも応援して下さった皆様に感謝をお伝えしたかったので、このようにさせていただきました。\n普段不定期配信の私が久しぶりのガチイベをやると言うのに、こんなにたくさん… https://t.co/FEU8fBF2O0'
不定期,'お金の余裕ができたら新企画として「レアガチャで★4が出るまで終われま10」をやろうと思ってます！\nもちろん超不定期＆本当に余裕がある時のみ(笑)'
不定期,'時間が不定期に空くようになりそうです。遊び相手を見つけなくてはー'
不定期,'@ryochin2124 最近不定期で😭\n全然気にしないで下さい😭'
不定期,'【不定期】今日の不運\n・Pokémon GOレイドやりに行ったもののほぼ全ての信号に捕まりあと一歩で間に合わず\n・もう一つのカイオーガレイド行って勝ったけどボール枯渇で残念ながら捕まえられず\n・久々に行こうと思ってたラーメン屋がな… https://t.co/CS5B9bxb0Z'
不定期,'【定期】時たま ツイキャスをやってます。内容は雑談かランフリ実況が主だと思います。不定期です。でも、基本夜以降です。gdgdとゆるくやってます。よろしくです(｀･ω･´)ゝ'
不定期,'(不定期に宣伝しちゃうけど許して)'
不定期,'一生ずっと好きで生きることの一部になってるであろう趣味と、\n不定期にのめり込み、不定期に飽きる趣味と、\n今後も出逢っていくであろう趣味と、\n\nとにかくやりたい事知りたい事が多過ぎて、人生が足りないわ💨\nだから一生独り身が最高なんだわね\n\n#多趣味おじさんによる負けおじの遠吠え'
不定期,'16000まで安定させるぞ～\n【第31回】Y4UKOの不定期マリオカート配信 https://t.co/kisfKpdldv @YouTubeより'
不定期,'【定期】投稿間隔は不定期です\u3000あまりにもサボってたら怒ってください（笑）'
不定期,'行列の不定期枠は今週もITOCHU'
不定期,'不定期に訪れるごゆ♀不足'
不定期,'@yurina_38 うんうん😊\n不定期で変えるかもやけどしばらくはこのアイコンでいくと思う☺️'
不定期,'@mozumegiro1 なるほど？\n奥が深いですね、紅手毬の道。\n\nオンシ系蘭が多様すぎるから気づきませんでしたが、エピデンでも遊んでみますかね……\n\n不定期咲きというのが厄介な種類の蘭ですが、丈夫な方だと聞いてます。'
不定期,'【定期】\n不定期浮上。\n呼びタメ大歓迎♡無言OKです！\n基本相互希望❀お迎えにあがります！サヨナラはブロ解で！'
不定期,"'【不定期2】\n\nいつも心に旭日を\n\u3000\u3000\u3000 背中に🇯🇵日章旗、唇には君が代を\n\n#笑顔 で #がんばろう日本\n\n#WeAreJapanese!\nKeep always the Rising Sun in our hearts, sh… https://t.co/5hrGTvDxOY'"
不定期,'【不定期1】\n日本人が今やれること♪\n\n志村けん 談\nひとつのことをやり続けることが大事\n\n・手洗い、うがいの励行とマスク着用\n・集\u3000近 閉の徹底的な排除\n・美味しいものを食べて、ぐっすり眠る\n・よく笑い、楽しく過ごす\n・Made… https://t.co/UtUKuqCnWB'
不定期,'この度わたくし伊東ライフ、株式会社MOONSTONEを退職いたしました！事情が出来ちゃって、不定期に仕事を休まなきゃいけない身になっちゃった感じなんです - Togetter https://t.co/EhPuCnMCen @togetter_jpより'
不定期,'んんんんん坂田くん好き\nこの不定期にやってくる坂田くんすきすきたいむ\n1回呟くと謎に脳内が坂田くんに侵されていくんだよね坂田くん好きです\n毎秒君のこと考えてます好きです\n好きです、、、、(脱力)'
不定期,'自宅の奴らの休日か〜って思ったけどジギタリスはニートか不定期お仕事マンしかいないからほぼやす…休み……'
不定期,'【不定期】働きたくないでござる'
不定期,'PUBGの動画上げてます。(不定期)\n谷助 https://t.co/A3MIhkyiV9 @YouTubeより'
不定期,'健人くん疲れてる中あげてくれてありがとう！！\n廉くんも不定期なのに今日更新してくれてうれしかった！！\nお祝いしてくれたみなさんほんとに嬉しかったです😽💓💓\n幸せすぎる誕生日でした！！💝\n#K_T_T #リハまじ大ハード\n#ながせのつぶやき'
不定期,'@Dofshootingstar 一条工務店ってのが建てたら、断熱材とかめちゃ分厚くて窓もトリプルで、かなり音が静かだったのよw\n最近、うちのぼろマンションで、頭ガンガンぶつけてるのか、虐待してるんじゃないかって3〜4回ガンッガン… https://t.co/fTjg1KUYK6'
不定期,'【しろかみ学園・SK用】学園内の一部活動である麻雀部がニコニコ生放送で活動しています。https://t.co/ck74fJ3C5Z\u3000で不定期配信中。麻雀に興味がある方・初心者でも歓迎！\u3000良かったらどうぞ！【麻雀部】'
不定期,'@KiRAI_Iike104 結構不定期です\n数日単位で変わることもあるし\n1ヶ月単位のこともあります'
不定期,'色々語る不定期枠 iPhoneからキャス配信中 - https://t.co/yvrRgqLAp1'
不定期,'@komarseille1104 その企画やって欲しいですね！ボリュームに関しては不定期というよりは毎回もう少し小さくして欲しいです…😂ニッパツならボリューム小さいので迫力あっていいですね！'
不定期,'@nekodount | ε:)ε:)ε:)ε:)ε:) ﾆｮｷﾆｮｷ\nルキノをすこれぇ！\n「不定期でルキノの魅力を分かってる数少ない人」\nこれを気にルキノでランクマ\n行きません？'
不定期,'不定期にやる後輩くんとの色パでの対戦が楽しい( ˘ω˘ )'
不定期,'@KCNShian300mg 不定期のお母さんなんて初めて言われた……( ´•̥̥̥ω•̥̥̥`)\n嬉しい🥺\nママって呼んで！'
不定期,'@kk91972858 ご感想誠に有難うございます。こちらの写真は雑誌はなくWeb掲載のみとなります。また、モデル花奈は専属契約を致しておりますので下記アカウントをフォロー後から不定期に情報が更新されます。\n→@ YKNyd_ha… https://t.co/8ujQhpvzHU'
不定期,'参加型来てくださってありがとうございました！\n私が一方的に楽しんだだけでしたが…笑笑\n\n不定期にはなりますがまたやりたいと思うのでその際はぜひいらして下さい！'
不定期,'@segs_0901 ありがとう(⸝⸝o̴̶̷᷄  o̴̶̷̥᷅⸝⸝)\n不定期の女の子たち可愛すぎて毎日癒されてる🥰\nアイコンは私が選んで、枠はマロンが選んだよ🙌'
不定期,"'「【不定期開催／数量限定】カネ吉の惣菜おまかせセット」が「食品」で「ランキング:1位」です。(23:45)\n価格:1,600円\nhttps://t.co/QfDKr4t8bN'"
不定期,'絵描き初心者です不定期で絵を描きます集中力がないため全て練習絵です🙇\u200d♂️✨\n機械音痴なのでデジタルは描けませんアナログ(白黒)\n\n下の絵は過去絵ばかりです😅\n♡orRTでお迎えします🤟\n\n #wrwrd絵描きさんと繋がりたい… https://t.co/4uijn8u3Bt'
不定期,'この不定期開催されるあかにしさんのﾈｶﾞｷｬﾝって一体何なんだろうね〜'
不定期,'@nr1000j_09 この不定期はしまなる推しであるめもの素直な気持ちを表すものです。'
不定期,'【不定期ポスト】音楽はライブに限る。'
不定期,"""【希望】pixiv不定期更新してます！\n「ナツネ」垢はこちら\n良かったら時々チェックしてくださいね～(*'-'*)\nhttps://t.co/mTrLSeOXHc"""
不定期,'3枠目ありがとうございました☺️🙏🏻\n\n📢明日の配信スケジュール\n① 7:00〜7:40\n②15:00〜15:30\n③23:55〜24:35\n\n超不定期な配信でごめんなさい😭😭\n明日も楽しくお話しましょ！'
不定期,'AIMアカウント作りました☁\nファンアートを不定期投稿します✊\nあいみょん大好きな方繋がりましょう～❕❕🌸\n#あいみょん'
不定期,'普通に「声綺麗だなぁ」でフォローした方のプロフに「絡み(拍手orコメ)ない人は不定期で外します」みたいなこと書いてあったんだけど、まぁ2週間くらい浮上しないと外されるんかなぁと思ってたら5日目で外されてたのであまりにもせっかちさんやなという気持ちに浸ったのであった…'
不定期,'なんじゃこの不定期 https://t.co/KXXOP1CTeW'
不定期,'【楽天リアルタイムランキング】\n\n順位：16\n商品名：【不定期開催／数量限定】カネ吉の惣菜おまかせセット\n\n価格：1600円\n23:42\n\nhttps://t.co/aOame8h9VR'
不定期,"""@yori_hnkkn うっ…不定期でもよければまた更新するね(*'ω'*)"""
不定期,'［宣伝］\nぎんれいラジオ局☆～当たり前だが生放送！～\n特別企画実施中！\n不定期配信だけど、聞いてくれるよね！？\n聞かない奴は○○から魚肉ソーセージぶっ刺すゾ(笑)'
不定期,'@matchasoba_idv ｵﾁｬｱ(｢🍵･ω･)｢🍵\n個人的に不定期の\nお母さん的存在です！\nママって呼んでもいいですか？'
不定期,'@moiko22 ありがとうございます。こちら超不定期生活ですので、お暇な時間あればお誘い下さい'
不定期,'https://t.co/ddm4pMQOdj\n\nひっそりとブログを開設しました！！\n内容は主観と気分まみれ＆超不定期。\nプロトアルテマいいよ！！\n\n裏でクラフターマクロについて記事作成を進めています。'
不定期,'毎日配信もありがたいけど追いつかなくて悲しいから変則的？不定期？だとオタク助かる……ゲリラも見れたらレア感があってすこ'
不定期,'倉橋と行くクソ不定期APEXランクマ第一話「nice game i love you、sorry I’m gay」'
不定期,'@amida_kuji_ 異世界コンサルタント\n\n短編で書いてみたら評判よかったので、不定期連載しようかなと思ってたところなんです'
不定期,'まじで土日の不定期開催だったからあもあすあるのマジありがてえ'
不定期,'@SHIHODELUXE ありがとうございます！\n体験談は豊富なので😄\n\n不定期ですが\nよろしくお願いします！'
不定期,'相互エタフォ募集中です。\n不定期のエタフォになりますが、５垢つけます'
不定期,'【定期】おぱんつタイムは不定期に予告無く突然始まります。ご了承下さい。'
不定期,'今後はこのハッシュタグで近況報告していこうかな。\n多分スクショを撮り忘れたり、文章のみが多くなるかもしれませんが、不定期ながらも気ままに更新していきます。\n\n#ホタルのマイクラ冒険記'
不定期,'#クラスモ\u3000#クラスモ都島店\u3000#YouTube\n\nYouTube動画投稿始めました♪\n不定期ですがUPして参ります！ https://t.co/mD0TJh8ESW https://t.co/vq1MRAFHp6'
不定期,'不定期艦これ記録。司令部要員（任務受付枠拡張）を使わず残してる人、それなりにいそうな気がする。自分もその一人。なんか一個は残しておきたい感あるんだよなぁ。 https://t.co/KExIOfF35I'
不定期,'@yuzuyoukan36 定期不定期に関わらず当該年齢中にはどうしても起きることですし、それがただの事実として語られているのに対して「マウント」と評価なさるのは、理解できない視点です。'
不定期,'【定期】\n黒猫ノ遊稀- Kuro Neko Yuuki -\n不定期気まぐれ配信！\n更新中タイトルはこちら↓\nhttps://t.co/ZwwX048dfZ\nチャンネル登録していただけると嬉しいです！\nよろしくお願い致します！'
不定期,'@sanapone_0506 毎週やるか、不定期開催か実はまだ迷っております笑\nさなぽんさん是非来て欲しいです🥺\n\n一緒に上手くなりましょう！'
不定期,'ＢＧＡでニムトを中心に遊ぶニムト部をやっております🐮活動不定期（ほぼ突発）経験関係なく随時部員募集してます🐮'
不定期,'諸事情により今後の動画投稿は不定期となりますm(_ _)m'
不定期,'不定期キャスしようかな'
不定期,"""【不定期】\nそろそろお忘れの方いませんか？\n\nログインボーナス(*'▽'*)ノ"""
不定期,'@tos\nうるは嬢不定期だけど\nあーやってリプ返してくれるの\n控えめに言ってもらぶなのよ\nぽたくは幸せだ…… #うる派'
不定期,'著しく偏った私好みのバイクや車、乗り物の拾い画をただUPするだけの不定期ツイ\n\n真っ黒のZ好き😍 https://t.co/IWi0vUGkjF'
不定期,'.慈光さんのꫛꫀꪝ✧‧˚シングルもMP3音源もオフィスカオル オフィシャルショップにて販売中!↓\n\nオフィスカオルオンラインショップ\nhttps://t.co/teBq3ff0ue\n\n歌うたい慈光チャンネル↓\nYouTube… https://t.co/HjezdEphOT'
不定期,'@ri4kYkM4sF08Gbd そっちか!! 深夜か朝枠どっちかしようと考えてた☺️ PCの調子が良くなくて…不定期でごめんね…(´；ω；｀)'
不定期,'十分な休息と、適切であろうお薬を服用しているのですが、いつもは長くて１週間おきでどうにかなっているのが１日おきでも蕁麻疹発症するくらい仕事のストレスが凄いので、元々更新不定期でしたがよりそうなる恐れがあります…'
不定期,'YouTubeは基本趣味でやってるので宣伝もしないし不定期で動画出すって感じの方針にしております。\n宣伝するほどの内容でも無いですし'
不定期,'【定期】不定期浮上の確率高です（；＿；）'
不定期,'不定期で、寝てる最中とか、起きてても座ってたり横になってたりする時に、尻の穴がなんかこう、痛むというか、ケツの穴にタガネぶっ刺された後にハンマーで追撃されるみたいな痛みが、不定期で、来るんですけどこれもしかして病気なのか、それとも単に便秘っぴなのか、、、'
不定期,'@uruhasub お疲れ様！\n不定期だけど頻繁にしてくれて嬉しいよ。'
不定期,'【不定期post】このbotの管理人はhatimitsubati(蜂蜜蜂。)です。何かありましたら、管理人かもちめりbotにDMで御報告願います。'
不定期,'AngelMovie不定期便\n【ひかり】さんになります\n出勤予定はこちら↓↓\nhttps://t.co/OHqJlCXBu8\n\n#町田風俗\n\nhttps://t.co/C0VPEABF5p'
不定期,'@cchaya_jiroun あの長身と目隠し、普通に何もしなくても目立つもんな…東京勤務の人で「あー不定期にいるよね、あのすげー背の高い目隠しの怪しい人。既婚者なんだ…」って結構広まってそう…\nバレてはキレられて都度消されるけどそれくらいじゃへこたれる夫じゃないんだな…'
不定期,'Faniconで昨日に引き続き雀魂、\nさらには第五人格でも遊んで貰えて\nとっても嬉しかったです🙌\n\nまた不定期に募集します\nありがたき！はっぴー！\n\n(どっちでもボコボコだった)\n\n#アメミヤ雀魂\n#アメミヤ第五人格 https://t.co/gN6oTD80vI'
不定期,'【不定期開催／数量限定】カネ吉の惣菜おまかせセット #お取り寄せグルメ  [楽天] https://t.co/snarBy3orm #RakutenIchiba https://t.co/X6nV4fQyiL'
不定期,'【不定期POST】『ドラゴン騎士団』の青の竜官・カイスターンの自動botです。ほぼ私得botですが、カイスターン好きの同志の方はご自由にフォローしてください。不要になった場合はブロックをお願いします。'
不定期,'@GULA_LUMEN 全く問題ありません！\nブライアンというYouTubeの配信者がいます。多才な方なので人気があります。ゲーム実況も不定期ですが、おふざけでやっています。'
不定期,'不定期ですが、オリジナル作品のファッション画報を発行しています。\nこれはvol.1と2の表紙です。\n只今vol.3もゆっくりと制作中です🖋✨\n #いつか超つよつよ絵師になるので今のうちに推しませんか https://t.co/uI8AWQabkq'
不定期,'今後\n19時からの毎日配信：雀魂とかテトリスとか1時間で終わるやつ\n21時からの不定期配信：ポケモンとかその他いろいろ3時間ぐらいでやるやつか耐久\n2-3時ぐらいからの深夜枠：次の日休みの日限定。需要があるらしいので雑談やらまった… https://t.co/ax62hUGQ7W'
不定期,'@fumi23_3 あまり気をもみすぎてそれ以上ガリガリ君にならないようにね。\n\n不定期ライブでも良いデスよ^-^'
不定期,'のんゆうは不定期だし、終わりもプランも無い完全行き当たりばったりなんだけど、\n男の子がどうでもいい事してんの好き過ぎて描くの止まらないんだ'
不定期,'@non_4ro 今また不定期で連載してますからね。令和でポーが読めると思いませんでした。'
不定期,'@mylifeHappyChil チルチルさん🌸こんばんは☺️『彩り』って日常の何気ないことを歌ってるので♪凄く共感できますよね😊😊😊『彩りある日常』それはやはり我々がMr.Childrenの4人の音楽に生で触れる時ですね💕誰も得… https://t.co/TqhQXcdfU1'
不定期,'@rey_scarlet うむぅ\nPS4でやってる人の日記？何個か読んだけど…これ私やれる？大丈夫？ってなりながら読んでた。\n\nよかったねぇ！日頃の行いの良さ！！！！\nいーえ。僕何もしてないわよん(ﾉ)･_･(ヾ)\n\n不定期だけど定期的にやりたいねぇ💫'
不定期,'不定期で更新していますハシヨッシー公式サイトは下記のURLから閲覧が可能です。\n https://t.co/Jmwwgyxyhe\n年に一回程度大型アップデートをしています。良かったら閲覧や会員登録などお願い致します。'
不定期,'@sekai_hakai 私は中学生パートの時にTwitterやっちゃったせいで黒歴史のパッシブついちゃって…不定期に精神ダメージ入るんだよ…'
不定期,'@MoRi60530245 休みが不定期でこの時間にやるって言えなくて😭😭\nまたツイートしますね😢😢(全然大丈夫です☺️)'
不定期,'モンストの招待代行始めました！                                   9月は期間限定で2000アマゾンギフトでの取引を考えています。           不定期で無料代行も行います！'
不定期,'カーネルのエラーっぽいけど不定期に発生するから解決したか分からん'
不定期,'大喜利アカウントは先程の投稿を持って終了します。\n長い間お世話になりました。\n今後は不定期でお送りします。'
不定期,'( 定期 )時間問わずTL荒れたりします。不定期でツイート数が多めになったり、ならなかったり。 不快な方はスパブロ推薦'
不定期,'@arihiro365 ありひろさん\n不定期てすがいまのところ毎日１２時、１７時、２２時前後にやっていますのでお時間があったら寄ってってくださいね～🤗'
不定期,'【楽天市場】【不定期開催／数量限定】カネ吉の惣菜おまかせセット：カネ吉オンライン\u3000楽天市場店 [23:40]\n\n【不定期開催／数量限定】【賞味期限お届け後10日前後商品あり】何が届くかお楽しみ！毎日の食卓にもう一品を。… https://t.co/qSd4wDrSag'
不定期,'【不定期ポスト】感情は脳内の物質で表され、物質は波動であるので、感情も波動である。波動は近隣の波動が届く範囲のものに作用する。言い換えると人間の感情は周囲のものに影響を与えている。。'
不定期,'大手企業でそれなりの役職でもあるので💦\n不定期ですが既にPCR検査かなりの数受けてます。\n今の所全て「陰性」です。\n会社が検査代や訪問看護など全て会社持ちなので\n本当に助かってます、ついでに会社からファイザー\nアストロゼネカのコロ… https://t.co/W4rout3OLm'
不定期,'@usojimaku_ch https://t.co/bL2htMWZyH\n\nお願いします!!!笑不定期ですがw\nいつも動画楽しんでますw'
不定期,'@Leeknow_milky ヨンボク先生は月刊ばぶるで情緒が激しすぎる詩集を不定期連載中ぴよ！ぜひ確認して欲しいぴよ！'
不定期,'不定期開催のMV鑑賞だけどやっぱ健康に良いわ'
不定期,'【定期】靴と雷（不定期更新）\nhttps://t.co/psvCl00lzr\n#ノベプラ'
不定期,'被害者の告発がない限り加害者がのうのうと幸せに暮らしてるの不定期に考えて腹立つような気がするなぁ\nしかも被害者が言ったところで上が聞いてくれるかも確実ではない'
不定期,'菅井家のお父様在宅率高いw(菅井家事情が不定期で小出しにされてるけどプライバシー的な観点から大丈夫なのかwww) #レコメン'
不定期,'【裁判傍聴記】当法人に関わる大学生ボランティアが、主に代表の五十嵐への情状証人の依頼があった裁判について、傍聴した感想を投稿しています。（不定期）https://t.co/kbuOHw9cfU'
不定期,'【不定期】おうち居酒屋\n今夜は、沖縄ご当地グルメ\nにんじんしりしり🥕\n4cm位に人参を細切りします。フライパンにサラダ油を入れて中火でしんなりするまで炒めます。(甘みが増します)次にツナ缶と卵1個を入れて軽く炒めます。最後は、しょ… https://t.co/1hOwdwNGBF'
不定期,'しらゆきさんとバロやっぱたのしいな！！！遊べるの不定期だから仲良い人だと気が楽'
不定期,'あーー！！！\nありがとう！！！！見てくれる気満々でありがとう！！！\n実はな、母が手術と入院することになって来週辺りまで何気に忙しくてな！！！\n不定期でやるんじゃ…！！\nやる時はツイートするからぜひ来て…\n\n続きは質問箱へ… https://t.co/9X987Kt3cz'
不定期,'@chrono_isotope うじちゃさん、今日はお忙しいところ、お越し頂き、ありがとうございました！\nこちらこそ、不手際ばかりで申し訳ないです💦💦\nビール片手というのも良いですね😃\n不定期開催になるかもしれませんが、またやって… https://t.co/UtvULRrGWB'
不定期,'@wari4oyu6 不定期に繰返し放映してくれるよな？（1だか続だか参だか讀だか、細かく覚えられない性格。笑）お陰でモノによってはストーリー覚えちゃうくらいだけど、なんか懐かしいところをくすぐられ、何回でもジワる^^; 八百万の… https://t.co/LsglTmRLI8'
不定期,'@star_bear2 そうなんですね！！インライって、やっぱり不定期というか、突発的に参加できるところに魅力あったりしますもんね〜！まりおくんとの久しぶりの絡み、アーカイブあったら嬉しかったんですけど、またコラボしてくれるの待ち… https://t.co/2hn14KY74r'
不定期,'【朗報】\n不定期になりました1日1もちですが、誰かが滑った時の救済へと変更になりました。'
不定期,'たぁの不定期CAS！PCからキャス配信中 -  / お茶ください https://t.co/42LJVWjKAE'
不定期,'【拡散希望】【不定期】パズドラやってます( ^ω^ )詳しくは取り扱い説明書をご覧ください。\n尚、パズドラやってる人はフォローよろしく(=ﾟωﾟ)ﾉパズドラ関係の垢はフォロー＆フォロバします(￣^￣)ゞ'
不定期,'不定期でSS流しながら妄想垂れ流す垢ですよ。'
不定期,'幼女戦記四コマ漫画/一コマ目\n\n題名\u3000追悼\n\n※息抜きに書いてるので不定期投稿です https://t.co/UvonFS3Hqy'
不定期,'トラブル対応中にコメントで盛り上がるシラサカ民平和～🌸とほっこり見てたらまさかの重大発表で悲しい、、憂鬱な月曜日の唯一の癒しが、、。でも不定期配信切り替えの理由がお二人のご活躍に依ることが何よりも素敵👏😢'
不定期,'【楽天リアルタイムランキング】\n\n順位：24\n商品名：【不定期開催／数量限定】カネ吉の惣菜おまかせセット\n\n価格：1600円\n23:50\n\nhttps://t.co/aOame8h9VR'
不定期,'今絶賛不定期に来るSNSやりたくない期なんだけど、Twitterは低浮上って言ってるけどLINE亀より遅いの申し訳ない。申し訳ないって思うけど返す気は起きない。'
不定期,'【定期】\n不定期浮上。\n呼びタメ大歓迎♡無言OKです！\n基本相互希望❀お迎えにあがります！サヨナラはブロ解で！'
不定期,'22日がハッピーな気持ちで迎えられてよかった🥰🥰そしてタイムリーに近況きけるブログが不定期更新になって本当によかった〜〜〜🥲'
不定期,'結局スリードロぐらいした😇すみませんホント…………お題超～難しくて意味不明ポエムだけど……少しでも賑やかしになれば♥️不定期でいいからまた開催してほしいナ♥️(ほぼ私信です)'
不定期,'不定期ですが気軽に参加できる山登りを開催しています。健康のために参加してみませんか？#登山 #NW_jp #静岡 #遠州 #浜松'
不定期,'@mungei_moon 番組として残るし、不定期でもすると言ってくれましたしね✨'
不定期,'@Sanahara_doll ただ今コロっちのせいで営業時間が不定期になってるみたいなんですよね…まあ仕方ないことなんですけど…\n\n東京の方のお店は私も行ったことがないのでぜひ行きたい！！\n加州くんもご一緒ならうちも鶴子連れてきます！！（ドールオーナーいつも大荷物説）'
不定期,'@nanamimi_hige ほんまそれよ💦💦\nびっくりしたけど\nあっお取り込み中ねって\n言われたwww\nうちも休み不定期やから\n割と普段は自由な時間あるのよ🤣💕\n子供そっちのけも髭ママあるある👩🥸'
不定期,'@furolost 嫁子の参戦は不定期でよろしくお願いします✋☺️'
不定期,'殺りん夫婦の！！\nいちゃいちゃする姿が！\nはよ見たいんじゃあ！！\n（不定期発作）'
不定期,'@bb_melon 大変お待たせしました〜\n\n今年は不定期に気が向いたらまた載せてくね！笑'
不定期,'競馬関連は主に\n今週狙ってみたい馬は月火のどこかでFleetに\n重賞の予想は当日の13時頃にツイートで\nGⅠの場合は理由も述べます\nその他予想は不定期にやります(気分の問題)'
不定期,'不定期にアイコン作るツイートするの楽しすぎる(性格悪)'
不定期,'②#ねこと初めて出会った日\n    このアーティストとの出会いはこんなんだったな っていうのを語る企画。みんなの出会いも聞いてみたい！\n\nどちらも自己満やし不定期更新になるけど、やってみたいなと思います！'
不定期,'@O_EF2 僕は帰りに足腰立たなくなるので安定の電車です笑\n不定期にやるつもりなのでもし日程が合えば参加してね\nクラブは持ってきてね'
不定期,'不定期で天才見せてくるのおもろい\u3000#kiratalk'
不定期,'#いいねした人に一言 \n不定期🙌🙌明日の朝私が起きた時〆ます！こなけし'
不定期,'@mauchin 守り人シリーズはいいぞ……（不定期\n主人公（おばちゃん）かっこいいしヒロイン（冴えないかんじのあんちゃん）健気だし飯は旨そうだし（’’'
不定期,'@SYozuki 不定期過ぎるwww'
不定期,'【不定期】 本垢: nagareshima こちらが本垢です(￣^￣)ゞ'
不定期,'アポカリプスが意志を持って記憶を送った以上初回以外は不定期に映像が流れ込んでくるんだと思う\nなので全身に複数装備した場合タイミングも情報量も滅茶苦茶になるからヴィクトルでさえ発狂の可能性を確信してるけどフィルはそれを踏み倒せる'
不定期,'しらさか不定期になるのかー'
不定期,'【定点観測】\nむ、やはり不定期更新なのか…… https://t.co/bFkWTJWFS1'
不定期,'不定期発行フリート連載「絵の話」\n2021年1〜2月号 https://t.co/ymp1zW4GZ7'
不定期,'#呪術廻戦絵描きさんと繋がりたい\n不定期にばばばっと絵を描く者です\u3000自衛済\u3000夏×虎が好きです\n気になった方順次お伺いに参ります https://t.co/P0gKimXVVp'
不定期,'グッズも作りたいのでちょくちょく通販していきたい✊🏻不定期開催✊🏻'
不定期,'不定期更新だけどサイゾーラジオはここから聴けます。 https://t.co/DgpjQYkwXv'
不定期,'✨不定期開催アイコン企画✨\n\nお2人目\nはむむさん@ebooodominic2 \n\n元写真がなんか\nサイボーグっぽい感じに見えましたが、\nポップな感じに仕上げてみました🤣 https://t.co/Ygn5P2BfpY'
不定期,'#おどかげ\n#絵本\n#御扉髏影繭\n本日より、『おどかげ』名義で「おんどろろの森のかげー」という絵本を不定期ではありますが投稿していきます。僕の人生を元に描いていくのでよろしくお願いします https://t.co/XeFY2D3Q0J'
不定期,'短期視点での世の中の動きが見える\n\u3000【 #しゃべくり 】【 #クリームシチュー 】\nツイッターのトレンド\nトレンドワードはやはり他のデータとも親和性が高い！！\n\n不定期ブログ\n\u3000▶https://t.co/PW1YrMCf7Q https://t.co/XySONnR4Tn'
不定期,'みんなで見よう！🌺ポコチャん🦜 -不定期配信テスト中 暗闇ですいません！ https://t.co/Rqa0Z5T9oQ #ポコチャ'
不定期,'【自動】\n万騎が原中学校の主な学校行事(日時不定期)\n\n3月…市学習状況調査、卒業証書授与式、大掃除、修了式、春期休暇'
不定期,'1日1ハンサム、すっかり日が空いてしまった…_(:3_ ∠)_\nこれから毎日upするのは難しくなりそうなんで、不定期にハンサム絵を上げてこうなかなと思います_(┐「ε:)_\nお題は消化しますんで！'
不定期,'@Tomoe_Shirayuki すごく耳心地の良いお声で物語に引き込まれました。\n不定期でも構いませんので是非またお願いいたします。'
不定期,'bot ブログも書いております。（不定期更新ですが・・・）\nよろしくお願いします。\nブログ名「3216のBlogのようなもの」\nhttps://t.co/t4GP6rkEDR'
不定期,'サイゲは、当面「#グラブル」（不定期）しかプレイしない。「プリコネ」も「ウマ娘」も、DMM限定提供なのが気に入らない。#Steam、#AndApp にも提供してほしいのに・・・。\n\nhttps://t.co/pCbjkk5kPk'
不定期,'【ここにゃん＠定期便】ブログやってます！更新まじで不定期ですが、購読してくれると嬉しいです＼(^-^)／ブログでの絡みも大歓迎！https://t.co/5PAKR0PGwi'
不定期,'遅くまでありがとうございました！ \nお知らせ、びっくりしたし寂しいですが、お二人のお仕事が増えるのは嬉しいことなので前向きに受け止めたいと思います...！\n本当に毎週の配信ありがとうございました！不定期でもシラサカを拝見できるのを楽しみにしています😊\n#srsk'
不定期,'インスタライブ、不定期でやってるんだけど想像のテンションと違うみたいで好評...\n来てね🥺'
不定期,'@amutyan0u0 待って笑笑さき円してないよ？\nめっちゃ不定期なだけ！'
不定期,"'2/21〜28 \xa0一週間お試し参加ｷｬﾝﾍﾟｰﾝ開始★\n【月額】2,200→500円‼️\n\nﾐｯｷｨﾛｹｯﾄ2月TTGroup\n\n・リアルタイム レース考察配信\n・JRA TT指数表 使い放題\n・平日地方ナイター競馬予想 使い放題… https://t.co/aXm7lOgO11'"
不定期,'佐久間くん知念くん聡ちゃんのコラボまだですか？(不定期)'
不定期,'不定期に来るコスメ一掃したい時期🤦\u200d♀️'
不定期,'ザリモートスナックたえこ営業中\n’80’90年代の曲を中心に歌って喋って笑ってライブ配信♫\n★月水金7:20〜\u3000\n★ほぼ毎日23:05～スナックオープン\n★夕方は不定期配信\u3000#スナックたえこ \nhttps://t.co/LF1U9pXbin'
不定期,'リモートスナックたえこ営業中\n’80’90年代の曲を中心に歌って喋って笑ってライブ配信♫\n★月水金7:20〜\u3000\n★ほぼ毎日23:05～スナックオープン\n★夕方は不定期配信\u3000#スナックたえこ \nhttps://t.co/U7gUCAxXt2'
不定期,'【定期】イベントは不定期で実施予定。何かやりたいイベントがあればご提案ください(*´∀｀*)\u3000#FF14\u3000#FC\u3000#Mandragora'
不定期,'遅くまでありがとうございました！\n毎週の癒しが無くなるのはさみしいですが不定期でもシラサカがあることが嬉しいです✨\nお二人の更なるご活躍を楽しみにしてます😊#srsk'
不定期,'.慈光さんのꫛꫀꪝ✧‧˚シングルもMP3音源もオフィスカオル オフィシャルショップにて販売中!↓\n\nオフィスカオルオンラインショップ\nhttps://t.co/teBq3ff0ue\n\n歌うたい慈光チャンネル↓\nYouTube… https://t.co/mmtPucgHoQ'
不定期,'ニコ生放送は不定期で放送中！聞きに来てね♪https://t.co/QgMLuEPEvI'
不定期,'1戦だけで疲れた。この不定期で来る気持ち悪さいつ治るんや。'
不定期,'【不定期】僕ちゃんとオタクできてますか？？(震え声)'
不定期,'@mishimayukiwo キャラ相関図？流れ的には、こんな感じです✋\nではまた、不定期的に。 https://t.co/gH8mRf4yVH'
不定期,'@UzumasaSouma ありがと！不定期でワンドロやるからこれからも見てってや'
不定期,"""@mokadoumori 不定期だからタイミング合えば来てね(*'ω'*)"""
不定期,'かきねのかきねのおさかなルルルルが聴きたい病が不定期にやってくるからうんこちゃんのドラクエ11観ながら寝る。'
不定期,'【不定期配信】日曜日22時のはるきゃすはっじまっるよー！！！ / #アイドル #メン地下 #初見さん大歓迎 #凸待ち 初見さん大歓迎 https://t.co/bIjp2JmT5L'
不定期,'キャラカード作成してみました！\nMasamune鯖で初心者ですが新設FC作成しました！\n社会人なのでINが不定期になってしまうことがあるかもしれませんが、一緒に遊んでくださる方いたらよろしくお願いします！\nまったりプレイヤーです☺… https://t.co/wtSJQsGlxh'
不定期,'@urami_masu_ とんでもなく嬉しい。\n時間的な問題もあるだろうし、\n俺も配信不定期だからさ\nまた見かけたらひょっこり覗きに来てな🥰'
不定期,'カネ吉の数量限定！\n\nまたきた！！\n\n2000円分の惣菜が入って1600円のすぐ売り切れる大人気の！！！\n\n不定期で販売開始になるから、なかなか見つけにくいやつ😍😍\nきつい時、もう1品欲しい時にかなり便利😍#家計に優しいお得情報… https://t.co/tHLWmfnZFB'
不定期,'牛乳美味しい(不定期POST)'
不定期,'シラサカ…来月で毎週月曜日の定期開催は終わっちゃうんだね…ヽ(；▽；)\nそれだけ2人とも人気が出て忙しくなってスケジュールが大変になっちゃったわけだから嬉しいことなんだけど…。\nなんか寂しいな…、うまく言えないけど…。不定期になって看板下ろすわけではないみたいだけど…( ；∀；)'
不定期,'皆さん、当アカウントで討論しましょう！！！！！\nただし喧嘩はダメですよ！！\n 不定期に開くネット中継討論に参加されたい方はフォローしてください！\n#girontouron'
不定期,'@blue__DQX 🥺🥺🥺なるほど！\n不定期に頑張ります🥺🥺🥺'
不定期,'猫の変な声が不定期で聞こえる…怖いなぁ…'
不定期,'シラサカ不定期になってもアレとかコレで白井さん酒井さんの声は定期接種できるし！とか自分に言い聞かせている\nシラサカって不思議な番組だよなー\nコメント追いながら夢中で見ても、作業しながらサラッと見ても、終わると「あー楽しかった！」ってサッパリできる。内容覚えてないくらいスッキリする'
不定期,'【定期】\nライブの詳細とか日常なんかを不定期に書くブログがあります！お暇な時とかにどうぞ！\nhttps://t.co/ZheDF2FJcZ'
不定期,'推しの声優について語りながらスクリムするグループdiscord作ったら入る人いますか？不定期開催でもええならやけど'
不定期,'【不定期お知らせ】\n甲洋「現在のリプライ反応単語は『おはよう/おやすみ/いってきます/ただいま/甲洋or操ください/好き/なでて/甲洋or操をなでる』だよ」\n操「俺たちは細かい情報をhttps://t.co/JNUVgC8xu8によって理解できる」\n甲洋「お前のミール大丈夫か？」'
不定期,'1647個目   2021.2.23\n明日から不定期開封にする https://t.co/g62XvpEHqy'
不定期,'@SUNONE しかもさー、不定期にログアウトすんのマジでうぜー･+ﾟ(´Д`)ﾟ+･｡ https://t.co/xBdaSACHbE'
不定期,'僕は親の副流煙が主要因で小児喘息を患ってから(22)になった現在でも不定期で吸入器もらいに医者通ってるよ。'
不定期,'『不定期』\nじつはコミケは不定期参戦になりそうな感じ笑'
不定期,'@sx_mjo 休み不定期だよ\nシフトは上司に任せてる〜\n既婚者ではないよ\n同性同士だから結婚できないしね\nでも、プロポーズしてるし俺らの中では夫婦だよ\nまだ同棲はできてないから、めっちゃ遠距離だけどね\nあ、ネットの人じゃなくてリ… https://t.co/2S1ZWu2yNy'
不定期,'@freshfishooooot もうアイデアが無いので割と不定期になる気はしますけど、取り敢えず続けます…！ありがとうございます！'
不定期,'今日は日中にふらとぴ編集部の不定期イベント「徳島会」をオンラインで開催し、その模様をtwitchで生配信しました。せっかく生配信したので、今、そのダイジェスト版を作っています。あんまり編集はしないつもりですが、動画編集って切り貼りするだけでも結構、時間かかるんですよねー。'
不定期,'@pG0kDkO6hewCZhR いえいえー(//∇//)\n不定期でいいので人妻の称号を得たぴりかさんのお姿拝見したいものです(/ω＼)イヤン笑笑'
不定期,'後藤記者にはNYCで出会いたかった。\n当時は日経さんから不定期に取材されてたんだよな。。。 https://t.co/36oJDjcZes'
不定期,'オフィスばなな\u3000デザイナー担当スタッフのプッカです！\n\n@banana_pucca \n\nモデレーターにしてますが基本はデザイン業務なので不定期で配信に出現します！よろしくおねがいします！'
不定期,'ツイキャス来てくれた皆様\nありがとうございます😊✨\n\nほんと、不定期でごめんなさい。\nでも来てくれたら嬉しいので\nまたその時は来てください☺️💦\n\nおやすみ。'
不定期,'不定期に過去ジャンル再燃するんだけど今がそのとき'
不定期,'たいへん！このままじゃ劣悪な環境下でもめげず咲き誇る可憐かつ勇ましい一輪のエーデルワイスって位置付けが変わって不定期にTLに爆撃してる人って印象が浸透しちゃう！'
不定期,'僕はまだブロガーとしてはよちよち歩きすらできない赤ん坊なので、無理して毎日更新しようとすると恐ろしく低クオリティーな記事ができあがります。笑\n\nなので、毎日更新は早々に諦めました🥲\n\nただ、とにかく毎日手を動かすことはやめません。… https://t.co/F7IMRy3uN3'
不定期,'@hy_pe コメントありがとうございます！\n僕がシフトの時はだいたいポータブルプレーヤー持って行き、適当にかけてます。\nもしかけたい盤ありましたら、どうぞお持ちください。\nシフト不定期ですが（週２、３回）夜22:30くらいからボチボチ流しております。\nよろしくお願いします。'
不定期,'@szzzmmaa お互いさまお互いさま〜\nお、いいねえ\nなるほど、休み不定期？希望通りいくの？\nお、既婚者？\nふふ、ありがとう\n靜瑞、しずみ、綺麗な名前だけど変換出ないよー'
不定期,'【不定期開催／数量限定】カネ吉の惣菜おまかせセット\n\n楽天リアルタイムランキング 14位 1600円 [23:56]\n★★★★☆(5624件)\n\n【不定期開催／数量限定】【賞味期限お届け後10日前後商品あり】何が届くかお楽しみ！毎… https://t.co/oJfHAEJj0Q'
不定期,'@luvly_azu それは定期…不定期でも欠かせやん👍\nパターンは多数やな😆'
不定期,'らくがきはポイピクに不定期で上げるか\nツイートはしない(面倒なので)'
不定期,'@Work__   if設定、暗黒面設定可能。暗黒面設定になる期間は予告するが不定期に設ける。 相棒であり親友はボガー/ノで出会った𝐁𝐃-𝟏.  ゲームストーリーネタバレあり、完璧四六時中相手不可. 死垢閲覧自己責任. 詮索断固拒… https://t.co/EWBgKDHDYo'
不定期,'不定期配信\n湾岸枠 https://t.co/dDXikA5Z7Z'
不定期,'@ruo_kikaku2 是非是非やりましょう✨\nマジですか！！あの時飲酒してましたがほぼほぼシラフであれだけ笑ってました😂\n私の笑い声であでをさんを笑わせられたのなら役得ってもんですよ😊👍💓\nちゃんと仕上げて不定期でサプライズし… https://t.co/QwAPlRxybU'
不定期,'Iyaさんのチェキ会とても楽しかったです！\n\nI私が配信始めた当初から仲良くさせてもらってて、私が不定期で配信した時も遊びに来てくれて、ほんっとに支えてもらってました。\n\nReality辞めるのはすごい悲しいけど、Iyaさんの進む… https://t.co/sNq9hU7w4j'
不定期,'UVB-76(The Buzzer)は、発信元不明のラジオ放送です。平常時は短波4625khzでブザー音が流れ続けていて、不定期に短いアナウンスが入ります。ある時ロシア語で「UVB-76」と2回アナウンスされましたが、これがコール… https://t.co/63p0D7cRqR'
不定期,'これからモチベ維持のために\n#もかぴえ戦記 というタグで動画を上げます\n質問意見アドバイス等いただけたら喜びます🙇\u200d♀️\n※不定期、自己満であることをご了承ください'
不定期,'聞き逃しサービスで、NHKラジオの、みんなでひきこもりラジオ、聞いてます。\n不定期で放送しています。'
不定期,'@Sush1y 不定期で変わるのめっちゃわかる'
不定期,'YouTubeちゃんねる登録よければしてね\nhttps://t.co/c7MuZu8A9F\nとりあえず登録してくれれば喜びます。\nそのうち本格的に始める(不定期で生配信してる。\nこのツイートは自動です。'
不定期,'不定期的にまたやって欲しい（焼きマロをねだるな）'
不定期,'@Mybachistrap すぐ叩き方変わるから不定期で好み変わるけど、今は手元寄りが好き'
不定期,'配信終わりました！\nゲストをお呼びして楽しくお話しできました！この企画は不定期に今後もやっていきます！遊びに来てくれた皆さん、ありがとうございました！\n\n#ひいろ放送局\n#おやすみVtuber'
不定期,'本日もありがとうございました。\n不定期開催ではありますが、今後ともどしどしご参加ください！'
不定期,'[不定期] 気軽に絡んでください。'
不定期,'@kuha_moha うん🥺💓やさすぃ🥺\nわたしもたくさんお話ししたい、、、！\n最近不定期の浮上だけども見つけたら飛んでくね。\nこれからもよろしくね🥺'
不定期,'今日はお二人様描かせていただきやした！続きはまた！(不定期ですが！)'
不定期,'えっちな差分とかたまにあげたいけど、そうそう毎回毎回はあげられないから、まぁ不定期かなぁ…'
不定期,'【不定期】実はこう見えて、パズドラは4月からやってます。だがしかしbutケータイ自体が壊れて8月末からまた初めからやり始めて今に至ります。'
不定期,'@panda___mann またするで！！不定期やけど'
不定期,'@StreetWiseInked じゃあ単語テスト作ったら不定期で送りつけるんでよろしくお願いします笑😆🌟フロスティさんは私に英会話を教えてくれるってことでいいですかね😁笑'
不定期,'ゲリラテスト配信お付き合いありがとうございました。\nギターとマイクの音の振り分けは、改善できたようです。\n\nこの\n「夜のアパートから小声で歌う」\nやつ、なんだか個人的に好きなので週一くらいやろうかなぁと思います\n\n不定期でだけど… https://t.co/bvNbp0edtz'
不定期,'不定期かもしれないけどまた開くと思うので！\n来れる方いたら是非🙌🙌\n\n氷雨ちゃん！\n長々とありがとおおお！\nめっちゃ楽しかった！！ https://t.co/Gpj5vouRzY'
不定期,'たまには不定期にツイキャスやってみよう思いますわ。\n本当に適当に喋るんで、期待はしないでくださいネ。\n私も日常生活で周りの人に話せないことあるので。'
不定期,'なのでディビ2関係の動画は出すにしても不定期になるのでご容赦をば。代わりにディビ1の録画を来週から始めていきます'
不定期,'@neerosie @kinakoro_apex 終わる時間不定期なん大変やね😭💦お疲れ様よぽむち😢✨\nひとまず5日楽しみ☺️❤️'
不定期,'【不定期】死にたくない'
不定期,'つるの剛士がBike Life Lab主任研究員に就任。“のるのたのし”として等身大のバイクライフを語り、バイクと戯れるさまざまな写真を不定期配信！ https://t.co/aoPijt5Ygk https://t.co/RLWkKVUpFO'
不定期,"""最近(ゲームが)忙しくていずみ'sキッチンがなかなか出来てなかったけど、明日辺りには何か作りたいなーって思ってます😌\n\nいずみ'sキッチンは不定期営業です。"""
不定期,'@PdrFzx2 🦥 ゆゆ\n🦥 呼び捨てちゃん付けなど！\n🦥 タメ大歓迎！！🙌\n🦥 休み中は本当に不定期(遊べるときは多い)だから事前に言ってもらえれば！\n🦥 大歓迎！\n🦥 よろしくね〜！☺️'
不定期,'ヤモにゃ今でもたまーにくしゃみしてる\n不定期でウェットシェルターにお水入れててそこからお水飲んでるんだと思うんだけど恐らくお水飲む時にお鼻にお水入っちゃうっぽい💦\n\n最近あまり霧吹きからのお水飲まないからシェルターに入れるんだけどそれで毎回くしゃみしちゃうなら考え物だな😓'
不定期,'@shiro_nya_kuro これからも不定期に言うような気がします😂'
不定期,"""これから不定期配信でやってくので\n暇な時よかったらきてくれると嬉しいです(*' ')*, ,)✨"""
不定期,'お誕生日おめでとう配信来てくれてありがとう♡！！\nこれからも不定期だけど配信してくからよろしくね！推してけぇーー！！ https://t.co/RlK53Wwnlq'
不定期,'[bot］不定期で浮上します'
不定期,'定期\nganplablogゲーム実況チャンネルを開設。ganplablog gamesです。こちらは不定期更新になりますが宜しくお願いします。m(_ _)m'
不定期,'@masa_mach 仕事しながらなんで不定期配信ですがぼちぼち自分のペースでやってますので♬ ありがとうございます😊'
不定期,'一昨年に今の部署へ異動してから日曜日と祝日に休めるようになったのほんとに助かる\nそれまでは不定期だったからなあ…良いような悪い様な'
不定期,'【定期】「私達にコミュ機能が搭載された」「相互フォローになった時点で自動的に発生するよ！あと上がるタイミングは不定期らしいね」「私とカービィそれぞれのコミュを最大にするとなにかいいことがあるかもしれないな」'
不定期,'メルマガ配信開始！不定期配信となります。登録は無料です。\nhttps://t.co/oXQ9oo2dpF #depth_2014'
不定期,'呟き不定期・少なめです。本垢も一緒のフォローをお勧めします。'
不定期,'不定期で自分のつぶやき消してて、今も結構な件数消したけど、消してないつぶやきも表示されないしツイート欄の件数が増えてるのだが？\n\n🙄？'
不定期,'劇場版銀魂ファイナルのネタバレ感想 https://t.co/wVW9OTGRwg ／今日の分の感想（不定期）'
不定期,'話し始めがあ行の音だとうまく話せなくなる時期が不定期でやってくるためいらっしゃいませやありがとうございましたが言いづらくなるというあまりにも接客業に向いてない体質'
不定期,'不定期に思ってるだけだから流してくれて大丈夫なんだけど推しにストーリーがしっかりしてるゲーム(考えさせられるような)をしてほしいって思う。思うだけ。'
不定期,'賢太郎「いらっしゃい。こちらがCafe neversistaのメニューになります→https://t.co/uoMzlCoAWS\u3000反応語句や設定、その他の情報などは不定期だがこれに掲載されている。初めて来たのなら一度目を通しておいてくれ」'
不定期,'わぁー使いやすそうでいいなぁそうそうこんな感じのやつ欲しいよねってたどり着いたインク瓶、そこそこいいお値段するし不定期受注生産で今は販売してないしで頭抱えている https://t.co/aGNc1E1teU'
不定期,'不定期についーよ全消ししてるおかげで2020年2月26日の闇の振り返りができなくて命拾いした感ある。'
不定期,'さぁやって参りました不定期開催の虚無タイム\n\nもうなんっっっっっにもしたくねぇという気持ちが込み上がってきております正直今こうやって文を打ってるのすら面倒臭いと思っておりますのでやめます\n\nおやすみ'
不定期,'モイ！Androidからキャス配信中 -久々に開いた不定期ryuラジ無観客で開いてくスタイル https://t.co/QRKBzV4Cad #初見さん大歓迎 #低音ボイス'
不定期,'【生放送】【不定期生放送】ゲーム枠\u3000ファミスタ2020\u3000だらだらプレイ！ を開始しました。 https://t.co/jF0JIVHfXf #lv330653908'
不定期,'やだあぁぁぁぁ耳が変な感じなんか耳フーされる感じのやつが不定期にくるヤダ！！！！！！！！！！！！！！！！！！！！！！！！(床に投げつける絵文字)'
不定期,'何年か周期で不定期に自分の絵の構造を見直して塗りや絵柄を構築し直すのが私の慣例ですが、腱鞘炎のお陰でブランクが２年以上空いてしまっているので、手が治ってなんとか絵が描けるようになった時には強制描き方リセット→絵描き手順再構築の予感…。'
不定期,'自分でつけた顔がいいという設定に画力が追い付かなくてもだえ苦しんでいる不定期'
不定期,'(ナナチのかわいいで空腹を誤魔化すぜ、、、あとやっぱり今後は動画は少し不定期になってしまいそうだぜ、、、)'
不定期,'【自動】\n万騎が原中学校の主な学校行事(日時不定期)\n\n1月…教育相談、個別合同学芸会'
不定期,'曲のことで打ち合わせするとき機材揃ってる💻の家でやることが常だと思うんよ、そんで不定期に家に上がるうちにもうここ住めば？って切り出される'
不定期,'【楽天リアルタイムランキング】\n\n順位：14\n商品名：【不定期開催／数量限定】カネ吉の惣菜おまかせセット\n\n価格：1600円\n23:40\n\nhttps://t.co/aOame8h9VR'
不定期,'@Katyusha8492 意外ながらかつて不定期にチノになったり魔理沙になったり豊聡耳様になったり鬼神丸になってたりしてた人（過去形）'
不定期,'【定期】\nニコ生のコミュニティ作成しました( ﾟДﾟ)\n\n更新及び放送は不定期ですがよければコミュ参加してください\n\nURL：https://t.co/FRdKHa5Sta'
不定期,'不定期で去年ルノアールでとおじいさん先生を見たくなる時期が来る\u3000今がそれだ'
不定期,'#集えピクセルガンナーズ\n#pixelgun\n#ピクセルガン\n～不定期コーナー～\n集え！ピクセルガンナーズ！\n第12回\u3000\n今回の議題は「過去最高運営を憎んだ瞬間」をお願いします！です！'
不定期,'【Konkatsu Partyメルマガ】スタートしました。無料メルマガで不定期配信です。主にKonkatsu Partyの次回案内や情報を配信します。興味ある方は登録していただけると嬉しいです♪https://t.co/WtcGl0bS1g'
不定期,'【ぴく定期】休止中の浮上は不定期すぎて自分でもわかんねぇ。ごめんな。'
不定期,'エトランゼは不定期連載だから次単行本出るのは何年先なんだろ〜な〜(そんなに先かも分からないけど)と思いながらもみおしゅんは何年でも待てる…ってなった'
不定期,'@nwn_nwn_ 今年16です！少しでも疲れが取れたならよかった。方言は出る時と出ないとき不定期なので別に普段堅苦しく喋っとるわけじゃないですよw'
不定期,'@Shippo_TL\nマリー、(私がCS私服を鎧にしてしまったせいで)コズテル不定期シェフしてるとき以外は町でもずーーっと鎧着てるので、「この鎧を脱いだとき、私の戦闘力は…」っていうピッ○ロさんみたいなやつやりたい()'
不定期,'雷光は湖に輝く(前編) | なんかの屯田兵ぇい #pixiv https://t.co/WzlOgJavaX\n\n不定期連載(するかどうかは全く不明)\nみんな大好きドラグーン版ヴォルパーのお話です笑\n…だって今までの作品ほとんどセンチネル贔屓だったかなって笑'
不定期,'iPadデータ整理の為、不定期で過去のメイキング動画を記録として色々投稿します〜'
不定期,'明日高知で1点から6点くらいでいけそうなレースがあれば土佐の番犬が発動する。不定期だから未定だ！'
不定期,'📍固定Tw📍\n2020年は毎日1枚ずつ366日間\n「くまモン今日は何の日」をテーマにイラストを描いてきました。\n2021年からは不定期ですが色々なテーマでむぞらしいモンを描いていくます💪\n私の脳内でとっ散らかってるモン想を随時整理… https://t.co/SsSwEWMKd8'
不定期,'ミラティブ不定期配信中です✌️\n連盟の感じが伝わればこれ幸いです🤔 https://t.co/UqY6o40wpv'
不定期,'関デビ前のドラマ＋枠が本来であればももあんtvkスタート日で有ったけど来週スタートに変更になって、洋楽天国＋(不定期ver）になってたのは制作局のABCの春改編関係？ #tvk'
不定期,'不定期艦これ記録。無理のない程度で戦果稼ぎ中。残してるEOと戦果砲撃てば多分大丈夫と思いつつちょっとでも上乗せ。 https://t.co/HSxo29PegW'
不定期,'なうリモートスナックたえこ営業中\n’80’90年代の曲を中心に歌って喋って笑ってライブ配信♫\n★月水金7:20〜\u3000\n★ほぼ毎日23:05～スナックオープン\n★夕方は不定期配信\u3000#スナックたえこ \nhttps://t.co/LF1U9pFzTN'
不定期,'これから忙しくなるけど頑張る✊リアルの関係でマイペースに不定期で出没します。'
不定期,'不定期的に爪爪爪は聞きたくなる'
不定期,'リプ返は爆速だったり3週間くらい空いたりと不定期です。相手の方の返信は半年とかじゃなきゃ気長に待てます。\n各々のペースで楽しく交流したいね😌😌'
不定期,'【お知らせ】\n不定期的におじさん構文 おじさんVSアンチおじさんVSダークライをやります\n#おじさん構文_鳩'
不定期,'【お知らせ】\n今連載している「じゃじゃ馬ＴＳ勇者～」は、３月８日から不定期連載となります。仕事の関係で、毎日更新することができなくなりますよってことです。\n毎日更新はできなくなっても、１週間に１度は更新したいと思っていますので、どうぞよろしくお願いしますね。'
不定期,'おすすめユーザーに載るというテロかましたい(不定期)'
不定期,'@oka_D_anna そうでしょうねー…群馬は不定期に来てくれて地元なのでなんか嬉しいです｡ﾟ(ﾟ´ω`ﾟ)ﾟ｡'
