しぐさ,'なぜだかよく目に映る光景、ピンとくる感覚、よくするしぐさや言葉、愛すること、無意識に考えること、人やお金の縁、ツキやチャンスが巡ること等、人の人生に関わること全てに「潜在意識」が関わっている。\n\nつまり「潜在意識」は人生を創り出す。\n\nあなたの潜在意識、修正が必要ではないですか？'
しぐさ,'久しく会ってない日どっかでしぐさんともご飯行きたいわね'
しぐさ,'@saz_zatta オデコめっちゃ擦り付けてぶつけてきますよね笑\nそのしぐさがまたたまらない〜♡'
しぐさ,'@SiG_PiiiiiN 汗追加しました←☺️☺️🐇🌊しぐさんからの有り難い資料を止めながら見ながら描きました〜(*´˘`*)こちらこそ有り難うございました〜🤣！！'
しぐさ,'@kankokudayone ( ﾟ∀ﾟ)ｱﾊﾊ八八ﾉヽﾉヽﾉヽ\nまたまたいつもの韓国しぐさですね。国内が上手く行かなくなると反日持ち出して不満をそらそうとする。\n所得主導成長の大失敗→雇用大崩壊\n失業者大増大からの社会不安\nバイ… https://t.co/zoAVHcwSBI'
しぐさ,'@malayanus_kuma ヨウタくんは毎回少しずつゆっくり味わう、マーヤちゃんは白菜の時はスロープに腰掛け両手で持つ、いつもの食べ方でした。\n表情やしぐさ、咀嚼音からも美味しさを伝えられるってすごい❣️パイナップルが食べたー… https://t.co/syf4CljTzW'
しぐさ,'あと大和さんアイハケUR覚醒した…！あの服装としぐさで「ここからは大人の時間だぜ？」って言われるのやばい( *´艸｀) しかも背景ダンスマカブルアークにしてるから余計なんか…大人の世界に誘われそう'
しぐさ,'国士しぐさと保守的言動は繋がってんのか繋がってないんか'
しぐさ,'@Emux91 むり\nあぶちゃんの\n塩対応差\n可愛さ\n強さ\n優しさ\nコミュニケーション能力\nしぐさ\nが可愛いんです。\n\n推しです。推し\n\nとりあえず\nぶるーさんも好きだけど\nあぶちゃんしか勝たん！'
しぐさ,'それはそうと胸を寄せあげるしぐさ'
しぐさ,'アルファベットの順番に自信がなくて確認する英弱しぐさをかました'
しぐさ,'鼻をよく触る人は「ウソをついている」サイン。情緒不安定なときに出るしぐさ。'
しぐさ,'嘘の見抜き方。表情やしぐさに「嘘のサイン」はあらわれるの？\n#マイナビ #心理 #嘘 #ウソ\nhttps://t.co/vZjDxe2L1N'
しぐさ,'【二中しぐさ】７\u3000清身統一\u3000\u3000\u3000服装，頭髪を整えよう'
しぐさ,'猫が「かまってほしい」と感じているときに見せるし３つのしぐさ(ねこのきもち WEB MAGAZINE)\n#Yahooニュース\nhttps://t.co/nJDDB1Ec8J'
しぐさ,'冷たいしぐさにもめげない 夢を大きく広げましょう（街の灯）'
しぐさ,'昨日から今朝までエリカラなしで過ごさせてみたんですけど\nやっぱり治りが悪いので仕事前に新しいものを装着‼︎ゆるそう⁉︎\n今にも外しそうなしぐさを💦\n少し強化して出勤‥\n外しちゃうかなー😅 https://t.co/OEuAO8H2ko'
しぐさ,'SixTONESの中ではクールな北ちゃんだけど、北ちゃん(とおる)がみなちゃんの前で見せる笑顔としぐさが子犬すぎてぴえん越えてぱおんだし、俳優として様々な表情ができる北ちゃんに感動した❤️あと僕僕の歌いだしの北ちゃんの声が最後のシ… https://t.co/yJKknJ9Sx2'
しぐさ,'まぁあれはドリフェス時代の「ファン＝顔のない大衆」とみなすあんスタしぐさだから、引くほうがズレてるんだろうけども'
しぐさ,'#ネトウヨことわざ\n「パヨク韓国コミンテルン」\n\nネトウヨの現実逃避法を表す。紋切り型で浅はかな被害者しぐさをする様。'
しぐさ,'人のしぐさとか言動とかにとても惹かれるというか、かわいいって思っちゃうタイプの人間'
しぐさ,'彼女が髪を指で分けただけそれがシビれるしぐさ。読書が好きなものでして。 https://t.co/SH3Fj6ELC0'
しぐさ,'@HACHIMAYU888 カーネーション 「美しいしぐさ 」「永遠の幸福」\nどうしたの、なにがあったの？\n嫌なことがあった？嬉しいことは？\nそうやってご自身にちゃんと\n声をかけてあげてくださいね。\nあなたができないときは、私が側… https://t.co/ql1klOxHPR'
しぐさ,'【美人な「しぐさ」/中井 信之】1つの例に1つのイラストが付いていてとてもわかりやすかった。\n細かい所作は日頃から実践していないと咄嗟にできないと思うので、気を付けていきたいと思った。 → https://t.co/rkbZK2sQAI #bookmeter'
しぐさ,'こういうしぐさのかわいさに弱い'
しぐさ,'@momomongamon 肉で涙するとは思わなかった辺りですねぇ…\n登場人物の心境がちょっとしたしぐさからも伝わってくるところとかほんと良かったですよね…'
しぐさ,'姿はめっちゃ可愛いんだけど、\nしぐさだけピックアップすると\nまるでおっさんのよう。\nでも、またそこが可愛かったりして。 https://t.co/U3iILz7dTh'
しぐさ,'@jijicom 破損してないのに漏れてるってまた自民しぐさじゃん'
しぐさ,'@yanagisato 後半は薄目で見たのでだいじょうぶ！！ここまで来たらだいぶ覚悟できてますし！！（胃をおさえるしぐさ'
しぐさ,'@kmBJ82syTh6Rbri ですよね！\nあの動画で普通の布川さんで安心しました🙈\n最後、最高ですよね🥰無茶苦茶な大津さんも布川さんの優しさ溢れるしぐさも♡\nこの動画見ながら本当語りたすぎるw\nて、きつねジムも沖縄もか😂'
しぐさ,'@ft_kabe 風津ちゃんは帰還後は異能忘れます（再掲）\nでないと、先行ブーケ脱出後に『一足先に学校でおにくパーティ（人狼しぐさ）待ってるよ係』になっちゃうので……\u3000最悪を生んでしまう……'
しぐさ,'ちゃんと降りる駅の前でスッと立ち上がっていて賢すぎて感動した。\n動物の毛並みとかしぐさに引き込まれました。'
しぐさ,'これが昔の男しぐさですか'
しぐさ,'@ohayo_rabbit それもまたにーがたしぐさで良いですね\u3000しんでねーよ！とかなんとか言いながら扉的な装置から出てきて欲しいです'
しぐさ,'@xxx_sigu しぐさんも最高にえっちでいい人❤️'
しぐさ,'FC東京セレッソと勝手にライバルぶって煽るって江戸しぐさやな'
しぐさ,'@dq10ayaya ほほう、可愛い(☆∀☆)しぐさ、真似ていいですか？(出来るかが問題)w'
しぐさ,'@sigure7801 いそしぐさん今晩です。お疲れ様ですm(_ _)m'
しぐさ,'4歳の癇癪、いまだ結構ひどいけど、園ではかなり改善されたそう。癇癪起こしそうになったら、自分でクールダウンする為のとあるしぐさ(道具を使う)をするんだって。そのしぐさ、家では全くしないから懇談で聞いてビックリした。家でもそれ用意しようかな。'
しぐさ,'男子高校生が思うイケメンなしぐさをブラック・ジャックでやってみた\u3000 https://t.co/F4KBvcxvcp'
しぐさ,'しぐさん白ケープ獲得早くないか!!?!?!\nあれ、ギルドサーバーでSky始めたって行ったのいつだ……ｯｯｯｯ'
しぐさ,'「男性の場合は、愛を表現する言葉やしぐさ、伝え方を学んでいないから、愛といえばセックスしか思い浮かばないんです。」\n\n性教育の教科書がAVになってしまう日本男性のセックスの貧困さ セックス=愛の勘違いに気づけるか https://t.co/I0i9jTJz8B #POL'
しぐさ,'最初は移動もままならなかったけど、だんだん「経路を支持しながら周囲の状況をサーチ後、次のルートへ案内する」という精度の高いAIしぐさができるようになってきてる'
しぐさ,'@nhk_fukushima 皆さん、お疲れさまでした。\n伊藤アナのななみちゃんを抱くしぐさが何とも言えないです。\n4月以降もぜひ、5局のコラボ企画を放送してほしいです。'
しぐさ,'やモフモフの触肢を動かすしぐさを、迫'
しぐさ,'やっぱりディーセレ観てると小湊るう子の絶対強者ムーヴとか、あきらっきーのエンタメ性抜群のヒールしぐさが懐かしくなるのよね'
しぐさ,'ツイしぐさに欠けたツイート'
しぐさ,'@yossan050 まあ、御大自身もテメェに都合の悪い情報はシカトしますし😅\n最近の某氏との喧嘩も無視してたはずが、某氏が不用意な発言をしたら、ギャーギャー騒ぎ立て、被害者しぐさをした挙句、人格攻撃に及んでるようですし……って、… https://t.co/SNg3z8Smyy'
しぐさ,'おお 人情に通じた人よ！彼は子どもたちの相手をするときは子どもっぽいしぐさをする。だが、樹木と子どもは、頭上のものを求めるものなのだ。フリードリヒ・ヘルデルリーン'
しぐさ,'匍匐前進のしぐさが欲しい'
しぐさ,'女道化師のカーアとその兄カインは、その芝居がかったしぐさで相手を煙に巻き、ついには残酷な方法で殺してしまう'
しぐさ,'【二中しぐさ】６\u3000ペコちゃんしぐさ\u3000ペコちゃんのように明るい笑顔であいさつしよう'
しぐさ,'@siguresou212 やってるんですね！？しぐさん強そう笑'
しぐさ,'【メラビアンの法則】 会話の内容よりも、話すときの表情・姿勢・しぐさ・話し方・声のトーンなどが印象を左右するということです。 話の内容よりも話し方や聞き方を重視してください。普段よりもオーバーリアクションに受け答えすれば、好感を持… https://t.co/KeTNhMl0Jw'
しぐさ,'シャン=ロアの人外しぐさはまことにカワイイだ'
しぐさ,'@AAside_INFO あおいくんの表情プラスしぐさが尊い、！'
しぐさ,'山手線みたいな新情報ラッシュほんとに助かるけど頑張りすぎて3/7以降燃え尽きないかせんせえは心配です\u3000杞憂民しぐさ'
しぐさ,'女性が髪をかきあげる姿って、ぜったい人気のしぐさ！！かくいう自分もそうです！無防備な感じにかきあげてほしい！'
しぐさ,'@djmy0704 カーネーション 「美しいしぐさ 」「永遠の幸福」\nどうしたの、なにがあったの？\n嫌なことがあった？嬉しいことは？\nそうやってご自身にちゃんと\n声をかけてあげてくださいね。\nあなたができないときは、私が側にいるか… https://t.co/4KoM4Ka0zr'
しぐさ,'@Mzkgl なんか文句あります？？僕はしぐさん大好きなんで🥰🥰🥰🥰'
しぐさ,'あなたのしぐさ なんか全て愛しくなる (Love is...)'
しぐさ,'(しぐさや言うことがそっくり。別人だけど似てるのは同じ思想の人の書くものを読んでいるからかな。使う言葉や表現が同じだったり。教科書や「教え」みたいにその思想が自分の考えとの区別がつかなくなるのかな)'
しぐさ,'劇を通してチャンプが心から笑うことおそらく一度もない。唯一Beautiful Dreamer〜って歌うときだけ。あの後ろクイッと向いてバッと手をだすしぐさ何万回でも見惚れる。あとチャンプはわざとタレ目強めにしてません？🐼髪型もわざとですよね？'
しぐさ,'@ft_kabe 結果的に人々に甘えまくって今に至る有難さはある一方、もっとやりようはあったよなあと永遠にぐるぐるしてる……。人狼しぐさロールは楽しいけれど、能動的に襲ったり引っ掻き回すのがあまりに向いていないPLもPCも。次の機会があったらなんとかできるといいですね。'
しぐさ,'晴山 陽一 の 外国人がムッとするヤバイしぐさ (青春新書プレイブックス) を  https://t.co/HAd7EfB7KW @amazonさんから'
しぐさ,'現代文重要語句\n\n★ 従容（しょうよう）\nゆったりとして落ち着いたようす。〔用例〕従容として死を迎える。\n\n■ 所作（しょさ）\nしぐさ。ふるまい。\n\n★ 箴言（しんげん）\n教訓・いましめの短いことば。格言。\n\n■ 真摯（しんし）\nまじめでひたむきなこと。'
しぐさ,'けんちゃんの物腰柔らかいしぐさ、高い笑い声。\nめちゃ癒されています🎵☺️'
しぐさ,'@lezelaid Cかな。Aでは無いと思う。理由は他人の視点をよく利用したり、その人の思考から視野を狭めて誘導したい方向に持っていったりする精査をよくするから。得意なのは占いで人外なら占い騙りのが潜伏よりも向いてると思ってる。で… https://t.co/tRS1BVCxvv'
しぐさ,'Luv Biasは控えめに言っても良い曲だと思います。\nハートを作るしぐさも最高に可愛い❤️\nだから、ライブに行きたい！\n#ラブバイ \n#Mステ'
しぐさ,'@brz0907 しらしぐさんこんばんは\nありがとうございます\nハロツムは今年の復刻の時に\nしらしぐさんが取れると良いですね\n((｡´･ω･)｡´_ _))ﾍﾟｺﾘﾝ'
しぐさ,'実は気になる相手ができたプリ！\n性格も声もしぐさも可愛くてずっと頭から離れない！\n名前はピチュー！かわいいのはプリンだけで十分だから、どうやってけs…'
しぐさ,'撫でられている時のとろんと目を閉じるしぐさに飼い主夏紀さんなどもうメロメロですわ。 https://t.co/l8XJJIuK3m'
しぐさ,'これ！伝え方を学ぼうとしない輩とは別れてよい\n\n“愛を表現する言葉やしぐさ、伝え方を学んでいないから、愛といえばセックスしか思い浮かばないんです。ところがそれは、女性にとっては愛情を伝えるメッセージではなく、ただ「オレの言うことを… https://t.co/FUAzpoXTJ7'
しぐさ,'@uriuri0825 お疲れ様です。いつもありがとうございます。\n自分が最初に暴言を吐いたくせにそれを物凄く丁寧に注意されただけで被害者ぶるというのがいかにもネトウヨしぐさという感じがしますね🙄'
しぐさ,'なんのしぐさ？ https://t.co/964TQMXd7q'
しぐさ,'撫でさせといて「もうエエねん」という猫 https://t.co/yMWQiFxeFL @YouTubeより \n\nなんで猫ってこういうしぐさがいちいちもう究極的に可愛いんだろう。'
しぐさ,'きたくしていた！そしてワンダヴィジョンを観ました！\n(観終わるまでSNSに近寄らないしぐさ)'
しぐさ,'女性が髪をかきあげる姿って、ぜったい人気のしぐさ！！かくいう自分もそうです！無防備な感じにかきあげてほしい！'
しぐさ,'ちゃお＾＾かわいがるのしぐさを欲しい人にあげようと思うので、本日２２時にサバ７の空の原点まで来てくれ♪\u3000先着６名です！\u3000来たら俺にいいねをして「アキラさんエロディ！」と言ってね♪それが合言葉にします＾＾ #PS4share https://t.co/EaTzg988Wm'
しぐさ,'犬の好きなところ\n\n全身に毛が生えているところ\n売り物のぬいぐるみのように完璧な可愛い顔をしているところ\n表情が豊かなところ\n運動神経がいいところ\n元気なところ\n鳴き方がかわいいところ\n触り心地がいいところ\nしぐさが優雅でかわいい… https://t.co/gQOx3kjw0F'
しぐさ,'@uxH5S1ofWY8uIoP 論客しぐさ……。\n#嘘です'
しぐさ,'クキキ野郎、元ネタは純日本産の癖にブリカスしぐさが板につきすぎている\u3000#njslyr'
しぐさ,'@hanasig そうです！あと、はなしぐさん食べようかなって考えてて！ \n\nどんどん腕が上がってますよね、すごい✨'
しぐさ,'saitom先生が描くマリオが見られるなんて…（オタクしぐさ）'
しぐさ,'ブリカスしぐさが板についてるクソコンサル #njslyr'
しぐさ,'@q_pmn0 \nしぐさん、はじめまして！\nargn繋がりたいタグに反応頂きましてフォロバありがとうございます！\n一人で呟き散らかしてることが多いので、ゆるっとお付き合いできれば嬉しいです☺️✨\nよろしくお願いします🙇\u200d♀️'
しぐさ,'そのクソコンサルしぐさやめろ #njslyr'
しぐさ,'特に好きなネタそのに\n男ウケ女ウケ\nZoom単独でいちばん好きなネタを対面？コントで見られて嬉しい😆\nああいう時の女の子ってまじであんなしぐさするからめっちゃ笑ったw\n東京03飯塚さんにも見て欲しい←\n#ダサ坊 \n#ダサ坊の群像 \n#GAG'
しぐさ,'美しいまでの衰退国家しぐさに涙してゐる。'
しぐさ,'美しさ、それはしぐさ。\n眺めてるだけでもテンション上がりそうな💄\n#hermes #rip\nhttps://t.co/m4q2uDfBYo https://t.co/l1fzwxy6p5'
しぐさ,'【異性のグッとくるしぐさは？】コンタクト外し'
しぐさ,'いそしぐさんとゴルフ対決ですな。 https://t.co/2LlmlhLiAX'
しぐさ,'猫が「かまってほしい」と感じているときに見せるし３つのしぐさ（ねこのきもち WEB MAGAZINE） https://t.co/HYamxZh300'
しぐさ,'フォロワーさんとは初すごろくしてきました(*^^*)\n楽しかったです！またよろしくしてくれたら嬉しいでーすo(^o^)o\n普段フレンズいなくて写真とりなれてないのでしぐさが棒立ちやったw https://t.co/TAlmFVmHDk'
しぐさ,'剣道\u3000錆兎くん\nSIGさん@SiG_PiiiiiNから許可をいただき描きました😂🐇大好き剣道錆兎くんです!!!元の画像はしぐさんメディア欄にあるので是非🤗(細かい所潰れてます;;泣)あと手ぬぐいとかもろもろ違います&gt;&lt;;有り難うご… https://t.co/StAXEqEYP4'
しぐさ,'@VS610978 わかりますw初回時間来たら勝手に開始されると思ってしぐさで遊んでたら私が止めてました😂\n逆に今日の防衛軍はでっかいモンスターばっかりで見えなかったので「わたぼういませんよね？」って確認しました😂'
しぐさ,'彩ちゃんがストーリーで表情、ダンス、歌、しぐさ全部をこだわってるって言っていたのを見て衝撃を受けたんだよね、変な話アイドルさんっていつもキラキラ笑顔で楽しそうで、「楽しい」を全開に出してライブしているイメージがあったから、アイドルってそうじゃないんだ、全部に→'
しぐさ,'@sofs72 立川のキリストは簡単には脱がないアイドルしぐさを守ってるので見分けが付くというね'
しぐさ,'【犬のしぐさ】〜飼い主の足の上に座る〜これはよく「独占欲の現われ」として誤解される行動ですが、たいていの場合には、犬が何か不安を感じていたり緊張している、という合図です。飼い主さんの近くに居ることで、安全な状態にある、という気持ちになりたいのです。'
しぐさ,'@hachikosato 蜂子先生🐝❤\nお気に入りシーンありがとうございます⤴︎⤴︎💕\n激しく頷きましたよぉ😆\n先生は、しぐさや指先の表現まで細部に渡って⇒エロいです💜❤💙💚\nこの…手首するっ…のカット、拝見した時、うわぁ♡♡となりました🙈💓/////'
しぐさ,'@neige1483 野暮なこと言っちゃいけない考えちゃいけないと思いつつ、現実に戻りました😆\n自滅しない程度の熱い推し活するのも大人のオタしぐさだなと自分で自分に言い聞かせてます😅勤労がんばりましょう💪'
しぐさ,'面接で入室した際の印象は、次のような順で決まっていきます。表情→姿勢→歩き方→座り方→声→話の内容…の順です。また、しぐさ･目つき･服装･化粧なども第一印象を決める要素です。つまり「何を話したか？」よりも、実は「どんな雰囲気か？」が重要なのです。'
しぐさ,'@cocodemooo しぐさん鬼メンタル強いから頑張ってぇぇぇ！！'
しぐさ,'篠田桃紅さんの作品観に行きたい。\n「墨は重ねても一回性の重なりで下の墨は消えない。人が一刻、一日と生きて、一つの生涯となるのと同じように思われる。\n人が描くというしぐさには祈りに似た孤独の形がある。」\nhttps://t.co/Ecvkgm9448'
しぐさ,'#アスコン裏話\n⑤フレさんにお手伝いしてもらって、\n\n〇前面から傘枠の明かり\n〇🍏の後ろにスピリットを忍ばせて光量を補強\n〇手前にシャボン玉の仕草でシャボン玉とばしてもらう\n〇ドルボードの羽の開くタイミングとシャボン玉のタイミング… https://t.co/Zcoq7Jy8Am'
しぐさ,'違マがあると猫の日ってだけですごい盛り上がれる\n①よかれと思って猫耳カチューシャつける14くん②違マでﾆｬﾝｺになっちゃう14くん(猫耳生えちゃったっす😣からちゃんとﾆｬﾝｺまで)③違マでﾆｬﾝｺになったと思い込んでる14くん(突… https://t.co/W84tR3qjss'
しぐさ,'みや、、しぐさんまじか。 #Splatoon2 #スプラトゥーン2 #NintendoSwitch https://t.co/AmCCBrl8pf'
しぐさ,'男子高校生が思うイケメンなしぐさをブラック・ジャックでやってみた\u3000 https://t.co/F4KBvcxvcp'
しぐさ,'人間のふとしたしぐさ、感情に、ｱｯかわいい……となるアカウント'
しぐさ,'思い出す\n君の吐息と\nそのしぐさ\n\n#忘羨川柳2021\n#魔道祖師日本語版ラジオドラマ'
しぐさ,'まいまいまいにちそのしぐさ'
しぐさ,'定型づくりしてるうちに\nしぐさを選択みたいな一覧消しちゃったみたい( ´•д•` )💦どうしたらいいんだろう\nぴぇん（ i꒳i ）'
しぐさ,'こういう恣意的な野党しぐさは国民の信頼を損なうよ。 https://t.co/SBoSzi25Rq'
しぐさ,'推しを推す上で、ご本人そのものではなく自分が推しに見たい姿、そうあってほしい姿を投影しているだけなんじゃないかっていう危惧が常にあって(発言やしぐさをつい考察してわかったつもりになったり)しんどい時あるけどダンスを見せてもらえるのはほんとに幸せ、感覚にダイレクトに訴えてくれるから'
しぐさ,'@miyuu_kikko そうですね、カトリックもプロテスタントも悪いことしてきましたからね、それこそよく主に許されるなぁというほど…(許されるとして)。イエズスといえば、ロシア正教の人たちは十字を切るみたいですね、カトリックとは… https://t.co/OdqC41F0b4'
しぐさ,'@__yoii_to 魔法使いには魔法使い\n\n色んな魔力のある魔法使いが\nしぐさんの周りには集まる(*´-`)'
しぐさ,'【二中しぐさ】７\u3000清身統一\u3000\u3000\u3000服装，頭髪を整えよう'
しぐさ,'しぐさん……'
しぐさ,'除雪やら渋滞やら仕事上のアレコレやら忘れられた\n\n上遠野さんの姿形、声、話し方、歌声、しぐさ、物事の捉え方や考え方、すべてが好ましくてトゲトゲしてた気持ちが落ち着いた\n\n凄いなあ居るだけで私を浮上させたんだぞ\n\n#上遠野太洸\n#上遠野太洸SHOWROOM'
しぐさ,'@copepanda05 しぐさん｡ﾟ(ﾟ´ω`ﾟ)ﾟ｡ありがとうですがんばります｡ﾟ(ﾟ´ω`ﾟ)ﾟ｡'
しぐさ,'しぐさ、表情、手つき、昔よく見た金時を（無理矢理）膝枕していた頼光ママを真似てぎこちないながらもぐだくんをよしよしするつな………最高です、ありがとうございました（ゲンドウポーズ）'
しぐさ,'@Natsu_cco せうなんですよね😊\n\nあっきーなさんが、濱口さんが帰宅の連絡が入った時のしぐさや、濱口さんの笑顔なとを見てると、嬉しい気持ちでいっぱいになります😆\n\n私ごときで申し訳ないんですが、観て下さりありがとうございます💖'
しぐさ,'そーだった_:(´ཀ`」 ∠):\n誰か助けて〜\n無骨な町のアクトレスってので\nしぐさ\nキュピーン\nをお手本で見せてってお題しぐさ無くてクリア出来ない(´｡･д人)ｼｸｼｸ…'
しぐさ,'いつもの軍事ライターしぐさ'
しぐさ,'@DQ10KAERU タネもしかけもありません\nしかけはないけどしぐさがあるのか( *´艸｀)'
しぐさ,'しぐさん結構えぐいっすよあの人'
しぐさ,'鏡精しぐさ４コマ https://t.co/ZA0UoqVO8u'
しぐさ,'己と全く関係ない刀からの言葉だったら「ふーん、君はそういう刀だったんだね」（エーミールしぐさ）で内心怒り狂ってようが笑みを浮かべて流してそうだし…'
しぐさ,'あと宝塚とか演劇指導とか、マナー講座の先生とかに、こうしたら女の子として素敵、男の子としてスマートな振る舞い。とかしぐさとか雰囲気とか教えてもらえたら、素敵な大人になれたんじゃないかな～とか妄想してみる。'
しぐさ,'半分くらいはこれだけど、もう半分は男がガチ恋して非モテしぐさ丸出しになってきたのが気色悪くなって切るパターンな気がする https://t.co/BtuddF3rvp'
しぐさ,'今となっては長男嫁のしぐさ全部可愛く見える\n #愛の不時着_記念つぶやき観賞会_3話'
しぐさ,'お手洗いから戻ってきてリップ直ってる姿が好きっていうのはなかなかリアルですなって思ったんですが、それ以上にいつかのラジオでコンタクトをはずすしぐさが好きって言ってたかいとさんが1番強いです。笑笑'
しぐさ,'【わざとでもかわいいと思う女性のしぐさランキング】\n\n1位.袖を引っ張る\n2位.絶えず笑顔\n3位.上目づかい\n4位.別れ際の寂しい顔\n5位.アヒル口'
しぐさ,'@charokichisan ちゃろちゃん、カキカキ、ペロペロ👅のしぐさ可愛い(≧ω≦)❤️にゃあ〜🐱💕'
しぐさ,'いややっぱムカつくなお前ら目腐ってんのか（クソオタしぐさやめて）'
しぐさ,'クンテム😻いいね😭\nテミンちゃんの優しい声しぐさ🧀\nクンちゃんの愛くるしさ😺\nチラ見の新居の紹介もしてもらえたらチャックンの頭ん中も落ち着きそう😅何よりテミンちゃんが癒されてる安心💕\n#SHINee\xa0\xa0\xa0\xa0 #샤이니… https://t.co/wskJLFAow1'
しぐさ,'ブレイディさん、悔しさを隠しきれてないのが好感持てる。なおみさんはいつも勝っても控えめね。今回あらためて、ちょっとしたしぐさとか反応とか日本人だなーと思った。\nいやしかしホントにすごいすごい。風格が漂ってきてるよね。'
しぐさ,'海人くんは 女の子の言葉やしぐさを100%受け止めそうだからね\nキュンキュンしちゃうと思うけど \n裏がある場合があるということをお忘れなきよう🙏\n\nキンプリ兄一同\n\n#あざとくて何が悪いの \n#髙橋海人'
しぐさ,'最初から最後まで可愛くて海ちゃんが1番可愛いよ！！？ってなったし、女の子のあざとしぐさにジタバタしたりにやけたりとワイプでも大きい画面も発言も凄く可愛くて大満足でした😭😭😭💛\nただこれ以上あざと可愛くなっちゃったら海人担の心臓がみ… https://t.co/09NI2CohPs'
しぐさ,'@odendanesensei 腸疫九郎太とかもいました\n(ナニワ金融道しぐさ)'
しぐさ,'★気になる人がいる人は試してみませんか？\n\n22時以降にやると\n「男性がすごく喜ぶ」女性のしぐさ\n\n⇒詳しくはこちらでhttps://t.co/aHhjoECZc4'
しぐさ,'いつでも やさしかった\nあなたの しぐさ すべて\n私は わすれないわ\nたとえ この身が消えようと･･･\n\n「AIRPORT」\n吉田美奈子（1980）\n作曲：吉田美奈子'
しぐさ,'@rokusuke__u_ あっ！あまり見たことないしぐさ！かわいい🥰！\n\nおめでとうございます🎉。'
しぐさ,'私も湊さんと遊びたい(体で窓を割って飛び出すしぐさ)'
しぐさ,'【男心がグラッと動く！さりげなく「隙」を見せるしぐさ】\n①女性に抱きつくことで自分にもしてほしいなと思わせる\n②ソファにあるクッションを抱えて抱きしめ会うことを連想させる\n③ほおづえをついてぼーっと眺める\n④椅子の背もたれに深くもたれて、首をかしげる\n⑤ほっぺたをさわらせる'
しぐさ,'水素吸蔵合金、20世紀SFしぐさって感じだけど最近見ないね'
しぐさ,'マジック系のしぐさは、連続して出すとエフェクトがキャンセルされるけど、ローズマジックだけは連続で出してもエフェクトが消えない為、出せば出すだけ花びらが増える https://t.co/9OAmfHkA4O'
しぐさ,'@lucky_and_eri しぐさはあった？'
しぐさ,'海人くんのお顔も表情もしぐさもコメントも全てが良すぎて…あざといVTRが全然入ってきませんでした…笑'
しぐさ,'いや、1才3ヶ月ってめちゃめちゃかわいいな！？！？\n\nなんか日々いろんなしぐさ&amp;表情する🥺💕💕'
しぐさ,'@naaaaaaaan0220 カーネーション 「美しいしぐさ 」「永遠の幸福」\nどうしたの、なにがあったの？\n嫌なことがあった？嬉しいことは？\nそうやってご自身にちゃんと\n声をかけてあげてくださいね。\nあなたができないときは、私… https://t.co/CMryjoDCo6'
しぐさ,'@Nyar_Horten マジカルドリーマー！(CCさくらクラスタしぐさで、こんばんはの意'
しぐさ,'↑の続き。気持ち悪さの根拠ですが、まず声が気持ち悪い。言葉や、しぐさに気を付けようと姿勢が全くない。と言った所です。\n\n女性目線では、同じようなものでしょうが、普段通っているコンカフェの客層は、#注意を払っている人 が多いのです。\n\n#キモヲタの共通点'
しぐさ,'ここまで聞いてあーなるほど……ってなったんですけど、最初のとこだけ聞いた時にしゃゆちゃんと2人で インターネットストーカーしぐさ……？ って言ってたの笑う'
しぐさ,'『しぐさで見抜く相手の本音』\nhttps://t.co/Ux6Uflg0l8\n\n★靴を脱ぎっぱなしにする女性は貞操観念が低い！？\n★豪快な笑い方をする人は独善的！？\n★軽口が多い人は飽きっぽく気分屋！？\n★嫉妬深い人は浮気願望が強… https://t.co/v16v3EQbwo'
しぐさ,'濃厚な負けヒロイン幼馴染みしぐさしてくる卑弥呼さんだー https://t.co/LR4xaCjvFJ'
しぐさ,'髪の毛を触るしぐさ。これは自己防衛のしぐさで、嘘や緊張や照れ隠しをした時に触ることが多い。'
しぐさ,'頭の後ろに手をやる人は、『照れている』頭の後ろに手をやる。照れた時に行うしぐさ。他人の接近を拒否するといった、警戒心が働いている事も多いですな。'
しぐさ,'好きなしぐさされた時の海ちゃんの眉毛の下がりようがガチなんよ、、、、\n #あざとくて何が悪いの'
しぐさ,'本当に好きな人って\nどこが好きなのか\n自分でもよくわからなくて、\n何気ないしぐさだったり\n雰囲気だったり言葉だったりに\n「あぁ、やっぱりこの人の事好きだなぁ」って\n思える人なんだと思う。\nそんな事を繰り返し何回も思える人が本当に好きな人なんだよね。'
しぐさ,'きみが骨を折らせたくなる顔をしているのが悪いんだよ…って平成初期攻めしぐさみたいなことを考えてしまう'
しぐさ,'風になびく髪掻き分けた何気ないしぐさに見とれるたびに時間は止まる思いは揺れる\n桜花爛漫'
しぐさ,'女性の美しさは、身にまとう服にあるのではなく、その容姿でもなく、髪を梳くしぐさにあるのでもありません'
しぐさ,'【二中しぐさ】５\u3000右側歩行\u3000右側を歩くことで，相手とぶつからないようにしよう'
しぐさ,'(ま∞)いやいやよゲームやりながらやろっか\u3000(MS)いいよ\u3000(ま∞)♪まーしぐさんがノーパンだー\u3000いやいやよー♪\u3000(MS)♪まーじまさんが\u3000全裸だー\u3000いやいやよー♪\u3000《心の鍵でチャンバラゴッコ！！ＫＨ２を[実況プレイ]part42》'
しぐさ,'しぐさで相手の性格を見抜く事ができるんだ！\n・ポケットに手を入れる人\n自分は優れていると思っているタイプ\n・頬杖をつく人\n頭の回転が速いタイプ。\n・体の前で腕を組む人\n警戒心の強いタイプ\n・足を投げ出す人\n人目を気にしないタイプ\n例外もあるから参考程度になー'
しぐさ,'2020.2/24～Zepp札幌からまさか未だに接触出来ない日々が続いてるなんてですね。\nでもあの日くれた言葉表情しぐさ全部何一つ忘れてません。\n代々木では泣き崩れたけど札幌は笑顔で迎えるぞい！\nまだ生き延びてるよ！チチさんさあバ… https://t.co/sRb9zWE3d9'
しぐさ,'釣りで稼いだ600万全部しぐさ書に投じてしまった...\n冒険者データベースにコンプリストが載っているのが悪い(収集癖)'
しぐさ,'『しぐさ』（16）    \n『人に賛成してもらうための同調しぐさのコツ』\n交渉中に相手のしぐさを真似してみる。自分のしぐさに反響し同調してくる相手を拒絶するのは簡単なことではない。相手にしてみれば提案を断りたいと思っていたのになんとなくノーと言いづらい雰囲気になってくる。'
しぐさ,'@hamasuho 『ですがこのツイート群をみた人はこの人を信じないで、私も信じる必要もありません。私の出した例示をみて判断してください。』\n\u3000↓\nこの不毛な議論を目にした人へのアピールも忘れませんね。ネトウヨしぐさでしょうか？'
しぐさ,'#思い出せるフォロワー思い出せるだけ書いて10人見つかったら負け\nきのちん(あえて旧名)\nりんちん\nうりちん\nめろちん\n彩ちゃ\nパンスラ\nちょりちゃ\nものもちゃ\nあゆみんちゃ\nのてぃおちゃ\nアンさん\nれなさぴさん\n山田さん\n鯨さん\nふわくん\nくまさん\nしぐさちゃ'
しぐさ,'皆さんのお泊まりあるある楽しいね😊\n初めてのお泊まりで2人でシングルベットはあるある～😳💕\nお風呂あがりにめっちゃ共感してるゆうちゃんに共感☺✨\n彼女がシャワーを浴びてる時のしぐさがキュンポイントです☺💖\n私もれいやんと同じく朝一… https://t.co/eSoaRfB5DT'
しぐさ,"'○○しぐさって好きなワードなんですが、Among usやってて""インポスターしぐさ""って言ってしまい、自分で笑った'"
しぐさ,'@sigureryuu しぐさん参戦？'
しぐさ,'@fuko_dq10 ふーちゃん!!!\n綺麗て美しくて力強くて…\nすごく素敵な時の女神様*.+ﾟ\nここに至るまでの試行錯誤も見させてもらって、どんどん進化していくのもすごいなぁと。\nセットもドレアも武器もしぐさも全て、本当に素敵でした😭✨'
しぐさ,'@Q6022uffapVW09t 加害大好きな人たちが多用する雑な被害者しぐさ、毎度のことながら情けない光景です'
しぐさ,"'河村たかし市長が出馬しなければ、名古屋市は助かる！\n水道民営化に前のめりで、公園の並木道を伐採し商店を造る維新しぐさ進めていたからだ(╯︵╰,)\n許すまじ(# ﾟДﾟ)(# ﾟДﾟ)'"
しぐさ,'寡黙やパッション控えめの人でも、対面ならではのしぐさとかで精査できるメンタリズム\n\n拾えた時の精度はめちゃくちゃいいけど、経験や統計に基づくものなので\n自分でもなんでそうなるのかはあんまわかってなくて説得には不向きなんよな😅\n\n最後の村とか初日で真わかってたのにもったいなかったな'
しぐさ,'あのね笑顔がSEXY 君はいい女なんだ\nあのねしぐさがCRAZY 君はまんまで素敵だよ'
しぐさ,'@kawamina_happy ってか\u3000服装\u3000しぐさ\u3000表情で\u3000好き嫌いが変われるようなレベルにいない・・・おれ・・・ｗｗ'
しぐさ,'NHKの中立派しぐさ記事には、違和感を感じるけどね。'
しぐさ,'女性の気になるしぐさは？\n ⇒ 髪の長い人が好きなんです。\n\u3000匂いフェチ（笑）\n\u3000髪を洗った後のシャンプーのにおいが好きです。 https://t.co/3xgidHZF9k'
しぐさ,'そう｡自称フェミだの自称反差別だのは､あまりに「弱者しぐさ」「被害者しぐさ」のパワーに頼りすぎ｡\nそれなら逆の側も､そのパワーを使って対抗するしかなくなる｡😃\n\n\u3000&gt;「「加害者」と「被害者」は容易に反転してしまう」\n\nhttps://t.co/NZaGGoy6RL'
しぐさ,'ふとした瞬間に綺麗だったり可愛かったりする勇気君のしぐさや表情を見てドツボにはまっていく御曹司が見たくてですね'
しぐさ,'晴山 陽一 の 外国人がムッとするヤバイしぐさ (青春新書プレイブックス) を  https://t.co/HAd7EfB7KW @amazonさんから'
しぐさ,'@SsMqj しぐさんとても参考になりました\nありがとうございます\n今日は布団から出ません'
しぐさ,'そしてしぐさよ～'
しぐさ,'@shigusawa_usagi お仕事お疲れ様です‼️\nしぐさん的に何が空回りしたのか気になりますねww\n私の経験上、仕事は『なぜこうなった？』を3回考えて行動したら少しずつ良くなりますよ〜‼️良かったらやってみてくださいね〜💪'
しぐさ,'あなたの匂い あなたのしぐさ あなたの後ろ姿 あなたの口癖 あなたの好きな食べ物  全てがあなた色に染まっていた。'
しぐさ,'今日は翔さんとっても楽しそうに幸せそうに嬉しそうに見えた(*´∀｀*)\nもちろんいつも楽しそうなんだけど、表情やしぐさ全身からそれを感じた🥺\nメンバーのことを思う翔さんは本当に素敵なお顔をするよね😊\n\n…私が嵐を恋しいと思ってるか… https://t.co/ZoZ0coIUWf'
しぐさ,'胸キュン妄想その２９\n本とか新聞読んで落ち着いてる彼。かまってほしいなーって思ってたらそれを察して、あぐらかいて膝を“ポンポン”ってたたくしぐさ。\nそれはもう最高の笑顔で犬のように駆けていっちゃいますとも…！(*´ｪ｀*)'
しぐさ,'こう、フォトモード中もしぐさ起動できたらいいのになって思う。'
しぐさ,'@neptune_dq10 立ち方をあそびの鉄人にした状態で\nしぐさ神速シャンソンの半目になるタイミングでしぐさキャンセルすると腋見せえちえちポーズの完成です✨'
しぐさ,'@C501R @kudoken7 俺の胸を焦がしてしぐさま'
しぐさ,'おだやかに愛を与えるしぐさのなかに含まれる愛、あたたかい\u3000おおきくてあたたかくてせつない愛'
しぐさ,'キモオタしぐさしました'
しぐさ,'ｼｬﾝﾊｰｲ！上海の雑ネタも2年目突入してから最初にイラストを描いて頂いたしぐさんのピクシブはこちら！\u3000https://t.co/9R9E3uBGLd'
しぐさ,'@mimiposan 被害者しぐさするクズデスからー🤗'
しぐさ,'@lemonsourgokyu2 すきなしぐさ'
しぐさ,'優雅なしぐさ\u3000優雅な時間\u3000\nそれでいい\u3000それが\u3000いい #＃オンラインレッスン'
しぐさ,'やっと双子にチョコあげたけど、カストロのズレた神しぐさ嫌いじゃないわ…'
しぐさ,'このしぐさできるようになった！\nかわいい🥰 https://t.co/dFC30fJhW4'
しぐさ,'「（もっといっぱい言葉にしてほしいと思ってる）」\n「まず声がかわいいでしょ？しぐさがかわいい、でものの考え方がかわいい、リアクションがかわいい、人懐っこいところがかわいい、皆に愛されてるところがかわいさの証拠、ファンの皆のこと一番… https://t.co/W1w54VwPiH'
しぐさ,'朝日しぐさ'
しぐさ,"""@ElnaSchwarzen ね！\u3000しぐさが可愛らしくて……(ﾉ'ヮ')ﾉ"""
しぐさ,'ふぁぼったーしぐさは若い人に伝わらないって言ったでしょ'
しぐさ,'男子が萌える女子のしぐさ！とかゆう言葉に反応する。'
しぐさ,'さすがしぐさん'
しぐさ,'てかさっき見た深瀬の喋り方しぐさ表情雰囲気元彼に似てて死にたい'
しぐさ,'@abenotti_gold 維新はコロナウイルスの拡大に似ている。\nヨシムラが全国テレビでやったというマスク着脱しぐさを見ると、維新はコロナの化身なのではないかと思えて来る。'
しぐさ,'@pon1630___ ありがとう嬉しい💐疲れてる時、お疲れ様って言われると凄く沁みるね😭\nいや〜〜もうVideo call幸せになれる何回も見てる😭てかテテバージョンもやばい！！目線もしぐさも全部好き🥺💜\n私ね、４月から実家の鳥… https://t.co/wpXOzWtVsO'
しぐさ,'@musorami @genkuroki 算数教育界の上位カーストの人々は、平行四辺形とか三角形では順序にうるさいみたいですよ。体積関連の見解は知りませんが、変にこだわった見解を持っていてもおかしくはないでしょう。例えるなら、EM… https://t.co/vttqOVvsm4'
しぐさ,'お昼休憩、大成功してくれました🙌\n世生くんが可愛いのはいつもなのですが、特にこうして、ちょっと耳がぴんっと立つタイミングも、好きなしぐさのひとつです🌸\n\nそして明日2月22日は「猫の日」ですね🐱\nいつもわんこか狼イメージな我が家の… https://t.co/df52KD4OXs'
しぐさ,'仕事がプログラマなわけですが\nプログラマしぐさである「リファクタリング」における思考が部屋の整理や模様替えにも適用できてこれは一生モノだなと思うなど'
しぐさ,'同じ場所で両手剣を一度落としてから持ち直すしぐさがかわいすぎて何度も見たかったから、プクの本職は戦士/バトです。'
しぐさ,'めちゃくちゃ低姿勢に出てもヴィーガン＝敵の図式が固まっているので批判しか飛んでこないのはインターネットしぐさ'
しぐさ,'@YamanekoOuka 悪友しぐさで飛び込んで圧をかけるヒロインの呼吸。\nベルカ、強みとして行使してくる要素はお嬢様属性の方だったりする'
しぐさ,'@sigsig_waffle しぐさんめっちゃ盛り上げてくれて楽しかったです！！選んでもらったのに足引っ張りまくりでほんとに申し訳ないです…こちらこそ、またきかいあればお願いします！'
しぐさ,'イヤモニを直すしぐさ性癖'
しぐさ,'例えば「江戸しぐさ」の責任とかを創作に押し付けられても困るわけで'
しぐさ,"""パピー'sドラフト杯お疲れ様でした！\nカーボン多すぎて鬱......足引っ張ってごめんなさい...\n雰囲気よくてめっちゃ楽しかったです！\nしぐさん、ameさん、ちはさんありがとうございました！ https://t.co/sBqWB1sF8W"""
しぐさ,'アイちゃん好きだーー！！！\nかわいい姿にかわいい声に、しぐさも愛しいし、歌う姿はかっこよくて、人間のことを好きで居てくれて、優しくて、ゲームの上達も早くて、フラグ回収が早すぎるとこも、すぐ煽るとこも、たまにぽんこつが発動するけどインテリジェントなところも、全部大好きーー！！！'
しぐさ,'はぁはぁ…コミックス読み返してゆまの言動、しぐさから滲み出るオスポイントを見つけたい'
しぐさ,'魯肉飯の写真だそうかなと思ったけど、あれは争いを呼ぶものだから止めといたという元南部住みしぐさ（勘違い）'
しぐさ,'テヨ:やんならやろか\nマク:見たことない顔しとるマジやん\nユタ:焦\nドヨチ:俺が代わりに\nテヨ:なんでお前やねんポッケに手入れた後ろ姿とユウタの女子しぐさにやられた🤯夢か💗 https://t.co/Lehe9n9Fb0 https://t.co/Pu4BDgGyFu'
しぐさ,'@tukimu_n うちの子掲載されたときに勢いで一緒に掲載された方を一気に全員描いたのですが、まさかこの短期間でお二人にお会いできるとはーです😃\n\n明るい感じのしぐさを沢山して下さいました😆'
しぐさ,'@yjajkabe1 →表情もしぐさもすごくメルらしくて、そうそうこういう顔する～！となりつつ、他のお子さんも特徴を捉えられていて、これだけ並ぶと壮観だな～！とはしゃいだりしてしまいました…！\u3000こちらこそ、うちのメルともども仲良く… https://t.co/mjRw5Mou3J'
しぐさ,'わずか数年で大きく人生が変化したジャン\nあなたは強いでしょうが、休息できてますか？\n\n可愛いしぐさの裏側に汗と努力があったんですね😭\n\n＃XiaoZhan、#肖戦、#肖战、＃シャオジャン、、\n#斗罗大陆、#TangSan\n\nＣｒ:… https://t.co/9BYHkyO44J'
しぐさ,'@hendrixkenzo ありますよね😊\n\n何年か前から 年に１度は集まっているのですが、\n\nみんないい大人なのに、何故か口癖とか、しぐさ、とか、昔のまんまなんです😊'
しぐさ,'しぐさんと初！ 優鬼してきた！\n遊んでくれてありがとー\n\nはしゃぐおじさんお気に入り https://t.co/DXSEqQQARo'
しぐさ,'@GenrousaiFZ 「げ」って打ったらもう出てくるw\nじゃあ、幻さんで！w\nしぐさんもティナもこの前始めたばかりよ！幻さんマイクラのＤＭルームに入らない？\n今７人くらいでほとんどバトオペ部だけどw'
しぐさ,'始まりから少しのあの面白さ、からの〜…\n怖い怖い😱にしても一生さんのあのしぐさから話し方の女の子チックなとこが凄くナイス👍\n綾瀬さんのキレも良いわー。\nやっぱりこっちが2位かなぁ。悩むわー。\n\n#天国と地獄'
しぐさ,'@ell722 新たなる〜のあの色気なんなんでしょうか…しぐさのひとつひとつに不覚にもときめいてしまう…。うちにも起こしに来てくれる美少年ほしいです。'
しぐさ,'わらべうた日和\n\nずくぼんじょ  ずくぼんじょ\nずっきん かぶって\nでてこらさい\n\n(佐賀のわらべうた)\nずくぼんじょ = 土筆\n*自然に呼び掛ける歌  しぐさ遊び\n\n#わらべうた  #春がきた'
しぐさ,'彼らにとっては掛け算の順序は反ワクチンEM菌江戸しぐさに並ぶカルトなんだろうけど私にとっては「算数が得意で高等数学まで学んだ立場」と「落ちこぼれる子供を作りたくない教師の立場」の違いから生じた齟齬に思えるわ。それまでは彼らと同じ意見だったけど深く考えるきっかけをくれた彼らに感謝。'
しぐさ,'え❣️なーにー😍😍😍⁉️\n二人のしぐさめちゃくちゃ可愛い💕💕💕母性めばえる〜💕💕 https://t.co/uQg63DeVCj'
しぐさ,'@2Zosw ありがとうございます～！！手のしぐさで結構感情が出るのでめちゃめちゃ難しいんですが描くのは好きなので嬉しいです…！！✨✨'
しぐさ,'【2月度 #プクカフェ のご案内】\n◆2月28日(日) 22:00-23:00\n◆フラワーガーデン2933-4\n◆カフェと謳ってますが💰不要！しぐさやお喋りで楽しむイベントです\n◆23時以降も会場は解放しています\n◆今回はぷっくぷ… https://t.co/MjZa20WBZY'
しぐさ,'@63siguice4 ヾﾉ ◜ω◝ )ｲﾔｲﾔ、平々凡々よw\nむしろそれならしぐさんの魅惑ボイス&amp;歌声欲しい←'
しぐさ,'車での、気を張ってたのが解けて、涙を堪えてるジュニの表情しぐさが秀逸すぎます😭こっちまで泣ける😭\n#パンヌナ観賞会_11話12話'
しぐさ,'@Onasu_Imo しぐさとドール書'
しぐさ,'カルメンを歌う🐙が見たい、赤いドレスとは言わないけどあの妖艶なしぐさは絶対に似合う'
しぐさ,'@Shigu_sub_xX しぐさん、お大事に。'
しぐさ,'吉沢くんイケメンで眼福だがチビ栄一ともうお別れなのがとても残念。顔も声やしぐさもみんな可愛くて連れ帰りたい(こら)'
しぐさ,'【雑誌発売】\n\n「DVD&amp;動画配信でーた」3月号にて\n『まともじゃないのは君も一緒』成田凌さん×清原果耶さんにインタビューさせて頂きました。\n\n衣装から役を作るアプローチ法、共演時にこだわった距離感やしぐさ、衝撃を受けた映画や本…… https://t.co/eHPZ8uYptF'
しぐさ,'妻は、無言でうなずいた。\n幼児のようなしぐさだった。\n「そうか」\nわたしは、陽ざらしの路地のうえを小さな蟹がよぎってとおるのを見つめていた。\n赤い甲羅を炎色の手足で運ぶ蟹だった。ー『海贄考』'
しぐさ,'やる気のないしぐさんがやる気スイッチについてありがたい講話をします。'
しぐさ,'@Shigu_sub_xX しぐさんも気を付けてね、ずっと元気にいてね！'
しぐさ,'40.異性の好きなしぐさ\n\n運転する'
しぐさ,'@ft_kabe \nイトイちゃん……イトイちゃん(尻尾をなでるしぐさ)'
しぐさ,'しぐさんとの兄妹コーデ https://t.co/rGmrZgajim'
しぐさ,'「眠そうな女の子」…でどんなポーズを想像しましたか？\n同じしぐさでもキャラの性格に合わせて違いを出してあげましょう！\nこれを意識すると、全員同じポーズの集合イラストなどがとっても魅力的に描けます💡\n| いちあっぷ… https://t.co/9mfvfTZup3'
しぐさ,'次女が「お母さんへのプレゼント、ヘソピアスにする！」と言うのでカメラ持って新宿デート。なんというか、可愛いからついカメラ向けてしまうのだよ。なんか同じ構図でもめちゃくちゃ撮ってしまうのだよ。顔の造作が可愛いだけでなく、表情しぐさ全て可愛い。ブレても半目でも可愛い。これが被写体力…'
しぐさ,'鼻をよく触る人は「ウソをついている」サイン。情緒不安定なときに出るしぐさ。'
しぐさ,'@WingTCGsuki ピンクのカーネーションの花言葉は「女性の愛」「美しいしぐさ」【】[🔍]\nなるほど✍'
しぐさ,'@shibamidoo はじめまして。\n表情やしぐさがとってもリアルで可愛いですね✨\n電車の座席にいるのが個人的にお気に入りです🚃'
しぐさ,'@sigh5197 しぐさん初めまして。フォロバありがとうございます！\nイラストも漫画も小説も全部素敵でフォローさせていただきました…♡バレンタインのエミヤとぐだちゃんの一ぐだ話最高に好きです…♡\n新参者ですが、仲良くしてもらえたら嬉しいです！'
しぐさ,'食事中クンクンするしぐさがかわいい https://t.co/MfMYXQYxaC'
しぐさ,'作戦を立ててもだいたい無視してるしぐさん\nしょうがない、やるしかないな……！って援護に回るクルークだけど非戦闘モデルの中でも更にもやしっぽいので負傷する\n｢……すぐ行くから待ってて｣って秒で敵を殲滅しまともに歩けないクルークを姫抱きでレジスタンスキャンプまで帰還するしぐさん'
しぐさ,'☆ワールド名：NANO Sunset Rail☆\n夕暮れに染まる空と路線、揺れる花を見渡して窓辺で目を閉じる...。一つのワールドにここまで留まったことはない...それほど心地よかった。心溶かされ、癒される。※作者のNANOさんに… https://t.co/IiTOl9Nmoz'
しぐさ,'狼たちの午後で身長低いの少しだけねあれねかわいいしぐさするのよ'
しぐさ,'@cosicos21026766 読んでいただいて有難うございます😍お題ガチャ、良い仕事をしますねぇ（あごひげを撫ぜるしぐさ）。\nうちの猫も見てくださってありがとうございます。\n今回表紙にうちの猫の写真使おうと思いましたが、結〇責… https://t.co/D9NNA9bfOs'
しぐさ,'このジナのメッセージを聞く一連のジュニが、表情しぐさが好きすぎる❤️目がキラキラしてるし✨\n#パンヌナ観賞会_11話12話'
しぐさ,'@kozkitami りりすさん、こんばんは😊\nエゾリスさんのしぐさがとても可愛らしいですね😍\nホント早く穏やかな日々が戻ってほしいものです。\nお身体に気をつけて😊\nいつもありがとうございます♬'
しぐさ,'@svt_tradeK 目線やしぐさ走り方行動全て\nもう女子😆\n\nすごいね。'
しぐさ,'@sigsiggame 呼び名￤しぐさん\n認知度(10) ￤5？\n今の印象 ￤年上のイケボお兄さん\n一緒にしたいこと￤ゲーム\n家族に例えると￤兄\nLINE交換￤できる\n通話できる？￤できる\n最後に一言￤あいらぶゆー'
しぐさ,'心を開いている人。１相手の体はこちらを向いている。２相手のつま先はこちらを向いている。３相手の姿勢・しぐさがこちらと同じ。（同調）４相手の50㎝以内に近づいても、相手の様子に変化が無い。５相手がこちらの体に触れる。６手が自然に垂れている。７座っているとき足が自然に開いている。'
しぐさ,'とりあえずスポーツ誌を見た後、せっかくだからと普段は見ないファッション誌の方に行ったら👑が表紙にいて、すげーってパラパラ見てみる。その横には料理なんかのコーナーがあって、更に横に行くと猫が表紙の雑誌が。表紙に書かれた「しぐさから分かる猫の本心」に興味を惹かれる。'
しぐさ,'いくらなんでももうちょっと違う感想が出るだろうと経世済民クラスタなら思ってしまうんだけど、まぁこういうのがたやすくいいねが稼げる正しくインフルエンサーしぐさなんだろうなぁと https://t.co/4uvNLrOtzN'
しぐさ,'最新話の無意識に腰を反らしケツを上げるしぐさを見るにフ…さんがバックでやられ慣れていることは確定的に明らか'
しぐさ,'委員長しぐさ'
しぐさ,'@wakanyan0w0 しぐさとか立ち振舞いとかもだよね。'
しぐさ,'【現在のポイント】「えるしぐさん1272P」「ステディさん43P+イカ」「こしばのすけさん66P」'
しぐさ,'親戚とオンラインお茶会をやる20分前に帰宅して米を炊き始めるという発達障害しぐさを発動しました\u3000#ADHD #ASD'
しぐさ,'女性の気になるしぐさは？\n ⇒ 髪の長い人が好きなんです。\n\u3000匂いフェチ（笑）\n\u3000髪を洗った後のシャンプーのにおいが好きです。 https://t.co/3xgidHZF9k'
しぐさ,'【手足のバタバタは○○のサイン】首が座る前の頃、赤ちゃんが手足をバタバタさせていることはありませんか？実は、このしぐさをするのは「背骨や背筋がしっかりして、自分で体を動かせるようになった」というサインなのです。はしゃいで見えたら、それは赤ちゃんの運動する力が成長した証ですよ！'
しぐさ,'@SiguALiCe @wakeup0700run 確かに今のガチャ頻度だとしぐさんの強さ維持するの大変ですよね...'
しぐさ,'こういう「必要な広報」には全然見向きもしないでおいて、クラスター発生したら「政府の周知が足りなかった」とか言い出すのが日本のマスコミしぐさ＿＿＿＿＿＿＿ https://t.co/4UCULu7MSP'
しぐさ,'晴山 陽一 の 外国人がムッとするヤバイしぐさ (青春新書プレイブックス) を  https://t.co/HAd7EfB7KW @amazonさんから'
しぐさ,'頭の後ろに手をやる人は、『照れている』・・・頭の後ろに手をやる★照れた時に行うしぐさ★他人の接近を拒否するといった、警戒心が働いている事も多いです・・・！！！'
しぐさ,'頑張ってイケメンに…\nここで言うイケメンとは\n遺伝子に最大限抗い顔を整える\n身体を綺麗にする\n行動、しぐさも綺麗にする\n態度も頑張って良い感じにする\n相当努力必要だけど\n頑張るって決めたからね'
しぐさ,'ママという存在がどんな性質なのか分からないがしぐさや言動がかわいいですね (現在5章終わりの私'
しぐさ,'イギリスしぐさを見掛けるとついつい……。'
しぐさ,'最後の最後に分け分からんくなった\nもっと賢かったら考察出来るのかなw\n高橋一生さんと綾瀬はるかさんの演技凄いわぁ\n高橋さんの女性のしぐさ、うますぎる\n#天国と地獄'
しぐさ,'2020年10月2日発売「ドラゴンクエスト 蒼天のソウラ16巻」\n特典アイテムコードは「しぐさ書・大泣き」 #DQ10\nhttps://t.co/gCwG9RbkzW'
しぐさ,'【二中しぐさ】６\u3000ペコちゃんしぐさ\u3000ペコちゃんのように明るい笑顔であいさつしよう'
しぐさ,'主演2人の演技力の高さに感動する。\n1話では高橋一生は恐怖感じるほどサイコパスだったのに完全に女性のしぐさに。綾瀬はるかは風紀委員みたいな女性から謎の人物に。\nこれは演技力ない人じゃ成り立たないドラマだな。\n#天国と地獄'
しぐさ,'頂いた風船で遊んだ😊\nしぐさで遊んでるうちに飛んでいく😌 https://t.co/Vubv4mhsz8'
しぐさ,"'キュンとくるしぐさ\nれにちゃん -&gt; あーりんの""これおいしそうじゃない?""\nしおりん -&gt; あーりんがピーチティー抱えて走ってくる。(かわいい)\n\n#jolf\n#ももクロくらぶ'"
しぐさ,'ｼｬﾝﾊｰｲ！上海の雑ネタも2年目突入してから最初にイラストを描いて頂いたしぐさんのピクシブはこちら！\u3000https://t.co/9R9E3uk5mD'
しぐさ,'@Nagapiii @TatsutaKazuto 江戸しぐさがこういう言い張ってるだけの話と同じだと思ってるなら、江戸しぐさ肯定派とあまり言っている内容が変わんないんですけどね。'
しぐさ,'バ美肉おじさんずるい！私も都合のいい時だけ男の子になりたい！！って言いたいだけなのでは？\n\nって一瞬思ったけど、女性だと危険回避の為に性別バレを避けたムーブするのは一般的なネットしぐさと化してるし、バレたら一方的に捕食される弱者だから同じにはなれないんだったよ……'
しぐさ,'@s1gu__u しぐさん最強！'
しぐさ,'ところでアーロンさんなのですけれどね。ほんとかっこよくてわらってしまいました。「ふ……ふふ、あはははは！ かっこいい！」て。けたけたと。\nこれまであまり触れてきたことのないタイプの方なので、あれをどう表現したら良いのかわかりません。ワイルドしぐさとでも呼べば良いの。'
しぐさ,'そもそも現実の公権力とかと比較すると被疑者の処遇とかが手ぬるすぎるやん？ってなるのが原作の管理局しぐさ。'
しぐさ,'どうしたのしぐさんw https://t.co/mCSUggNnYp'
しぐさ,'⚙️⇝۞𖦊🎡𖣔⏳𖣔🎡𖦊۞⇜⚙️\n 1分24秒～の上田くんが好き💙\n✅一瞬あごを引いて歌うしぐさ\n\u3000\u3000            KAT-TUN\n         New Single「 Roar 」… https://t.co/GKXSHEmwoU'
しぐさ,'@airugnas 私も初めて観た時、ん？と違和感を覚えましたが、違和感でなくなった今はそういうニュアンスで捉えてます☺️☺️私もランプをギュッと抱きしめるしぐさが好きだったのでそれは寂しいですが…😂'
しぐさ,'@Naracohen ニッポンだいすき日本人の心の支えになってるのにも結構怪しいのがありますよねぇ。ニッポンだいすきは結構なことなんだけど、なぜそういう方向に誤解というか思い込みというかが進むのかには興味あります。江戸しぐさと原理は似てるかな。'
しぐさ,'偉そうな口だけオタクしぐさだったことをお詫びします。 https://t.co/48mlN806AV'
しぐさ,'@sulokasu_yutaka まじ？天に召されるしぐさしてるやつ探してみる！😣👌'
しぐさ,'一方的にならないように幾度か議論の整理をしていたのでリンチではないと思う。しかし、事の原因である勝部元気の小木さん家族を被害者にしてしまう発言を非難できないことが一番の問題。\n味方であっても加害側には非難できるようアップデートすべ… https://t.co/iEfMTvXQq2'
しぐさ,'@incharanano あなたのにおいやー\nしぐさやーすべてーをぉおお(号泣'
しぐさ,'#猫の日 \n今まで会った中でよく鳴く猫🐈\n声といいしぐさといい\nめーっちゃカワイイ😍😺\n多摩川土手の野良猫 https://t.co/Ul0Dn1fQ2a @YouTubeより'
しぐさ,'@N_duki_il リプ失礼します( ｀・ω・´)ﾉ\nのづきさんのイラストは、とても好感が持てる絵柄と思っています‼️\nキャラのしぐさとか、視線の向け方とか自然で、自分にはない持ち味を備えていらっしゃいます。\nもっと広まってほしい絵師さんの１人です(*&gt;ω&lt;*)‼️'
しぐさ,'@Poheririri そうかいそうかい、まぁ楽しいだろうよ。\n\nここで君に一つ教えてあげよう。\n\nクイプロさんの次のターゲットはしぐさんだ。\n男とは限らないのだぞ…？\n\nあと配信はしないって！！！'
しぐさ,'@Shigure_Nexus あ、しぐさんだ'
しぐさ,'本当に好きな人って\nどこが好きなのか自分でもよくわからなくて\n\n何気ないしぐさだったり雰囲気だったり\n言葉だったりに「あぁ、やっぱりこの人の事好きだなぁ」\n\nって思える人なんだと思う☆\n\nそんな事を繰り返し何回も思える人が\n本当に好きな人なんだよね♥'
しぐさ,'@kao_nyantomo @kamonnanami ニャー太へ\n私たち家族を選んできてくれてありがとう。\nあなたの自然なしぐさにいつも慰められています。\n新しい服に着替えるその日まで、どうぞ元気でいてください。\n\nニャンとも清潔… https://t.co/riT2KzeIX2'
しぐさ,'腕まくりでモテる\n\n過去に僕がアドバイスした子で、「腕まくりしてる姿がかっこよかった」という理由で、女性の気持ちを動かした方がいました。こういった日常からやっているしぐさ一つで、女性の気持ちは動かすことができるんです。\n\n別に難しいテクニックではありません。日常の行動です。'
しぐさ,'青木に対するアンサーは？\n屁理屈？\n謙遜しぐさ？\n無視？\nどれかな。'
しぐさ,'謙遜しぐさと屁理屈が少し痛い上田貴央。学生ノリの面白いさみたいなのもあって、好きな人がいるのもよくわかるんだけどね。'
しぐさ,'SW、ライブでのイキりまくったオタクしぐさ見た時から「コイツ、ロクなもんじゃねーな」と思ってはいたのだが'
しぐさ,'やっぱりしぐさん神だな？？？？？？？？？？'
しぐさ,'@shigureumi0518 面倒がらずにキラ付けするしぐさんとても偉い✨(；ᴗ；)✨੭ੇʓ ੭ੇʓ'
しぐさ,'♡しぐさで見抜く、カレの「好き避け」サイン\n１．話しかけると顔が赤くなる\n２．離れた場所では大声を出したがる\n３．あなたの視界に何度も入りたがる\n４．ひとりになると話しかけてくる\n５．あなたが他の異性と話していると冷たくする\n６．私のことを嫌い？と聞くと態度を変える'
しぐさ,'⚙️⇝۞𖦊🎡𖣔⏳𖣔🎡𖦊۞⇜⚙️\n 1分24秒～の上田くんが好き💙\n✅一瞬あごを引いて歌うしぐさ\n\u3000\u3000            KAT-TUN\n         New Single「 Roar 」… https://t.co/hvBsaTLA9H'
しぐさ,'【ゲイボーイ&lt;gay boy&gt;（和製英語）】\n女装したり女性的なしぐさをしたりしてふるまう男性。'
しぐさ,'しぐさんがSTでくろすさんとｷｬｯｷｬするっていってます（ちょこ神通信）'
しぐさ,'猫が舌を出すしぐさってなんの意味があるんだろう'
しぐさ,'@mnbnnAN ムーンダスト「無垢で深い愛」「熱愛」「美しいしぐさ」「永遠の幸福」\n満ちた月が優しく、静寂に満ちた暗闇を照らすように、\nあなたも包み込める心を持っています。\n誰かを暖かく包み込むには、貴方自身が光に包み込まれる必… https://t.co/R7uXusQMCx'
しぐさ,'@0caca0s (しぐさが)ぬこだけど、ぬこじゃなかったーーー！！！！'
しぐさ,'【男性がふざけたことを言った時に軽く叩く】\n男性は、このしぐさをして欲しいから\nわざと女性の前でふざけたことをする時も多い様です♡'
しぐさ,'そらさん、しぐさん、わーにゃさん\nありがとうございましたー！( *ˊᵕˋ) https://t.co/Ji9wIMp6Th'
しぐさ,'何かしらのオブジェクトを手にもって上にあげるしぐさは何なんだろうな\n儀式って呼んでるけど'
しぐさ,'@atsushilonboo hspの人って すぐに分かりますよね!😊 \n嘘ついてる人って表情とか しぐさで。 \nなので放送 楽しみです。🎵'
しぐさ,'@tsuisoku じゃあ奥さんが旦那さんのことを他人に言う「ウチの主人が」もダメじゃないの？\n夫婦は対等よ、プンプン〜٩(๑`^´๑)۶って。\nそれから、某国会議員が自身の旦那さんのことを「ウチの旦那は犬以下」はもっとダメだね。… https://t.co/p5RL81JGdt'
しぐさ,'えなこりんがONE PIECEのしらほしとペローナのコスプレで登場の週刊プレイボーイGETしてきた😄\nしらほしもペローナもそれぞれのキャラクターに合った可愛さがえなこりんのしぐさや表情から伝わってきます✨\nグラビアだけでなくインタ… https://t.co/iJ2IPxf6vX'
しぐさ,'@raim_ii 髪をかき分けるしぐさに💓\n彼氏感ジミン好き\nボンボヤ3はまだ未知なの\nこの続きも気になる〜💦'
しぐさ,'マスター再契約のための単独行動\n(懐かしのアーチャーしぐさ)'
しぐさ,'@sigurerererere しぐさん応援してる！'
しぐさ,'普段から偏向報道で好き放題殴っておいて、いざ何か言われると、日和って更迭して『政府が介入している！』と被害者面するとか、正に連中の言う『被害者しぐさ』もいいとこだ。\n更迭なんぞせず『政権の圧力に引くつもりはありません！』位の気概をメディアは見せてみろ。\u3000#スガの放送利権を許さない'
しぐさ,'@kazunuts ほんとに小顔でお目目ぱっちりで美人ちゃーん✨💕向かって右側のお手手だしてるしぐさがたまらないですねー💕'
しぐさ,"'フェミの叩き方って「（私達の）常識を知らない」ってブチ切れてるかヤレヤレしてるかのどっちかが多い\n思考の及ぶ範囲の狭さからして洗脳状態の一種か妄想の急性期、もしくは嘘を既成概念化しようとする確信犯なんやろうけど、""しぐさ""や""ムーブ""がもはやイカれた危険人物のステレオタイプ'"
しぐさ,'@sz_shigu イケメンはしぐさんだよ！ 障害物越しにお年玉受け取れない美智子もツボだった、お互い良かったねw\n\nそのうちトニオ集めて撮影会しよう！'
しぐさ,'#猫の日 \nバビルは原作好きなのでアニメ版は滅多に見ないのだけど（ごめんなさい💦）たまに見ると東映版のロデムの猫しぐさと言うか可愛く描こうとしているのが見えて気になる（実は嫌いではないです）\n\nスタッフの趣味が入ってるのかな？ https://t.co/fVSX3txDBN'
しぐさ,'ポーズとかしぐさとかをね'
しぐさ,'横山さんが箸だけなめるしぐさが素敵すぎる'
しぐさ,'誰も責任をとらずになすりつけ合うというのは、終戦の政府高官や軍部で見られた「美しい大日本帝国しぐさ」である。 / 他44件のコメント https://t.co/vn2aUza6Jz “高須院長「何の関係もない」 リコール署名疑惑で… https://t.co/6QUjQhc4n3'
しぐさ,'#美の壺 「魅惑の相棒\u3000#猫」#NHKオンデマンド で配信中！！(※有料)\n\n古来、人をメロメロにする #ネコ の美を大特集！目・しぐさ・艶からその魅力に迫る。歌川国芳の浮世絵・沈金作家の作品をアシストする黒猫。ＳＮＳで人気の猫写… https://t.co/4xPLBJm3qS'
しぐさ,'@taicho_life シゲルさん、お疲れ様です！\n無意識のしぐさこそ気をつけていきたいですね☺️'
しぐさ,'@sigure_20160327 \nしぐさま、はじめまして。\ntwst繋がりたいタグへの反応、フォロバありがとうございました。\nよろしければ仲良くしていただけると嬉しいです。よろしくお願いします😊'
しぐさ,'@MIE1971HJO これ、もっとショックなところ表すと手のひらが上に行って失神といったしぐさになりそうですね\n不二子ちょっと迷ったのかな？\nあとは「ベル～」のその後の不二子の甘えた呼び方が\n凄く上手いし印象に残りますね'
しぐさ,'@plugofficer @tj3CaLeQ0IUxlhx 某有名自動車番組を見てイギリスしぐさにはすっかり慣れた気になっていたけど、やっぱり難しい。'
しぐさ,'@himerare_chan15 しぐさが可愛すぎ…///'
しぐさ,'わたしは俳優の「意図的なしぐさ」は好きではありません。人生の豊かさと関連づけた表現の単純化だからです。'
しぐさ,'ネオンハートのしぐさ役に立って良かった!'
しぐさ,'2月23日がにゃんにゃんみゃーの日、2月24日がにゃんにゃんしゃーの日と聞いたので、みなさんまだまだ盛り上がる準備は出来てますかッッ！？！？(マイクをTLに向けるしぐさ)'
しぐさ,"""おいでやすーと聞いたのでアマしぐさん(@AmazonSigure)とSS(*'ω'*)\nかわええですb https://t.co/pO9S4XIiqt"""
しぐさ,"""甘くてゆるくてあざといしぐさに\u3000萌えろよ萌えろよ\u3000はんこをぺったん！(∩'r')ﾉｼ_ かたくてプニくてしっとり濡れてる\u3000やわらかやわらか\u3000朱肉だよ！(*´ο`*)=3 （ｷﾗﾘ～ﾝ）萌えるハンコは正義の印！（ﾎﾟﾜｲ～ﾝ）\u3000卑劣な悪をッ！打ち砕くッッ！｡ﾟ+.*(+･｀ω･)9"""
しぐさ,'@plugofficer @tj3CaLeQ0IUxlhx （イギリスしぐさだ……）'
しぐさ,'女の子って外見の可愛さももちろん必要だけど、言葉遣い、しぐさもとっても大切〰️✨✨見直そ'
しぐさ,'バイトの受注したとされる社長「闇は深いと思いますよ…」リコール署名の偽造疑惑 見えてきた不正の構図（東海テレビ）\n\n中心人物が全員責任逃れしか言わないのが、大日本帝国しぐさか。\n https://t.co/oACMnsCiMm'
しぐさ,'今朝の朝焼け🌅\n虹の橋を渡ったアメコカのりゅう\nのビデオを見てたら、しぐさが懐かしくてほっこり🐩🌈\n目が悪い分、鼻を使って歌舞伎役者の様に上下に首を振って、匂いを嗅ぐ仕草がたまらない🐕\u200d🦺\nりゅうの障がいも家族にとっては、魅力の一… https://t.co/ZM6NQG7YhC'
しぐさ,'かいたー たばこしぐさ 途中から飽きてる https://t.co/VnKzPgprs2'
しぐさ,'@delltelltall 恥ずかしがるのたまらんです✨\n鳴き声もしぐさもめちゃくちゃ可愛すぎましたー♡癒された'
しぐさ,'バトロビであましぐさんと撮りました！\u3000あましぐさんキャラクリすごくかわいい...！ https://t.co/kzgrEFon3I'
しぐさ,'@tj3CaLeQ0IUxlhx やっぱりイギリスしぐさは難しいですからねえ。'
しぐさ,'HELLO KITTY Tamagotchi の小ネタ。\n\nキャラ放置→キャラが家出(背中にリュック)\n\nキティちゃんが寂しげに小石を蹴るしぐさ。\n(後ろ姿)\n\nアニメーションが細かいね～😁‼️ https://t.co/tJ90qikN76'
しぐさ,'ツール福引きで1等当たったけどバザー相場どれも安すぎて泣ける\n結果倉庫の肥やしに\nしぐさ自体微妙だから覚えなくてもいいかなって感じだし\nどうせならパフパフのしぐさがよかた https://t.co/3X5JH8IjMQ'
しぐさ,'ダンス以外にも髪をくしゃくしや～てする仕草とか、シャツを直すしぐさも色っぽくてかっこいいんだよね紫耀くん、、これはソロアングルならでは、、こういうの全て見たいって思っちゃう、、 \n私はダンスの事はよくわからないんだけど、紫耀くんのダンスは好きっっっ！！てなるの。\n#平野紫耀'
しぐさ,'恐いくらい覚えているの\u3000あなたこの匂いや\u3000しぐさや\u3000全てを\nおかしいでしょう?\u3000そう言って笑ってよ\n別れているのにあなたの事ばかり'
しぐさ,'#1518舞台 \n菊池さん、歌が上手い。\n朝のシーンに入る前、初日はあくびだったのが寒さで手をすり合わせるしぐさにしてた。アドリブが面白い。\n辻本さん、”大根演技の演技”がほんと上手いし笑えるｗ\u3000めっちゃ磨きがかかってる感じ。'
しぐさ,'水梨にイヤミを言われて表面上は悲しんでるようなしぐさをしてるけど一切ダメージを受けていないエリーマリア #EreMffsR'
しぐさ,'@dqx_anne_dadara アンちゃんの覗くしぐさ、可愛くてたまらん♡\n意表を突くアイテム!w なんだろう、スライムかなww'
しぐさ,'映画のサブカルしぐさについて「いいと思うものを見せびらかしてるだけで本質は語ってないカップル」と評したこのレビュー面白かったですし、だんだんもっと芯食った話したくなるよな…と思うしそうなると地元の友達にしか連絡取れなくなるな…… https://t.co/vED8utyK9O'
しぐさ,'しぐさも表情も可愛すぎるのですが😭紐のネコチャン…好き💕'
しぐさ,'@xxmisakixx ⇒\n表現力って言うと表情や踊ってる時のしぐさやしなり、指の先からつま先までにその曲の世界観が見えてくるもんなんだけど、らぶどるメンバーってそれだけでなく、歌声にも表情があるって思うんだよね。\n\nだからよりその楽曲やステージングに深みを感じるんだ💛💚❤🤍💗💜'
しぐさ,'ニューヨーカースタイルしぐさの自称マルチクリエイター撲殺委員長に就任いたしました。仕事が終わりましたので狩りに出かけます。'
しぐさ,'@wan201dm その笑顔をしぐさをいとしくて\n本気で思った🌀🌀🌀🌀🌀🌀🌀🌀🌀ﾌﾌﾌ☺️👍'
しぐさ,'@askmk2_ 以前出されてたアクキー今でも最高だなと思います(猫ではないが……) 今日のきよぴもニンゲン要素にたいして手(足？)の大きさが絶妙でとてもよい……ありがとうございます 肉食獣っぽいのにしぐさが可愛くて良い'
しぐさ,'@Kamowiththewind えへへ😊\u3000そのしぐさに気づいてから、妙な緊張感はなくなりました😅'
しぐさ,'２回目観てきた🤗\nあのシーンはやっぱり切ない😢\n\n後半の北斗くんの演技\nスゴく好き😍\nちょっとしたしぐさや表情に\n引き込まれる。\n\n前回エンドロールに\n集中し過ぎてSixTONES 見忘れたから今日はしっかり観てきた🤗\n#ライアーライアー観た'
しぐさ,'@s1gu__u 僕はそんな行為一回もしたことが無いです。しぐさんがそんな人とは思ってませんでした'
しぐさ,'そのうち「…？え？リコール…？かわ…むら…たかし、さん、ですか？」と言い出しそう。安倍しぐさ！ https://t.co/Clefna3Qi0'
しぐさ,'@sozaiganai ｴｯ…！私ってもしかして…絵が上手いのか…！？しぐさちゃんが言うなら…上手いな…！！！😳😳👍👍👍🥳🥳🥳🥳🥳🎊🎊💃\nバトンやった～！しぐちゃんのお気に入り絵を見れる！たのちみ！！！'
しぐさ,'餅を4kgも買って食べられませ〜ん…なの完全にADHDしぐさなのだ…'
しぐさ,'あなたの攻め受け属性は【誘い受け】言葉やしぐさで攻めを誘ってその気にさせる受け。受けでありながら攻めを手のひらで転がす。\n#あなたは攻めか受けか診断 https://t.co/4pOD9AodtU'
しぐさ,'【素敵な女性を目指す】\n「綺麗な人」「かわいい人」より「素敵な人」を目指しましょう。\n見た目と同時に内面の美しさをバランスよく磨き続けることが大切。\n内面的に成熟した女性がふとした瞬間に見せる可愛らしいしぐさや言葉はとても愛しく、子供っぽいだけの女性にはない愛おしさがあります。'
しぐさ,'俺を溶ろかせる女でいてよ\u3000抱かれたいようなしぐさ切なく\u3000Baby Baby\u3000なりをひそめたら愛しいはずだよ\u3000独りじゃ泣いたって情けないまで【わすれじのレイド・バック】1980'
しぐさ,'@masa_rhythm クラファンは税金じゃないですよね。山本先生はリベラルやポリコレしぐさが目立ちますけど、これは説明の必要もない。普段自分がなさっている言論の暴力を自覚してほしい。'
しぐさ,'鈴熊しらしぐさんの心の中にはいつも\n「シェフィがいます」\n#あなたの心の中にいる人\n https://t.co/Iecuf7wu1m'
しぐさ,'今夜も素敵でした。\n宮田くんの表情や丁寧なしぐさに、切なくなってしまった。\n\n７人の表情にも、ひきこまれて。\n今夜も幸せなため息…。\n\n＃ラブバイ'
しぐさ,'@yaya6795 猫の手のしぐさ可愛い😇'
しぐさ,'家にあるきょうへいちゃんの見漁ってるけど君の態度が変わったとキスを避けるしぐさで気づくきょうへいちゃんは最高ですね……'
しぐさ,'やっちまえしぐさん…！！'
しぐさ,'おすすめみたいなところに見たことないのが上がってきてたので見たんですけど(さんねんまえ…)、弟の方が身を乗り出して｢だって｣って発話した瞬間に兄の方が話し出したから、弟の方はスってひいて頷いてるのあまりに慣れたしぐさ。\nhttps://t.co/XS9lUnwCS0'
しぐさ,'思い出した事つらつらと。\nとあるシーンで脚組みながらタバコふかすんだけど一度だけ右足が上になったんだよね。大阪公演の3日目の昼だったかな。それ以降は東京公演も今の所全部左なんだよね〜。\n意識的な違いがしぐさに出るのが好き。'
しぐさ,'僕の心💗の恋人😌👰林田理沙さん🌹\n\nお疲れさま😊週明けも絶好調だね😆⤴️理沙ちゃんの明るい表情が多く見られるって事は…😏少なくても首都圏が平和って事だからね☺️大河紀行のほのぼのトークは理沙ちゃんの素の表情やしぐさが見られて嬉しい… https://t.co/fp963hyVAp'
しぐさ,'ホイップちゃん！カリオ！ちなちゃん！さちちゃん！あずさちゃん！桜ちゃん！日真莉ちゃん！空曇雫さん！すーさん！虎ちゃん！ぐれちゃん！かぐまちゃん！あやまるちゃん！大和さん！スイちゃん！香鈴ちゃん！ことなさん！がんちゃん！はちやさん！… https://t.co/n6LPc5Tge4'
しぐさ,'@ta93_suzuki まあ、「日本すごぃ！」って信心してネトウヨしぐさで逃げるしか中高年には道がないのかもしれません。でも、若い人は真摯に現実と直面するしかないですが。\n\nTFPあげるか、それとも格差の少ない社会で低成長、どっ… https://t.co/h8PjX4UmoR'
しぐさ,'@west_niji7iro 最近濵ちゃんのしぐさがかわいくて仕方ないのよ笑\nなんであんなに優しいのかしらね😊'
しぐさ,'高口さん「北斗の拳と法輪功」\n\n安田さん「江戸しぐさと法輪功」\n\n#B級中国'
しぐさ,'@plum_m_m 実際に払うのは義母なんだけど、いえいえここは私が、とカバンから財布を取り出して見せる、みたいな江戸しぐさがあるじゃないですか。\nあっ、そうか。見せ財布として持ち歩けばいいのか！'
しぐさ,'@tenanne_dqx ﾌﾞｰ🐷の場所は しぐさ・こっちおいで で固定出来るからそれでやったﾆｬ～🐈それでもｳｫｫｫ！🐷って走り回るからなかなか大変だったけど🤣🌟しぐさぷくくはﾌﾟｸのみに許された至宝だね💓'
しぐさ,'爽歌『体が小さくてもどんなに笑顔が可愛くても 鈴木くんは｢男の子｣  こんなにも｢男の子｣なんだ――…初めてみる表情 しぐさ 感じる体温 1つ1つがうれしくて 距離がどんどん近くなっていく』\n*第03巻*'
しぐさ,'男が冷める女の行為、しぐさ、言葉 https://t.co/3gWWPtP47F'
しぐさ,'ふぇにっくすくんさんの足ぱっかー！に喜んでしまっていやでもお家柄的にここまで豪快じゃない気もいや中性顔に豪快なしぐさはいいものなので、ハァーーーこれがフィアンセのいた男...(?'
しぐさ,'晴山 陽一 の 外国人がムッとするヤバイしぐさ (青春新書プレイブックス) を  https://t.co/HAd7EfB7KW @amazonさんから'
しぐさ,'メインもしぐさ複数とドルボ〜！ https://t.co/skUIRF2HZ8'
しぐさ,'シャニのソロコレを申し込み終了３分前に購入(ADHDしぐさ) https://t.co/sCzg9kjLRT'
しぐさ,'『王女とトナカイ』❣️\nあれは…？Xmasの夜にユソンの前に現れたのは、二足歩行のトナカイでした…😊\n #アニメ.のように #楽しい #ドラマ.です❣️\n役者の皆さんの話し方、しぐさその一つ一つがとっても #素敵.で #かっこいい… https://t.co/E0TnOrHFlJ'
しぐさ,'「主張を唱えるのなら、そのやり方や印象が大事」という至極全うな意見までも『トーンポリシング』とかいう空疎なネットスラングでボコボコに叩かれ封殺される。結局フェミの主張は「黙って言うこと聞け1ミリたりとも咎めは許さん」という権力者し… https://t.co/hoL5cNdsY1'
しぐさ,'@sm_sn_ff14 しぐさんの右側にいる向かってきてるやつだ！(多分)'
しぐさ,'【犬のしぐさ】〜真っ直ぐ目を合わせる〜相手が全く知らない犬であった場合、威嚇や攻撃性の表れの可能性が高いです。表情をよく見ると目がつり上がり、広角を上げて牙を出していたら、それは完全に「怒って」います。喧嘩になってしまうため、距離を離すなど工夫しましょう。'
しぐさ,'ドラクエのしぐさシステムで唯一不満なのは、戦闘中に使えないことです'
しぐさ,'🦆回を見ながら作業しようと思いましたが、やっぱり魅入ってしまって全く手が進みませんでした\u3000▽すべての\u3000しぐさが\u3000よき【完】'
しぐさ,'永田しぐさだ'
しぐさ,'@CatcafeTamayura 確かに、しぐさ(？)的にトリオくんですよね！その場では固体認識して撮ってるのに、帰宅して写真を見てるともうダメです…あと名前がまだまだ全然入ってこない。'
しぐさ,'しぐさんにランクマでブチギレるバケモンはこちらです'
しぐさ,'貧乳って本当に難しい\nそのまま描くとちょいデブ男になるし女性らしく描こうとしても大人っぽさに変換されてしまう\n体型、しぐさ、ポーズでいかに女性らしさ、女の子っぽさを表現するのが大事なんやなぁ'
しぐさ,'@amagasa_0401 素手でケーキ作る人w\n\nかわいがるのしぐさの応用幅が広いw'
しぐさ,'あなたの笑顔、\nあなたのしぐさ。\nあなたの髪型。\n\n全てに「恋」をしています。\n\nその恋を、一生の恋にしましょう！！\n\n是非一度、読んでみてください！\n\nhttps://t.co/5ZmFwxeNG7'
しぐさ,'頬を撫でている人は、『緊張を解きほぐしている』・・・緊張を解きほぐしたい時★早く落ち着きたい心理が働くと、このしぐさが出やすいようですよ！！！'
しぐさ,'ティンパニ演奏のしぐさ欲しい\nしぐさ終了時にはティンパニに突き刺さるアレで終わってほしい'
しぐさ,'@genha5 まぁあの界隈特有の『ならではしぐさ』と申しましょうか…'
しぐさ,'電話なら，声の強さや弱さ，速さや遅さ，高さや低さが伝わりますし，会えば，さらに，顔の表情やしぐさも伝わります。文字だけのやりとりよりも気持ちが分かり合えますし，わからないこともその場ですぐに確かめ合えるので，メールやアプリのメッセージで起きるような誤解も防ぎやすくなります。'
しぐさ,'@Uber_Shunsuke ひゅー!ε-(´∀｀*)（むねをなでおろすしぐさ）'
しぐさ,'@Bear_illdoc しぐさんも三つ子推しでしたか🥺💓あーーーーっ椿もカッコいいですよね…すごく分かります！！！！'
しぐさ,'@btbticc えっ？！竜虎さんどこまでお見通しなんです？！この絵、手を描くの大成功したな！( *｀ω´)♪って思ってたやつですwwwwwキャラによって、しぐさを意識してコントロールしてる子とか無意識自然体の子とかいて、彼は“自… https://t.co/JGJ2F5BtV4'
しぐさ,'可愛いけど🐈の可愛さじゃないかなあ？と言われムキになったユカチャが自分が今まで出会ってきた🐈ちゃんのしぐさやポーズを思い出せる範囲で全部やってみせてくれるのあると思いますイツキ様がゾクッとくるものあると思います全部みせおわったら僕はこれがよかったかなってユカチャの腰をとっ以下省略'
しぐさ,'@nananyan_jsdf 🤣🤣🤣🤣🤣\n中に人が入っているのかと思うくらい・・・微妙なしぐさがｗｗｗ\nやる気のない、やぁｗｗ・・((´∀｀))ｹﾗｹﾗ\nナナにゃんさんのリプ見ながら見直したらツボに入って・・・涙出そう😂😂😂😂😂'
しぐさ,'@emmy___melon あの動画の一番好きしぐさです〜っ！\nemmyさんの絵で見られてすごく嬉しいです！ありがとうございます🙏🙏🙏'
しぐさ,'https://t.co/m4bpPsc2Lz 呆れた。被害者しぐさをする前に、まず表現規制を推進してた事を謝罪するのが先じゃないのかな？いつまで自分に決定権があると勘違いしてるんのかな？ 貴方は自分がニーメラーの詩の牧師になって… https://t.co/JisjUvBWxW'
しぐさ,'隙あらば「7万の飯が普通に食えるワシスゴい」しぐさ。ｱｲﾀﾀﾀ… https://t.co/Qd6NGM2iDS'
しぐさ,'最近よく、しぐささんて愉快な人ですね‼️みたいなこと言われるんだけど自分のこと愉快だと1ミリも思ったことないから結構普通に驚いてる\u3000新鮮なきもち'
しぐさ,'@yunory_ わーいお仲間さま⸝⸝このしぐさに(三＾ω＜ﾋﾟｷﾞｬｧｧするﾌｧﾝがいるのご存知なんですね~さすが♡⠜\nまた頻繁によろしくお願いしますですね(🤲*´﹃`*)'
しぐさ,'@Yuzukuruton うんうん。しぐさ1つに2枚いるの辛い😫'
しぐさ,'@ichiro02 ……ツギハギドラゴンおるやんけワレェ！(経験アメをあたえるしぐさ)'
しぐさ,'いつまで経ってもよく分からないTwitterしぐさ。\n\n・FRBご自由に\n→そもそもそういうシステムでは？ご自由にされたくないなら鍵がある。\n\n・FF外から失礼します\n→謎過ぎる。何で失礼なの？フォロー関係なく反応を送れるシステム… https://t.co/eKjYSqHN6i'
しぐさ,'前から思っていたけど…ドラマでの玉ちゃんの表情やしぐさ、カメラの撮り方もあるけど、美男ですねと被って見てしまう…←まぁ玉ちゃんだからねぇ…\n毎週玉ちゃんには心打たれるし、黒ワンコも大好きだし、だけど、ドS先輩も魅力！\n個人的に、俺様ドS男子が大好きだけど …'
しぐさ,'@Chertopolokh_dp ああ、なるほど、効果あってないのかな。\nしぐさんも市販のお薬飲んでる？？(˙꒳\u200b˙ )'
しぐさ,'座ったり寝転がったりしている飼い主に寄り添い、そっとあごを乗せるしぐさ。リラックス状態で体を預けてくる「あご乗せ」も、甘えたいときの行動です。犬は親しい人とスキンシップが好きな動物です。あごを乗せる行動は、頼れるリーダーとくっつくことで、安心感を得ようとしているとも言えます。'
しぐさ,'@sa38ku ちゃんと「加州清光として過ごしている」のがわかって本当に有り難い🙏🙏🙏\n岩の埃払うしぐさ、めっちゃいいよね！！！「それーっ！！！清光はそれやるーっ！！！」ってなったわ、マジで……！！！'
しぐさ,'cafune(ポルトガル語で愛する人の髪にそっと指をとおすしぐさ)なアクセサリーを届けられる舟になれるように、cahune-花舟-として作品をたくさん作っています😊\n#いつか超つよつよ作家になるので今のうちに推しませんか https://t.co/dmylfF6Tfu'
しぐさ,'⚙️⇝۞𖦊🎡𖣔⏳𖣔🎡𖦊۞⇜⚙️\n 1分24秒～の上田くんが好き💙\n✅一瞬あごを引いて歌うしぐさ\n\u3000\u3000            KAT-TUN\n         New Single「 Roar 」… https://t.co/0W58p7vRnb'
しぐさ,'イラッとする取引メッセが来たからはんなり京しぐさ200%くらいの内容を返信しておいた'
しぐさ,'食事中クンクンするしぐさがかわいい https://t.co/MfMYXQYxaC'
しぐさ,'負けず嫌いな瞳\u3000たとえちょっぴりくやしいときでも\u3000やさしく笑って見せるしぐさ\u3000そんなところも好きだよ［空色ラブレター］ #mamegu'
しぐさ,'何が言いたいかって言うとセレさん、しぐさんを筆頭とする遊んでくれる人とするゲームは本当に楽しいって感じれるってことです。\nあまり遊べる機会ってないんだけどそれでも遊んでくれる人たちにはほんとに感謝してるわ'
しぐさ,'しぐさとか繊細さとかかな？\nちょっとキモいなコレ（） \n\n#Peing #質問箱 https://t.co/LAtVzW4anr'
しぐさ,'年を重ねてますます可愛くなる恋人…最高か…内面の変化が表面の…髪型や服装やしぐさの変化につながったのだな…、幸せなのだな…とほっこりします… https://t.co/msb4n1gEfW'
しぐさ,'@Fig0221 @miholicxxx @catwalk2019 ね。\n🛁さんの指摘通り、自分に色々都合がいいからこれにこだわるんでしょうね。\n女性はマイノリティとか言いながら、ねこさんやHKさんに対してのあの態度は何？完全にマジョリティ男性しぐさだよね。'
しぐさ,'そういえば作った年賀状を未だに投函できていない(ADHDしぐさっぽい)\n数少ない送ってくれた人達に申し訳ない'
しぐさ,'@mnnccio ダブりは代表的な積読しぐさですね…( ˘ワ˘) 見つからないのは汚部屋しぐさかもしれません😖'
しぐさ,'だから「わざわざそういう表情をつくろうとする」のがあかんのやろが\u3000心からお詫びなり反省なりせえよ\u3000そのへん相手には見えるで\u3000 - お詫びや反省を伝えるとき、相手も納得・共感してくれるような表情をつくるコツとは？ | 仕事のしぐさ図… https://t.co/2MDCptZ5dn'
しぐさ,'#引用RTで絵をあげて5人指名してバトンでお気に入りの絵を載せる\n\n愉快で素敵なしぐささんから頂きました🧚🔥✨\nツバサとコジロウです…(何処が¿)\nバトンはTLの皆さんへ https://t.co/zaznskVMMc https://t.co/3YyEX6b2zh'
しぐさ,'【カフネ】\n愛する人の髪に\nそっと指をとおすしぐさ。'
しぐさ,'@momoko_ana \n4枚目でしょうか🤔\nさりげない右手のしぐさがいいなぁ😆'
しぐさ,'@cherry_red_kg もうほんとうにアリエッティのしぐさ全てがかわいいから産みたくてしょうがない🤱🏻♡（アリエッティ❔❔❔）\nよかろうよかろう、今後ともよろしゅうね( ◜ᴥ◝ )💍（❔❔❔）'
しぐさ,'@hokuhoku_bamboo しぐさとか喋り方とか声とかほんまに無理。\n女のあざといのほんまに無理や〜(;_;)'
しぐさ,'相手が自分と同じしぐさや言葉遣いをするようになってきたら脈あり。脈なしでも、狙う相手のしぐさや言葉遣いを真似してみると仲良くなれるかも。'
しぐさ,'@runahananeko すごくわかります❣️\n洸平くんは指先まで美しい✨\nちょっとしたしぐさにもドキッとしちゃう💓'
しぐさ,'すぐにできるペーシングは、\n\n1.会話のスピードやリズムを合わせる\n2.声の大きさ、トーンを合わせる\n3.しぐさや表情を合わせる\n\nとこんな感じで案外簡単だ'
しぐさ,'【二中しぐさ】７\u3000清身統一\u3000\u3000\u3000服装，頭髪を整えよう'
しぐさ,'@Hoku_hokutoST 声とかしぐさとかほんま無理w\n喋り方も無理や…イーーーってなる←\n私の友達にもいないわ…'
しぐさ,'ああ…なんとキュートなしぐさなんだ。'
しぐさ,'君の態度が変わったと\nキスを避けるしぐさで気づく\n\n🥲👍✨'
しぐさ,'いきなり私事なのですが、中華ドラマ等でときどき見る、相手の位を大げさに高く見積もった呼び名でご機嫌をとるしぐさが大好きなので、この「お役人様」という呼び名にもにやにやしてしまいます。 https://t.co/l6cfZi4Uoa'
しぐさ,'旧垢名haieki ＝ 元@pushbgbg =現垢・南条@sunset2943 尊師もまるで同じような権力誇示をお得意としている。“界隈の小天皇”に共通するしぐさなのだろう。 https://t.co/oGkWo4G7yR'
しぐさ,'「船ごとテレポートするなんてここんとこ100年以上やらなかったからね。ちょっと気を失っちゃったんだね」\nジジイしぐさ……………'
しぐさ,'江戸しぐさが最たるものとか笑わせないでくれ'
しぐさ,'@ren_0216_meme あのしぐさすごい可愛いよね☺️\nそうよね！笑\nこーじがゴールするくらいの時祈ってるめめも見て感動したよ...'
しぐさ,'@s1g_uka はい！！しぐさんは北海道からガンガン盛り上がってきちゃって下さい🤩'
しぐさ,'結構ノープランでルートだけ引いて自転車で山のぼる時たいてい寒さとか体力限界迎えてしにそうになるんだけどフォロワーもしにそうになってて自分特有のADHD的しぐさじゃなくて安心した'
しぐさ,'松島聡が「女のコが座るとき、スカートを直すしぐさにドキッとする」と話していると、偶然通りかかった中島健人が、「えー、そんなこと言ってんの～？」とちゃかしつつも、「でも、それ、わかる！\u3000最高だよね！」とノッていた。(明星公式Twitter)'
しぐさ,'【bot 統失？メンタル？その１】\nガチ実話の共有。\n優しい話しやすい人へSOSの視線や言動、しぐさで助けを求める。\n参考の特徴；会話が支離滅裂、命令口調、話にばらつきがある。\n前職場（部署）の仕事内容をつぶやき、強迫行動を始めることがある。\nこの時点はまだ氷山の一角。'
しぐさ,'上白石さんって女の子から嫌われるタイプ全開だな話し方とかしぐさとかなにもかも🤣 #ボス恋'
しぐさ,'@katsuyatakasu 町山しぐさですから'
しぐさ,'フェミニストサイドから、被害を受けたかどうかは、発信した側ではなく受け取った側が決めるって旨の話しをしていましたから、それに則ると小木氏は被害者しぐさではなく、被害を感じた被害者ですよね。 https://t.co/apIXWoGMaU'
しぐさ,'@DrawingSnap 江戸しぐさ（とか親学）って歴史修正主義の最たるものですがね？'
しぐさ,'髪を耳にかきあげるしぐさ？？がちょっとときめいたことあるわね… \n\n#Peing #質問箱 https://t.co/tBQuWCEsgH'
しぐさ,'@ameshigu_gs もうねかんわいい\nさすがしぐさん分かってくれる(´；ω；｀)'
しぐさ,'@TBDD_yahoo 他社記事をよく見たら、EM菌やナノ銀や江戸しぐさで有名な元オカルト文科相の「下村博文」が開いたPTでの話だったｗ\nあー、やっぱり…で解散！解散！案件。(´Д｀)\nhttps://t.co/9IA15XEEb7'
しぐさ,'晴山 陽一 の 外国人がムッとするヤバイしぐさ (青春新書プレイブックス) を  https://t.co/HAd7EfB7KW @amazonさんから'
しぐさ,'手のしぐさ'
しぐさ,'この手の界隈、判を押したように江戸しぐさEM菌ワクチンがどうだの水素水がどうたらと並べるけど絶対に歴史修正主義は言及しないんだよな。'
しぐさ,'というかゲームのジェネシス決定時期はヒロトくんに人間としての自分との訣別を迫る意図が強いかなと思うので、ジェネシスに至る前既に宇宙人しぐさをモノにしていたグランくんという別の業がアニメにはある 無垢と同梱された異形の美'
しぐさ,'なごむ\nかわいしぐさだ'
しぐさ,'@dorabi6 カーネーション 「美しいしぐさ 」「永遠の幸福」\nどうしたの、なにがあったの？\n嫌なことがあった？嬉しいことは？\nそうやってご自身にちゃんと\n声をかけてあげてくださいね。\nあなたができないときは、私が側にいるから… https://t.co/L1C38GdjoK'
しぐさ,'@wr2799 このしぐさ、よくしますよねー😍 ワタシも大好きです❣️さすがユノはファン心理を知り尽くしてますよね〜❤️😊'
しぐさ,'初めて部活してみたよー\nぞうきんのしぐさもらえてよかった😆\nねー、星3が6個、星2が13個、しっぱいがひとつだったけど外の世界だったら大赤字？\n#DQX #DQX学園 https://t.co/F8aTikBHCa'
しぐさ,'ｼｬﾝﾊｰｲ！上海の雑ネタも2年目突入してから最初にイラストを描いて頂いたしぐさんのピクシブはこちら！\u3000https://t.co/9R9E3uk5mD'
しぐさ,'@takuma_suzuk マスクの下はいつも笑顔でいてください！😁\n早く拓磨くんの💡👆🔥みたいです！首叩くしぐさがなくなったので少し悲しいです😢'
しぐさ,'「成人までは10〜12時間寝て、大人は8時間寝なさい」\nbyチャールズ・ダーウィン\n「子供は寝たいだけ寝なさい、大人は必要なだけたっぷり寝なさい」\nbyアルベルト・アインシュタイン\nみたいなウソ名言を超大量に作って日本を眠れる国にしたい\n目指せ江戸しぐさ'
しぐさ,'@aomurasaki_ll @wanpakuten トカゲの尻尾切りはウヨしぐさ。なう。'
しぐさ,'いつかのしぐさハラスメントをチムメンにされるとは...もってないんだぼくww https://t.co/DjYBdWRZBb'
しぐさ,'なぜだかよく目に映る光景、ピンとくる感覚、よくするしぐさや言葉、愛すること、無意識に考えること、人やお金の縁、ツキやチャンスが巡ること等、人の人生に関わること全てに「潜在意識」が関わっている。\n\nつまり「潜在意識」は人生を創り出す。\n\nあなたの潜在意識、修正が必要ではないですか？'
しぐさ,'Twitterしぐさ… https://t.co/Pdakj2gL1i'
しぐさ,'この画面切り替え合図の挙手しぐさが、実にスマートかつ自然で、とても突発的なトラブル対処で始めたやり方とは思えない程だった。さすが世界を舞台に活躍していただけあって、芯が強い方だと思う。\n＃町田樹特別講演会\n＃Jスポ'
しぐさ,'@nyagonyagoyanya しぐさんは木曜日の大イベント要員ですよw'
しぐさ,'ルカちゃん、いっぱいありがとう涙\nルカちゃんの声、しぐさ、全部大好きだよ\n\nいってらっしゃい、そしてまた会おうね https://t.co/EaNIaWWJPV'
しぐさ,'フレンドさんのお宅で、なにやらすごいトロフィーを見つけた。拳をかかげるしぐさで、僕が獲った感を出してみた。 https://t.co/rPNhT0ueGH'
しぐさ,'@koiseyootome13 カーネーション 「美しいしぐさ 」「永遠の幸福」\nどうしたの、なにがあったの？\n嫌なことがあった？嬉しいことは？\nそうやってご自身にちゃんと\n声をかけてあげてくださいね。\nあなたができないときは、私… https://t.co/ukZxIzk0Vi'
しぐさ,'爽歌『体が小さくてもどんなに笑顔が可愛くても 鈴木くんは｢男の子｣  こんなにも｢男の子｣なんだ――…初めてみる表情 しぐさ 感じる体温 1つ1つがうれしくて 距離がどんどん近くなっていく』\n*第03巻*'
しぐさ,'ひぇー作り終わった自己分析診断可視化カウンセリングの診断書19枚になっちゃった😇もはや論文（笑）\n\nたくさんお悩みがあったり、しぐさや言葉にできない思いとか、言語化しているものだけでなく、あらゆる角度から分析するので情報が多いと、… https://t.co/qyewivcXyV'
しぐさ,'ギャグにマジレスされるとシラケる(インターネットしぐさ)'
しぐさ,'大切なあなたにこの言葉を伝えたい。\n「だいすきでした。あなたの笑顔、あなたのしぐさ。すべてがだいすきでした。」\n叶わないって？しってるよ。\nだから辛いよ…けどね、叶わない恋も恋なんだ。。。\n\n#ひとり空'
しぐさ,'「友情が愛情に変わった瞬間」\n男性の第１位は「相手のふとしたしぐさから好意を感じたとき」'
しぐさ,'放置スタジオ開拓でお邪魔したら親しみやすく話しかけてくれる系で早々に退出してしまう(様々な陰キャしぐさ)'
