夢,'@ryo_113056n0529 あ全部すきだぁぁぁぁ\n夢パティとかもう最高'
夢,'宇宙もまたより高次の存在によって作られた虚像ですわ。実は私達の生活は誰かの夢の中での出来事ですわ。'
夢,'なんか夢の中で泣きそう。'
夢,'未だに年1～2回、RNAワークの夢を見て大汗かきながら飛び起きる程度には嫌な思い出なので'
夢,'夢にしょさん出てきて、レンチンして食べるご飯をあげたらしょはそういうの食べないから…って断られて自分で持って帰った'
夢,'@nekojarashi2007 やっぱり迷うよねー💦今年は年賀状がこなかったのもゆずの輪が届かなくなったのも寂しく感じるよ😢「夢の地図」も良きだね🥰他にもゆずっこさんいるのね👀！うんうん！誠実だし応援したくなっちゃうひたむきさが同じよねー！'
夢,'@_Arisup まぁ欲を言えば全て欲しい笑  特に夢の魔女の伊藤潤二様のコラボ衣装とか🤣🤣\n🤣   あの時も第5やってたけど普通に放置ゲームだったし金欠だった気がする😭😭😭😭💦'
夢,'無限列車編で起こる夢の世界の描写で家族のことが描かれているの複雑な感じを受けたので。'
夢,'🏍️💨でラーツー戦士だった頃の懐かしい写真が発掘されました。\n\nツワモノどもが夢の跡\n\nあの頃の情熱は何処へ…\n\nまたゲテモノ達を引き連れて、旅に出たいものです😌 https://t.co/FJBnJwu05Y'
夢,'夢叶った https://t.co/7F0qRXWY0e'
夢,'イベスト良かった……良かった……しののめえな、もがき苦しんでだけど諦められなくてどうしても捨てられない夢を追いかけようとする一人の女の子がいた……周りの人に支えられながら、自分を見つめて真っ直ぐ立つ姿が想像できて胸がいっぱいなった……にーご良すぎる……'
夢,'昔、大先輩が自殺した人にはたくさんお経を唱えないといけないと教えられた事がある。\nだからその日から毎日お唱えしている。もうすぐ2年たつ。\n先日、夢にその人が出てきた。\n『もうすぐだからお餅が食べたい』と言われた。もうすぐが何かはわ… https://t.co/Yzmj8cc0aD'
夢,'〈飯田の自習室〉\n月水金は小学6年生。中学1年の数学の予習と考えるためのクイズ。本日学校は授業参観で、なりたい職業を発表したらしい。最も多かったのが医療関係者だって。これも新型コロナの影響か。夢に向かって頑張れ！ #自習室 #学習支援'
夢,'@WZ0210 青春のキラメキアワーさんと\nすごろくする夢をみますにゃ😺'
夢,'俺も某関西最強企業に入社すれば2年目で1000万か\u3000夢があるなぁ'
夢,'@g7heDCd3CPfWtn9 うん☺️♪\n明日も良い日になるといいな♪\nおやすみなさい☺️🌃🌈✨\u3000いい夢を✨'
夢,'@yunxyunxyuyuyu 新婚さん😆💓ドキドキやん笑✾ 寝る前に妄想すると夢に出てくるよね🤣私後ろから覗き見しとくね🤭'
夢,'男にはどうしても戦いをさけちゃならない時がある\u3000\u3000\u3000\u3000\u3000\u3000\u3000\u3000仲間の夢を笑われた時だ！\u3000\u3000\u3000\nウソップ #感動したらRT'
夢,'楽曲聴いたら泣いちゃうまひちゃんもメンバーが夢に出てくるみきてぃももうそれ愛でしかない…'
夢,'#しょうぱれ\u3000家重と忠光と田沼と真部が特に好きなので夢のグループが出来てしまった…しょうぱれは側近好きに優しいなぁ～～～！！'
夢,'続きは今夜…夢の中で会いましょうね～！'
夢,'2月夢垢のFFの誕生日と記念日が多いから多分全然こっちに手をつけられない'
夢,'@maki3ishii まずは夢でモテたいです。'
夢,'すとぷりメンバーと卓球出来る夢どこにあるの'
夢,'@Kaida_Haru お疲れ様でした。\n素敵な配信のお陰で、いい夢が見られそうです😪💤\nいつか甲斐田さんの声で聴いてみたい曲を載せてるので、もしお時間あれば聴いてみてほしいです🙇\u200d♂️！\n甲斐田さんも温かくして眠ってください〜 https://t.co/BzVtf7FHlO'
夢,'D.N.Aの父親、六壁坂の婚約相手、ウェカピポの妹の夫の夢女です'
夢,'幻夢戦記レダ２はよ'
夢,'●12.ノセさん朗読中！ ギターと！\n#夏目漱石\u3000『夢十夜』#朗読会オープンマイク\u3000#MDL / #朗読\u3000#ポエトリー\u3000#ポエトリーリーディング 【凸待ち】「第一夜」朗読できます！ https://t.co/j4NXzTzkR8'
夢,'私の夢には＿＿敵が多すぎる'
夢,'大切な思い出さえいつかは色褪せてくから\n現実から目を逸らして夢という言葉に逃げた'
夢,'@oogiri_zamurai おっさんの夢は終わらねぇ！ドン'
夢,'@awairo_kohaku お疲れ様でした(^v^)\nしっかり水飲んで歯磨きして、寝てください。\nおやすみ！いい夢を〜'
夢,'大好きな音楽を\u3000大好きなまんまで\u3000大好きなメンバーと\u3000ずっとやっていくことが\u3000自分の夢なんです'
夢,'@RiKKYY_YUURI ゆうりちゃん今日も一日お疲れさま。どんな夢を見るのかなー。💕😪💤'
夢,'勝利「ディズニーランドではポイ捨てされてるゴミを『夢の欠片』と言うらしいんですけど、そうするとワンピースOPの『ありったけの夢をかき集め』ってフレーズが、一気にゴミ拾いになって世はまさに大ボランティア時代ですよね」'
夢,'@sakuyanenekura 俺の夢あげたい'
夢,'@nr_binary 夢だけど🤤'
夢,'@Miodaiski0820 夢から現実に戻された感'
夢,'@tokyoumare02 私も女なのになんで女を差別するはずが！？ってビックリしました😓\n\n冬眠😂夢とか見るのか気になりますね🧸'
夢,'@annuuun3015 せやねん……😢おやすみ〜!!良い夢を〜!!😪😴💤'
夢,'夢占いしてみよう'
夢,'裁判所の夢は、人との対立の暗示。生活態度を正す必要性がある。'
夢,'崩れてく夢に置き去りの\n小さく幼い 私の震えてる心が\nきっと待っている\nいつの日か立ち上がることを信じてる\n風が吹く時を待っている\n\n【sympathia/三澤秋】'
夢,'叫んで失踪する夢が正夢だったらいいのに'
夢,'夢を叶えて、\n仕事、労働から\n開放される方続出中✨✨✨\n\nほかにはない\n徹底された厚いサポート❤\n\n初心者さん大歓迎☻\nメンバー募集中❗️\n\n【詳細はこちら！】\n→https://t.co/kX6IdBnACe\n\n#ここ花 #無料… https://t.co/s8hZ6GofHc'
夢,'すごく嫌なことがあったときは一度ベッドに入って目をつむって嫌な事を思い出しながら「ハッ！夢か・・・！」と叫んで起き上がるんだけど、何の解決にもならないし時間の無駄なのでみなさんも是非やってみてください。'
夢,"""https://t.co/vMWCf5xrgA\nIf You're Happy and You Know It (如果你很開心你就拍拍手) | 童謠 | 兒歌 | 寶可夢 Kids... https://t.co/hY7MOEPZc5"""
夢,'夢に絶対後頭部出てくる。#クロみな https://t.co/pHEUkNq5jV'
夢,'無邪気なたいこ〜ちゃんの夢叶える企画はハピネスフルで最高だな🍮'
夢,'@RTLOOP1 @harunitodoke4 .\u3000∧  ∧∩\n（〃ﾟДﾟ)いくぜっ\n⊂\u3000\u3000ノ\n（つ ﾉ∧  ∧∩\n\u3000(ﾉ (〃ﾟДﾟ)\n\u3000\u3000⊂\u3000\u3000ノ夢の中へ\n\u3000\u3000\u3000\u3000∧  ∧\n\u3000\u3000\u3000\u3000(〃ﾟДﾟ)ぉゃ\n\u3000\u3000\u3000 _| つ／ヽ-､＿… https://t.co/QD7wKKUPMx'
夢,'愛の歌よ 重ね合って\n夢を束ね 飛んでゆけ\n叶いますか?響きますか?\n君だけに生きよう\n誓いの声を 愛しき人へ\n〔愛しき人へ / 寿嶺二〕'
夢,'この方トゥメの中では有名なトゥメYouTuberだと思うけどオタクの夢を全て叶えすぎてて震える。\n•メンバーにチャンネル登録してもらえる\n•メンバー全員から認知\n•毎回ヨントン\n•YGから直接プレゼント(感謝の気持ちを込めて)→メ… https://t.co/BonBtYrpnM'
夢,'サイト開いて、なんかクリックして、一覧的な場所に飛ぶけどそこから先どう進めばいいのかマジでわからん。夢小説サイトとかも挫折したので占ツクみたいな簡単な場所に入り浸ってたナ'
夢,'ほんとに今日夢めちゃくちゃ良かった、、、永眠したと思った、、、、、空気感が好きだったんだ、、、伝われ(念)、、、、'
夢,'@tos @sasaki_maika\n\n舞香ちゃんこんばんは🐟\nそろそろ夢の記憶が消え去ってきた頃かな、今日の夢に舞香ちゃん出てきてくれるといいな...😴\n\nサンタしゅきぴ好きすぎて永遠に見てるよ〜まいかコールできる世の中に早くな… https://t.co/TRny7I4rwB'
夢,'夢を見てる人を食い物にする系の商売って本当になんていうかアレですな。、。 https://t.co/SxgFLyGMMW'
夢,'夢エピ略\n「さよちゃ'
夢,'夢は果てしもなく 追う人に幸あり そんな前向きなタイプなら あとは出会いしだい (m.c.A・T / m.c.A・Tの俺様を信じろっ！)'
夢,'琉巧ちゃんと斗亜ちゃんは…夢ハリどのメンバーパートやってますか(大号泣)'
夢,'Ｎｏ．２４   泡沫の夢\n\nずっと続くはずなんてないのに https://t.co/Jb57OxiL2R'
夢,'夢妃 舞空 有沙 の並び美しすぎてやばい声も綺麗すぎて死ぬ(初日映像で既に語彙力を失ったオタク)'
夢,'深夜東京の六畳半\n\n夢を見てた、'
夢,'@milet_music 最近眠りが浅めで夢多めなので、せめてmiletさんの歌聴ける夢目指して寝ます。\nお休みなさい〜'
夢,'@ryoko12061224 なるほどー階段作るにゃね☺️\nいいなぁ🤗雪の階段💕\nちょっと夢にゃ🥰\n\nうちも台風🌀の時に竿が折れて買いに行ったけど車🚙=꒱‧*に載せるのに大変だったにゃ💦'
夢,'Asayake特典会終わったあとのモチベで買った夢8が届く🥺コンプしてるといいけど🥺'
夢,'@7PhxLbElXvOWaOJ いやーたまたまよ〜💦見たことあるものがー❗️って拡大したら2日前に見たやつやん😭💦ってなったのよw\nくそー💦おそろの夢は儚く散ってゆきました〜😂'
夢,'まじでディズニーチケット売ってる？幻じゃない？\n夢の国だからチケットすら幻想なのか？'
夢,'ウエハースゼロツーまじ嬉しいなあ…\nこれでコストリミットで夢のアークスコーピオンデッキ組める…'
夢,'何だか、夢の中にいるみたい'
夢,'@noune_imu 夢と魔法の王国（女王のみ）です！\n\n#東京フェミニーランド'
夢,'モザイクで満たす夢  無表情  いつも \n自分など忘れてしまうよ  此の夜に \n【parade】'
夢,'パーサヴィアランス：火星に降り立つ僕の夢 | 小野雅裕のブログ https://t.co/7g6YScOUrb'
夢,'@derasyanyumeto 夢斗さん〜！もしよければ一時間くらいやるつもりなので、ぜひ！'
夢,'1年生真希さん、ガチかわいい  睫毛とか横から見つめて「なんだよ？」とか言われてぇ(急な夢女ムーブなに？)'
夢,'俺は金が好きだ。\n何故かと言えば、金は全ての代わりになるからだ。\n物も買える、命も買える、人も買える、心も買える、幸せも買える、夢も買える。\nとても大切な物で、そしてその上でかけがえのない物ではないから好きだ。\n\n貝木泥舟'
夢,'夢叶いました'
夢,'ほわぉチョちゃん❄夢可愛い…すき…'
夢,'今思う「幸せ」＝躁\u3000なのですぐに平常時に戻ってしまう夢なら冷めないで生きるので精一杯'
夢,'【監獄館\u3000現未×】せっかくだから当時発狂の夢術一誠を描いたよ。私は楽しくRPしました。 https://t.co/yUTeebyWI8'
夢,'5.・夢消失\n・空白少女 \n・Dream express\n・世界の果て\n(副題略)'
夢,'夢なき者に理想なし、\n理想なき者に計画なし、\n計画なき者に実行なし、\n実行なき者に成功なし。\n故に、夢なき者に成功なし。'
夢,'ディズニーランドではポイ捨てされてるゴミを「夢の欠片」と言うらしいが、その解釈だとワンピースOPの「ありったけの夢をかき集め」って歌詞が一気にゴミ拾いになって世は正に大ボランティア時代！'
夢,'自分の夢、そんなに簡単に諦められるかって話でしょ。'
夢,'でもこのまままた忘れておくのも夢がある？'
夢,'夢ノ咲精神病院で安楽死大会？？パワーワードすぎて何も見えない。（幻覚です'
夢,'@AmamiyaGame コメントありがとうございます！\nこれまでの経験、将来の事、改めて考えた上での僕自身の現状の答えがこの夢です。まだまだ未熟ですが、色んな勉強をして、いつかゲーム面から作品を盛り上げることができるように頑張ります！'
夢,'排水溝がエロくみえてしまう夢'
夢,'五十嵐「小さい頃の日記を読むと、将来の夢はシェフって書いてありましたよ」\n東雲「俺はグミだった！」'
夢,'黒樹：今、寝返りしたら何かにすごく見られてる気がして、恐る恐る目を開けたら目の前に鬼囁さんが居て「っっっ！？！？！？」って声にならない声を出しながら後ずさったら「お姫ってさ、寝てる時エロいよね」と言い放って静かに部屋から出ていかれたんですけど、これ夢ですか？あれ？私夢見てます？'
夢,'すでに俺が死者の世界線の夢を見た'
夢,'頑張っている仲間、真剣に考えている仲間、一心不乱に一生懸命な仲間…\n色々な仲間達がいるが、そんな仲間達が苦しんでいるのを聞いたり見たりするのは苦しいし、何とか助けたいと思うし、一緒に仕事して一緒にそれぞれ夢を追いかける事をしたいと… https://t.co/QNPMEuO6Fz'
夢,'夢ん中じゃロン毛だから起きた時毎度絶望する'
夢,'@Koutarotaro あつもり始めたばかりなので、夢でも宏太朗くんの島いけるのは本当に本当にありがたいです！'
夢,'@tamaniha_egake Petoroôpa🦒さん、おやすみなさい。いい夢を'
夢,'夢って人それぞれだと思います。\n\nダメなのは、周囲に影響を受けて\n自分の夢を見失うこと。\n\nそうならない為に大事なのは\n自分が叶えたい夢を実現するために\nしっかりとしたビジョンを\n持つことです。\n\nそうじゃないと夢と真逆の人生を\n歩んでしまうことになります。'
夢,'さ､才能なんて､そんな……っ｡ 私は夢に向かってただがむしゃらに努力してるだけで……\n#バンドリ'
夢,'桃ヶ丘高校\u3000九州限定で放送されているミニアニメ「ピチ高野球部」にてキャラクター達が通う高校。\n部員が2人しかいない野球部が夢はでっかく大リーグを目指す・・・というもの。\n#福岡の学校'
夢,'どうした夢月。夢幻世界の悪魔ともあろうものが何で泣く？'
夢,'綺麗な顔で夢に出てこないでよ。忘れられなくなるじゃないか。\n\n…嘘。忘れるつもりなんて微塵もないよ。夢で会いに来てくれて、ありがとう、姉ちゃん。'
夢,'夢絵でリプするカスはなんなの？キモイ'
夢,"""一分一秒も離したくない\n二人夜明けまで夢を語り合おう\n寝息が聴こえたらそっと髪撫でて\n「ありがとう」の言葉を キスと共に\n〔You're my life / 寿嶺二&amp;黒崎蘭丸&amp;美風藍&amp;カミュ〕"""
夢,'@Yuu__k_13 今日もお疲れ様\n\n\u3000素敵な夢を見られますように💫'
夢,'@LMlv1810 ヒロさん\nおやすみなさい⭐💤\n今日も遅くまでお疲れ様でした☺️\n良い夢が見られますように🕊'
夢,'明日夢の個撮なのにちょうど肌ボロボロ期で泣きたいし申し訳ない気持ちでいっぱいです😨'
夢,'SS／星の夢を見る（青鉄）\nhttps://t.co/746VCimyiH'
夢,'@poponyan011 こんばんは\n\nは～い\nありがとうございます\n\n今夜もまるちゃんと抱っこして寝ます\n\n素敵な夢を\nおやすみニャさい(=´∇｀=)にゃん💕'
夢,'なんか夢女子叩いてる人いっぱいいて辛かったけど今の男の子面白いからどうでも良くなったわ。少年に救われた'
夢,'夢特集／猫になってしまった不思議な夢、なかなか家から帰ってくれない子供\u3000ATL3rd 124 https://t.co/WXgH51kVd3 @YouTubeより\n\n敏太郎先生の下さったコメントで、解決したかも…！\n気が付いた瞬間大号泣😭\nありがとうございました🙇🏻\u200d♀️🐈'
夢,'@agy8z おやすみー💜\nゆきんこの夢にテヒョンさまが現れて２人で紫の風船探せますように🎈'
夢,'@shrimpmoani モアたん🦐🧄🦐🧄🦐\nお疲れ様でしたでシュー🌺🌈\nゆっくりお休みくださいでシュー😊\n良い夢を✨💤✨\n明日も良い一日を🌴Mahalo🌴'
夢,'【遊ぶ】心に問題を抱えている時に見る夢です。夢の中で遊ぶことで自由な発想を取り戻そうとしているのです。近いうちに問題は解決の方向に向かうでしょう！【親しい人と遊ぶ】仕事や恋愛などに力を入れすぎたあまり、人付き合いが悪くなっていることへの警告夢。'
夢,'いつか君に話した夢は\nどこか途中で投げ出してたみたい\n後悔なんてまだ早い\n覚悟決めたなら\n\nまだまだこれから\n君に聴かせたい歌があって\n汗も涙も笑顔も全部連れて行きたい場所あるから\nどんな時代だってかまわない\n何度でも叫んでやれ\n\nこれから/175R'
夢,'偉人豆知識 【坂本龍馬】\n幕末に各地の武士を団結させ、\n日本をより良くしたいという夢に\n命を捧げた。'
夢,'今日はもう寝よう😪お休みなさい。いい夢見れますように😊'
夢,"'GᒪOᗷᗩᒪᑭoGo ᖴᗩᗰIᒪY\n🛩️飛月全球✨寶可夢✨🛩️\n地區 :英国\n塔色 : ️️️风筝加成 🌪️❤️塔\n頭目 :✨超梦💯✨2984\n進場 :10.56 爆蛋。。。進\n（离上一塔CD2分钟）\n座标:50.822075,-… https://t.co/ONNEjrkGfD'"
夢,"'GᒪOᗷᗩᒪᑭoGo ᖴᗩᗰIᒪY\n🛩️飛月全球✨寶可夢✨🛩️\n地區 :英国\n塔色 : ️️️风筝加成 🌪️❤️塔\n頭目 :✨超梦💯✨2984\n進場 :10.56 爆蛋。。。進\n（离上一塔CD2分钟）\n座标:50.822075,-… https://t.co/EVl5om5rMy'"
夢,"'GᒪOᗷᗩᒪᑭoGo ᖴᗩᗰIᒪY\n🛩️飛月全球✨寶可夢✨🛩️\n地區 :英国\n塔色 : ️️️风筝加成 🌪️❤️塔\n頭目 :✨超梦💯✨2984\n進場 :10.56 爆蛋。。。進\n（离上一塔CD2分钟）\n座标:50.822075,-… https://t.co/6YTQm1GeC1'"
夢,"'GᒪOᗷᗩᒪᑭoGo ᖴᗩᗰIᒪY\n🛩️飛月全球✨寶可夢✨🛩️\n地區 :英国\n塔色 : ️️️风筝加成 🌪️❤️塔\n頭目 :✨超梦💯✨2984\n進場 :10.56 爆蛋。。。進\n（离上一塔CD2分钟）\n座标:50.822075,-… https://t.co/FrMJnmzwUd'"
夢,'Tonight おどけて笑うのさ今は Tonight やり過ごすだけでいいから \n@夢に唄えば'
夢,'やーーーーんもう！！！！イライラするから酒飲んでバイク盗んで走って学校行って窓ガラス割って回るし！！タバコも吸うしパチンコもするしタトゥーも入れようね！そんでドピンク坊主になって食い逃げする！そんな夢を見るために寝ようね！'
夢,'@taneteppou ごめんなさい、ブログのProfileに「夢はユノとフラメンコ？を踊ること」みたいな事が書かれてたから、てっきり。\n直接ユノペンと記載されてたんじゃなくて。\nマインさんって特に目立った行動も無かったから、特に印象ありませんでした。シム＆○ュ配信までは。'
夢,'暮れゆくメガロポリス 風に抱きしめられて だれかの面影 道往く人に探しては ああ 行き暮れる すべてがイリュージョン 夢なのに\n\nメガロポリス・ノクターン\n甲斐バンド'
夢,'今夜ボクの夢が叶いました\nそれではみなさんさようなら'
夢,'「泣かないで…」\u3000大切に想うから\u3000夢に届かない\u3000時間はボクが埋めてあげる\u3000―\u3000KinKi Kids「情熱」'
夢,'ねぇやばいんだけど。久々に2008年くらいの腐女子全盛期ヲタク全盛期に戻ってくらい脳内オリキャラ夢祭りなんだけどやだこれ妄想止まらなくて寝不足だしこれどうすればいいの？？吐き出し方忘れたわ…'
夢,'はたて「暑いわね」\n射命丸「こう暑いと海に行きたいわね」\nはたて「産みに！？」\n射命丸「ここじゃ叶わない夢だけど」\nはたて「え、そんなことないわよ。それで、誰と？」\n射命丸「まああなたと、あとは適当に見繕って？」\nはたて「私も！？ それに適当にって、そういうのは相手をちゃんと…」'
夢,'@datenluna2 @datenluna 当ってみたい🙌夢だけど'
夢,'七海春歌ちゃん(25くらい)にでっかい夢を抱いている'
夢,'「お金はいくらあっても減るもの。この世に無限の物なんてない。だったら億万長者になるという大きな夢より、お金の使い方をうまくなりたいという現実的な理想の方が良いと思う。これって誰でもできることだしね」\n\n・管理人 #言葉'
夢,'@Oshacannon2 ・Aya/好きなように呼んで良いよ👍\n・年齢は28歳/性別は女\n・ラブライブ！→希\u3000穂乃果\u3000千歌\nダイヤ\u3000歩夢\u3000うたのプリンスさま\n→一ノ瀬トキヤ\u3000美風\u3000藍\n・全然OK🙆\u200d♀️\n・よろしくね😉'
夢,'愛の伝道師と聞くとヨリンゲルが浮かぶのはグリムノーツの影響を盛大に受けてるからだろうか。\nとりあえず夜も遅いので青い鳥でも探してみよう即ちおやすみなさい。しかし青い鳥は夢の世界にはおらず、変わりと言わんばかりに斬首が好きな女王とか狂った帽子屋とか神出鬼没な猫なんだよなぁ……'
夢,'夢を叶えて、\n仕事、労働から\n開放される方続出中✨✨✨\n\nほかにはない\n徹底された厚いサポート❤\n\n初心者さん大歓迎☻\nメンバー募集中❗️\n\n【詳細はこちら！】\n→https://t.co/kX6IdBnACe\n\n#ここ花 #無料… https://t.co/ylBwfiQNPc'
夢,'不安に目を背けて 胸の奥眠らしてる夢を\n起こすかは自分次第なんだ\n【7days/shuffle】'
夢,'登山の夢は、困難を克服して運勢が開けて行くことを示す夢。'
夢,'@st816maayan いやまじそれよ…\n北斗のコンテンポラリーと表情が儚すぎて まじ夢恋桜…(とは)'
夢,'面白半分で夢小説とか見てみようかな、本物の夢女子に怒られそうだけどなんか興味ある'
夢,'@jyouryoku 夢と魔法の国レベル'
夢,'本当に大事なものはなんだろう\n銀色の目が時の流れを見つめている\nファイトの意味は憎しみじゃない\n守りたいのはみんなで描く夢なんだ\n傷ついても倒れても\n助け合える道を探そう\n微笑みを繋ぐ世界\n夢を諦めたくない\nどんな希望も積み上げながら\n僕らが叶える未来\n仲間を信じていたい'
夢,'@mei_sayu21 おやさゆみん\n素敵な夢を(⋈◍＞◡＜◍)。✧♡'
夢,'おやすみポエムの時間です！夢\n自分の将来の夢は努力をしなければ叶わない\n現実を見ることができてこそ夢が近くなる自分の生き方を裏切らない\n人生を歩んでみたいな～！'
夢,"'@F6VNSWjVwpwpVek 眠りが浅いのと、リアルな夢なんで、余計疲れる…夢の細かい内容はすぐ忘れちゃうけど、断片的に思い出して(ー""ー;)ってなる…'"
夢,'@gtgthrgthrsgt 言い逃げダッシュできたと思ったら出来てなくてｶｧ〜ｯ///ってなりました。\nというかこのアイコンで何かを嘆いてる夢おもしろすぎますwwwwwwwwwwwこちらこそ出演させていただいてありがとうございました！！！！！(？？？？)'
夢,'お言葉ではございますが、剣士の出現は、誰にも動かすことのできない定めでございます。\nですから私は、目覚めの世界で人間に姿を変え、あの少年を探し送り込みました。\n彼は強い剣士にはなれても、不死身にはなれません。\n妖霊大帝オドローム様は、永遠に夢宇宙を支配されるのです。'
夢,'【with you】\n\nきっといつか夢を掴むその日まで \n信じてくれた君の為に何度でも何度でも \n一人じゃない 心の中 どんな時も \nwith you #yuzu'
夢,'時には泣いていいよ\n弱いとこ見せても大丈夫\nでもそこで腐るな！\nまだやれる その先の夢(さき)\n\n【 ファイトソング (2007) / 嵐 】'
夢,'@raimu_saihate @Itsuka_saihate えっっっ来夢さんにこんなことしてよかったんですか？ん？？？？？今度します(ダメ🙅\u200d♀️絶対👎)'
夢,'手帳に夢を書き込む。そして、それをトイレに行く時も、お風呂に入る時も、片時も離さず持ち歩き、繰り返し読み返していました。\n\n熊谷正寿\u3000（GMO、お名前ドットコムなど\u3000創業者）'
夢,'【受験一年前になったら】\n・部活は絶対にやめてください。自分の夢のためなら部活は簡単に辞める決心がつくはず。\n・受験に本気でない友だちとはあまり関わらないこと。\n・ただし、受験以外でで夢がある友達は付き合っても良い。'
夢,'ついに！念願の夢を叶えました🌟大好きなフスカを手作りしました！今までバザールで食べるのが当然だったフスカを屋台のおじさんに作り方を教えてもらい、挑戦しました。タレも美味しくできて大満足💕ポテトサラダや、クリームチーズを入れた変わり… https://t.co/DW7ylVNXMw'
夢,'@yocchan60 なんか当たりそうな気がします！\nただの夢ではないといいです笑'
夢,'土曜日なのにみんなもう夢の中\n\nどんだけ良い子なんだようちの連中'
夢,'@RYORYO_RenPomu 手触りがいいなら多分いい(はず)\nもしかしたら一瞬で夢の中かもしれない'
夢,'夢はいっぱいのビーフジャーキーをお腹いっぱい食べることです'
夢,'えすごいみんないいねくれるじゃんありがとう😢\n安心してねアトフェス2週目には5桁なんて夢のまた夢だから'
夢,'見据え、莫大な夢を食らえ https://t.co/vDH1mwMjGG'
夢,'久々にお酒飲んだらいつの間にかめっちゃ長いメッセージになっちゃってたし小説読んだ瞬間速攻いいねしたから匿名の意味ないくらいバレバレな気がするけど良い！！！！好きです！！！！最高な夢小説をありがとうございました！！！！！'
夢,'《伝書鳩》の声を聞きながら、ジャックは力尽き、目を閉じた。意識を失いながら、かろうじて、自分は売られた花嫁ならぬ、売られたテロリストなのだと考えた。いったい、俺が手に入れた自由はどこへ行ったのだ。自由になったというのは夢だったのだ。リーアン、約束は守れないかもしれない……。'
夢,'国を出て、はや5年…… この地の夢を幾度見たことか いや、この地の夢を見ぬ夜なぞ無かった！'
夢,'FFさんおやすみなさい(ˊo̴̶̷̤ ̫ o̴̶̷̤ˋ)💭\nいい夢見てね😌❕\n俺は夢の中でもデートしてきます❣️'
夢,'夢はカミツレのマネージャーです'
夢,'リプリプが好きすぎて実は冬アイドル企画最初は夢ファンで作るつもりでしたねぇ、、、、、期限的にモーション無いと無理そうだったので曲変しましたが'
夢,'空気階段のanna最高すぎた！\n素晴らしすぎ😂👏✨\n\n次回は実際に見に行けるようになってるといいな…\nDVD絶対買うし、特典が素敵♡\n今日のラジオも楽しみ😁\n\n今日、ちょうどラジオで夢で逢えたら聞いたからなんかドキッとした🥰(さとみつさんの番組で向井さんが選曲してた！)'
夢,'女性が秘密裏に気にいった二枚目役者を茶屋に呼びつけ、遊興することもあったんだよ。それが発覚して大騒ぎになったのが江島生島事件。\nおきらく忍伝ハンゾーでは、漫才の相方を探すエジマがツッコミ体質のイクシマとコンビ組んで重夢王に挑むって話。'
夢,'希望と夢を持った恋人が大手居酒屋チェーンのブラック企業の男たちに洗脳されてゆく・・・。お得な廉価版にて再登場！『俺の彼女が就職した会社はブラック企業だった・・・。廉価版』好評発売中！https://t.co/pWCddPwzVS'
夢,'夜風が運ぶ淡い希望をのせて\nどこまで行けるか\nそれを拒むように世界は揺れて\nすべてを奪い去る\n夢なら覚めた\nだけど僕らはまだなにもしていない\n進め\nアフターダーク/ASIAN KUNG-FU GENERATION'
夢,'考察しつつ床に就く\n見るのは登山隊に加わる夢かはたまた溶ける夢か'
夢,'誰でも(誰でも)\n 誰でも夢見る\n だから俺たちは同じ仲間さ\n \n周りの奴らにどう思われたって\n そんなこと関係ないんだよ\n 誰にでも夢がある\n \n仲間さ × 6\n \nいつも夢追いかけて yeah!'
夢,'私が自殺するって姉の夢の中で言った時姉が「実家がそんな辛いなら私が部屋借りるし、そうだ○○が好きなパンでも食べに行こうよ。パン屋さんで働いたら楽しそうだよね！」って手を繋いで離さず説得してくれてたらしい。\n夢とはわかってても泣けたわ…'
夢,'最終走者は走る\u3000結末へと \n終わりにしようか\u3000ここらでさ \n夢を見るため僕らは \n夢の無い世界を望んだ \n\n奇跡の匣が\u3000無い世界で \nそれなりに生きて\u3000死ねたなら \nなんて素敵な事でしょう \n神は最終章の今\u3000標的と\u3000偽る \n\n#リンカーネーション'
夢,'某夢の国ってアイテム高いよな'
夢,'うぅぅぅ\n心が…もう……震えました(*꒦ິ⌓꒦ີ)✨\n温かい気持ちにさせてくれて\nありがとうございます𓂃 𓈒𓏸◌\n\nいつメンとの4shot📷にもほっこり☺️\n今夜はいい夢見れそう＿🌙.*·̩͙✩ https://t.co/YgFqov2Ar6'
夢,'あなたの夢を、そんなこと無理だって言うひといるでしょ。こう言い返してやりなさい。「あなたには無理ね。でもわたしはできるの。あなたとわたしはちがうから」って。でも言ったからには、夢を叶えなきゃいけないことも覚えておきなさいよ。でかいくちたたくんだから。 \n－ リトルミィ'
夢,'だって私､気づいた時には､もうアイドルが夢になってたから\n#バンドリ'
夢,'えぺるくんの夢絵流す人ミュートしました許してね\n自衛です自衛\n\n@_o0'
夢,'可愛い〜とか夢主に言われて笑ってるけど突然フッと真顔になって男としては見てくれねぇの？みたいなさ…'
夢,'ラバストラブライブ 虹ヶ咲 サンシャイン \n譲) せつ菜 歩夢 かすみ しずく 果林 梨子\n求) 璃奈(vol.2 &gt; vol.4) 定価\n\n最上段譲渡の際は、最下段の同数引取お願いします https://t.co/EnLLKTLxTj'
夢,'夢占いは夢に出てきた事柄から占います。 見たい夢は見れる？ 夢の続きが見たい！活躍している自分の夢が見たい！など思い通りに夢を見れたら嬉しいですよね。'
夢,'皆さん、今日もお付き合い頂きありがとうございました\n明日もよろしくお願いします\n\n明日の気温はかなり高くなるようですが朝晩との気温差がありますので体調には気をつけてください\n\nさて、恒例の布団の中で穏やかな音楽🎧聴いて寝落ちします\n\n皆さんも良い夢を\nおやすみなさい⭐'
夢,'@ujiieaimee エイミーさん\n夢じゃない😂\n現品を手にするとメジャーデビューを実感しますよね✨\n早く手にしたいです😂\nそれとポストカードが気になります🤣\n\nA-forceさんは2/23の配達日時指定で発送されていました。 https://t.co/XrHelJOB3F'
夢,'@channkoya そうです…本歌のtkbもそれぞれ……授乳の仕方もそれぞれ…つまり夢が詰まっております🥰🥰🥰'
夢,'@hirokinanami773 お疲れさまでした😊\n今日のお休み素敵に過ごされましたかー。\nなら、よかったです。👏\n\n明日のマーダーミステリーシアター私も楽しみです。その前に今夜のラジオも楽しみです。✨😊\n\nまた明日、お休みなさい\n       良い夢を…😌😌😌'
夢,"""さよなら もう振り返らない 愛した人 追いかけた夢 僕らはまた歩き出せるさ ビクビクするなよ WENDY! /WENDY 〜It's you〜 #SPYAIR"""
夢,'@repi_uraaka 喜んでもらえて良かったです(⸝⸝⸝•́ω•̀⸝⸝⸝)\nいつか夢絵依頼させてくださいね(*^^*)'
夢,'ちょっと待て夢か現実か覚えてない'
夢,'夢なのかな？KICK THE CAN CREWのMCUさんにフォローしてもらえたのだけど♪\nガチで中学からのファンで、カラオケでも歌うし、再始動された時は本当に嬉しかったですし、シャチとコラボ決まった時も嬉しかったです♪\n同じタフ… https://t.co/nLsmiDMM1n'
夢,'@animesaoyugion ツナツナさん、おやすみなさい良い夢を🕊'
夢,'@9september_jubi マスターさんの気遣い嬉しいね\nにしても美味しそうな料理♡\n一発で近況当てちゃうなんて…\n出てたのかな\n\n夢月さんの素直な想い伝えたら？\n次の一歩のために…'
夢,'伊織のチ●ポオナニーガン見てもらい射精してぇっ♥おねがいっ♥みんなの夢を守るために一緒に・・・・・・一緒にどっぴゅん♥おねがいしますうぅっ♥'
夢,'踞った少女は言った \n「昨日も、今日も、一昨日も \n広い世界が簡単に崩れちゃう \n夢を見ていた」 \n\n「怖いよ」なんて感情も \n「辛いよ」なんて泣き声だって \n絵本みたいに、救い出してしまえたなら？\n\nIA/じん(自然の敵P)『少年ブレイヴ』'
夢,'今日スーパーにお米買いに行ったら『あさひの夢』って銘柄が売ってたんだけど無洗米じゃなかったから買いませんでした'
夢,'@AyuSappAim いい夢を見てね(\u3000ﾟдﾟ)&lt;イケボォォオオ'
夢,'@LAbnJR7lrXPTv0I 私、誤字った😇\n正しくは歩夢ちゃん推し過ぎる人ですね（笑）\nあんまり変わらない😅'
夢,'苦しかった首から 首輪が外れた 僕は自由になった\n(BUMP OF CHICKEN-夢の飼い主)'
夢,'@aki_hana_flower わたしアレルギーです🍌\nつーすてやってるけど夢女じゃないから色んな人の推しみてホクホクしている！大体死ぬほど難しい'
夢,'@sakur_a_way え！それめっちゃ凄いことやんな、え、佐久間さんもう夢叶えすぎてて眩しい、オタクからも公認のアニオタになったのか嬉しいなぁ🥺\nちなみに岩本×目黒はニキとめめってゆうコンビ名ついてるねん、文化取り入れがちやわ'
夢,'今日は、浅草まで人に会いに行って来たけど人少ないね。\n\n観光業はダメだな…\n\n俺の夢は、旅館経営者の娘と結婚すること✨俺が跡継ぎとなって、経営手腕を発揮してあげることなんだ…😎\n\n全国の旅館経営者の皆さん、跡継ぎいりませんか？お婿に行きます❣️'
夢,'バットに夢を乗せて 放つその打球で\u3000ツバメを勝利へ 導け慎吾\u3000\u3000\u3000\u3000(ヤクルト･川端慎吾)'
夢,'エロい十空の夢が見れますように（起きたらエヲカク）'
夢,'素敵な夢絵を描いてくださった\n@longshipalone 様♥'
夢,'@7ipZiO13JnthmSf 私は短大で幼保の資格とったあと、幼小の一種が欲しくなって、また別の短大に進学したので、2回借りてます。返済は手続きすれば猶予もできますよ😄\nFPとかに相談できるといいですね。ローンや保険の見直し等… https://t.co/n4jxZd6ruK'
夢,'もう寝よ。おやすみ\n夢に出てきたらいいな'
夢,'@sv_maaaaaa 夢を見てた'
夢,'私には叶えたい夢がある！だから頑張れるの！そう、プリキュアになるって夢を！！'
夢,'ﾊｱﾊｱ!夢者頑張れ頑張れ目指せ最強の自給自足'
夢,'時々、夢を食べてほしいって頼んでくるヤツがいるんだ。不味そうなら食べないさ。美味しそうだったら、願ったりかなったりだけど。ああ、あと、こんな夢を見せてほしい、なんて頼まれることもあるけど…、そんなサービスはしてないよ。獏のことをなんだと思ってるんだろうね？'
夢,'〜2000までなら出せるから夢絵依頼したいなあ、( ߹꒳߹ )'
夢,'浮気\n浮気の夢は正体不明のざわめきや不安を表している。\n実際に浮気心があるとかではない。\n能力を過信したり現実を把握していない甘さへの警告的な夢。\n恋人や結婚相手が浮気する夢は、あなたが相手を信じられない状況をあらわす。\n心が揺れ動いているような状態の可能性も。'
夢,'今日は、友達からもらった手紙がまじで感動しすぎてめっちゃ泣いてしまった。お返しのお手紙を今から書こうかなって思ってる。\n\nそあらくん\u3000ばぁうくん\u3000しゆんくん\u3000ffさんおやすみなさい。いい夢を見てください。'
夢,'●録画開始：ＢＳテレ東 2021/2/22 0:0 ～ 0:35 あのコの夢を見たんです。\u3000第７話\u3000大友花恋×仲野太賀[字]'
夢,'実在してますよ・・・・夢じゃないよ・・・・・・・ﾍﾍﾍｯ・・・・オルヵくんはいるんだ・・・・・・・。 https://t.co/VyAWNyQwhl'
夢,'👏今日も1日お疲れさまでした👏\n\n週末の積み上げお疲れさまでした。\nこの週末が明日からの平日の積み上げの底力となると思います。新しい週もコツコツ。\n\n深呼吸→笑顔→素敵な夢を🌙💤\nBonne nuit💤✨'
夢,'かっけぇ……ワイもこんなことしてみたいし守られて夢女子になってみたいと思う反面、傭兵くんに対して憎しみが抑えきれない（ハンター専）'
夢,'●録画開始：ＢＳテレ東 2021/2/22 0:0 ～ 0:35 あのコの夢を見たんです。\u3000第７話\u3000大友花恋×仲野太賀[字]'
夢,'まあ、なんでもいいや\n\nボス猫の夢'
夢,'精靈寶可夢一番賞✨沒抽到A賞不回家🤣🤣feat.瑀熙 https://t.co/TGFS0Wjh8a 來自 @YouTube'
夢,'#ゆら猫生誕祭2021 \n🍜🍴Happy Birthday YURA🎂❇️\nかき集めたら夢羅ちが映ってるチェキ6枚しか無かったﾖ😇🌱\nこれからチェキ撮れるか自信ないけど並んだ際はよろしくね👻\n生誕は福岡のラーメン詰め合わせで🍜💚… https://t.co/UzJ6mtYTHP'
夢,'録画鯖99&gt; 【録画開始】2021/02/22 00:00 ～ 00:35 - ＢＳテレ東 - あのコの夢を見たんです。\u3000第７話\u3000大友花恋×仲野太賀[字]'
夢,'@NissiNisinisi しゃべるニッシーbotさん、おやすみなさい。いい夢を'
夢,'村上鋼くん夢増えろ！！！！！ https://t.co/vv1qItiLZq'
夢,'僕はメンエスの夢を見る'
夢,'@jyanchi_games ムゲンダイナ夢のあとのやるせない世の中じゃ'
夢,'性癖 夢の中でコンニチハするのは大変結構だが、被害者を私にするのやめてほしいね。普通に嫌な汗かくぜ。'
夢,'思い出ずっと\u3000ずっと忘れない空\n\n思い出ずっと\u3000ずっと追いかけた夢\n\n明けない夜はないよ\u3000\n信じることがすべて\n\n#嵐\xa0\xa0\xa0\xa0\xa0\xa0\xa0\xa0\xa0\xa0\n#嵐2020\xa0\xa0\xa0\xa0\xa0\xa0\xa0\xa0\xa0\xa0\n#Thisis嵐Live \n#ありがとう嵐\xa0\xa0\xa0\xa0\xa0\xa0\xa0… https://t.co/GNVeIvAkz7'
夢,'そろそろ寝るくま♪\n明日からまた１週間始まるけど、火曜日が祝日だと思うと気が楽くま！🧸✨\nみんないい夢を✨おやくま〜🌙\n#おやすみVtuber https://t.co/Q2IS4joRjY'
夢,'アァオ！起きたね\nこの短時間でえらく恐ろしい夢を見た\n\n海底を調べる仕事をしていてその途中暗闇からべらぼうにでかいサメに出くわして目がサメた\n.....サメだけに https://t.co/SvimQS4JWl'
夢,'假抗疫真坑川普，紐約州長庫默明星夢斷，民主黨人為何對“同志”下手？馬基雅維利用卑鄙手段獲得政治完勝為何深得左派追隨（江峰漫談20210220第2... https://t.co/ffQxKEdC4f via @YouTube'
夢,'@219_as いやいや！将来こんな所でのんびり暮らすのが夢です(●´ω`●)☆*。'
夢,'@champ05220409 どういたしまして😊\n素敵な夢を～❤💛🖤'
夢,'久々に眠りに落ちるのが怖い夢を見た、寝汗が気持ち悪いけど起きたくない'
夢,'@Yuonull いやいやいやいやいや🤣🤣🤣‼️（早口\nおかしいです！おかしすぎます！最後の一言！wwww\nそんな夢見たら二度と正気に戻れません🤪‼️\n無難に食い倒れな夢が見たいです😂\nおやすみなさい！w'
夢,'けれど、それでも彼の一挙一動に強く惹かれてしまうのだ。本当に、今まで出会ったことのない不思議な人だった。\nある日、彼が来店する前にしつこい客に散々言い寄られてしまった。仲が良さそうに振る舞ってみせ、挙げ句の果てには夢主の手を握ってくるような客だった。\n寸でのところで彼が来店し、'
夢,'@DQkurinosuk101 今までのレアモンチャンス\n多分平均10匹も倒してないからねw\n50匹の天井とか夢のまた夢だわww'
夢,'宮田くんの夢が宮田くんらしくてあたたかくて🥰\n\n宮本さんの愛情も感じました✨\n360度カメラ凄い！鯛目線の映像まで😂鯛茶漬け美味しそう！\n\n花火にも感動！\n素敵な時間をありがとうございました。第二回も待っています！\n\n #夢かなKBC'
夢,'今まで\u3000届く全ての言葉を\n心二つで\u3000受け止めて\n\nだから\u3000大きな声で伝えてと思う\n知ってほしいって\n\nありきたりの道じゃない事\n傷ついて\u3000挫けて\n支え合って\u3000努力して\n目の前の道を\u3000自分達で\n夢へと続く道へと\u3000変えた\n\n二人の人生… https://t.co/Go1NWaPZtQ'
夢,'@yang405 いい夢、見てねー🌟'
夢,'@3krnk 食べれたなら🆗🙆\n明日は平日やからいっぱい滑れそうやね🏂\nよい夢を🤗'
夢,'２人は春の夢でも見ているのかな?\n#クッキーランワンドロ https://t.co/YMyt6l8X5e'
夢,'@Okome1637 ニホンゴムズカシイ…になりがち…()\nアレですね…お互い程々に生きられればいいな〜と思いました……(壮大)\n\nおやすみのお邪魔をしてすみません…！お米さんが良い夢を見られますように…💭'
夢,'@nomoto__sora 最高の舞台に出演できて本当に良かったですね☺\nツイート読んでいるうちに、すごく気になってきました✨\n舞台は序盤なので、まだまだ幸せは続くよ👍\n\nゆっくり休んでね。\nおやすみ～いい夢を…✨'
夢,'いい夢が見れそう'
夢,'あと下手くそだけど夢だったロゴ作ってみた！ゆるかわいいでしょ（？）'
夢,'一年ぶりにSwitch引っ張り出して、ゼルダの夢をみる島やってるんだけど懐かしいしキャラはかわいいしグラフィック綺麗'
夢,'劇団四季の夢から覚めた夢のように、実際に同じような状況に置かれた母親や子供達、特に長女を勇気づけたり癒したりする目的もあったのかなと思いました\n\nそれから、トトロは雨の日に傘をもらって非常に嬉しかったから、遊んでくれたり助けてくれたりしたんだなと今回わかりました'
夢,'さとイッヌ飼いたい(ᐡɞ̴̶̷  ̫ ɞ̴̶̷ᐡ)うんちできたらえらいねえってよしよしする！ちゃんとふいてあげるし(介護)そんな砂糖くんのライブにいくことがばばあの夢です！生きてるうちに生砂糖くんの歌声にあいたい'
夢,'@fujiki_r18kmt 今気づいたけど、ミルミルの描いた黒猫が夢に出てきそうなほどこわいww'
夢,'コーチングで、夢が叶わなかったときのことを想像してくださいと言われ、深堀りすればする程、意地でもリベンジするイメージしか湧かずw「何かしらの形でやり直して、幸せになってます」と答えたら、今は辛い感情を味わうときだからと咎められた🤣'
夢,'ワシは何らかの要因で気絶したパートナー（軽症）を庇って大怪我をしつつパートナーの安全を全力で確保してパートナーが目を醒ましたのを確認して安堵して入れ違いで負傷と疲労による気絶をするもう片方シチュで下半身が痺れますね（唐突）グンナイ良い夢を'
夢,"'あの日あなたを知った 夢のように揺らいで ポケットに詰め込んだ 喜怒哀楽 / Hello,Fine Days'"
夢,'@NIL_garam にるさん、おやすみなさいませ♪\n良い夢を〜つ🧁'
夢,'数字でぬりえをするアプリが面白くてはまってしまいました😅\n\nでもそろそろ寝ないとね🌙✨\nおやすみなさい\nよい夢を🍀 https://t.co/Ui7jX0hG99'
夢,'@Xn7QSkPsVY0cx08 おお！   さすが愛夢さん。ブロックされていない僕は、まだまだ小僧ですね😢'
夢,'おやツイ\n\n皆様本日もお疲れ様です。配信が終わり次第寝ます。明日も素敵な1日となりますように…\nおやすみなさい良い夢を🕊'
夢,'ぁあ風呂寝してたたた\nお風呂で見た夢の続きがお布団の上にも転がってたら良いのにな〜\nとか言ってないで皿洗ってき〼'
夢,'ワタシも自己紹介作ろうかな〜ハーバード大学から生まれたてんさいです^_^💖将来の夢はノーベル平和賞を受賞すること🎶なーんちゃって😅💦'
夢,'@rin_u_ta 夢絵頑張るぜ〜っ♡'
夢,'@AyacoRedheels 良かったぁ〜✨\n\n今日も素敵な夢を(*´˘`*)♡'
夢,'@poponyan011 は～い\n素敵な夢を(≡^∇^≡)ノ'
夢,'まじでmishmoshのPRIDEとjkzのあの夢をなぞっては永久に見れる'
夢,'@VolPopErg 仕事してる夢なんか見たく無いわwww'
夢,'@S_Milobot おやすみなさい。\n良い夢を。'
夢,'銀時はムニムニと夢主の胸を揉みながら真剣な顔をして言う\n目がキリッとして夢主も銀時の表情に胸が高鳴るんだけど\n「胸のカタチが崩れんだろ？あとキツそうだから胸が圧迫されて私生活にも支障きたすぞ」この前パチンコで当てたからプレゼント🎁… https://t.co/o5AbEUXi6N'
夢,'@Ka_Tsukada @GokiInoue これ、ホント、クラブハウスで歩夢くんが自信持って話してた理由がわかりますよねー！飲んだ瞬間にうおっ！って。'
夢,'「夢で第１志望校に受かった！」\nじゃあ、現実でも受かろっか！！'
夢,'改めておめでとうこれからもずっと\n\n拝啓あの日の僕へ\n今はココで立っています\n誰かに笑われた夢を\n今もココで見続けてます\n\nーU R not aloneー\n #藤原丈一郎入所17周年 https://t.co/NUdgYrOTsx'
夢,'Hi there !\nわたし、オクムラアキラ！魔法少女を夢見る24歳独身男性✨✨\nこの頃深酒のせいか、モニタを見ているとすぐに目が乾燥しちゃうの。。。\nっていっけなーい！！もう日を跨いじゃうわね！！\nおやすみなさい🌈続きはあなたの… https://t.co/4mXxIsFUzw'
夢,'そーいえば昨晩の夢の話\n実家の前で素振りしてたの\nこう見えて野球してたから\n家の前が道路で2人歩いてきたから道譲った\n1人が家に近づいてきてそげちゃんのクロスに乗って走ってった\nもう1人も知らん間におらんくなってて、ドロボー！！っ… https://t.co/GF51Y5ceti'
夢,'夢の中でも共に堕天しましょう！'
夢,'童磨くんが夢に出てこなくなったので最近元気w'
夢,'💜のおかげで、今日もいい夢が見れそうです。'
夢,'ここ半月、後味が悪いイヤな夢ばかり見るから、寝るのもユウウツ…'
夢,'灯璃｢はい、おやすみなさい。…何だか寂しい、ですか？大丈夫です。今日は一緒に寝るんですから……ね？明日も一緒ですよ。……いい夢を｣'
夢,'全て終わって達成感と喪失感との拮抗が凄い\n一年間これを死物狂いで頑張れば誰でも早慶上智行きたい所に合格できる\nそれは証明出来た\n全ての可能性が全ての人の中にある\n勉強だけじゃなくスポーツでも各々の夢でもそうだと思う\n一年間僕の煩い… https://t.co/7PYKxN51uB'
夢,'@NOEL_SUKI_MURI 夢に出てきて欲しいのだ🐹'
夢,'福岡凱旋もそうなんだけど、やっぱりまた地元に推しメンが来てくれることが夢なんですわ…\nホクト文化ホールにでんぱ組が来る世界線、実現して欲しいなぁ…'
夢,'@yukkedathusara 順調で何よりです😊\n\n勉強の日々で本業との両立！\n\nなかなか大変だけど夢なんで頑張ってますよ😊\n\nいつかユッケさんとビジネスで\n一緒にやれる時を目指して👍'
夢,'@LS_rizumuS 吏主夢、おやすみ(^_-)-☆'
夢,'【101】［夢］「国会議員」(宇治原)【baseよしもと official book Ｂ面03より】'
夢,'F1日本人が復活するのね！！\n小林可夢偉以来？？'
夢,'「マドカくんと、歩むのも。…私の新しい夢、だもん」'
夢,'スポーツ選手が努力は報われるだとか夢は叶うとか名言めいたことをよく言ってるけど自分の頭の中にスポーツ＝娯楽の考えがあるから好きなことだけやって来た人が何言ってんだって思う'
夢,'@asukanose0925 そうだぜ…夢じゃないんだぜ✨'
夢,'今気になってる作品は「夢ぞろぞろ」と「今日もしんでるあいしてる」ですね'
夢,'@ogiri_no_odai はかない夢'
夢,'@pirooooon3 いい夢を✨'
夢,'セリオス「もう寝る時間だよ。お休み、いい夢を」'
夢,'夢を見せてくれてありがとう\n大好きです！これからもずっと応援しています\n#まかまどforever'
夢,'男役と娘役の理想であるような2人が組んだクラシカルな宝塚らしいトップコンビでありつつ、同じ立場に立つ戦友のようなまかまど\n2人が見せてくれる夢が今までもこれからもずっと大好きです\nまかまどがトップコンビの宙組で宝塚にはまれて、まか… https://t.co/Kcv8dWRk24'
夢,'「落木、元の世界に戻って夢を叶えたいんだろ？ここに居ても叶えられるもんも叶えらんねーよ？皆の足枷になるとか気にしてねぇよな？んな訳ねーだろ！君は足枷じゃない落木は先生様達にとっての幸運だ、帰ったらまた俺様には振舞ってくれたお茶を飲ませてくれよだから生きて帰ろーぜ！」'
夢,'今日は天気もよかったので奥大井の井川の方の夢の吊り橋まで行ってみた https://t.co/3khh8Gr5Om'
夢,'⚠️夢主顔有り \nボーダーの日常。\n\n #WT夢 #ワートリ夢 https://t.co/6a6keWueL6'
夢,'昨日見た夢はさ、仕事異動する場所がインドとドイツ足して2で割ったような海外で、飛行機で移動するんだけど、そっちの世界では魔法が使えて、でも言葉通じなくてめっちゃてんやわんやしながら異動する夢だった'
夢,'としくん！みんなの夢アワードお疲れ様でした〜！すっごく素敵な番組でめちゃくちゃ泣いてしまいました〜！改めて見てもということはとしくんもリアタイしたんですか？？？同じ時間共有したということですか？？？？どうなんですか？？？？？？？'
夢,'@nimame_taro いい夢…高峯の太もも埋もれる夢がみたいですおやすみなさい'
夢,'犬を飼っている人たちの夢\n動けませんでした\n#犬好き https://t.co/xmh4JV4OaP'
夢,'@kurosakimaon 真音ちゃん急に消えたりしないでね！絶対だよ！夢叶えてほしいです。真音ちゃん負けずに頑張って下さいね。'
夢,'夢のアーチを\u3000空高く\u3000町田のパワーで\u3000どこまでも\u3000【OB\u3000町田\u3000康嗣郎】 #carp'
夢,'@naganomiyabi おやすみやび🍣\nまた夢で👍'
夢,'@aloeaoi おやすみなさい、良い夢を(*˘︶˘*).｡*♡'
夢,'今日も一日おつかれさまでした。\n楽しい夢を見て疲れとってくださいね(^^)\n明日もよろしくお願いします😊\nおやすみなさい💤'
夢,'恐ろしい夢の世界からの脱出 - The Conjuring House - ホラーゲーム ゆっくり実況 Part14 https://t.co/6OLL9fJfWv @YouTubeより'
夢,'@hyma1127 Hymaさん\n無理だけはしないでね😆🎵\n\u3000ぼちぼちでいいよ☺🌼\nとりあえず\n今日はゆっくり休んでくださいね😌🌃💤\n明日は明日の風が😊🎵\n素敵な夢をね😌🌃💤\n魔王からの力を😆🎵 https://t.co/ZKeJB350SN'
夢,'@cB4Duf6YznaJo43 猫の日も終わるけど、ひちょさん本人が気まぐれの🐈だから🥴\nでも出だしにヒョン呼び頂けたから今日はいい夢見れそう🥴'
夢,'お袋が亡くなる直前に、病院の白い壁をずっと見つめながら\n『お母さん頑張ったけどもうだめだ…』\nと言ったこと今でも思い出すよ\n\n癌で辛い日々を送った母\nよく頑張ったね\n\n俺は必ずお袋の分まで生きる！\n明るく笑顔で生きる！\n必ず夢も叶… https://t.co/JFgN34S6CC'
夢,'私もただの人類最後のマスターで独神でNRC監督生でロドスでドクターやってるし禁書IFでは….…禁書IFでは何…………？禁書IFにおいてのプレイヤーとは何….………？トールくゃんに恋バナをせがまれ垣根帝督にガン飛ばされキャーリサ様の… https://t.co/rR4rm1Z75X'
夢,'篠ヶ谷歩夢のデビューをツカメツカメ‼️'
夢,'おやすみなさいホットヒーヒー😸\nいい夢を´`*'
夢,'【夢は２度実現する】\n・夢を描いて、その計画を作る\n(１度目の実現）\n・実際に計画を遂行して、成果を得る\n(２度目の実現)\n\nこの話を聞いた時、夢を考え計画すると\n２回幸せを感じられるんだと感心した\n\n普段のちょっとした夢を計画で… https://t.co/Dz3L3PJelQ'
夢,'@tdkg_kopannda 🦑もういらんわwwww絶望感しかないwwww\n\nこれぞまさに危険な一発台…ギャンブラーの夢が詰まってる🙄\nハンサム君！！進化するんかい！！\nちょっとちゃまのパクリみたいな演出があるなw\n\nカテーテルだらけになりそうだお…'
夢,'ぼちぼちはじめます！\n\n【#夢追ボーカルへの道】第4回 課題曲：yama「春を告げる」【にじさんじ/夢追翔】 https://t.co/LhBOnpIy80 @YouTubeより'
夢,'@smonnsxxxlv ふたりともかわいいかよ〜！！！完全に見えた…キュンすぎる。\nそう！全力で抱きしめてくれる。そのまま寝ちゃうから夢で食べてたりすると噛まれたりしてる。けどそれが好き🥺'
夢,'この前みた夢が面白かった。友達と渋谷を歩いてたらファンが興奮気味に走って寄ってきてバレたかな？と思ったら「すいません！あの！北条時政さんですか？！」とか言われてワロタwwwこの時代にwwwwwしかも全然似てないww https://t.co/VUY0AzBvPq'
夢,'夢に出てきた髪長めのバンドマン誰だったんだろうほんとにドキドキしたい会いたい'
夢,'硝子細工師と調香師のパロ、死神病棟の楽くんの話をしたあたりで呟いた気がしてたんですが見つからないので夢の中だったのかもしれません…。'
夢,'キャスありがとうございました\nまさかあんなことやこんなことが起きるなんて……！夢でも見てる気分です'
夢,'【記録】夢を炸裂した友人とわたし https://t.co/ijwjZOFirP'
夢,'夢ならばどれほど良かったでしょう'
夢,'@kasai_sinya 500ページの夢の束、とかなんとか……あうう。ちゃんと覚えてないっ。'
夢,'こないだめちゃくちゃスプラッタな夢を見て飛び起きたんだけど何がどうスプラッタだったか忘れてしまった…'
夢,'いまわたし起きてる？このついったーは夢の中のついったーかな'
夢,'もう一度サッカーをする為、そして君を守れるようになる為。俺はこれからも、夢に向かって努力は惜しまないよ。だから、隣で見ていてくれ。'
夢,'出\n色インテレオン【夢特性】育成済\n色アシレーヌ【通常特性】育成済\n色スイクン【モンボ】過去産未育成\nゲノセクト、ボルケニオン【ゲッチャレ】未育成\n\n（上記全て国産）\n\n#ポケモン交換\n#ポケモン交換募集\n#ポケモン剣盾'
夢,'信玄「巨乳はみんなの夢が詰まってるから大きい」（ドヤァ\n謙信「貧乳はみんなに夢を与えているから小さい」（ショボン'
夢,'夢にまで出てくんな'
夢,'猫の日にりぬくんを描くのが夢でした来年もこのアカウントが生きてたら描きたいです犬の日いつだ？'
夢,'徒歩圏内に美味くて安い町中華屋があればなぁ（叶わぬ夢）'
夢,'お前は今、自分では何も判断できんはずだ。行動もできん。ただ知覚と知識だけの存在だ。ただ見聞きし、記憶するだけがお前にできる事だ。ままならん夢のようなものだと思え。ただ私の話を聞き、憶えるのがお前の仕事だ'
夢,'てか2013なら可夢偉？'
夢,'一織は不器用でツンデレですが、オフィシャルなことに関しては「あなたのものになってあなたの武器になってあなたの夢を叶えてみたくなります」「あなたをスーパースターにしてみせます」「幸せな環境をキープします」「一番七瀬さんのボーカルが好きです」などと恥ずかしげもなく言います'
夢,'これは夢なのか'
夢,'私の物語は快い感じを与えはしない。それは、考え出された物語のように、甘くも、なごやかでもない。それは不合理と混乱、狂気と夢の味がする。自己を欺こうとしない、すべての人間の生活のように。（ヘッセ『デミアン』）'
夢,'そーいえば今朝方見た夢が\n黒甲冑きた武士達にライトスタンド（バッグin）を押し付けられて\nお前も撮影手伝え！って言われる夢だった\nんで、思い出したんだけど\nワシ夢の中だとめっちゃパルクールしてるんだよね\n\n現実では絶対に出来ないけど\n身体能力ぇ…'
夢,'@oukaaa55 控えめに言って好き…\n夢垢良ければフォローしたい…'
夢,'シンプルに何歳なの？成人してるよね？Jr.何年してるの？それでそんな発言しちゃうの？ファンに夢を見させて希望を与えるのが、私の中のアイドルの定義なので、誰かが不幸せになったりファン同士での争いの火種になるような言葉さらっと落とすところがお察しだわ'
夢,'「私が小学校の教師だったら、子供達に毎週一回は夢を具体的に語らせる。最も子供達を成長させる教育の一つであろう。」（孫正義）'
夢,'たまーに夢女子に見えて普通のオタクとかあるからツイフィは見まくってる'
夢,'@uranurses 夢の様な撮影会ｗ'
夢,'モラルが3タテのクリップ上げてたんで\n俺は夢の中でモラルを3タテします\nおやすみ'
夢,'夏目ちゃんチェキ\nありがとう～\nよい夢をにゃ～ん ฅ•ω•ฅ https://t.co/nxHUibrpxq'
夢,'まだまだ、まっとぅんとの夢は続きそうです‼️😭😭😭😭😭\nみんなー!!! よかったね😭😭😭😭\n日本はまだ来週最終回だけども。\nThank you #MaxTul and #tvthunder♥️\nWe love you from t… https://t.co/opwYyed80m'
夢,'猫の日の来夢さん。\n一応ゲージから外にいてくれる時間もありました。 https://t.co/nO0iRO0X8g'
夢,'ランキングが時代を表してる。10数年前には想像もつかなかったでしょう。いかに変化をとらえるかが大事かわかる。夢も与えてくれる。 https://t.co/6q4g2FaSni'
夢,'最後の、ね！だけ\nエコーが消えててなんかちょっと、\n現実的な感じに聞こえた笑笑\n夢ではないー！的な？笑笑\n\n＃MAXで行こう\n＃森崎ウィン'
夢,'@smaaaxxx 黑尾A夢在成群的貓貓日中太獨樹一格(?????'
夢,'エレンってヒストリア(一緒に悪い子)やアルミン(夢を教えてくれた親友)やライナー(憧れと尊敬。お前と同じだ)とのやり取り見てると、エレンは金髪が好みのタイプなのかと思ってしまう'
夢,'また\u3000誰かが\n平気な顔をして\n夢だと\u3000笑っても... https://t.co/lNHkDKSkhL'
夢,'@KuronekoParis 焼きたてパンの香りで目が覚めるって夢のようです。\n早起き出来ますね！寝てたいときはツラいけど。'
夢,'@syun1y じゃー特別感ありますね（笑）てか夢羽ちゃんめっちゃ可愛いっすね'
夢,'篠ヶ谷歩夢くんの夜練とかエモすぎて泣くしかない'
夢,'@snowmaneater 私の夢(アプサラス)'
夢,'❤️に個人仕事を下さい🙏彼の夢を叶えて下さい🙏🙏🙏'
夢,'@NxN_NAMI おやすみにゃさい～\n良い夢を'
夢,'@tailwind_017 偶に夢に出てきますね。忘れてたと思っていた人が突如として！'
夢,'@Rplutolove43 Ryoさん💗何時もありがとうございます🥰🍀💕💕本日もお疲れ様でした〜🥰🍀💕こちらこそ明日もよろしくお願いします🥰🍀💕明日も1日Ryoさんにとっても笑顔あふれる素敵でHappyな1日となりますように…🥰🍀💕💕\n良い夢を…🌈✨✨\nおやすみなさい😴💤⭐💕💕'
夢,'もう夢ファンファーレ…'
夢,'今日は他の職種の人と相談してて、病院から帰るのが遅くなった。これからやりたいことを話した。一緒に夢を語った。叶わなくても幸せ者だと思った。'
夢,'夢とまざってねぼけてて\nきゅうりてなに？？？？？？？？'
夢,'さて今日はちょっと疲れたから早めに寝ようかな\n皆さん良い夢を〜\nぽやしみ〜( ˘ω˘ ) ｽﾔｧ…'
夢,'@pome_utayo おやすみなさいませ、良い夢を。'
夢,'う、ネガティブなこと言いそうになったけどやめた。\n堪えた🔥\n明日はかわいい子たちが届くし。\n楽しみにしよう✨\n\nいつもありがとうございます。\nおやすみなさい🌙\n良い夢を🌟\n\n#テディベア\u3000\n#くまゆめ https://t.co/zk0xGY5mJb'
夢,'韓国ドラマは歴史ものばっかりだったのにここ最近は愛の不時着とかスタートアップ夢の扉とか現代のが面白くて時間あるとき見てる'
夢,'#君と宵待ち日記\nネコミミつけてもらえなかった日の宵の夢\n⚠️R18落書き漫画です https://t.co/HyhRUNRG9n'
夢,'夢キャスロス、第n弾'
夢,'今日の夢は人生最大級の怖さだった。詳細は忘れたけど明晰夢で、何か違和感を覚えながらシンクの戸棚を開けたら中から突然おばあさんの声がして絶叫した。\n夢から覚めようと必死に念じたのだけど、身体が金縛りにあって動けず、追いかけてくる恐怖から逃れられなかった。起きたら汗びっしょりだった。'
夢,'11ヶ月ぶりに働く事になりました!\n\n本当に大変な方々もいるので不謹慎かもですが、自宅待機からの無職期間、最高だったなー\n\nマジNOストレスで毎日ゴロゴロしてたw\n\nそんな夢のような日々も終わり、\n明日からは朝5時起きデス…\n\n果… https://t.co/ZiYizvZnRx'
夢,'@moon_star_party えへ…微笑ましすぎます🥰\n夢の中におじゃまして説得するしかないですね…💪'
夢,'映画「窮鼠はチーズの夢を見る」を見た時も主役のお2人体張ってるなって思ったけど(しかも先輩はジャニーズの人)\n原作は読んでませんがどんな感じなんだろ？\n人を好きになるのは理屈じゃないという事を教えてくれる\n個人的にはラストシーンもよいと思った作品でした'
夢,'@futaba_ema_LIFE あらま！？\n罰ゲームあるんだ………\n٩( ᐛ )و&lt;がんばれエマ姫さまっ💕\n\n今夜も優しい夢が訪れますように🌙'
夢,'輝めちゃめちゃめちゃめちゃ好きだけど私が一方的に好きで輝は私のこと知らないから、ある種の夢女だけどマジックミラー夢です'
夢,'1年前の今日、夢色イルカショーってマジ…？？？？あれから1年…… https://t.co/YDVYIlf8ta'
夢,'@m_m_n_e_k ももちんさん！こんばんは♫\n\n222人ゾロ目企画\n2月22日声掛け目指せ222人を一人ぼっちでやってます！笑\n\nご迷惑でなければプロフや僕の夢固ツイも遊び来てください✨僕も応援しますー✨'
夢,'そうみャ、これは夢なのみャ。オレっちは今夢を見ているのみャ。目が覚めたトキ季節は冬で、オレっちの枕元にはBD化プロジェクトで1位に輝いた「とらドラ！」があって…オレっちは朝酒を呑みながら最初から見始めたばかりにトロステに遅刻してタライを100発もらうのみャ…'
夢,'@hisayuki ヒサさんありがとー！☺✨\nいい夢みれそう〜🎶'
夢,'🍫夢も書けず絵も上手くいかずいっぽんしょうぶもできずじっと手を見る'
夢,'@chofu_shibuya 絵本が大好きな息子👶🏻✨\n\n毎月一緒に本屋さんに行き、一緒に絵本を購入しています📚将来は自宅に図書館を開館するのが夢🌈\n\n寝る前に10冊以上本を読まないと寝付けないらしく…母としては嬉しい悲鳴です💕\n\nそんな息子の本を購入したいです！'
夢,'ほもの夢の続きみたい'
夢,'夢のクレヨン王国、おジャ魔女どれみ、ミルモ、ぴちぴちピッチ、満月をさがして、東京ミュウミュウ、学校の怪談、アニマル横丁、アイシールド21辺りが私の青春だった。。（他にも見てるのはあるけど）'
夢,'@Temaru_iti しょうがないよ、俺程度では炎上なんて夢なんだ'
夢,'【Cosmos Energy Charge】-  CEC  -\n\n宇宙のエネルギーで、遠隔ヒーリングします。\n\n『~  Dream(夢) ~』\n夢の実現に近づく\nエネルギー循環\n充実感を得る\n\nなどの効果があります。\n\nフォロー／… https://t.co/HTlQZRhwcT'
夢,'装具付きだけど夢生がボール蹴ってるの観れてめちゃくちゃ嬉しいな\n厳しい怪我だけど夢生なら絶対に強くなって戻ってきてくれると思う'
夢,'Ｅテレ！？歩夢ちゃんのとこいけんのか…？？'
夢,'今のスタンは特にコンセプトの無い好きなスペル詰め込んだだけのティムール回してる時が一番楽しい(*´ω`*)\n\nあとは青白コンで夢さらい叩き付ける瞬間(*´ω`*)'
夢,'語りが上手い〜本人語り〜夢主ちゃん目線大好き〜好きすぎたこれはいいnkzikってタグ付けたい'
夢,'【#夢追ボーカルへの道】第4回 課題曲：yama「春を告げる」【にじさんじ/夢追翔】 https://t.co/ZJe2B4IgBX @YouTubeより そわそわ'
夢,'@Yumena0329 (•̀ㅁ•́ฅ)!!はい\nこれで2人だね(*´˘`*)♡好きだよ夢七(  * ॑꒳ ॑*)っ⌒♡｡．'
夢,'夢のクレヨン王国リメイクしてくんねぇかな'
夢,'@yukkiy2016 ドット感が確かに…👍\n\nレ・ロマネスク🇫🇷のお二人からの贈りものが届いた日に、ロマネスコ🥦収穫…\n\nフフフ…\n\n良き夢が見れそうです🕊では〜😴'
夢,'@rekkaken1013 お疲れ様です、心中お察しします。\n\nでも\u3000それとは全く別の話として\n僕は楽に\u3000辛くなく死ねるなら\nいくらでも寿命削りたいし\nそうなれるのが\u3000僕の夢なので…\n\nたまには\u3000他人と違うから\n言いづらい価値観も\n吐き出させてください😂'
夢,'寝まーす！\n\n明日は早起き目指しつつ、無理はしない…。\n今週は自分を労る週間にします。\n朝の動画を楽しみにしてくださった方\n来週は頑張るので、よろしくお願いします❣️\n\nそれではおやすみなさい❗️\n皆さま、良い夢を見て下さいね❤︎… https://t.co/SBVpegBrkq'
夢,'2回目の審査的なやつで実力を発揮する篠ヶ谷歩夢'
夢,'夢ファンファーレの愛蔵くん出ませんでした。負けました。グッバイ………\n\n #ハニプレ'
夢,'僕はそろそろ寝るかな。\nみんな、いい夢を！ https://t.co/K6aQx1u1DW'
夢,'下野紘\u3000怖い夢を見た七歳の演技をしてみた\u3000腐向け\u3000https://t.co/oaDMvYaPvf'
夢,'無何有の郷\u3000～ Deep Mountain\n妖々夢/１面テーマ'
夢,'そもそも夢主が存在しないならそれは夢小説ではないのでは……🤔❓️'
夢,'#いつか超つよつよ絵師になるので今のうちに推しませんか\n\nモチベ維持のためにどうか何卒🙏\n基本アナログ、最近はデジタルハマってます！\nほんとに、いつかの夢です。\n#創作クラスタフォロー祭り #リトルナイトメア2 #ポケモン https://t.co/Klxi1RSt3X'
夢,'@Riyumayana おやすみ💕\n夢で逢えますように✨'
夢,'別に否定してるわけでは無いんですけれど、🌈🕒繋がりたいタグ見てると女性ライバーの夢女子さん多すぎて｢ほんまか…？ほんまに恋しとるんか…？？？｣ってなる…お気を悪くさせたら申し訳ない…'
夢,'夢女製造機二i宮i匡i貴って字面は匡i貴くんかっこいいって女が集まってくるって思われがちなんだけど実際はお世話してあげなきゃ〜精神のおかんみたいな夢女さん多くない？お前勘違いするなよモテてるわけじゃなくて母性が働くから夢女増えてる… https://t.co/rRDxUH3zbf'
夢,'@MisiMHW1 それは夢の中じゃないかもしれない…'
夢,'『春の陽だまりの如し』の牡丹の登場の時にかかってた夢色エトワールの「生まれ変わった私は〜」を彩海ちゃんが歌ってたの、舞台がオーバーラップしてめちゃめちゃよかったなあ'
夢,'🐹おバカだね\n🐭おバカだな\n🐥ひどっ！\n🐹言葉信じないんでしょ？\n🐭だから行動で示してんの\n🐥いつもの愛情表現かと…\n🐹🐭だからバカって言ってんの\n\nこんなネタも書いてたんですね、過去の私…書き終えた記憶あるんだけど夢だったのか？🤔←探せ'
夢,'今日ずっと寝てたらBDアズール引く夢3回見て、これは正夢でしょと思い、回し、出ず、遺憾\u300010回単発して5回SRで期待値高めてきたのも悪'
夢,'さとみくん！\nお誕生日おめでとうございます！🎉  \n\n28歳なりましたね✨ \n\n27歳はチャンネル登録者数100万人超えたり、ライブが中止になったりなど、嬉しいことや悲しいこと沢山あったと思います😢\n27歳の時に叶えられなかった夢… https://t.co/31yTXmmSEh'
夢,'こんないいベッドを持てるなんて夢？夢かも？ https://t.co/GOqpK8w5wg'
夢,'うちサぐ♀のサの人はスキル大人の余裕が現凸してるので猫化(≒病気/神経衰弱中)に勝手に？襲ったりしないし看病なら優しく素手で体洗ってくれるだろうなぁという夢をたくさん詰めた話でした\n(ただしやましい気持ちはあるしイライラもする)'
夢,'バチバチにかっこいいキムテヒョン氏を置いて寝ます、いい夢絶対見れる💫 https://t.co/YDRXNWmtYO'
夢,'@kuzuo_g おやすみなさい😴素敵な夢を✨🧚🏻✨'
夢,'道端に 石ころありと 気付くべし 古今に曰はく そは歌の種\n\n生産性ゼロの休日を充電期間と呼びます[要出典]。皆様、佳い夢を。\n#のぼりうた'
夢,'@1\n\n.\n\nご主人様 あ〜んして下さい 💀🐾\n\n#イデうつ  夢絵注意 保存禁止 https://t.co/DzakGPkGL8'
夢,'ありがとうございます！！！お好きなように飾っていただければ私はめちゃくちゃ嬉しいです‥！飾ってもらえるのって人の生活の一部になれるみたいでま〜〜〜夢のようですわ‥\n#マシュマロを投げ合おう\nhttps://t.co/brWlXV1h9w'
夢,'なるほどあんじゅ睡夢なるほど https://t.co/A4SF4Mwn7Y'
夢,'@fukashishinto へへ、証拠の前に記念ですが🥰キスしてって言われてそのまましそうになるけどそこはグッと堪えて言います💪お返事代わりのキスですか？！🙈💕こ、こらー！ほどほどにするんですよー！？(みすとも椿も大歓喜)夢里さ… https://t.co/0g6TWPhXah'
夢,'もともとアカウントが分かれてたり、流石にうるさいかなっと思って自重してる(そうか？)だけで全然元気に夢女子してます。たのし〜〜'
夢,'@90a90PUFlWwEs2c ごめん､りんちゃま…\n吹き出したわ(((*≧艸≦)ﾌﾟﾌﾟｯ\nなんでまたマツコデラックス？\n痩せなさいよ､あんた！って😂\n私も言われそう🤣🤣🤣ﾔﾊﾞｲﾉﾖ\n\nいつか一緒に食べたいね😊\n本当に会いた… https://t.co/VmhpM2nepq'
夢,'螺旋の夢\nPL:焼き鳥さん\n久しぶりに回して来ます https://t.co/8HCwNfxzJy'
夢,'………………なんだよお姫さん、怖い夢でも見たのか？#ハルターbot'
夢,'舞の「リハビリがんばってください」にも声を荒げてしまったのは、恒夫が「好きなら諦めるなよ！」ってジョゼに言ってしまった後悔で自分自身にムカついたのが大きいんじゃないかな。\n\n一方、ジョゼは舞との口論で「恒夫は絶対に夢を諦めないスゴいヤツ」っていう事を見栄を切りながらも再認識して、'
夢,'@0405harumamiura うん うん😭\nお揃いのトレーナーも着てたし✨弟みたいに思ってたんだろうね～😭\n\n森の学校は 先々週なんばでアンコール上映あったから観て来たけど🌲知ってる限り今はないかな💦 復活すれば夢の3本立て😂\n春香ちゃんの方 やってるんだよね⁉️'
夢,'&lt;二度目の収穫/Rowen(VIS)&gt; \n二度目の収穫の夢を見た。けれど、それを見ることはないような気がする。\n――― 聖なる報復者、アズマイラ'
夢,'「ワシは子供に夢を与える・・・じゃが魂を頂くという寸法よみよワシの裸を」サンタが服を脱ぐと体中に顔がついていた・・・それも子供の・・・（第557話：サタンコロス、ナレーター）'
夢,'地球上のすべてのねこへ\n──よい夢を'
夢,'でもダーリンもかっこよすぎて夢沼から抜け出せない'
夢,'千冬夢だったもの供養(2/2) https://t.co/O0cxfXqRZd'
夢,'碧、夢に向かって頑張って。絶対に間違いでもないし、笑わない。 bot'
夢,'【森田涼花、橘ゆりか 出演】\nフジテレビNEXT「#実話怪談倶楽部 The LIVE! 第二部」深夜27:30から！\n\n出演：兵動大樹\nApsu Shusei、由乃夢朗、ぱんち\n\n#怪談 #fujitv\nhttps://t.co/X2Vj2O2M9O'
夢,'寂しくはないよ\u3000君と生きているから\u3000（夢の飼い主）'
夢,'もし何か夢があるなら、その夢に本気になろう。\n人間は誰しも24時間同じ時間が毎日あるんだ。\n少なからず夢を叶えた人は、一日をより濃く生きてきたんだと思う。'
夢,'「夢はいつまで夢を見せるの」って歌詞がすごく好きです'
夢,'@Mcreator_ ルイ〜😊\nzoomオフ会お疲れ様♪\n\ngoodnight🌙.*·̩͙いい夢見れますように💕'
夢,'お友達家族たちと夢のようでバチくそに忙しい2日間でした…子供は天使だ…愛が止まらない…私は本当にお友達に恵まれてます！\nこれでまた、明日から頑張れるぞ！\n感謝♡ https://t.co/kDo5Bu8FKf'
夢,'でもさぁ寝てたって夢って言う映像見てるわけだしさ それで言うなら配信見てたってそれは寝てると言えるんじゃないの？'
夢,'@V_haruya0129 @siduki_sora11 喉に葛葉飼ってる人に夢対応されてしまった\nおふたりが頑張ってくださるなら僕もがんばってファンアートかくね'
夢,'最近フェイタン夢で優しくしてもらえる方法を考えついたのである。\n夢女自身を盗品(＝お宝)設定にすれば丁重に扱って貰えるはず…！！この妄想のおかげでなんとか仕事乗り越えられてます🥳'
夢,'@tai_you_TL \n漠配置ありがとうございます!!\n悪夢の内容は食べてもらって忘れるし、食べ残しがあっても起きたら動物がいてビビりすぎて夢のことなんて忘れるし最強ですね😁'
夢,'ｻｽｹの夢の中ゲームになっちゃってるのもすごすぎるでしょ…'
夢,'もう今日終わるの？？？まだえふじーおーも🎾🐰もやりたいし、さんむそやりたいし、各方面の夢漁りたいし、他にもいろいろやりたいことだらけなんだが'
夢,'@kaworufgo わぁーーい絶対ですよーーー！？！？✨🥺✨567はよ滅せよ！！！！！🔥🔥🔥🔥\nそれまでに色んな夢の海マメ知識叩き込んどきますわ🥴✨'
夢,'卒制迫ってるのに全然違うこと捗ってるのウケるね 将来の夢は勇者'
夢,'@_lbnxx いい夢見れない俺'
夢,'遥かな空へ出掛けよう信じる絆を抱いて\nみんなの気持ち響きあって地図を作ってく\n最高の一瞬を何度も超えてゆくんだ\nトキメキは止まらない夢を歌うよ Glow Map\n\n歴代ナンバー１！おめでとうございます！！！！ https://t.co/VcT7Mv9hlY'
夢,'@utauta127 私たちの夢を載せる鉄道を((((((('
夢,'夢飛行の2があるなら行きたいですね'
夢,'おやすみなさい、今日も良い夢を…ぐぅ。'
夢,'地球上のすべてのねこへ\u3000よい夢を'
夢,'今日見た夢4本立て https://t.co/N4LHKzUKru'
夢,'#ぺこらいぶ\n夢を実現させた？！'
夢,'寝支度は大丈夫ですか？\u3000おやすみなさい\u3000良い夢を'
夢,'@yuitama3417 複雑よー💔\n夢でいいから潤之介くんと付き合いたいわ😭'
夢,'@kazumyi1979 大畑歩夢選手で😊かわいいお顔とムキムキが🤭'
夢,'今は信じない 果てのない悲しみを\n太陽を見ていた \n地面に立ちすくんだまま\nそれでも僕ら 空を飛ぼうと\n夢を見て朝を繋いでいく\n全て受け止めて一緒に笑おうか\n\nアンビリーバーズ/米津玄師'
夢,'そしたらその夜わたしが死ぬ夢を視たの'
夢,'夢を見るから、人生は輝くんだねえ。'
夢,'@krtmgpl 良い夢を～'
夢,'夜どん… おいら、そろそろ、眠っちまうどん…  いい夢みたい〜どん…'
夢,'夢女の集まりオモロ'
夢,'綺麗な顔で夢に出てこないでよ。忘れられなくなるじゃないか。\n\n…嘘。忘れるつもりなんて微塵もないよ。夢で会いに来てくれて、ありがとう、姉ちゃん。'
夢,'@Sakura01080 今どうせみんなツイステだから\n夢主？現在進行形でいますね'
夢,'@She11ReBamb00 NORIさんおやすみなさい〜\nお互い良い夢を〜✨✨'
夢,'@diva2020jp 良い夢を見てください(o_ _)o'
夢,'今日もたくさん絡んで下さってありがとうございました٩(๑´0`๑)۶楽しかったです。\nおやすみなさい…素敵な夢を…'
夢,'幼少期、大熱にかかった時、1期14話の風邪回を夢に見たことがきっかけでも滾るなー 此処では看病してくれる兄弟が居なんだよ寂しいよね十四.雄… あと普通におそ.まと遊んでほしいし、ジェイソン4男と仮面・紙袋交換してふざけあってて欲しい（ごった煮世界線）'
夢,'パプリカ良い映画でした。夢特有の非現実と現実を行き来するような感じと、良い意味での気持ち悪さが混在していて、どこから、どこまでが夢なのか。しかし、夢の自分もまた受け入れなければならない己なのだということ。'
夢,'漫画の専門学校に通う夢をみた。\n僕は商業作品に疎い為、畑健二郎作品がテーマの授業についていけず心細かったのだけど、隣の席のくろすけ先生がいろいろ教えてくださった。楽しい夢だったな。\n畑先生だったのは、堀江由衣さんがご夫妻の新婚旅行について行った話を何となく思い出していたからかな。'
夢,'あなたは将来どのようになりたいですか？\n人とはどのような点でとびぬけたいですか？\nほかの人にはないスキル、ほかの人とは一線を画す人間力\nサラリーマンでは到底得ることのできない資産。\n\n様々な夢があります。\n皆さんの夢をぜひお聞かせください。\nお話しましょう。'
夢,'@rody__0j 今回は素敵な夢絵ありがとうございました😭😭💖めちゃくちゃ可愛くて大好きです(  ;  ;  )'
夢,'じゃがいも「将来の夢はコロッケです。」'
夢,'@k_5sugar___ そう名前が夢だから寝ちゃうよね見ちゃうよね((\nそう！東京の大学生だよ一緒(ツイフィ見た)'
夢,'首都圏にお住いの学生の方！\n\n周りと違うことがしたい！\nスキルを磨きたい！\nバリバリお金を稼ぎたい！\n\nなどあればお気軽に連絡をください。\n共に夢を語り合いましょう！'
夢,'ウマ娘、いよいよ明日リリース。\n推しキャラはどうしようか…、ウイポでは血統的に中々使わない+IF味が強い辺りでキャラデザを考慮。\nオグリか、マルゼンでダービー出走を叶えるか。スズカで夢の続きを見るのか。判断が難しい…。\nウイポ20… https://t.co/mzTUvBTaSa'
夢,'@ayayumin こんばんは😃🌃。\n\n練習早終わりからのー‼️一人焼き肉～☺️\n一人美味しく過ごせて何よりですですね。😌\nリフレッシュ⤴️スタミナ&amp;リフレッシュ⤴️⤴️\n明日もステキなイイ１日になりますように、、、。🙏\n\nおやすみなさい。\nいい夢を、、、💤🎠💤'
夢,'夢見たんだ(´▽｀)\n私の生誕祭をしてる夢！リアル(°_°)笑'
夢,'@na_seven_na 教えてくださりありがとうございました。\nまたあなたのことを腐女子と勘違いしてしまい申し訳ございませんでした。\n\n夢女消えろ発言は勿論あなたのことではありません。わたしに言われた事実の1つですので。誤解を招く言い方をしてしまい申し訳ございませんでした。'
夢,'エッッッッ\u3000なんか唐突に遥か昔ライセンス切れたアフターエフェクツが起動して使える\u3000これは夢…？！？！？'
夢,'花江クンの動画観過ぎて、声しか出てないのに夢に花江クン出てきたんだよね'
夢,'@mC6pac3tg1UElI6 XJAPANさん、おやすみなさい。良い夢を💤'
夢,'悲惨には、つねに、\n\nそこから抜け出そうとする立派な夢が残っている。\n\nルソー'
夢,'今日はいい夢がみれそうね'
夢,'人生において夢を持つ事って大事です。夢の無い人生はただのロボットと一緒。'
夢,'周りの友人が腐の民が多くて、ふうかちゃんと通話が久しぶりの夢女の通話だったからめちゃくちゃ楽しかった……喋りたがりだからたくさん話してしまった……ごめんね………………毎回喋りすぎなんよとは思うけど毎回しゃべる女なんよ…………。'
夢,'@momohonda1 ピーチ姫おやすみなさい(+.+)(-.-)(__)..zzZZよき夢を\nそして明日もよき１日をo(｀^´*)'
夢,'@Rino__j_ りのちゃんありがとう♡\nまってエゴサ避けめちゃくちゃツボwwwwww℃すきすぎる😂😂\n夢絵めちゃくちゃかわいい、、目の中はーとなのやばい…(⸝⸝›_‹⸝⸝)❣️\nいんすたふぉろさせていただくね🎶'
夢,'@ankoromoti_0123 おやすみなさい\nいい夢を(¦3ꇤ[▓▓]'
夢,'さてと、そろそろおやすみなさいませ\n皆様良い夢を！\n#おやすみVtuber'
夢,"""#nowplaying Don't think, スマイル!! - KiRaRe (牧野天音, 鬼頭明里, 田澤茉純, 立花芽恵夢, 岩橋由佳, 空見ゆき)"""
夢,'他にも色々食べてはぁもう幸せ☺️\n白子ポン酢てばマジ美味いのなんの🥳\n\nこのまま帰って寝たらいい夢見れそう https://t.co/D9Lh8UGZot'
夢,'そういえば知らない女の人たちと遊ぶ夢いつかみたな\nなんだったんだろう'
夢,'結婚の夢の話をふうまくんは苦手だけど、結婚を想像出来るふうまくんは大好きだ！！！🥳(正直者)'
夢,'マシュマロありがとうございます！夢遍歴...大体ｼﾞｬﾝﾌﾟの民なんですが、銀魂/沖田 OP/ﾛｰ D灰/ﾃｨｷ 進撃/兵長 最近だとmiu/志摩 呪術/五 ですかね...長いですねすみません笑\n\n#マシュマロを投げ合おう… https://t.co/IvXCng3e8A'
夢,'花のネックレスの夢、何？（解像度バグってない？'
夢,'ここ数日間ずっとせフレが夢にでてくる♡'
夢,'@K2Dyler1184 うちの場合古いエアコンの音が最近うるさくなったのも一因じゃねえかとも感じられます。\n夢では自室のシャンデリアが頭上に移転してらしたんですが何かの暗示なのか妙に生々しかったです…'
夢,'@Oshima__Yuko お疲れちゃまで～しゅ‼️優子ちゃん❕🤗今日一日ご苦労ちゃまでしゅ‼️＼(^-^)／夜は寒くて冷え込みが厳しいので❗️ポカポカに暖かくして❗️ゆっくり休んでくだちゃ～いね❕🤗いい夢を❗️おやにぁ～❤️(^o^)v👍️'
夢,'仕立屋さん｢おやすみなさい、いい夢を見るんだよ｣'
夢,'私の夢はサイレンススズカですけどね'
夢,'@0528_0927 コロナおさまったらみんなにお菓子持って会いに行くのが夢( *¯  ¯*)ﾑﾌﾌ'
夢,'夢追翔バレンタインボイス2021🍫❤︎（EX含）\n⚠︎ネタバレ注意・箇条書きのマジでただの感想というか叫び #ゆめおボイス https://t.co/khjXXZBNXv'
夢,'@s8LkdHpCeJf1gLF いいね👍サンキュー！！\nさぁ、読もうっとww\nお狐様の最初の読者になるのが夢だなぁ(笑) \n普通に書店に売っててほしいなー'
