南国,'やることが３つある\n1つは南国の完全理解。これは今日中。明日の稼働に響くから\n２つ目は確定申告。これはまだ時間がある\n３つ目はビットコインの仮想通貨の理解。これは早い方がいいのだけど、確定申告もあるから後回し。でも早めに勉強しないといけない'
南国,'【2/22導入】P南国育ちデカパトver. 甘デジのスペック前評判！おなじみのゲーム性で登場 https://t.co/PEd3ZepGQI'
南国,"'#nowplaying: ""南国人魚姫"" from ""魔法のスターマジカルエミ"" by 小幡洋子 (再生回数: 9) #songsinfo https://t.co/4W6Q8TEuKW'"
南国,'とりあえず明日明後日は南国育ち-30\n火曜日アイマス'
南国,'まじで南国のベビーフェイス吉野北人どこ行った？！🤦\u200d♀️'
南国,'そういえば今更とろぴかるーじゅぷりきゅあ調べたけど\n南国褐色娘いねえじゃん！？という衝撃と悲しみが襲いかかって来たというお気持ち表明を致します'
南国,'だから前言ったように甥の時代はキツイ。長期出張者で南国行きとか。'
南国,'うか( @u____car )の島の𝙉𝙚𝙬 𝘼𝙧𝙚𝙖🌴🌺\nグレードアップしてさらにリゾート地に進化しててさすが🤳\n近々夢番地😴取得するらしいので\n南国観光🏝行きたい人はぜひ𝘤𝘩𝘦𝘤𝘬 𝘤𝘩𝘦𝘤𝘬🗣 https://t.co/ZyRwkC5Ln2'
南国,'まるで、南国リゾート！！おしゃれな癒し空間でアジアン料理を楽しめます！\nhttps://t.co/brg6ssFNJr'
南国,"'2/19\nキコーナ松戸\n「スタレポNEO」\n\nリノ(4/4台)\n平均 +2,513枚\n\nアレックス(3/3台)\n平均 +3,100枚\n\n南国育ち30(9/15台)\n平均 +603枚\n\n番長3(7/19台)\n平均 +397枚\n\nまど… https://t.co/64ntnKijEi'"
南国,'一生南国の島うろうろする奴いるだろ… https://t.co/ZKCjpd5pl7'
南国,'【2/22導入】P南国育ちデカパトver. 甘デジのスペック前評判！おなじみのゲーム性で登場 https://t.co/SGbAhS2J3M'
南国,'久しぶりのパチンコとスロット\n政宗3と勘違いで座った前の政宗で\n3000円でいきなりの中段チェリーで\n超家康入って620G乗せ消化後換金、\nからの南国育ちで初打ち6000円で\nBAR2連後フリーズして完走。\nパチンコでターミネータ… https://t.co/V0JFl4j2zc'
南国,'@roastpork_0821 @nanngoku0720 南国組に有給って存在したっけ'
南国,'南国亭かな'
南国,'@re1r1_ 私も度々南国旅を思い出してる。\nアザだらけの脚は痛々しいよ…お大事にして、気をつけて😭'
南国,'てか話ぶっとぶけどさ\n\n今日ウォーターポンプが到着する予定\nとなってたけど～\u3000ゆうパックで!!!\n遅延連絡何もない\n\nどうやらまだ配送先付近の郵便局に\nあるようだが....\u3000どういうこと？\n\n雪でも積もって遅延してんの？\nわかんな… https://t.co/ZwBPiHmW4b'
南国,'２月２３日(火)\n⚡️新台入替⚡️\n⚡️抽選時間変更⚡️\n⚡️のご案内⚡️\n\n２月２３日(火)は\n入場抽選開始時間を\nAM９：００に変更と\nさせて頂きます！\n\nまた新台導入機種は\nスロット３０パイコーナー新設\n南国育ち３０\u3000９台… https://t.co/JxotkNq9GW'
南国,'#好きな漫画10個あげると人柄がバレる\n\n美味しんぼ\nBASARA\nダイの大冒険\n聖闘士星矢\nハッスルでいこう！\n行け！南国アイスホッケー部\nフットボールネーション\n異世界居酒屋のぶ\nBLACK LAGOON\nH2\n\n泣く泣く、入らなかった漫画が大量にある。ジャンルで分けたい。'
南国,'あっ……\nミリマス(ミリオンマスター)なう\n\nまだ出回ってない南国の㊙️\nいくつか把握してるつもりだけど\n晒すべきなのか考えちゃうよね🤔🌀\n\n⬇️分かる人には分かるかも\n\n①区間切れ後が分かる方法\n②飛翔率upまたは、次回ﾓｰﾄﾞ… https://t.co/CxOcEeQ3C7'
南国,'夜\n歩いて脇を通るお店\n南国🏝の雰囲気が\nとても\nいいなあと\n思います'
南国,'情報が拡散されみんなが南国こぞって狙ってる中\n\nわたしはとある840Gヤメを拾うのでありました\n\n10度見しました'
南国,'@onatsuuu8834 @YUME99576084 バレてしまいました😰\n\n必ず明日、きき湯「黄色」を買ってきますので許してください🙏🙏🙏\n\nということで、今日も南国のお風呂です🤣'
南国,'”南国”のタヒチ https://t.co/4ojgwJe3d9'
南国,'トラベラー！：なんか吹雪いたり雪溶けたり最近の北海道は荒れてますなぁ⛄️⠀暖かいのか寒いのか訳わからんくなる🤷🏼\u200d♀️笑⠀私は南国に行きたいよ〜〜⠀ハワイ行き… #ナイツネット #すすきの #ガールズバー #対策してます、安心してね https://t.co/lvlz9bmHGn'
南国,'2月19日の結果は\n13時ごろから\n\nリゼロ  黄色アイコン\u3000240g\n政宗2 宵越し619g\n番長3 50ベル\n南国育ち✖︎3 \n政宗3 24p\nブラクラ4  164g\n\nプラス98680円\nまさかの政宗3でロンフリしてそっこー… https://t.co/VcWFKsadqI'
南国,'@underthesun_3 いずれも南国ですね！楽しみですね！引き続き情報交換しましょう✈︎'
南国,'南国育ちの狙い目の件、マダオが話しました。\n途端に泣き崩れる嫁。\nすまんな、もう蝶々は飛ばせない。\n明日からホールに通常Cがなくなるので蝶々飛ばせなくなる事、伝えます。\n南国育ちで生活している人もいるんです。俺はマダオを絶対に許さない。'
南国,"'南国1台も飛ばせず-58.9k🦋""✨ヾ(^o^ヾ)ﾏﾃﾏﾃｰ✨ https://t.co/nCJvsyIp2C'"
南国,'@satoran1028 そうかー\n確かに南国🌴ぽくないですね。でも、寒いとは思わなかった😁高知も他県の人は暖かいって言う気温でも寒く感じちゃう🤣寒がりです。\n確かに、台風慣れてますね。\nだいたい通過する😁'
南国,"'冬の宮崎の魅力と言えば #タルタルソースなし元祖チキン南蛮 。南国・宮崎は冬も魅力いっぱい！ #冬こそ宮崎の旅 キャンペーンでは抽選で10名様に宮崎県おすすめセット（5,000円相当）が当たるチャンス！（3月14日まで）詳細⇒ https://t.co/JnGfNlfrUD'"
南国,'私南国生まれ北国育ちだ'
南国,'【Blue Hawaii】\nチェリーやパイナップルで飾りつけをして、南国風のイメージを醸し出すと、さらに良い。海を眺めながら飲みたい、さっぱりとしたカクテル。 https://t.co/oja2OWiL3n'
南国,'@kinana2329 それを別室で受けてる敦豪さんが\n｢あそこの部屋、南国の鳥でもいんのか｣\nって言うんでしょうね……'
南国,"'2/19(金) メガガイア土山店 出玉データレポート\n総差枚：+45,039\n平均差枚：+88\n\n▲笑ゥせぇるすまん３\n▲南国育ち-30\nhttps://t.co/fuWjTlIsqC\n\n過去の結果一覧\nhttps://t.co/4fP1o2mJeE'"
南国,'2/19 PIA津田沼 バキュンスケールL\n\nなんかピアの割にまともな気がw\n初だからかな？\n\nあと南国あたりすかね\n他はオーディエンス求む https://t.co/o6dxHvcDUD'
南国,'南国育ちなくなっとるやんけ😅'
南国,'今日は南国ちゃぺここ行ってきたーっ！\n楽しすぎて30分あっという間だ…\n=͟͟͞͞(๑º ﾛ º๑) https://t.co/6ObSpoAIJg'
南国,'なんか今９３ボウモアを飲んでてふと思ったんだけど、やっぱり方向性は違うよね。\n\n確かにみずみずしいフルーツ感もあるし、美味いボウモアなんだけど、共通点は見当たらない。\n \nやっぱり６０年代のあの腐る寸前の南国感とは違うんだよな。よく言うワキガ感というのは感じられない。'
南国,'お友達から結婚決まったのに全然嬉しそうじゃないねと指摘され、確かになぁとなっている\n不安が勝ってるからなのかなぁ、一生忘れないプロポーズされてハリーなのかグラフなのかわからんが指輪もらい式挙げ披露宴で祝われ新婚旅行で南国みたいなベ… https://t.co/ezYXa8HhVz'
南国,"'沖縄に生えているハイビスカスは1,5mは余裕。\nバナナも自生する。流石南国。'"
南国,'ILNP POOL PARTY\n南国の晴天の空にかかる虹のような色。透き通る青にレインボーラメが沢山入っている。角度によってはピンクに偏光する。2度塗りでも透け感は残る。ラメと透け感のバランスが絶妙。上から重ねたりベースに色を塗っ… https://t.co/OzW31C9wn4'
南国,'@hao__mii 一応孤島だもんね(デカい)\nいやそれな〜！？こっちは南国だからそのぶん大変大きな商品となっております(商品？)\nいやそれな、、もうたこ焼きでいいやんけとか思うのにこういうキャッチフレーズにデブ弱いから、、'
南国,'ごめんね、電気毛布。\nどの男よりも長く付き合った、人生で最愛のしと。\nあなたを日本にほり捨てて、南国に渡ったあたいを許して。\n一時帰国した時はまた夜露死苦！（都合いいなぁ！）'
南国,'南国の有利区間ランプでハイエナとかしてるお前ら可哀想だぞ'
南国,'大好き💓♥️❤️な大切な人ばかりですね😍💓💓💓\n\n#あなたがずっと見守っていたいと思う人\nジャアバーボンズ大湾(Owan)\nｼﾞｬｱﾊﾞｰﾎﾞﾝｽﾞ【JaaBourBonz】\nYASU（ジャアバーボンズ）\n中村れい\nくぼっち🌺沖縄… https://t.co/9OBGt7Fpx5'
南国,'今は南国でビーチにも行かずだらだらしたいし、北国で温泉もそこそこに布団でだらだらしたい。'
南国,'@nono33777 南国楽しいね٩(*´ᗜ`)ㅅ(ˊᗜˋ*)وｲｴｰ‼'
南国,'うちの窓から撮った夕焼け☀️\n大きな木になった100円ショップのヤシの葉を入れたら、ちょっと南国リゾート風になった🏝\n葉の色はちょっと加工したけど😄✨ https://t.co/8pkWr1d1ly'
南国,'【新時代の稼ぎ方】\n  \n沈みゆく日本を尻目に南国リゾートを謳歌\n\n「あなたらしく生きていくことができる」\n\n人類史上最大のチャンスを逃さないでください。\n↓↓↓\nhttps://t.co/PEACDLwDub\n\nhttps://t.co/1IyBsDpldo'
南国,'2/19\n123笹塚\n「サーチマン金」\n\nマイジャグⅣ(8/23台)\n平均 +426枚\n\n南国育ち30(3/5台)\n平均 +860枚\n\nマイジャグⅢ(12/36台)\n平均 +108枚\n\nリゼロ(1/8台)\n平均 +331枚\n\n🐴… https://t.co/cslBh1kWxH'
南国,'@msky666 @tadanokojik 南国に故障でもありましたか？'
南国,'アイスクリンをご存じですか？高知県嶺北地域で製造している「さめうらフーズ」さんのアイスクリンは懐かしい素朴な味のシャーベット。南国土佐伝統の技法を用いた縁日の味で、商品の製造は全て手作りにこだわっています。詳しくは⇒ https://t.co/ToxRqpnMwi'
南国,'@bono373 頭から南国の香りが充満してましたな、、、(笑)'
南国,'渡り廊下走り隊の水着写真集。大ボリュームで詰め込んだ、南国・グアムでのCUTEでフレッシュな水着ショットの数々に加え、国内・学校編では「ちょっぴり恥ずかしい」と本人たちもテレる激レアなブルマ姿も初披露。https://t.co/XCwA6JlCnX'
南国,"'冬の宮崎の魅力と言えば #幸運を呼びそうな７体のモアイ像 。南国・宮崎は冬も魅力いっぱい！ #冬こそ宮崎の旅 キャンペーンでは抽選で10名様に宮崎県おすすめセット（5,000円相当）が当たるチャンス！（3月14日まで）詳細⇒ https://t.co/jag9VOf6KR'"
南国,'いま沖縄県の伝統芸能見てて思ったんたんだけど、沖縄の言葉も東北の言葉みたく、あんまり口を開けない話し方よな。東北のは「寒いから口開けたくない」説とかあるけど、南国沖縄のは何でなんだろ。'
南国,'@7PSegXp6o19d8lq こんばんは～＾＾\nおやすみ前のサワータイムかな(*^^)v\nパイナップル～一気に南国気分ですね！'
南国,'南国増台かぁ、、、\nまた負債が増える。。。。\nやめてぇ！'
南国,'南国戦争時代始まったなこりゃ'
南国,'【注目記事】\n\n【画像あり】通路周回エナや有利区間ガン見エナが南国育ちをしゃぶり尽くした結果ｗｗｗｗｗｗｗｗｗｗ\n\nhttps://t.co/KSz1vUaj37 https://t.co/4bRkD2qZHr'
南国,'南国やっぱ面白い\n蝶々はホンマ脳汁プシャーだし\n美しすぎて涙出てくるわ・・\n\n約15年の時を超え、4号機の思い出が蘇ってくるｗｗw同時大学生、ホンマ年取ったなーーー https://t.co/Xej1e0P0mx'
南国,'満月どころか星すら見えない。\n南国の現実...。'
南国,'無職達による南国育ちnoteの戦国時代が始まっていますね。'
南国,'キモリ系統の色めちゃめちゃかわいい南国の植物'
南国,'何かたががはずれたように昨日今日で南国狙い目露見してるな'
南国,"'初めて南国で飛んだけど、昔を思い出して泣きそう。\nでも、泣かずに第3のビール飲みながら帰ってる。\n仕事帰りにプラス600枚弱は、社畜には嬉しい限り。\n\n総貯メダル\u300047,500枚ぐらい'"
南国,'夕方家の屋上にいる彼氏とビデオ通話して、彼の後ろに写る景色がとてもきれいで、こんなきれいな国でみんな必死に戦ってるんだなって思うと胸がギュッと苦しくなった\n空がきれいだった\n南国の木が風に揺れてた\nここだけ切り取ると平和だと錯覚してしまう'
南国,'本日の稼働\nサラ番2 673\n絆 5す753\n七つの大罪 190\n獣王 576\n海 残260\nライダー 残448\n南国育ち\u3000某狙い目\n-21500\n今月の収支\n+28008 https://t.co/SB4lxSVMFx'
南国,'Tinderは南国'
南国,'SANKYOさんでもバンナムさんでもいい...\n実物大くろいランプに十字キーつけて商品化してほしい\n昔あった南国育ちの蝶が飛ぶやつみたいに実際の確率で光るやつ出してほしい（キーホルダー的な）'
南国,'@KU_SLOT_777 いえ、南国でいう下から2匹目の蝶々くらいです←おい'
南国,'2月19日(金)\n\u3000\u3000\u3000スタバ２周目\n稼働5h\n収支＋1兆1566億🤗南国含む\n\n18時半スタバスタート土日でどこまでいけるか楽しみです😊\n\n期間ランキングがんばってるほうですよね⁉️😁\n\n#スロスト\n#スロットストリート https://t.co/5gqnTPIeRI'
南国,'1ヶ月くらい南国で日中にマリンスポーツ、疲れたら仕事ってのをやりたいんだが'
南国,'割とマジな話、固有種どころかどこから持ち込まれたか分からないゾウガメのちびちゃんですらサトウキビ畑から見つかるからな南国'
南国,'南国エナnoteでマウント取り合うの辞めてもらっていいですか？ｗ'
南国,'@dakuo_slot 南国に関しては特にその期待値算出条件を自分なりにしっかり噛み砕いて理解してから参考にさせていただきます！'
南国,'@Madoka0524 南国結構ややこしいんですが、ある程度狙い目と辞め時を分かりやすくまとめてるサイトが増えてるので確認しながら打ちましょ！'
南国,'2/19  13:15〜21:45  7台\n\n収支−13896円\u3000\u3000期待値22310円\n今月＋335717円\u3000期待値345798円\n\n海ムラありすぎやろ⁉︎たまにはこれくらいあるか❕😆\nしかし、毎日海乱獲やで、うちの店あんまり南国… https://t.co/OFGBAHbe6l'
南国,'わいほのエナたちが南国に群がるならそのぶんぱちんこ遊タイム打てる。こんな田舎でもnoteを買う人いるだろうから特別にうまい狙い目がわからんくてもなんとでもなるのよ。noteで出てきてるってことはその人らはもう十分に稼いだってことだ… https://t.co/r1L2fBuSTJ'
南国,'南国育ちに関してもうこれ以上詰めることが不可能な勢いで中身を詳細に書かれてますw\n\nぶっちゃけ言ってコレさえあれば南国育ちは大丈夫レベル😼 https://t.co/xEg9ULaaL9'
南国,'@iG1y2369rEfFIaH 南国少女のQタンにはやはりハイビスカスが似合いそうです。'
南国,'【2/22導入】P南国育ちデカパトver. 甘デジのスペック前評判！おなじみのゲーム性で登場 https://t.co/Wq7XQLLg6S'
南国,'@nanonomemo 位置付け的には果物というより野菜のIMAGEありますw\n南国フルーツ盛り合わせで\nマンゴーなどの甘いものを食べたあとの口直しポジション？'
南国,'@keita0ceo1 南国ですね'
南国,'南国育ち\n\nモード落ちるじゃねぇかよ。'
南国,"'いやぁ無抽選参った😫\n\n南国×2 レギュ×2( •̅_•̅ )\n#単でもいいからBB引け←\n吉宗3 天井BBしょぼ😓\n#最大のチャンスが\nP海 遊タイム到達🕺・・・\n#当てれる気がせんw\nツイハナ🌺設定\n3回もついた✌️😁俺の勝ち\n#いやタコ負け\n\n収支-27,140'"
南国,'@keita0ceo1 ひりつくー笑\n南国もいいなー'
南国,'パインとかパッションって南国っぽいし来年はトロピカとフレッシュがコラボするんじゃないかな'
南国,'@kuma_loveyou そんなやばいやつじゃ無くて良かった。\n眼科は絶対行くべきやな。\n\n四国は行きすぎてるからなぁ〜うどん美味しい🤤\nうどん県が近く感じるバグも発生してるし（笑）\n\nそそ、チャリ漕いで瀬戸内海一望できるみたい… https://t.co/tu1zu7oPJc'
南国,'今日の期待値稼働\n−27000\n\n南国リセ狩りしすぎてほぼ単発切れ😡\nセイヤ初打ち、2kで特殊役？で直撃うますぎた、狙い目も把握できたしこれからガンガン狙うわ😡\n最後の南国、402REG単50Gまさかとは思ったがランプ切れてんのか… https://t.co/Z2CNl9oBGy'
南国,'【2/22導入】P南国育ちデカパトver. 甘デジのスペック前評判！おなじみのゲーム性で登場\nhttps://t.co/zRDbU4TALx'
南国,'@JA8362 @KUH946 @HKDJA11HC 南国や笑笑\u3000\u3000軽く雪降ったけど\u3000\u3000\u3000\u3000\u3000積もったとは言ってない、、'
南国,'南国育ちの無料ノート書きました！\n💫2章構成💫\n1章は\n🌈内部モードの移行について🌈\n\n2章は\n🌈正しい理解をした上でどのように打ってやめるべきか例題を見ながら考察する実践的な内容🌈\n\nお金はいらないのですが頑張ったので\n50RT… https://t.co/Z7a3RRTngk'
南国,'南国娘もうなんか色々よく分からんw'
南国,'ゆったりと楽しむ淡路島のガーデンカフェ (Kiss PRESS) \n☆☆☆☆☆☆☆☆☆\n南国の雰囲気が\n良いですね😊\n☆☆☆☆☆☆☆☆☆ https://t.co/nMGVJXx8BH'
南国,'というかきださんとSLAKEさんお二人がポップン10に参加してたのも中々びっくりか記憶。(しかも二人とも南国系の曲提供してるから余計に)'
南国,'南国育ちの完走のおかげとこのマイジャグのおかげで今日は+5249枚の勝利となりました\n二桁勝ったのはいつぶりだろう\n\n南国育ちが入ってから立ち回りに幅ができ最近好調をキープできています\nジャグは設定状況良いうちに遠慮せずしっかり出しておきたいと思います'
南国,'@Madoka0524 南国2回目のバケの所で飛ばなければ次ほぼほぼ準備B以下なので即辞めでもOKかと！'
南国,"'冬の宮崎の魅力と言えば #タルタルソースなし元祖チキン南蛮 。南国・宮崎は冬も魅力いっぱい！ #冬こそ宮崎の旅 キャンペーンでは抽選で10名様に宮崎県おすすめセット（5,000円相当）が当たるチャンス！（3月14日まで）詳細⇒ https://t.co/BB2KctGVzT'"
南国,'@harika_yukito 雪刀さん\nフォロバありがとうございます😊\nはじめましてTJです。\nインドネシア首都ジャカルタから\n南国移住生活ツィートしてます🌴\nこれからもどうぞヨロシクです🙂'
南国,'昨日は5000円勝ち、今日は1000円勝ち。南国の準備Bの呪いから抜けられないw'
南国,'@NeNe__1210 @1 カルティエとかオシャンティーにいきましょ 😇✌🏻\n南国がいいですね 🤤❗️\n私も好きです鼻血舐めてくれる人タイプです ❗️'
南国,'@coach_kubo 久保田 毅さん\nフォローありがとうございます😊\nはじめましてTJです。\nインドネシア首都ジャカルタから\n南国移住生活ツィートしてます🌴\nフォロバさせていただきました✨\nこれからもどうぞヨロシクです🙂'
南国,'南国で800枚減らした後、56はありそうなプレハナ見つけて2時間ぶん回したら1800枚出た！\n\n助かった〜😇😇 https://t.co/IYpltm0Z3D'
南国,'@rosemaryCC3 南国の風景好きです〜！\nどこの風景ですか？'
南国,'褐色、南国、ニトクリス☀️🏝🐠\n#ニトクリス #fgo\n#FGO絵描きさんと繋がりたい \n#海 #褐色 #水着 #褐色はいいぞ https://t.co/4bQwaKYojD'
南国,'ラジオBar 南国の夜 │ RBCiラジオ\n\nhttps://t.co/HcqljHHRbl\n#radiko #ラジオ南国の夜'
南国,'フラシム帰省は山ほどしたので今日は南国へ https://t.co/IV1e2b7lZp'
南国,'@hoshiyomimik @hikari_beauty ミクさん\nフォローありがとうございます😊\nはじめましてTJです。\nインドネシア首都ジャカルタから\n南国移住生活ツィートしてます🌴\nフォロバさせていただきました✨\nこれからもどうぞヨロシクです🙂'
南国,'@12O5O313_ 南国😳！\nそうそう、関東moaだよ( ¨̮ )'
南国,'みんなで早押しクイズに1位で勝利！\n#みんはや\n珍しく接続切れで｢南国忌｣誤答になったので、勝ち取り溢さなくてほっとした https://t.co/zDLD69yu0a'
南国,'@rammy0202 南国の6打ったことあるマウントで対抗しましょう'
南国,'@take2x2kun たけちゃんさん\nフォロバありがとうございます😊\nはじめましてTJです。\nインドネシア首都ジャカルタから\n南国移住生活ツィートしてます🌴\nこれからもどうぞヨロシクです🙂'
南国,'TUNGARU\n\nやーっと届いたﾂﾝｶﾞﾙ‼️\n11月が延びに延びて先に米Amazonで通常版が販売されてしまう始末だったけれどやっと届いたー❗️🙌\n南国舞台の最大5人play。言語依存は極小でｱｲｺﾝ表現多数✨\n期待‼️😊早くや… https://t.co/mHhaad31DR'
南国,'@o_pioneerfoods @odaguchiya_net 当たりますように！\nさつま揚げ&amp;南国おつまみ楽しみ！'
南国,'明日は、ダンスに参加するので今日は、早く寝よう！\n行くのは、午後。\nその前に、卒業制作台本のブラッシュアップか、コメディの台本を書く。\n\nそして、南国の離島に思いを馳せる。'
南国,'@Sherpa0423 インコちゃん逞しいな🦜\n南国の鳥のイメージあったのだけど、生き延びてるんだね。\n\n春はまだまだかな。\n待ち遠しい❣ 🚴\u200d♀️乗りたいから\n旦那は嫌かも🤣\n⛷まだまだ滑りたいから❗️'
南国,'おはま公園の何か南国っぽい植物見ておののく五年生見たいでしょ'
南国,'できれば南国育ちの甘を打ってみたかったけど打つ機会には恵まれそうにないのが残念。'
南国,'@mochicco_ZPD ボサノヴァってなんじゃ！？と思って調べたらすごい南国感ある音楽なんですね！🎸🏖🎵\n地元のカフェでよく流れてるやつだ☺️'
南国,'【交換】A3!\u3000アニカフェ南国バカンスエーアニ出張版アクスタコースターブロマイドステッカー ミニ色紙 インステ フィルコレ \n\n譲）アクスタ:咲也シトロン椋丞誉東ガイ\u3000コースター:九門臣太一丞密誉(ホロ1)\u3000他:咲也シトロン千景幸… https://t.co/fcomwbstBA'
南国,'南国物語甘デジは打ちたいな〜\n315は確変一回も入れてない'
南国,'南国の5or6打って最後の最後でハマり＋スルーくらって減らしてもうたで💦\n3000枚位のプラスやったー'
南国,'@Fate_D_H \nなんか…南国にいそうなタイプのオアンネスくんがいますね…'
南国,'南国でビールこぼす芸してる https://t.co/s0OY94ucEI'
南国,'@Chata_0762 先ず警察はその状況だと「普通」すべき事のひとつに事情聴取があります。しかし両親に話を聞いてません。隠蔽によくある何かの圧力があると思います。地元で違を唱える者は皆無。大掛かりに児童を守り続けています。南国市… https://t.co/u2EJ7PcVig'
南国,'@gomishuichi_jp しゅーいちさん\nフォロバありがとうございます😊\nはじめましてTJです。\nインドネシア首都ジャカルタから\n南国移住生活ツィートしてます🌴\nこれからもどうぞヨロシクです🙂'
南国,'@lockma_200 ロックマさん\nフォロバありがとうございます😊\nはじめましてTJです。\nインドネシア首都ジャカルタから\n南国移住生活ツィートしてます🌴\nこれからもどうぞヨロシクです🙂'
南国,'@raven_wings525 オトン面倒くさいねぇ…\n南国でタイヤ交換する時っていうのはどんなタイミングなん？'
南国,'@DragonSales_ りゅうさん\nフォローありがとうございます😊\nはじめましてTJです。\nインドネシア首都ジャカルタから\n南国移住生活ツィートしてます🌴\nフォロバさせていただきました✨\nこれからもどうぞヨロシクです🙂'
南国,'752年【東大寺の大仏開眼】&lt;語呂〉南国にて大仏開眼'
南国,'@gakeptislotlife 政宗3、サラリーマン番長2、南国🌴❗\n6号機\n\nパチンコ、ジューシーハニー3\nまどか\nひぐらし'
南国,'@sweetcafeaula さりさん\nフォロバありがとうございます😊\nはじめましてTJです。\nインドネシア首都ジャカルタから\n南国移住生活ツィートしてます🌴\nこれからもどうぞヨロシクです🙂'
南国,'私は未婚だけど\nそういうのが当たり前の社会になったら\nすごく心強いなぁと思ったし\nそんな社会にならなきゃダメだな\nと思った。\n南国はたまに深く\n考えさせられる番組。\nだからすき♡\nおやすみなさい(﹡´◡`﹡ )\n #ラジオ南国の夜'
南国,'南国育ち、台数あるから打ってみたいけどシステム何一つ知らない🤯\n\n乗り遅れた？もう波去った？？'
南国,'@naginagi___twst 服装が南国とかだよね！w\nそれでもカッコイイの流石だよね！(≧∇≦)'
南国,'ディスクアップと南国育ちがあれば問題ない。'
南国,'【2月20日】\n沖ドキ2 574 帯黄色\nガルパンG  264\n南国 134 完走後\n南国 111 完走後\nゴッドイーター 85 CZ後ランプ点灯\nアカメ 197\nブラクラ4 227\n\nこれらの台を打ち+29000円でした。\n\n流… https://t.co/l1eAcNnI1v'
南国,"""(*'ω'*)......ん？忍空、幽白、南国少年パプワくん、ぼのぼの、天使な小生意気、逮捕しちゃうぞとか笑\n懐かしくないw？あずきちゃんとか魔法陣グルグルとかかな( ´ω` )/ https://t.co/AEUTEjxrWi #Peing #質問箱"""
南国,'今日はやばい！\n総投資\n175k\n回収\n101k\n機種\n番長3\nジャグラー\n星矢\nディスクアップ\nまどか2\nビンゴ5(宝くじ)\nボート\n源さん\n南国育ち\nクレア\n花火\n叛逆\n\nイベント店に移動するまではマイナス2000円とかだった… https://t.co/xJnCpGBZMB'
南国,'@uuustns やっぱりそうなんですね笑\nけど飲んでみたい欲もあります笑\n私南国パイン飲んでたのでそれにしようかとも思ってます笑笑\nチョコかバナナですね！\nありがとうございます😊'
南国,'南国日向創も好きだけど、予備学科生日向創の方がなんか……こう好きだなやっぱり'
南国,'2/19\nヤッターマン 350/ピンクカウンター43\n晩餐緑23\n南国 410 0s\n南国 410 2s\n投資17k 回収2878枚\n2/20\n物語150\n無双スロ 174\n沖どき2黄色132\nジャグラー\n投資530枚+13k 回収1653枚'
南国,'食前酒:綺麗めで始める\n前菜:人気作で整える\nメイン:一番美味しい部分\nデザート:前菜と食前酒の整頓\n食後酒:久米田吹き出しで仕上げる\nぶぶ漬け:これで帰らなかったら南国アイスホッケー部と改蔵序盤でフルボッコだドン！ https://t.co/XtiZGB1CCU'
南国,'【交換】A3 アニカフェ アクスタ アクキー 出張版 エーアニ 運動会 南国\n\n譲:\n出張版⇒咲也、☆真澄、シトロン、十座、☆莇\nエーアニ⇒☆真澄、☆至、天馬、☆三角\n南国⇒☆千景2、☆万里、☆密\n運動会⇒☆至、☆万里\n\n求:固定… https://t.co/L1f64Ra3YB'
南国,'【画像】南国の笑顔はじける早漏日焼け少女の裸ｗｗｗｗｗｗｗｗｗｗｗｗｗｗ 雪夜速報(●ﾟДﾟ●)TWINEWS！  @nadarenews\nhttps://t.co/mua3CGvlT6'
南国,'また3月に飛んで、壊した住宅街付近を島クリ中🧸案が出ない、、海沿いの南国風の田舎にしたいような街にしたいような、、🤔\n#あつ森 https://t.co/7RjcGeK2ou'
南国,'買った南国のノートそこそこ高かったのにあんまり...で悲しい'
南国,'@mackyZ0920 マジわかる南国打ちたいわw'
南国,'南国の夜 2020.01.09「○○○用語辞典/稲森彩出演回」 https://t.co/gxqfCP7Eou  #ラジオクラウド #ＲＢＣｉラジオ\n\n聞いてる'
南国,'怒りのスロット南国育ち\n大海SPで魚釣りの後の南国育ち\n189で有利が切れ207まで回し他の人が座ったマクドナルドで食事\n戻ると韓国系エナが打っていた飛ぶまで打つ気満々、はい、フリーズしました😡\nそのエナの仲間の台で2000枚出し… https://t.co/INOZ6soJQX'
南国,'@hanakeri_ はなけりさん\nフォロバありがとうございます😊\nはじめましてTJです。\nインドネシア首都ジャカルタから\n南国移住生活ツィートしてます🌴\nこれからもどうぞヨロシクです🙂'
南国,'高知県南国市！ [22歳/女性]とメール有名な出会い系・アプリ'
南国,'ハナハナ1列潰して南国育ち入れて欲しいw'
南国,'@SJZplbHGOaSyGBk ゲームの達人さん\nフォロバありがとうございます😊\nはじめましてTJです。\nインドネシア首都ジャカルタから\n南国移住生活ツィートしてます🌴\nこれからもどうぞヨロシクです🙂'
南国,'＊マンゴープリン＊【ローソン】（沖縄県産マンゴー使用） \n売れ行き良好でお店でもなかなかお目にかかれないほど人気♪ \n南国の太陽の日差しをたっぷりと浴びた、甘さが凝縮したマンゴーです☆ https://t.co/ocYvyr2yKw'
南国,'@KARAPAS_QUEST からあげぱすたさん\nフォロバありがとうございます😊\nはじめましてTJです。\nインドネシア首都ジャカルタから\n南国移住生活ツィートしてます🌴\nこれからもどうぞヨロシクです🙂'
南国,'セサミチョコクランチきなこも、さつま揚げも美味しそうです✨🥜食べたい😣ご縁がありますようにm(__)m南国サイコー🌊🏖🥜\n#沖縄パイオニアフーズ\n#小田口屋さつまあげ\n#南国おつまみ\n#22時のおやつTweetが密かな楽しみ… https://t.co/hb1zeTm1uT'
南国,'私南国住んでるけど最近めっっちゃ寒い'
南国,'@GyogunKoi 南国5なら結構安定してるのでせめてプラスで終わりたかったです(´・ω・`)\n酒浴びて忘れます！'
南国,'全機種南国のようにわからないようにしてくれたらワシ幸せ🥱'
南国,'【交換】A3 アニカフェ 缶バッジ 南国 運動会  いちご狩り\n\n譲:\n南国⇒☆真澄2、綴、☆至、シトロン、☆千景、幸、東\n運動会⇒綴、☆至4、シトロン2、☆万里2、太一、☆紬、☆密\n いちご狩り⇒☆至、九門、ガイ2\n\n求:固定ツ… https://t.co/E3FAqI7Aw3'
南国,'@azurefairytale アズさん\nフォロバありがとうございます😊\nはじめましてTJです。\nインドネシア首都ジャカルタから\n南国移住生活ツィートしてます🌴\nこれからもどうぞヨロシクです🙂'
南国,'白浜フラワーパークは千葉南房にある「そこだけ南国」パークです。\nhttps://t.co/pmVpthFxBS\n#白浜フラワーパーク\n#ジャングル風呂\n#オートキャンプ'
南国,'南国SAにきた！ここでねる！ https://t.co/IMmDVw7y76'
南国,'@dokuhaku_sakana 僕のますかけ線を見てください！\n真ん中に綺麗に一直線に入ってるのが幸運の線らしいので毎日南国完走してます🥺 https://t.co/OIehRZvloU'
南国,'@o_pioneerfoods @odaguchiya_net 💖🌺沖縄パイオニアフーズ【公式】様🌺💖\n\n応募させていただきます🙏💕\n南国おつまみ、どれもとっても美味しそうですねー！！🥺✨\n\nかれこれおうち飲みばかりで物足りない気… https://t.co/lJBrnn9GYR'
南国,'南国育ちを作ったやつマジで天才'
南国,'なるちゃんの知識、考え方、対応に感銘致しました😌\n南国設置店は少ないですが無料の中でもかなり分かりやすい説明でした🤭 https://t.co/wnSgD5uGO8'
南国,'れおのホールDataまとめ。2/20\n\n🌳北関東🌳\n\n🔥BBステーション佐野\n\n□オルトロス\n\n□抽選 : 約30名\n\n➡️『南国育ち』は見事に全6でもよさそうですね✨明日は据え置きも視野なのでまずはここから狙って+単品📍など前日… https://t.co/UWrOlKUMgY'
南国,'@Lupin_fun 南国プロ((( ；ﾟДﾟ)))'
南国,'@m_ys02 南国だよ〜っ🌺🌴🐠（笑）まなみんは関東？だっけ？？🤔'
南国,'南国\u3000岡山'
南国,'@satt_sun サンドラさん\nフォロバありがとうございます😊\n&amp;間違えリプしちゃって…🙏\nはじめましてTJです。\nインドネシア首都ジャカルタから\n南国移住生活ツィートしてます🌴\nこれからもどうぞヨロシクです🙂'
南国,'2日20日(9h)\n\nパチ\n大海SP  残322  18.6/k天単\n大海SP  残291  17.5/k天単\n\nスロ\nアカメ194\n南国486\nMHW  3クエ前\n絆  3-257\nゴッドイーターAT継29\n\nスーミラ履歴\n\nパ… https://t.co/XiO3qYCxsT'
南国,'@tajima_0301 パイナップルとかマンゴーとかキウイなど南国系のフルーツとかはどうですか？'
南国,'趣味のサークルで、育児しながら、仕事しながら、趣味を嗜んでる人がいるけど、今日の南国聴いて、凄いなーって思う。 #ラジオ南国の夜'
南国,'仕事終わりに南国育ち\nみんなやり方わかってきてるから\n美味しいところがなかなか拾えなくなってきたなぁ https://t.co/gL7hnuXkRX'
南国,'@gummy_mimi 南国のギフトおくりますね♪'
南国,'今週のクラウドがギャラクシー賞を受賞して欲しい。\n編成局長さん、これが本当のラジオ南国の夜の姿ですよ❗社長さんに伝えるならこの放送ですよ‼️\n#ラジオ南国の夜'
南国,'日向くん視点で、砂浜で狛枝と砂のお城作ってて、狛枝が南国の景色をバックに微笑んでる画像が浮かびました'
南国,'Rayは「俺の国だったらお前は今頃死刑だ。首が繋がってるだけ有難いと思え。」って静かにキレてそうです……ドiイiツと南国出身の人ではここまで文化が違うんですね……（遠い目）'
南国,'これでも食べてビール飲んでちょっとでも南国気分に浸ろう🤤 https://t.co/yEJ21WLyfs'
南国,'9時半〜10時10分まで。\n\n南国育ち単語1 前80 絆510 4する\n\n+7k\n\n毎日これくらいの時間で収支がええ。\n\n短時間でちょっと勝つのが子持ち兼業には最適です。'
南国,'@gogomaniakku @fortissimo_mage @asahiaya_ はるさん別に南国打ちに来ないでしょ\nはるさん南国売ってたらなんか面白い'
南国,'南国の監獄を観光？ \n\n#Peing #質問箱 https://t.co/ykhLpvWoBs'
南国,'チャパの笑い声って南国の鳥の鳴き声に混じっても違和感無さそう\n#セキラジ'
南国,'@ELIZA_yuki_V それ大丈夫？？我ら南国とかエジプトとかの王様の左右で扇いでる人になってしまわん？？？🤔💦'
南国,'@air_rayon そーなんですよー！！めちゃくちゃデザイン可愛くてすっごく楽しみ🙆\u200d♀️\nみんなセーラー服っぽいデザインですかね？？やっぱ南国？もテーマの一つなのでマリン系推してきそう！'
南国,'南国設定5以上終日打ってマイナス1000枚5000枚出す予定だったのに6000枚欠損で終わりです https://t.co/gxlMkBZjsW'
南国,'そういや架空戦記で地球に隕石が衝突し日本の緯度がズレ熱帯の南国となり室蘭に首都が移動した架空戦記があったような'
南国,'@pokochi89 初当たり890円の南国物語編から見てました！ふあんです！'
南国,'今夜は新入りのSignorina Ribelleを寝香水にしてるんだけど\n薄いピンクと黄色のほわほわした布団を被っている気分\nちょっと桃っぽい感じもある\nこれがココナッツか？\n南国の花を添えたバニラジェラートが最高'
南国,'@mtO715s もりしんってめちゃ書きたいww じゃあMORISHINって書くね❣️ノンノン❗️世界に一つだけの可愛いお顔だよ😘😘😘\n南国かと思ってたからびっくり！www'
南国,'@6K6lcxODMOGpzvZ クレオフ懐かしいなぁ笑\n俺は島唄、島娘、プラネット、アラジンA\nサラ金、スー華、南国育ち、キングオブマウス、銭形、吉宗・・・\n確かにきりがないですねwww'
南国,'なんで沖ドキなのかって？近所のマイホには南国ねーんだわ'
南国,'かどおわ\n番長3\n南国\n-8.8k\n\n頭痛がやばいので寝ます😿'
南国,'今日は朝から聖闘士星矢\n２回SR入ったけど投資と釣り合わなくて1万くらいマイナス\nその後南国のモードCを拾って蝶飛ばず\nその次の当たりでフリーズしてなんとか捲れましたとさ https://t.co/hhkNwYlBzA'
南国,'南国物語でhooah引いて111gで真顔だったわ'
南国,'@saiko0the0end 北国あるあるだよね\n南国への憧れが強まる'
南国,'@ast_noka11 南国すぎるもんな（笑）\n\n使いなよ、オソロにしよ☆〜（ゝ。∂）'
南国,'私が憧れるのは細くて色が白い女の子なんだけど、南国でのんびりするのも海ではしゃぐのも大好きだから困っちゃう'
南国,'@AR04315498 あ、そっか\n南国のそのネタ使おうとすると言っちゃいけないとこに触れかねないのかな？(:3_ヽ)_'
南国,'昨日南国育ち初打ちでED行けて+30kだったけど今日のアイマスに全て持ってかれた'
南国,'馴染みの鳥の鳴き声が聞こえてくると安心する。\n南国で暮らしていたときは、遠くで鳴くオニカッコウ。いまは、ヒヨドリ。\nそれが一日でも聞こえないと不安で寂しくなる。'
南国,'@iruka_0825 徳島ってね…本来南国なんだけどね…………'
南国,'@amiyanz 南国は、、実はまだ\n触ってないんや(´；ω；｀)\n時代乗り遅れた😢\n\nニダちゃんの味方だからね🥺🥺'
南国,'@hanage_cutter ありますよね！リプフラだけして全然遅れない時もありますｗ\n初代形式なんですかね・。・\n今一番なやんでるのが設定変更時の攻め時なんですよねｗ\nなんか１G目にゼロボかどうかでモードがかわるっぽいんですよね… https://t.co/4jWlYWm0B3'
南国,'南国依存症になると一日2回は完走しないとなんか損してる気分になるのなんなんやろね'
南国,'@naruchanshow_ 目力あるよね\u3000南国は🏝さすがです\u3000ちょと分からない所があるですよね'
南国,'#収支報告\n2/20\nラーメン\nP真牙狼 残500 16.5/ｋ\nPAアグネス 残150 17/ｋ\n\n2/21\n南国育ち×2\nまど叛逆 210〜\nまど叛逆 300〜\n物語セカンド 170〜\n番長3 緑24\nバイオ7 270〜\n聖闘… https://t.co/AHEuVInhux'
南国,'@akiko0813 いざってときに肝が座ってるのは南国終盤で証明されてますからね…！発展途上のきんちゃんのメンタルの方が、ぐんまのこととなると弱い気がしてます。可愛いです。'
南国,'今日は南国の完走後台248gを打ったら993gまでハメられました。\n\n最大天井は796gなので、おそらく前任者のペナの影響によるものだと思います。\n\n飛翔しなかったしお金返して😭\n\n今日も１日お疲れ様です❗️'
南国,'【2月21日】\n地獄少女 ボナ当選台\n南国 404\n南国 408\n南国 248 完走後 993\nモンハン 393 下図参照\n黄門ちゃまKING 127 \n黄門ちゃまKING 121\n沖ドキ2 193 帯黄色\nイニD  295 趣味… https://t.co/d79DrJE6Fn'
南国,'近くの店に南国育ち入ってるやん気になってた'
南国,'@itarian777 硬いどころの騒ぎじゃない、南国のエナも毎日出来る'
南国,'ビーレジェンドれぽ\n\n南国パイン風味\n溶けやすさ★★★★☆\n味★★☆☆☆\n\n結構パイン！\nなんだけど、毎日飲むのはしんどいかな〜 https://t.co/A3Lx632mjz'
南国,'今日の南国🌴は初夏🍀だった😳\n半袖の民もちらほら😳💦\n\n今日は忙しいから、クーリッシュ☺️\n暖かくなったし、飲みやすくなったよね☺️🥰\n\nコーヒー牛乳🥰🥰\n当たり前に美味しい🥰🥰\nどこか懐かしい味🥰🥰\n思ったより甘いから、気を付け… https://t.co/tTVY2wgW65'
南国,'@hisaeyanagida いやもうこんな寒いところ抜け出して南国でセカンドライフしような考えているくらいですからね🤣\nいいラケットに巡り会えますように🙏✨'
南国,'@slotcleaner なるちゃんに南国モード優しく説かれましたね？'
南国,'沖縄小浜島のリゾートホテル「はいむるぶし」がいい〜\n島全体が国立公園の中にあり幻想的な自然と透き通る瑠璃色の海に囲まれた楽園。国内最大級のサンゴ礁に囲まれながらできる南の海ならではのマリンアクティビティや海を眺めながら乗馬体験など… https://t.co/mO810ta099'
南国,'@takeshietake510 南国のモード移行リコーって言葉理解できた？おれはできなかった！'
南国,'@Ion_FESTIVE 南国姉妹'
南国,"'冬の宮崎の魅力と言えば #幸運を呼びそうな７体のモアイ像 。南国・宮崎は冬も魅力いっぱい！ #冬こそ宮崎の旅 キャンペーンでは抽選で10名様に宮崎県おすすめセット（5,000円相当）が当たるチャンス！（3月14日まで）詳細⇒ https://t.co/1KpRS0BnmL'"
南国,'2/21\n\n南国\u30002台\n北斗修羅\u3000598\nリゼロ\u3000181\n海SP\u3000残311(17.2)\n無双3\u3000残402(16.4)\n番長3\u3000緑13\u3000絶頂3発w、取り切れず🥳🥳\n\n＋5968枚 / ＋2734玉\n\n16時頃の俺→「今日も負けか、全… https://t.co/8eQnwvbaNv'
南国,"'冬の宮崎の魅力と言えば #幸運を呼びそうな７体のモアイ像 。南国・宮崎は冬も魅力いっぱい！ #冬こそ宮崎の旅 キャンペーンでは抽選で10名様に宮崎県おすすめセット（5,000円相当）が当たるチャンス！（3月14日まで）詳細⇒ https://t.co/6mQIRdAolH'"
南国,'夏に北海道へいき、冬は南国で暮らしたい'
南国,'@naruchanshow_ 普通に可愛いけど、南国の仕様分かったところで絶対東大には受かりませんね笑'
南国,'@dubai02_mfc BIG中スイカ確率信者→ベル確率信者→REG確率信者などいろいろ体験して一周回って辿り着いた先が運ゲーですw\n一昨日は1確信して辞めた台がガン伸びしてクソ萎えたので、もう設定推測やるの辞めようかと思いまし… https://t.co/bUiv7Hn6UW'
南国,'@LegendaryGirl_S いくら南国でも風邪ひく'
南国,'自粛期間や営業時間の短縮のせいでやりたいことがたくさん増えて嬉しい\n来年は365連休して南国にでも暮らすか'
南国,'@nauru_japan 南国🏝数カ国で綺麗な\u3000夕陽見てきましたが\u3000素晴らしい色ですね\u3000街並みも感じられて\u3000素敵な一枚\u3000ありがとう😊'
南国,'@RcVTl2EsyDjUw82 昔は裏モノの南国とかハナハナとか良く打ちましたよ‼️\n今までの最高差枚がハナハナの2万枚です。🥰'
南国,'美少女になってでかいグラスに入った南国っぽいジュース飲みたい。'
南国,'2月21日\n総投資81000円\n回収99160円\n収支+18160円\nエナ \n吉宗 418\n絆 3s655\n南国育ち ㊙️\n咲 436\nジョーズ 残448(15.6)\nアカメ 220\nフェアリーテイル 残230(17.2)\n政宗… https://t.co/AAVspHvlrp'
南国,'@Bay_leaf1998 た、たしかに……\n俺は俺で南国耐性ついてしまって林檎地方だと死にそうだな…'
南国,'@yume_nozomi 恐れ入りまする！\nええ、チョコミント神様は南国の海の一角を其の色に見立ててお染めになられた事を思えば、其のお心は広く地球の果てに繋がる程お広いもの。後日、より御喜び頂ける様な豪奢な一人チョコミントの宴を開くと致しましょうとも……！'
南国,'@amiyanz 南国見てても打とうとは思わないが、当たればデカイのかな？'
南国,'@kotetsu_kotaro いまで17°ある🥵\n南国よ🏝'
南国,'旅行といえば、北国の寒さから逃れるべくいつも南国へ行っていたけれど、コロナで海外へ行けないので、今年は冬の知床へ\n\nロシアまで続いているかのような、水平線まで広がる流氷は圧巻。感動しました。\n\n写真じゃ上手く伝わりませんが、冬のオ… https://t.co/iwl4F4xsBn'
南国,'@WhiteSaturdays 桃も、滴る甘い果実で良いですね😊💕\n\n絡みつく濃厚な甘い香りを思い描いていたので、南国のフルーツになりました。\n\n私の、勝手なイメージですがマンゴーはエロいのです( *´艸｀)💕'
南国,'名前だけが三つ並んでいる | 南国カルーア #pixiv https://t.co/TF3BCRRLwS\nおすすめです'
南国,'@KUZUPACHINKASU 鳳凰といい、南国といい田沼はすごいですね…\n佐野ではこんな頻繁に無いですね。\nやはり稼働の違いですね。\n明日頑張ってください❗'
南国,'@Ion_FESTIVE チーム南国'
南国,'南国の日常。\n#Taiwan #台湾 #高雄 #写真好きな人と繋がりたい #キリトリセカイ https://t.co/aZtfHnqeLk'
南国,'渡り廊下走り隊の水着写真集。大ボリュームで詰め込んだ、南国・グアムでのCUTEでフレッシュな水着ショットの数々に加え、国内・学校編では「ちょっぴり恥ずかしい」と本人たちもテレる激レアなブルマ姿も初披露。https://t.co/XCwA6JlCnX'
南国,"'冬の宮崎の魅力と言えば #幸運を呼びそうな７体のモアイ像 。南国・宮崎は冬も魅力いっぱい！ #冬こそ宮崎の旅 キャンペーンでは抽選で10名様に宮崎県おすすめセット（5,000円相当）が当たるチャンス！（3月14日まで）詳細⇒ https://t.co/oJWQSLBHMa'"
南国,'沖縄満天です✨\n【パイナップルスタンド】です✌️キラキラのパイナップルをどうぞ🍍\n#鎌倉満天 #Tシャツ #OkinawaLily #沖縄 #アメリカンビレッジ #南国 #ハワイアン #雑貨 #パイナップル #置物 #お土産満天… https://t.co/f1vBTn1qpt'
南国,'@sakimori_ul 22日は大都ニブイチくらいやってるし、南国に毎日当たり入れてたときはこんなLINEもしてましたから……\nMM年1なの今思い出したｗｗｗｗｗ https://t.co/7v2Xp4Rs2b'
南国,"'冬の宮崎の魅力と言えば #幸運を呼びそうな７体のモアイ像 。南国・宮崎は冬も魅力いっぱい！ #冬こそ宮崎の旅 キャンペーンでは抽選で10名様に宮崎県おすすめセット（5,000円相当）が当たるチャンス！（3月14日まで）詳細⇒ https://t.co/cp8UsoJagG'"
南国,'@zATXVvANEeU4IY5 テテルさんの住んでる\n南国と真逆ですね～\nとても寒かったです😊'
南国,'南国静岡らしい気温の中♨️💦ディーラーに愛車を預けて、久々に代車でレネゲードに乗った😊自分が乗ってた初代2.4ℓとダウンサイジングターボの現行との…そして今の愛車との良し悪しを楽しめた1日😁👍🏻\nちびる(娘)の土産も確保😆… https://t.co/ypNr8kgtad'
南国,'@peta1ily 曲めっちゃいい！\nやはり北国よりも南国のほうが素敵な暮らしができそうに感じてしまう'
南国,'@KU_SLOT_777 天井狙いマジでカスですよね南国'
南国,'2/21(日) #BBステーション田沼\n\n✅日曜は前日好調台を要チェック\n\n南国育ち🏝で万枚出てますw 6号機でも夢ありますね🦋✨\n\n昨日当たり島だった叛逆でお残し🍙 ハナハナ鳳凰🌺にもお残し🍙\n\n#鬼データ https://t.co/F5Nmw8cNKX'
南国,'@RaXA_after_AW 南国の海、南国の漁港、色々と気になりますね。錦江湾の風景も気になりますが、太平洋側の海や町もどんな感じなのかとても興味があります😆'
南国,'@amanatsu_atmr 野生でも人馴れしてるのね！😳\nでも触ったらダメとな…ひたすら避け続けるしかないねw😂\n\nお腹ちゃぽちゃぽしそう笑笑\n南国感はバッチリなのにね🤣\n\nあの寝転んで犬や猫が大集合するやつ一番やりたい🥺✨\n甘… https://t.co/JspViCDg8S'
南国,'南国のスワリくんは胸元がオープン……よきかな'
南国,'どーしても気になって出来てた所また壊しちゃったwww\n(マジいつ完成すんの🤣)\nうかち@u____car の可愛い服着てヨガでもしたら落ち着くかしらwww\n\n#どうぶつの森 #AnimalCrossing #ACNH\xa0… https://t.co/Ts1slfu52y'
南国,'@gts_mejiro あと南国のいい匂いがしそうで'
南国,'最後に南国市の雑貨屋ふらんくで長めのタオルとコンコンブル買って帰宅。 https://t.co/rot7rOrPfK'
南国,'2/20\n\n+23933p\n\n【ゲーム数】\n南国育ち 309-403\nはーです 310\n番長3 mb\n南国育ち 291-403\n北斗天昇 前449を0-\n麻雀格闘倶楽部参 ラッシュ中\n\n【遊タイム】\nエウレカ甘 残り125\n大海s… https://t.co/kHC4lANMHQ'
南国,'Dreamy Space Beach #VRChat_world紹介 ゆめかわな感じのスペース南国ワールド\u3000スペース南国とは宇宙の南国である https://t.co/BpPMVPxlgy'
南国,'@liquor0223 ガチヤベェよ！！喉から南国が爆誕してる！'
南国,'@nonstop_walkure 南国いいねb'
南国,'@szk_hihouden なるちゃんってノート見よ…？\n南国のノート無料で見れるお(  ^ω^)'
南国,'南国、設定は？ https://t.co/8OsSw31mtP'
南国,'@halmama86 もう青空とお花からは春しか感じない✨さすが南国❗'
南国,'新築とフルリノベ物件を内覧しました。\nどちらもしっくりとこず。\nフルリノベ物件は結構期待してたのですが日当たりが良すぎるのと窓が大き過ぎて南国では厳しいと感じました。断熱材も複層ガラスも入ってないのは流石にね、、、\n今日は26℃と異常気象でしたが、おかげで弱点にきづけました。'
南国,'かどおわッ❣️\n\n番3 上43\n番3 緑18\nG1 ブエナ温泉×2\n金太郎 緑41G\nラグーン 継102G〜\nラグーン 258G〜\n某機種 5000円over\n吉宗 220P 201G〜\n南国×2\nイーター 271G〜\n\nマジで何… https://t.co/6lS74s8u0R'
南国,'やっぱり情報は新鮮度が一番。\nいまだに南国に縛られてるのはダサいし効率が悪い\nまわりの人間よりも1手2手先をいける人間が今後生き残れる https://t.co/P3fI8SdoD3'
南国,'@Katoo71749095 会社は年商300億の大会社でした。\nセイカ食品株式会社\n\nあの『南国白くま』を作っている会社です。 https://t.co/seqbJ8FFkL'
南国,'2/22\n🌈マルハン青梅新町🌸\n\n【事前示唆】\n■ゾロ目の日\n\n【LINEヒント返信】\n■あり！トークルームで🌸ください！\n\n【行きたいポイント】\n🔥ニャンマル誕生日🔥\n・メイン機種ベースアップ！\n・南国育ち一挙9台増台！\n・🤡は… https://t.co/cUQZLo8Hv9'
南国,'南国がーとか聞き飽きたよな。やっぱこれよ今の時代。本当にその通りだと思う。 https://t.co/ImVjYiGVue'
南国,'南国少年パプワくん\u3000第1話「んばば！きょうからお前も友達だ」 https://t.co/GwJWcKu4mS @YouTubeより\n\n懐かしすぎて泣く'
南国,'南国勝ったのでこれからapexに課金しようと思います'
南国,'南国フルーツはわりと緑茶にあう'
南国,'@amiyanz すろかすちゃん今日もおめでとう👏✨\n\nフリーズをつまみにして焼き肉を\n呑みたいくらい最高かもww\n\n結局まだ南国打ててないんですよねー😭💦\n早く打ちにいきたい…'
南国,'ぼくは粋なので，女児アニメリアタイ時にはその作品のその回に会うお茶を淹れているんですが，来週からトロプリが始まるので南国フルーツ系フレーバー茶に関する知識を増やす必要が発生している'
南国,'@detawane86 南国育ち？そんなにでるのw'
南国,'はあ、いいお湯だった💨\n自分がいいにおい〜ﾌﾜｧ\n今日の入浴剤は、沖縄のホテルアリビラのバスハーブ\n（とってもいい香りと聞いてお取り寄せした）\n最初はいい香りすぎるかな？と思ったけど、\n南国にいると思いながら入るとしっくりくる不思… https://t.co/eWwgdqpLIM'
南国,'南国育ち……\n遅れとリプフラに囚われすぎて100〜130ヤメ200〜300ヤメを判別する→遅れが出ない→400まで回すかor2千円でやめるか状態になっちゃってる\n非常に無駄が多い立ち回り🥺'
南国,'@nangoku @fmKOZA ご指摘ありがとうございます。\n南国を沖縄と勘違いしていました。\nすみませんでした。'
南国,'寝坊して昼から2人体制で稼働\n某パチンコ1.5h(24.8/1k)試し打ち\n絆判別浮き\nファンキージャグラー456濃厚を3000回転ちょい(🍇5.9)\nエナ\n沖トロ4s702\n南国464\nモンキーロゴ348\n番長緑ベル28\nブラク… https://t.co/rOG3LOKyco'
南国,'@Xm59xnCcC0Ndjis あと至る所にある変な南国風の花いらねぇ、特に洗面器の中。そして訳のわからん南国風のBGMはベトナム料理屋しか浮かばんから普通に有線でええ。エレベーターも人が乗ってるのに平気で乗れるのがバリアンだが… https://t.co/b86rB3q02e'
南国,'@GNS2xgfrABAnVeD @rosswise @tryupopoy 途中で失礼します。\n多分、南国で育った方は北国の冬の厳しさは理解出来ないのでしょう。\n今のネット社会の中では。'
南国,'何故か南国風な拓斗スペース'
南国,'@eX7SCEaSiFTQAh7 近場で南国、異国気分が味わえる島でした₊·*◟(˶╹̆ꇴ╹̆˵)◜‧*･🏝✨🚢\nリフレッシュに最高でした、おすすめです✨😉'
南国,'@odawarataro1978 キレパンダ🐼めちゃくちゃ打ちたいです！\nキレパンダ好きすぎて写真嫌いなのにツーショットお願いしたことあるレベル笑 あとは化物語と南国の甘が気になります🤗'
南国,'@Saya_nyan_Bonds パイナップルって南国フルーツイメージだからバナナやココナッツのように成ってるイメージあるよね。\n\nパイナップル畑は今見ても違和感が凄い…。'
南国,'南国育ち\nホウオウ\n\nマイナス39.6k\n\n奇数だったから粘ったけど\n多分3とかかな\n\n中間掴んで千日手食らうと何も出来なくなるからやめてほしい。。 https://t.co/RWzg9TS9k5'
南国,'@okanehadaiji そういえば、以前パラオへ行った時に現地のツアーに参加した時に梅が乗ったベントーが出ました\nただ、これは南国故に仕方無いのですが、お米があまり美味しく無いんですよね\n\n成田空港へ帰ってきて、先ずおにぎりの… https://t.co/F5Xn8m4oEG'
南国,'フラグでした\n南国育ちのもっと危険なホールがありました\n私が出すと翌日は全台設定1か？もしくは裏モードを使うホール\nパチンコすらマイナスモードにされる\n私の後に打った常連のコワモテのおじさん一撃マイナス6万円やられてる😣\n17スル… https://t.co/isoNUYdYOQ'
南国,'南国育ちとファンキーが明らかにベース高そうってことに12時ぐらいから気付いたんでわかりやすい南国攻めたら4以上確定の限りなく56つもれました。\n\nこのホールは半台系とか並び塊とか色々あるから後ヅモ狙いがかなり効率いい！\nピンでも全… https://t.co/z8V9d8kh9D'
南国,'@ge7942662 お互い南国生活楽しみだよね〜。元気はいつ頃栃木出る予定??'
南国,'@tokitasomama このご時世に咳は嫌だよね😓\n私は南国から来たからか8年以上歳を重ねたからか、乾燥がひどくて毎朝喉がすこ〜し痛む。すべて花粉のせい。。\n子供達にはこんな思いさせたくないよね😢'
南国,'ただの稼働データです。\nほとんどの人はいらないと思います。\n\n南国育ち30の稼働データ\nたーさん塾長  #note \nhttps://t.co/WJHiVqZ7vW'
南国,'みなし撤去の前はパト2GREENとか南国沖縄とかあったのになー'
南国,'リゼロの6より南国育ちの6が打ちたいぞ'
南国,'@yanaricorporati その辺りにあって、実がなったらもいで食べるような、そんな身近なフルーツなんですね。☺️日本にいるスリランカ人は南国フルーツ恋しいだろうなぁ。手に入りにくいし、あってもめちゃ高ですよね。'
南国,'《最新台‼》P〈物語〉シリーズ セカンドシーズン&amp;P南国育ち デカパトver. 甘デジ【キコーナチャンネル関東版】鶴見中央店『いいね！つるキコ』 / ニコ生配信(2021/02/23 00:00開始) https://t.co/nxmlhOBfB0'
南国,'うわ、めっちゃ雨！\n( ´_ゝ`)去年までいた北海道ならこの時期は吹雪だものなぁ・・・。仙台は南国だｗ'
南国,'@ikeno_numataro @Vajra_Tissa やはり南国人は、品がないですね。\n頭もイカれてるし🤣🤣🤣🤣🤣🤣🤣🤣🤣🤣'
南国,'南国育ちとめご姫をうまく使えばパチスロ界が昔のようにもっと盛り上がると思うのにな😹ベガスベガスの高橋社長お願いもっと南国育ちに設定いれてほしいですー'
南国,'ケミカルウォッシュ！\nファッションリーダーのみずいろです\n\nこの前デパートったんですね、デパート。\nそしたら水着コーナーがバーゲン中。中を覗いてみると南国のお花のような果物のようなそんな戦場いや扇情的な水着が沢山！\n(ひとりごと「ファッション」)'
南国,'@Ya_man420sky @kulkulparman 俺を南国に連れてってください🥲暖かくなってきたからハワイアン行きたいです🥰'
南国,'わたしは南国人(なんごくびと)だから積雪なんて数える程しか見たことないけど、当時も子供ながらにキッサキシティ付近の、深い積雪に音が吸い込まれている感じが想像できてた すごい'
南国,'@Calbee_JP 最後の念押しリツイート‼︎ポチィィ‼︎\nハワイアン🌺なフルグラって事はココナッツ🥥やパイナップル🍍とか南国〜✨な感じのフルグラちゃんかしら🤗💕'
南国,'「えっいや……ほら……あと可愛いし」ってふざけて言うんだけど元組対黙ったまんまだから居たたまれないし気まずいしあと普通に恥ずかしくなってきて今のナシな！！っつって走って逃げるのを我に返った元組対がイヤイヤイヤイヤ待て待て待て待てって追っかける南国組の猫の日。猫の日……？'
南国,'@awaawa1430 南国負けアピ嘘だったのかよヤラレタ'
南国,'あーあ南国の有利天井まで出しやがった…\nマジで南国の旨味がどんどん減っていく😩'
南国,'無双3振り分けゴミすぎ。\n昼〜稼働。\n\nとある 21/1k くらいになったから\n脳死でとあるでも\n打っとこうかなー😇😇😇\n\n南国遠征したい( ͡° ͜ʖ ͡°) https://t.co/YgPZvACUXQ'
南国,'@I_love_BJ_xoxo 南国か温泉か、旅行いいですよねー'
南国,'@awaawa1430 南国いくがちかだけ知りたいです'
南国,'福島須賀川で発砲事件。桐陽高校近くの元南国屋で三発銃声がした模様。犯人逃走中との話もあるので近くの人は戸締まりしっかりしてください。'
南国,'バナナオーシャン\n常夏の世界花を有する国で実際南国。ここに所属する花騎士は下着を大っぴらに見せてはばからない娘が多いけど、国民性なのかな？\nそういえば、王族がパンツ晒すPCゲームが少し前にあったね。え、09年は少し前じゃない？そんなことないんじゃないかな'
南国,'エケイチゴが開花～\nこれ温暖化？\n南国フルーツに変化～\n気になる栄養価～\nイエ～イ https://t.co/48Nu38UNag'
南国,'今日、所用で南国から高知市内2往復して、南国でウロウロ、市内でウロウロ。60キロくらい走った結果❣️\n距離かせげたわ。 https://t.co/yf4qsRiDIW'
南国,'@PrismShadow1 南国育ちはアマデジでよくお世話になりました。'
南国,'朝イチ遊タイムほぼ皆無だったんで、明日もあるから狙わず放置してたら若干稼働高そうだったんで行ってみるとちらほら落ちてる。\n絶望とともに打ち子に頼んで用事済ませて稼働。\n打ち子が珍しく調子悪かったけど、南国完走海万発で何とかプラス…… https://t.co/NdExKGyInY'
南国,'【カリスマデータチェック】\n2/22 マルハン相模原\nゾロ目+GOTO神奈川\n\n看板機種マイシリーズ筆頭に\n塊複数あり🔥\n\nマイⅣ.Ⅲには毎回合算⑥クラスも‼️\n1機種全台の可能性も⁉️\n\n塊濃厚機種\n■マイⅣ→複数\n■マイⅢ\n■… https://t.co/NR65zFAXYM'
南国,'@Imyssyykk この冬はずいぶん南の方まで降ったみたいですね❄️ 雪が冷たいのは至極当然なのに、南国というだけでぬくぬくして見えます☃️笑\n\nカメラアプリじゃなかったんですね、すごっ！！'
南国,'@s_523x016_m やはり南国育ちはパーツの作りが違いますね🤣'
南国,'@UMA555MO 4号機なら南国育ちが打ちたいです🤭'
南国,'南国育ちは知ってるゾ懐かしいな'
南国,'ドラゴンフルーツってしってる？ぼくは、南国のフルーツなのー！'
南国,"'大人はすぐに""また""とか""いつか""とか言っちまうんだよ (南国少年パプワくん)\u3000\u3000\u3000#拡散希望#followme#inspiration #名言'"
南国,'どんなお部屋があるかな？公式HPにて室内画像をご覧頂けます♪\n\n【https://t.co/pnAPoxUu2q】\n\nホテルラーナは車で行く南国リゾートです。\n皆さまのご来店を心よりお待ち申し上げます。'
南国,'南国めっちゃ増えるな~\n\nなるほど！！！！！\n回収か…'
南国,'出玉王\u3000田無\n店内で前日から南国育ち煽りまくり。\n新装初日5000枚と4000枚の回収に成功した模様w\n1ヶ月交渉し続けてよかったなww https://t.co/89XLiErWf8'
南国,'@nor_noiseor 時代は南国🦋'
南国,'南国の果物みたい https://t.co/c7ldgNc0WK'
南国,'お、結構ピリッとしてるな。上等!南国らしく熱くやり合おうぜ'
南国,'@BULUA4 どうなんでしょー\nもしかしたらそうかな〜\n中国の南の方だから南国風味なのが多いのかも〜'
南国,'【高品質】#かわいい パイナップルチャーム #夏アクセ 南国フルーツ ４個セット #minne https://t.co/FjO92kDIOO\n\n#ハンドメイド #ハンドメイド好きさんと繋がりたい\n#パイナップル #フルーツ\n#フェイクフード #ハワイ #南国'
南国,'明日も2スロのジャグラーで舞うことを決意\n\nPS. 南国育ち養分打ちしたら−12K楽しかった'
南国,'南国少年パプワくん\u3000第14話\u3000シンタローのパパ？マジック総帥 https://t.co/7R9InYxc6P @YouTubeより'
南国,'@Reward_34 「いえ！それでは私の気が済みませんので。南国と言えど夜は冷えますから、暖かくしてお休みくださいね。……さて、私はさっそくこの筆の書き味を試してきます……！！ありがとうございました。ではまた……！(一礼してその場を離れ)」'
南国,'@ryotaro0407 肖像権w\n今年やばいくらい調子いいわw\n南国エナやばいよ'
南国,'南国に行きたい。寒いのもうやだ。'
南国,'名前だけが三つ並んでいる | 南国カルーア #pixiv https://t.co/lFzDH4bigX\nあ～～～さいこ～～～～～～～🐱😸😿😽😹😻😼🙀😾😺'
南国,'@5dvCyTGq35crhAR 南国さん！\nおめでとうございました！'
南国,'@k4HzyXcHvrooyHL 近所に南国がヤバいの落ちる店があって完全に南国バブルですw\n\n南国の6打ちたいですw'
南国,'朝一まずまずの番号引いて候補の機種へ無事座れ\n\n天国へ全く飛ばないくそ挙動により捨てた結果\n高設定でした\n\n南国ゴミ\n\nその後別店舗へ移動してマジハロ5を3000G回してB3.R9\n魔界中強チェ×2引いても何も起きず\nART中は2… https://t.co/CfqDDV9fmu'
南国,'ちなみに南国SPは一生打てると思っている'
南国,'やばいなぁ\n昨日から咳がとまらないと、\n思ったら今度はくしゃみ、鼻水\nめがショボショボ、、、\nカンボジア花粉ないよね\n\n一昨々日、隔離脱走した◯国人が同じディスコにいたらしい、、、\n熱はないがただの風邪だよねたぶん、、、しかし南国… https://t.co/pzNvaovB0i'
南国,'橋の上にゴリラが落ちてる🦍\nさすが南国宮崎ですね！\n\n２分４０秒からが注目(笑)\n\n#インスタライブ中の事件 https://t.co/pDoZnOfEEX'
南国,'明日は南国育ちの設定狙いするヨォ〜'
南国,'今年の夏めちゃくちゃ旅行客多そう…\n南国には確実に行くけど、相当な田舎離島に行かないと泳いでる人多すぎて竿振れない可能性大だよなあ'
南国,'@hamaena777 エナプ南国立ち見してたな😏'
南国,'@YUYU04170125 こんな時間に、缶チューハイ飲みながら\nクロスステッチしてる人←😁✨寝よ\n(南国は暑すぎて寝れません💦)'
南国,'南国育ち初完走たのちい'
南国,'番長は異様なくらい出てる台が何台かあるけどほぼほぼ打ち手の引き、把握してる範囲では絶頂0\n80%ループで事故らせてる台はあったが2桁ボーナスでノー絶頂\n\nこれに引っ張られて総差枚は伸びるだろうね\n\nあとはとにかく専業しか座らないの… https://t.co/qyOtpH6Dkz'
南国,'#猫の日 に私も参戦。これはもう10年以上も前に、沖縄の観光施設「むら咲むら」で出会った猫。南国の猫ってみんなスリムでお顔がシャープ、そして耳がピンと張っている印象がある。人が食事をしているテーブルまで上がってなぜかお箸に顔をすり… https://t.co/HCUvLCO4on'
南国,'ひとつ心配なのは通話履歴に残ってる電話番号のところ、今まで企業とかからかかってきた時、電話帳に登録してなくても、着信の時も企業名が表示されてたし、履歴にも企業名で残ってたのに、今回は着信では『南国警察署』って表示されたけど、履歴に… https://t.co/ycTxv66QiC'
南国,'@hiro_k7777 @kicona_tomi それ見落としてない？（南国）'
南国,'@Mielemiele4 🍍Men Mr 春🐎君\n似合います\n南国フルーツ'
南国,'南国のマダオIKKO利口ってどうゆう意味？ https://t.co/MkjSTPIEUT'
南国,'南国の600くらいハマり打ってREG\u3000→飛ばず。\n準備Bの消灯区間の200ちょい前まで引っ張られ、有利区間消灯してヤメ。南国の必殺負けパターン\n\n最後ハナハナ鳳凰でちょい粘るがマイナス600枚\n\n明日は祝日、在宅勤務にしたかったが… https://t.co/wjtJyte3qW'
南国,"'練馬は愛犬とお散歩5分でふたりとも「暑‼️」となるような、アウター要らずの1日でした☀️🏃\u200d♀️🐕💨\n\n✨明るい日差しのなかで一層映える本日のハワイアンアート✨\n\n南国の空の色を映してきらめく波の飛沫\n""Tropical Wave… https://t.co/XtbDFLXSQH'"
南国,'@HollyhockMiss ありがとうございます！花粉と無縁の南国に逃げ帰りたいです…😔'
南国,'須賀川の通行止め封鎖、未確認情報だが元南国フルーツ屋現車屋の所に警察シート掛けてる模様😨'
南国,'@Nekocake29 ありがとうございますっ✌📷\n南国ペヤングのライブ、一発で心わしづかみされたの覚えてます。'
南国,'0888630110から電話があって『南国警察署』って表示されるから、なんじゃ！？と思って出たら『かどたさんの携帯ですか？』と言われた。テンパってたからカドタじゃなかったかもだけど、ネットで検索したら↓↓こんなの出てきた。\n出ちゃ… https://t.co/7XeJDNq3lr'
南国,'@gel_on ヘアスタイルおしゃれな綺麗なお姉ちゃん感？あと南国風のオレンジ色とか...!'
南国,'【#DB7ちょいピック👍】\n\n📅２月２３日（火）\n✅＃ワンダー百年橋\n🆕新台入替（南国育ち増台)\n\n⏰抽選時間：9時40分\n\nみんな大好きな南国育ちの増台だよ！！\nポスト沖ドキになってホールを盛り上げて欲しいので明日はぜひ高設定を… https://t.co/kCLCYKtHow'
南国,'南国の初打ち初飛びは1280天井でした…'
南国,'おっ、\n\n南国市'
南国,'-30534円\n\n南国翔ばず、バイオ倒せずでおわおわり🥺\n連勝止まってしもた🥲\nまた明日から連勝記録つくるかぁ\n\n明日も稼働する予定 https://t.co/0Bsr4aC71f'
南国,'〜今日のかどう〜\nモモキュン残り257\nバイオ7 200\n乙女黒 519 リセ後3200p、リセ後1970p\n絆2 296 0スルー\nフェアリーテイル(1k18見込み)残り313、残り327\nアグネス残り98\n南国育ち1台\n沖ドキ… https://t.co/byfWsTgaxO'
南国,'@yuta580303 @love_milos 5号機の南国ですら万枚狙えたから、せめてそのレベルにもっていければ…ってとこなんですけどねー。\n昔の南国はギリギリやれたくらいなので…'
南国,'@QkucV6GkDOt7uTt 正直、南国育ちのサマーリフレインだけで追い銭しちゃってもいいんじゃない？って感じでしたわ。\n(ちょいとマスタリングが綺麗過ぎる感じはしますが)'
南国,'南国の夜みたいでｷﾓﾁｪ'
南国,'ヤルとちゃろ\u3000第7話(1/2)【南国育ち-30】《ヤルヲ》《ゆうちゃろ》[ジャンバリ.TV][パチスロ][スロット] https://t.co/kQMkpvkT1Z @YouTubeより'
南国,'@gonta_konta うちは、南国ですけどその日の天候と子供の状態から判断してます\n基準値が５時です'
南国,'@yuuki_lark12 @love_milos 昔の南国によせたんでしょうけど、あの頃とは他のスペックが違いすぎますからねー'
南国,'体は宮i崎i牛で出来ている\n血潮は焼酎で心はマンゴー\n幾度の波を超えたサーファー\nただ一つの南国を目指し\nたくさんのフェニックスを生やす\n担い手はここに一柱\nえiびiのi高i原iで乳を絞る\nならば我はここで生涯を共に\nこの体は\n数… https://t.co/kZsS2YzSqC'
南国,'リ ¯•ω•¯ )幻想の月夜たしか蝶々乱舞に入ってたよねと思ったら当たってた\n\n平和の南国系パト台楽曲灼熱で燃え上がる。(バジリスクは聞かなかったことにするw)\n\nジャグにキュイン音付きのカウンター作ったの未だに外道だとおもてる'
南国,'@Bomb_Hanan 元々南国にお住いやきね！\nはなん四国のどこやっけ'
南国,"'☆ 南国の空の色を映してきらめく波の飛沫 ""Tropical Waves2""☆\n⇒ https://t.co/mK4LMDN2ex #アメブロ @ameba_officialより'"
南国,'@yuuki_lark12 @love_milos ですよねー\n\n現行の6号機だとまず無理、、、\n\n南国いいですけど万枚は無理かー'
南国,'それにしても花粉症がキツイ。本当にキツイ。信じられないぐらいキツイ。薬を飲んでも中々にキツイ。明日も登壇だけれども喉が死にそうな予感。花粉シーズンだけ沖縄や南国に引っ越したい（※スギ花粉が飛んでいない）'
南国,'訪れた島唯一の雑貨屋では、店主の老人がいつもラジオを聴いている。南国にそぐわぬ静かな歌を聴いている。疑問だった。何故いつもこのｃｈなのだろう？ここを去る間際に彼に尋ねた。すると彼は言う「思い出さ、アレが好きだったんだ」その顔は穏やかで、とても深い愛情が垣間見えた。'
南国,'唐突にベトナムを懐かしむすいきょーせんせー。写真はハノイ名物hoa quả dầm。マンゴー・パラミツ・龍眼・ライチー・スイカなど南国の果物を適当にクラッシュアイスと練乳とでぐちゃぐちゃにかき混ぜた奴。 https://t.co/uMgZBqpVTM'
南国,'こうさぎの命のためにも、小生が生まれたのは太陽の光降り注ぐ、南国沖縄。とかなんかその方向性でお願いしたい所存なんですが？！？！？！'
南国,'@Cat67etihW201X 言って良い雰囲気有るだろうが…\n\n南国育ちの絵師に関しては、初代の絵師を採用してくれ。\n\n初代の甘は俺専用機として、マイホが閉店するまで置いて貰ったんや‼️'
南国,'南国コーナーに特定の乞食が棲み付いてるのを把握した上でわざとあのコーナー充実させてるもんな\n吉宗エナが流行った時もそう、過度な徘徊張り付きへの対策はせずに増台だけ繰り返す\n\nもはや専業への餌やり場と言って差し支えない、異様な雰囲気\n\n#マルハン青梅新町\u3000#マルハン'
南国,'@Jessie_2878 南国からおでかけ中かな🤔'
南国,'ダイビングの免許とって沖縄やハワイなどの南国の海に潜りたい。'
南国,'@Drizzle_FF 綺麗なお姉ちゃん感...! 日光の良い南国....!ww'
南国,'南国打ちてえなあ'
南国,'かどおわ🙌💕1週間ぶりくらいにスロット終日打ってたから体がしんどかった🙄南国ネイルにしたらめっちゃ出てくれたよ💓🦋✨たのちかった🐹明日もかどがんばります👊 https://t.co/48I2KqK0GX'
南国,'【温泉サイト更新】海一望のリゾートホテルでした。南国調の露天風呂がまたいい感じ。\nたぶん熱湯を足して温度を上げるタイプの加水掛け流し。\n\nホテルに許可をいただいてお風呂は撮影させていただきました。\n\n#温泉 #鹿児島県の温泉\n指宿… https://t.co/VyJaAffpud'
南国,'寒がりすぎて、割といつでも自分の部屋は暖房ガンガンなんだけど、、、\nお母さんからは南国🏝🍍と言われてる私の部屋。'
南国,'@souiti555 こっちに来たらわかる…\n \nあれだ、南極観測隊が-10度で暖かいと思うのと一緒だ\n\nアマプラで 南国料理人 って映画を見てみよう\nマジで面白いから\u3000そして、理解できるから'
南国,'明日は南国育ち狙いで。'
南国,'リ ¯•ω•¯ )恋のストーリーとか10年なのか…ダヨネー。幻想の月夜とかSummerRefrainとかは懐かしいだけど、感じてsunshineとかもいいね\n\n南国育ちは5号機で人気無くて詰んだと思ったけど、6号機のダラダラ感とA… https://t.co/wUefJZguvy'
南国,'明日2月23日（火）は\n\n新台入替【朝10時開店🎉】\n\n🆕Ｓ南国育ち-30\n13台増台（合計22台へ）\n\n🆕Sモンスターハンターワールド\n3台（5円スロットコーナーに増台）\n\n30φコーナーが増設！\n〜42台から53台へ〜\n\nお客… https://t.co/oiXLQuuPvK'
南国,'@wanntannmeen 気分は南国！🌴💃'
南国,'@N09090874 5はまだ打てたことないので体験したいですねぇ😭\n6は安定しますが準備の高モードに行かないのでフリーズの期待感とか皆無ですよねw\nそれでも飛翔しまくる南国は面白いですが😌'
南国,'@hamaena777 今日pで南国459空いて中国人と同着で譲ってあげたわw\n当たるまで立ち見はマジしんどいし😢'
南国,'初代SPYが完成されすぎてて2作目の続編の南国指令篇はダメ\n\n#SPYvsSPY\n#スパイvsスパイ \n#ファミリーコンピュータ'
南国,'「日差しが暑いわね…」\n「そうやねー。でも南国とかに比べたらだいぶ涼しいうちやと思うで。」\n「希、いったことあるの？私はむしろ日本が暑いわ。」\n「あるでー。アロハー♪」\n\n「3年生ってワールドワイドだね、凛ちゃん。」\n「だにゃぁ…」'
南国,'@milmey_pachi 日付でイベントやってたりした時はよく行ってましたけど、最近は飲みの前に寄るくらいになりました🤣\n南国は6じゃなくて5で良いから打ちたいです😎'
南国,'イトミツ、新婚旅行(？)行くことになって場所はどうする？北海道とは真逆の南国にしよーぜ！サイパムみたいに海で泳ごーぜ！と南国リゾートに行って欲しい。\nんで伊藤がよく分からないまま予約したホテルがガチのハネムーン用で、現地ついて「うおーすげーめちゃくちゃ豪華じゃねーか海の上に建って'
南国,'ちーの穴で沢山楽しむから/////\n\nん…\n\n南国の海みたいな色のパンツ履くのやめて\n\n？？\n\nやだ\n\n失礼な…\n\n/////'
南国,'バナナオーシャン\n常夏の世界花を有する国で実際南国。ここに所属する花騎士は下着を大っぴらに見せてはばからない娘が多いけど、国民性なのかな？\nそういえば、王族がパンツ晒すPCゲームが少し前にあったね。え、09年は少し前じゃない？そんなことないんじゃないかな'
南国,'【2月23日】\n南国167完走後\n南国183完走後\n南国315\n南国410\n南国413\n地獄少女149ボナ狙い\n慶次 武威213リセット後\n笑う 絶笑340\n囮物語175\n黄門ちゃまKING 59 200引き継ぎ\n\nこれらの台を打… https://t.co/FUDIHKJqvD'
南国,'南国ノート買ったらまけ？'
南国,'@GjQNXG1LHkAnX9h 南国導入しろ？'
南国,'@chaisuroaka 南国1台6ありましたね。先月30日全やったみたいだし来月30は狙い目かも？'
南国,'南国がバケモンだな\n普通に愛知に篭るか迷うレベルだわ\n今沖縄か愛知に行ってない軍団は雑魚だよ\n南国設置ないとかじゃなくて行くんだよ'
南国,'楽天のみんな大好き マンゴスチン ランキング😋\n\n🏅第2位🏅\n\n冷凍\u3000マンゴスチン 冷凍 スムージー 美容 南国フルーツ\n\n評価3.9\nレビュー12件\n\n301356\n\nhttps://t.co/NjKW1yG7sg'
南国,'ダンナにこの南方妖怪チンポの説明をするときに、｢南国の妖怪でね、ちんこが5本くらい付いてるんだよ！｣と言ってググッた画像見せたんだけどよく見たらちんこ3本だった。ちょっと盛っちゃった(๑&gt;\u0602•̀๑)'
南国,'僕の好きなものはスイーツ全般、苦手なものは南国フルーツ'
南国,'無料素材- フリー素材:フレーム;ガーリーな南国風の花のイラスト素材 https://t.co/6yZNsHexuV #お名前シール'
南国,'南国と遊タイムのせいで設定狙いが怠く感じる…特にハナ'
南国,'@kxxxps2 あーちゃん…\n明日のWSが先になっちゃうね🤣\n\n南国から早く届くように念を送っとくわ！\n๛ก(ｰ̀ωｰ́ก)'
南国,'あっちぃあっちぃあっちぃわぁぁ~🔥🥵\nここは南国ですかぁぁい'
南国,'写真フォルダが南国だらけ。 https://t.co/5YxGqrFxt1'
南国,'大海すぐ打つ癖やめたい💦\n神機だろあれ\n南国終わったらまたお世話になります'
南国,'いつになったら設定6入れるんよって思ってたら、昨日入れてた。\n\nしかも案の定、このお店にありがちな角台…\n\n設定6は初代の南国と同じ挙動ですよね。\n\n設定456の履歴データを集めてるけど、設定5が一番面白そう(4はデッドオアアライ… https://t.co/zee3gAW2Qu'
南国,'選抜の組み合わせが決まりましたね。\n5日目1試合目に聖カタリナ学園登場です！TVの前で応援させて頂きます！\n\n【3月新台ランキング】\n1位Ｐ被弾のアリア4\n2位Ｓ北斗の拳宿命\n3位Ｓアイドルマスター\n新台以外ではＳイニシャルＤやＳ… https://t.co/aDdxXloc8P'
南国,'@l_harukaBF あ！確かに南国とか夏とかのイメージありますね！(そしてジョーチェリの声優さんのお話しめっちゃ分かります笑\n悠さんとてもスタドラ好きなのですね！フォロワーさんが同じもの通ってらっしゃるとすごく嬉しくなります( *´꒳`* )2期やって欲しいですよね…！笑'
南国,'壁の中の南国@某書店 https://t.co/1lJvAWSr34'
南国,'国産バナナがまさかの北海道。。。 なぜ南国で作らない。。。'
南国,'南国なのになんでパトランラン出てんだよ、もうわけわかんねぇなこれ・・・'
南国,'南国打った方が良いと言われたので打ったら900で当たってREG3連。まじで気持ち悪いな。\n\n最後はディスクに癒され終了。今週10万くらい負けてるけどそれでもなお楽しいってもはや犯罪だろこの台は https://t.co/EtYWleKxCL'
南国,'@yoshiki_sps パチンコはとある魔術の禁書目録✨\nスロットは南国育ち🦋です✨'
南国,'@taarem1 ゲチェナさんに言われると説得力あって嬉しいです🤗\n3万近く浮いてたのに南国と吉宗で持ってかれました😭'
南国,'ひよこ先生の絵はこれでいいんだけど、南国育ちはこうじゃねぇんだよ・・・・・特にナツは完全に別人やんけ'
南国,'フラワーパーク鹿児島🌴から、\nこんにちは💐。南国感🐵 https://t.co/ITCGFg2oj5'
南国,'@N09090874 最近思うのは6より5の方が爆発力あって勝ちやすい気がしますね😅\nそれにしてもきちんとツモれるのは凄いです💦\n飛びまくる南国は楽しいですよね😄'
南国,'@tatakai_ayu1215 熊本だからどちらかと言うと南国サノック(⸝⸝⸝•́ω•̀⸝⸝⸝)\nケガおだいじにー'
南国,'@ofq2w8XmRM0u4Pv 俺の地域に南国無いんやけど'
南国,'@1234nabe5678 ありがとうございます！\n最近南国打てる台数少なくて悲しい😿'
南国,'？\u3000バカだな帝人。俺の頭の中は常に夏！\u3000パッション溢れる季節だぞ？\u3000目に映るものは全て南国ビーチのイケイケお姉ちゃんストーリー……当然、俺の脳内では全ての女性は水着姿に変換されている！'
南国,'@Asucan_Mahalo キルの音は南国のキュイン♪でお願いします（笑）'
南国,'@cdoemrpmaisns めちゃくちゃうまい\n匂いはさわやかな南国系ジュース\n味も甘め、微炭酸で飲みやすい\nパイプラインパンチよりおいしいかも'
南国,'南国宮崎の山で遊んでたからテントは蚊除けくらいにしか思ってなかったけど色んなのがあるんだなあ(\u3000´_ﾉ` )'
南国,'南国育ち普通に趣味打ちしてもいいレベルで面白い'
南国,'@itomida 南国の風土を見たらそのイメージわからないでもないです'
南国,'おばさんだからと諦めていませんか？40代主婦も楽しんでます！\u3000【広告】\u3000高知県南国市30代:男性と♪寂しい人にオススメなのは'
南国,'時代の大きな移り変わりは、ある日、突然やってきます。しかし、どんな時も変化したものだけが生き残るのは、歴史の教えです。仮装ではなく、本当の変化、いや進化へ。ハロウィンの夜に、人類の行く末を南国で考えています。FR.333 / 2017.11.03'
南国,'南国に死して御恩のみなみかぜ\n\n#詩'
南国,'@esorakotodaman 後ろ側の南国育ちは楽しそうでしたねー光物には弱いタイプ'
南国,'@wor1d28 俺の地元は大体一晩で50cmくらい積もるのよ。それが積み重なって恐ろしい量の雪壁になるね。地獄だよ。南国に住みたい。'
南国,'てか南国育ちって稼働なくね？'
南国,"'#昨日\u3000#期待値\u3000#収支\n（スロット）\nのぶな\u3000リセット0～+200円\u3000\nゆゆゆ\u3000リセット0～不明\n南国育ち\u300014、36～不明\n物語セカンド174～+800円\n（パチンコ）\n海アグネス宵越し195～+1,200円\n北斗無双3 宵越… https://t.co/F82ng16xXf'"
南国,'@yotuba0106 南国育ちの⑥打ちたいです 🎰'
南国,'舞台が南国のアニメでは風圧で顔が崩れるんですか！？歯茎を作画してくれるんですか！？最高最高最高最高やな'
南国,'今日は奥さんに許可もらって朝から1日稼働しました😆\n\n南国リセ0～79B単\u3000149B（天国SP）\n南国(364B単)4～142消え\u3000\n番長リセ62ベル→番長設定\nモンハン6クエスト目1179 \n南国342～721B単遅れ4回\u3000特フ… https://t.co/xR19sEh7zQ'
南国,'でも南国育ちは有利区間ランプがなかったら沖ドキの代わり行けたよな。それだけでやめ時分かんなくなるし。'
南国,'@slokasu2525 @chance_a_gogo 南国物語？ダイダイ？\n電撃アラッたろう？\nシオラー？\n\n何打つかなー？\n\nジャグラーも裏ですねー。'
南国,'某ホール、南国育ち25台増大で計40台は流石に草ｗ'
南国,'@dropout_777 そんな器の狭い事書くぐらいなら南国撤去すれば良いンじゃない？とか思いますけどw'
南国,'@1997__sn うんとてももうとてもすきwwwwwwwwwww\nちなみに南国のあの右側のあのあそこなんだけど近くだったりする？？？？？？？？'
南国,'沖縄の南国育ちはひっくり返ってるのかｗｗ https://t.co/VyuQ4wRNuh'
南国,'@r9YsAS0317 ﾟ+｡:.ﾟおぉ(*ﾟOﾟ *)ぉぉﾟ.:｡+ﾟ\nそりゃ大変！\n\n私の従姉妹 外国人さん(南国かな)と結婚して\n\n相手の旅費とか全部こっちもちにされた\nとか 聞いたことあるよ\nその後離婚しました\nお子ちゃまは良い子です✨'
南国,'@monmo0218 南国感すごいですね(笑)'
南国,'@Rino_Tachi バナさん南国の完走率めちゃくちゃ高くない？\n誕生日完走おめでとう🎉\nマイホに南国ないから打ちたいけど打てない(T . T)'
南国,'南国の島バハマ。'
南国,'@naniyattenda 南国感が良いですね🥰'
南国,'南国育ち 設定6 \n終日打ち切り\u3000\n+57.5k\n\n総ゲーム数: 7313\nボーナス確率: 1/103\n初当たり確率: 1/304.7 ← 24回\n飛翔率: 87.5% ← 21回飛んだ\nBB: 41 (57.7%)\nRB: 30… https://t.co/s5whOEOLSX'
南国,'@haaku_taruchi はじめまして、南国コースターの九門持ってます。\n出張版咲也との交換可能でしょうか？\nご検討よろしくお願い致します。🧸密'
南国,'沖ドキより南国だよな。完走しすぎだろあれww'
南国,'本日の立ち回り\n21時45分入店\n南国育ち188Gでランプ消灯ヤメ\n沖ドキ2サイドランプ黄色バケ単発ヤメ\nGOジャグBIG単発ヤメ\nプラス500円'
南国,'@Rino_Tachi バナさん誕生日おめでとう🎂\nステキな年になりますように😄\nでも南国に助けてもらえて良い休日✨'
南国,'@ayayuhaku おとなしい瞬間がないのがアラシンのミソです😘👍👍👍\nおぉぉPAPUWA全巻！マジですか嬉しすぎます！！😍南国～の方は確かに置いてるとこ少なくなってるかもですね…ネットで探したが早いかな？新装版、愛蔵版も出てる… https://t.co/8NlnjLV4cq'
南国,'そういやタトゥーいれてるツイドラ好きな？お姉さん、南国にシフトしてたなw南国はいいよなあ〜〜'
南国,'みんなのアタマの中を南国気分にする使命が.............アタマ.......ちょっと！'
南国,'@konomisotechnic 不思議な南国の味でした…'
南国,'南国育ち面白いですか？'
南国,'南国で暮らしたい人ってけっこういるけど、実現させている人は少ないように思える。\n\n休日をすべて使って現状打破してライフワークをビジネスにするとストレスなく生きられる。東南アジアに移住って夢がある。https://t.co/ccDdVmpR7t'
南国,'Inner Circle『Games peaple play』三十路おじさんたちのレゲエ原風景。おいしいとこどりの南国サウンド！ジャークチキンとビールだね！https://t.co/IcuzRLJGWF'
南国,'今日\n1人別店舗で絆スカ\n1人残り\n俺は夕方から南国3台プレハナ1台履歴打ち\nモードA2台モードC1台でプラス\nクレア2推測5\nまど2、ディスクスカ！ https://t.co/jR15uMXiNH'
南国,'南国育ち勉強しよかな。\n近所の店イベ日強いし'
南国,'南国の甘デジ面白そう\n打ちたい'
南国,'あまり書きたくないが…\n\n1店目\n絆、まど2、南国1台で−24k\n\n2店目\nエウレカぷらす\n絆マイナス→怪しき気配\n\n打つのなかったし負けてるから攻めてみよう\n\nイライラがMAXに差し掛かろうとした折に、3ス650が空く\n\n元の台… https://t.co/Jc7dBk6eRv'
南国,'今日は17時頃に高設定ぽい(6ではない)南国育ちをゲット。投資3Kキュイン単発からの準備E昇格(リプフラなし確認)。280Gで当選♪もちろん飛翔そしてフリーズ。有利区間も十分あったので当然完走…と思いきやまさかの6連終了。ん～やっぱりこれ6連ストッパーある？'
南国,'南国育ち\u3000マル秘狙い目｜よしお #note https://t.co/0gF4Ol2uLC'
南国,'昼から打ちさんと2人で稼働\nアイムすか\n絆５積も約5600回転\n遊タイム2台\n獣王リセ\n南国3台\n吉宗318\n笑う絶笑330\n鬼浜愛910\nアカメ222\n天昇702引継ぎ2\nリゼロ286引継ぎ102\nからのマイスリー後ヅモ1.5h… https://t.co/2ZnJKYS7JK'
南国,'お前も南国に住まないか？（一夫多妻制） #tweetgen https://t.co/b4Yj4jXtM6'
南国,'南国育ち設定分からんけど、3台8000枚出てて草'
南国,'そりゃ南国目出たら当たらないわけが無い'
南国,'ドラゴンフルーツってしってる？ぼくは、南国のフルーツなのー！'
南国,'@kamiyu_slot 素晴らしです👏南国コーナーに大きく貼って置かないとですね😄'
南国,'南国うまいとかいってるけど実は内容よくわかってない😓😓'
南国,'自分の地域も沖ドキ2減台して南国増やす店が増えてきてるけど設定なんか入れる訳ないから悲惨な履歴になってるよね。'
南国,'南国育ち\n+1800枚\n\nたまたま完走したけどまだモード察知がうまく出来ないから頭悩ますね\n一つ言えるのは6号機の中では中々面白い https://t.co/yFGSxrTqb1'
南国,'新台で南国育ちの甘デジ出てるじゃ～～ん\n打たなきゃな\n\n継続率が80パーから73パーに落ちてるのは痛いけど、打ち込むかもしれん。昔から好きだった'
南国,'@p0n_morimori 無理やり南国風にした😂💪\nありがとう🥺💖'
南国,'@JDABC_777 南国育ちって沖スロやねんけどわかる？\n6号機出玉制限あるしな…しょっちゅう行くものではないわ…負けてたらお金めっちゃ減るし。遊び程度に留めておくべき😳\nてか実機あるとかどんだけwでも羨ましい！！'
南国,'「summer refrain………最近になって聞くようになったけど、元々はかなり前からあった曲なんだっけ……？凄いよね、南国育ち」'
南国,'気づいたらフォロワー100人超えてた。あざます🙇\u200d♂️\n僕をフォローする人は南国好きの人なのかな？w\nこのアカは自己満ツイートしかあげる予定なくてフォロワー増やすつもりも毛頭なかったんだけどせっかくフォローしてくれた人が沢山いるん… https://t.co/bv8okML8AI'
南国,'結果はっぴょ〜！\n\nC店+41.8k\n南国育ち276/2456\n5スロブラクラ2台360/472\n\nA店-26.7k 28k/1.3k\n絆Ⅱ1th554)7k/65\n→ルパン🇮🇹宵451)+5k/87\n→ルパン🇮🇹213〜247)… https://t.co/7KNB9ZvcEV'
南国,'高知南国道路\n「高知一高知南」間が\n開通するようですね！🚛 https://t.co/vfSJ9wNT3s'
南国,'でも途中で気づいた…。倶東国は青龍の力で紅南国だけじゃない、北甲国も西廊国も侵略する気なんじゃないかって。そうなったら、争いでまた多くの人の血が流れる。もう僕には何を信じていいかわからなくて…。青龍七星として、あなた方と戦うしかなかった─…。'
南国,'かどおわw\n\n今日は何もかもうまくいかず−35k\n\n南国の天井狙いが安定しなさすぎて迷走しておりまするw\n\nモードC狙いに戻そうかなー'
