案内,'(自動)案内\n地元 南海電鉄 萩原天神駅 \n改札を出たら100円ローソンがあります。\n踏切を渡って奥に萩原神社です。'
案内,'@Emma_Singapore @tutu22 @takegreen_sg こんな感じのロケ地なら案内しましょう🤣 https://t.co/SF0b2owRwW'
案内,'東巻王国3の時、主催者様のイベント案内を見て差し入れが実際にできることを知り、好きなサークルさんにバレンタインチョコを差し入れできたことには感動した！！'
案内,'35才の時、高校の同窓会の案内が来て、私は、当日私が精神的に著しく不調だったから、みんなと仲良くできなかったのか、それとも、より私の特性からくる問題なのかを検証するために参加した。結果、35才でも全然合わず、私が私である限り、うまくやれない人達なんだな、と悟ることができた。'
案内,'案内標識（下り）\n兵庫県内\u3000\u3000鳥取\u3000○○Km\n            新温泉\u3000○○Km\n鳥取県内\u3000松江\u3000○○Km\u3000\u3000\n\u3000\u3000\u3000\u3000\u3000米子\u3000○○Km\n          鳥取\u3000○○Km\n\nんっ？なぜ兵庫県内は2つしか地名表示がないんだ？？あ～分かった田舎だからだ！！'
案内,'ホロウナイトの音楽iPhoneだと買うじゃなくて月額で聞けるよって案内されるのやめてほしい、このCDを私は買いたいんだ'
案内,'《優良職業案内登記済の優良会社》\n\nホワイトにやっているからできる条件がございます。\n今の時代、グレーのスカウト会社を使う時代ではありません。\n出稼ぎ・在籍・ソフト系、AV\nにご興味ある方はお気軽にお問合せ下さい。 https://t.co/PEAAivemTs'
案内,'本日新しい動画をUPしました！📹\nチャンネル登録もよろしくお願い致します🙇\u200d♂️\n【BAR真鎖夜】お店までの道のり案内【迅風社系列店】 https://t.co/85PYAdmd1A @YouTubeより https://t.co/zJIEpFqYy9'
案内,'復旧して初っ端\nヴァルヲからの案内\nやったぜ😜\n\n#アナデン #アナザーエデン https://t.co/dmwWq4D6bK'
案内,'いつもカゴいっぱいお買い物されて\nレジ袋を2枚購入されるお客様を\nいつものようにサッカー台へ\n案内したら\n\n「あのさぁ、買い物しに来て自分で詰めろ、はムカつくんやけど。どんなルールなわけ？ 」\n\n購入された量が多い時はお客様自身で… https://t.co/bNbqXBVuka'
案内,'#ベラルーシ と中国は、1992年に外交関係ができてからずっと仲良し。特に2013年以降は目に見えて接近。ひも付き融資や労働者や留学生が増え、中国人グループ観光客がビザなしになり、国営ベルタ通信の中国語版が出、ミンスク空港で中国語… https://t.co/Yy8BzwSmRI'
案内,'@pikaaashuu 出てきてる😂問題ない！笑 たぶん消えた気がするけど、生地によって逆に広がって汚くなった気がする笑\nいえーい！ありがとう💓長崎の美味しいもの食べたいし楽しいところ案内して🥺✨\n面白いよね！埼玉ネタなのに全国に… https://t.co/tQD5mP5u9r'
案内,'『ジャン=ポール・ベルモンド傑作選２』の案内が来てましたね｡5／14から新宿武蔵野館ほかロードショー｡笑えてハラハラドキドキの最高作『リオの男』と『カトマンズの男』や本邦初公開の『アマゾンの男』など｡これは必見ですね😄 https://t.co/Vqv0IviejW'
案内,'大国町のネオン、東にちょっと進めば恵美須町店か何かの同じような矢印の案内のネオンなかったっけ'
案内,'@minarai_uehasu 枠の案内を頼むよーっ٩(ˊᗜˋ*)و'
案内,'【巨城の破片 (1983年) (角川文庫)/高木 彬光】\u3000福岡へ旅行をした高木彬光は、現地のガイドを頼み、案内してもらう。そのガイドは陣羽織を着こみ、まるで見てきたかのように話すことで定評があっ… → https://t.co/myDRkxge6c #bookmeter'
案内,'クリマの振り込み期限どこにもかいてなくて、大分前に出展参加したときの受理メールの案内掘り出して見てみたら大体1週間以内が期限目安なのかな？'
案内,'矢原地区の案内板。直線から外れる「大曲り」という曲線区間は高さの違う水路に挟まれています。 https://t.co/9xmmBObxhT'
案内,'@komaru0412 ……あ\n剣盾ってトレーナーズスクールに案内されないんだっけか\n\nというか序盤の街のモブは大体基本システム話してくれる'
案内,'@tamagoDX1414 了解～！ 後ほどディスコで案内だすので暫しお待ちを～～'
案内,'GoogleMapにも登録してございます。\n「高輪台スタジオ撮影会」にて検索頂くと\n電話・HP・入口写真・Map＆経路案内が可能です。是非ご利用ください。'
案内,'◆アフターサポート２４◆\n\n《優良職業案内登記済の優良会社》\n\nホワイトにやっているからできる条件がございます。\n\n出稼ぎ・在籍・ソフト系、AV\nにご興味ある方はお気軽にお問合せ下さい。 https://t.co/7iDPRtmCFT'
案内,'@anatanomoon 無事にこんにちはできたようでおめでとうございます！こんばんは（裏切り）実はシャネルさんしテイル。怪しいノリに高額請求したいところですけど、さっき普通にお料理のホームページ見てたら謎のハッキング請求案内が来… https://t.co/fKwR35esJF'
案内,'今日の島クリは案内所右横とまた1つお気に入りスペースできた😌\n住宅街あと少し作ったら右下半分も終わりかな👏👏'
案内,'(OCCTO) 2月19日 委員会・検討会\n＜録画データ掲載＞第7回\u3000広域連系系統のマスタープラン及び系統利用ルールの在り方等に関する検討委員会\u3000開催案内\nhttps://t.co/sCZHQFFf3V #iwakamiyasumi #iwakamiyasumi3'
案内,'@issei_SAOAB 私もそう思いますw いつかイッセーさんに現地案内してもらおうかな(°▽°)'
案内,'@krn__sdmk221 @am636_ 案内頼みます！\nまじ！じゃあよだれ準備していくね！！🤤'
案内,'神奈川県相模原市小田急小田原線小田急相模原駅（おだきゅうさがみはら）←こちらのエリアでリノベーション物件の賃貸案内しています！お部屋探しをしている人・最新の空き情報などをお知らせしますので、お気軽にお問い合わせください！https://t.co/rDWAPFyRLw'
案内,'@suiyaren @miraiaiaiai サーバー自体が落ちたっぽいよ。\nなんか、色んな人が出来ないって言ってるから、そのうち公式から案内あるかも？\n他のゲームも軒並み緊急メンテっぽいから、ソシャゲ界隈でサーバー攻撃でもあったのだろうか…？とか思ってしまった。'
案内,'兵庫県市町「道路案内標識」クイズ 10問中 6問 正解しました！\n【 ①✕ ②✕ ③○ ④○ ⑤○ ⑥○ ⑦✕ ⑧○ ⑨✕ ⑩○ 】\n#クイズメーカー #兵庫県\n https://t.co/BUz6tX10Rx\n\n西日本わかんない💢'
案内,'【京浜東北線\u3000最終電車案内】横浜、関内、磯子方面の最終電車は２４時１２分発「磯子」行きです。お乗り遅れのないよう、ご注意ください。'
案内,'@haitoukizokuou 行きまーす🌸🙋\u200d♀️\n北海道好きです♪支笏湖とか行った事ないのでそっちも行きたい！\nなまらさん案内お願いしますね🍀'
案内,'【車中泊温泉旅夫婦ゴロマル・よっちゃん★ブログ記事紹介で～す】\n\n倉敷・美観地区の散策風景/アクセスと駐車場/案内マップを駅前で(岡山県)\n\nhttps://t.co/HC3qxVqo9e'
案内,'@tazo_chai うわああぜひ！いつか来てください✨\n案内します😍\nありがとうございます🌸'
案内,'@acnh_kp0827 リプありがとうございます🙇🏻\u200d♀️\n初めに声掛けて下さった方も居ますので順番に案内しますね😊 どれだけ残るかはまだ分かりませんが2番目に案内します。よろしくお願い致します(^^)'
案内,'愛知県 公的機関の内職紹介です。\n市町村のあっせん。安心して内職ができるお仕事の案内です。\nhttps://t.co/8K7sSmoH6C'
案内,'スーパーミニプラバイオロボ＆バイオドラゴンの発送案内来たが明日到着予定か～\n19日発売日だから今日かと思ってた…\n今度お気に入りの戦隊ロボと母艦が発売になったら別々に発送手配しよう(´・ω・`)ﾏﾁｸﾀﾋﾞﾚﾀ'
案内,'大歳（朝田）黒川市。充実した案内板があります。近くに道標と一等水準点。 https://t.co/3cL1VfL2Kj'
案内,'@YunaTenkyo 3問間違えました😅\n兵庫県市町「道路案内標識」クイズ 10問中 7問 正解しました！\n#クイズメーカー #兵庫県\n https://t.co/HuzYdGs2un'
案内,'@enka_girls1 \n公式様へ\n\nメンバー各々のテレビ・ラジオ出演情報を、こまめに案内頂き感謝します\n\n一部メンバーにはアドバイスしてますが、今後ますます広まるように、\n\n#民族ハッピー組\nそしてツイートに含むメンバー名… https://t.co/KEjloGLuaW'
案内,'@1993_0305 @am636_ 案内しましょーか？？🤍\nさわやか食べよ！美味い！ヨダレ出る！'
案内,'@cry_cry_crying 案内遅れまして失礼いたしました🙇'
案内,'終電の案内大好きオタク、俺。'
案内,'乗車電の快西のレチ、各停車駅での連絡に加えて梅田行き最終が連絡する各終電の案内もしてて感動'
案内,'@teacher__re えへへ、煉.獄先生お好きかなと思って焼いたので丁度来てくださって嬉しかったです！\n(他にもピザパンやカレーパンなど乗せれば、イートインスペースに案内してコーヒーを置いて)'
案内,'@ny_apri0904 案内するっていうから無茶振りまで対応いけるかな？って笑\n行ってみたさあるけどちょっと怖いじゃん！'
案内,'@Tuos4 FF外から失礼します。バイト探し大変ですよね🤔こちらに継続的報酬が貰えるサイトを案内しますのでご興味あれば連絡お待ちしてます👉https://t.co/wgRVbiSOFs'
案内,'受験生の頃、\n「外国語を学びたい者は他の大学に行くか、「駅前留学」しろ。本学はそんなところではない」\nと案内パンフに書いて受験生の後頭部を殴り飛ばした某国立外国語大学学長のメッセージを思い出した。 https://t.co/wva0UXEMIA'
案内,'人の善意につけ込むタイプの痴漢に遭ったル…くん、多少手とか握られても？？？？？？？？みたいな顔してそうだしなんならがっつり握り返して案内しますよ！！！とか言っちゃいそうで心配ダヨ、、、、'
案内,'@Akasonotami もう、その案内はしたのですが、無反応でしたから、メルカリで定価で出品しようと思っています。'
案内,'#エクスクルーシブマーケット からの重要案内です。\nMT4サーバーの移行に伴い、新トレーディング口座発行に関する案内を更新しました。\n\n公式情報から確認ください。\n\nhttps://t.co/6qMZdcW36g… https://t.co/qacOE7pFAv'
案内,'なんか会社がまたe-sportsの案内出しててスプラテューンとかAPEXとかふーんって見てたら何故か並んでプリコネって書いてあって二度見した。\n\nあれe-sportsなの・・・？'
案内,'【推奨教材案内】\n本当に役に立つ情報だけを盛り込んで作った商材や商品をまとめました。\nどれも渾身のコンテンツです。\nhttps://t.co/b3vtuUfiyd'
案内,"'@bsi_bmp 貧乏臭いアイデアというより純粋になんでこうなるんだ？と思う。\n3000万円あったら例えば""コロナ終息後の外国人観光客用に英語の案内看板を作る""みたいなことをやるとか他にいくらでも使い道はあるのになんでイカ？'"
案内,'さっき例大祭のサークル案内が届いてることに気がついたんですけど今回もお誕生日席なんですね\nおトイレと喫煙所と駐車場から近い場所が良かった（大ワガママ）'
案内,'@rurupyon_36 いくいく！絶対いく、\n案内してね😌'
案内,'殿を案内せよ\u3000私も後からゆく\u3000舵は吉原だ'
案内,'今日の遠征は平成時代らしいぜ。久々の小倉やなー、案内はまかせちょき！あ、目を離した隙に主が不良にゆすられとる。人通りがない路地に入ったらいけんち言ったやろーもん。きさん、どこ中かちゃ。あんま調子乗ってっとくらすぞ。って鶯丸もおらんくなっとるやん！'
案内,'@kajitaso876 京都来るなら案内しま…(いや…できるか…？)'
案内,'久しぶりです。小賀です。\n先日JR長町駅周辺歩いてたらいつの間に周辺案内の看板設置されてました。\n#周辺案内マップ\u3000#長町駅 #LOVE宮城 https://t.co/qk7N7PcRQI'
案内,'貨物列車が接近して七尾線の発車案内どころではなくなった金沢駅の旧放送。 https://t.co/HWruPxpYO0'
案内,'しんと冷えた空気の中でひっそりと墨の香りが交じる廊下から号さんが迎え出てきてくれて部屋に案内してもらったら\u3000ほのかに藤の香りがして顔を上げたらお茶を持ってきてくれたはせべがそこに立っている'
案内,'建築デザイン事務所が手掛ける子ども向けSTEAM教室を4月から開校します。\n市の教育委員会後援で近隣の小学校に体験会の案内を告知したら、初日に50件を超える申し込みが来ました。\n\n関心度の高さに驚いております。'
案内,'会社の先輩から500対500の合コンの案内が送られてきたwwwwwwww戦争かよwwwww。'
案内,'「失恋、ありがとう」の追加日程は荒技だと思ったけど、新曲出せない状況だとしたら賢いんじゃない！？正直、劇場盤なんてどんな曲が収録されているかなんて関係ないと思うし。\n返品の案内も出てたけど、2ヶ月以上先での案内ってその頃には忘れるよね？？返品対応忘れ待ち？？'
案内,'SYI @SYI_pinkydragon 柏崎さん呼びかけの品川駅前街宣/東京入管前抗議・激励・そして情報提供案内。\n\n東京入管のクラスターが拡大して被収容者130人中39人+職員5人の計44人が感染。昨年から心配していたことが起… https://t.co/dNEn34TUAt'
案内,'@tos 一時期鍵つけてた際に垢の案内は出してたんですが、もうひっこてしまったんです...あためめって名前なんですが見つからなければDMいただければお教えします。\n#マシュマロを投げ合おう\nhttps://t.co/rgoOkZUvwj'
案内,'初期費用無料副業案内  スマホとやる気があれば\n誰にもできる仕事\n\n#副業\n#ビジネス\n#稼ぐ\n#Excel会社'
案内,'@kajitaso876 大阪来るなら案内しますよ'
案内,'私にの車内には情報案内装置がついています。100系お兄ちゃんと区別できる唯一の点です。'
案内,'@Cosplay_saya33 あやなぁぁぁぁぁぁ！！！！\nありがとうありがとう！！！\nコロナ落ち着いたら併せしよな？！！\n遊ぼな？！！\n私も案内できるほど外出てないんやけど、やっとバス乗れるようになったけん！！\nありがとおぉぉぉ好き！！！'
案内,'東京風俗案内人連れてって'
案内,'推しうさぎ抽選当たったの幻覚かなって思ったけど案内来てて1000回ガッツポーズした'
案内,'ワクチン担当アホ大臣・言うに事欠いて医療関係者の接種が終わり余ったら順次に次へって...最初に案内される立場だが、余り物なんてまっぴらごめんこうむるわ！バカにしやがって！余り物に一番敏感な年代層に向かってふざけるなよ！'
案内,'花、興味持ったことなかったけど、パラパラ巡ってみたらこの本めちゃ面白いし綺麗だし親彦ちゃんを感じられる気がするのでおすすめです（？） あとなぜかパリの観光案内もしてくれる ぜったいちかひこちゃんの本棚に入ってる本だ……（幻覚）'
案内,'多機能トイレの音声案内「こちらは、多機能トイレです」が、いつも「こちらは、滝のおトイレです」に聞こえる'
案内,'案内所前を川と橋にしちゃったからステージとかマイク設置する場所が微妙になっちゃってるけど\nそんなに歌が好きなら作りかえるか！！笑笑\n\nいやまだ全然両サイドの島クリ進んでないんだけどね〜\n1200時間何してたんだ私🤣'
案内,'璃月の名所を案内してくれる帝君…スイートルームのテラス感……… https://t.co/F1qDZ64gPX'
案内,'いつか、またじゃがバターを食いに来るかもしれん。\nその時は、改めてあんたに案内を頼むとしよう\n\n素敵な水先案内人さん'
案内,'【観光案内】サウマニへは、あまりおすすめしません。力で無理やり統治されている国があって、よそ者はいい扱いは受けませんよ'
案内,'案内的に本懐はコスモスらしいね\nシーズンになったらまた来ましょう'
案内,'@HYOMAIKEDA 行きたい！\n案内して！'
案内,'1枚目☆カーニバル時、みんな案内所いくのに私が撮影してたから、後ろが詰まってた🤤💗\n\n3枚目☆は、素敵なマイデザお借りしてます🥰 https://t.co/dDvY6PuZR3'
案内,'これ、細かいとこまでよく出来とるなー(;^_^A\n下欄の書籍案内とか秀逸やし。\n#麒麟がくる \n#明智光秀 \n#岐阜 https://t.co/wOP0ZbEfa8'
案内,'おきゅおわしてますฅ^.  ̫ .^ฅ❣️\n久々のお兄さんからえさ、もめろさんの保護者気分なお兄さんからえさ沢山、案内所からきた🚓お兄さんたちからえさ、急遽来てくれただいすきなお姉さん達からしゃんめ白いただきました！今日もおさんぽ少なめ！ありがとうございましたฅ^.  ̫ .^ฅ'
案内,'ようすけさんは地獄の案内人なの？'
案内,'@sn4738 @lisae_cast 初めて沖縄好きのオケ仲間に誘われて行ったんだけど、その人が色々調べてて、探して迷い込んだゴルフ場で場所を聞いたら案内してくれたのです。あそこは、観光客はあんまり行かないかも😅\n真壁ちなーも途… https://t.co/seIsnkkavn'
案内,'窓際族として悠々自適に毎日珈琲飲みながら仕事をテキトーに指示してボス廃人してたのに、大炎上の仕事の前線に立たされ、気を使われたのか昇格試験の案内が届き、いやいや鎮火で手一杯の時に何してんねん余裕ねえぞとキレそうになりながら今日も原神をします。始めるなら今、刻晴ちゃんPUです！！'
案内,'グランピングの割引案内が来て、すっっっっごく迷う😫\n\n職場の福利厚生企画だから同じ業界じゃないと使えないし、そもそもこの状況じゃ家族以外とは行けない。\n良いなぁグランピング良いなぁ。'
案内,'案内されたい'
案内,'本当だ！ママ(案内キャラの名前ね)タップしまくったらもらえた！ https://t.co/eoXNF6sMmK'
案内,'今日バイトでお客さんが来店したら消毒お願いしますって言って終わるまで待って案内するんやけど、お客さんに混じって謎に消毒してしまって謎に大爆笑してしまったｱｾｱｾ'
案内,'アイコンやヘッダー画像、あと名前がちょこちょこ変わっちゃってます。\n前のアカウントでは名前もアイコンも７年替えなかったのにね。それだけ今の心境がふらふらしてるんだ。\n\nお願いだから、嫌ったり遠ざけたりしないでください。そうしないだろうと信用した人にこのアカウントを案内しました。'
案内,'西の方に旅行っても毎回大阪は通り過ぎてるからそろそろ、大阪一回りしたい\n2泊3日位で案内してくれる人おらんかね\n一人で行くには治安が怖い'
案内,'(自動案内) よくあるご質問：Q.百花蜜（ひゃっかみつ）って何？ A.百花蜜はその名の通り、様々な花の蜜が混じった蜂蜜のことです。時期・生産場所によって、色合い・香りが変わります。瀧養蜂場では原則、百花蜜として生産しております。'
案内,'線路沿いを歩いていると、駅から出てきた電車の横についてる行き先案内が、消えたのが気になったかちゃん。\nなんで消えたと思う？\n「個人情報保護？」「プライバシー保護？？」「一緒かwww」\nと一人で笑ってる\n節電と消耗しないためかな…\nいろいろこんがらがるかちゃんでした\n#彼女観察日記'
案内,'@aj7D6iRnpgkf6ng 「MV再生時に、無設定のアイドルの衣装が、スターリースカイ・ブライトではなく固有衣装になってしまう」ってことだよね。\nたぶん不具合でしょうね、そうそう仕様に変わったって案内もなかったし。\nただまあ、サービスみたいなもんだよねw'
案内,'ｳｳｳｯｯｯ発作がｯｯｯ！！！\n導線誘導\u3000受付スタッフの愛想のよさ\u3000箱のキャパとスムーズな着席\u3000そして客層\u3000遅れ客の案内\u3000開演アナウンス\u3000ﾌﾞﾂﾌﾞﾂ……'
案内,'入れた！！入れたけど……ロケーションがどーたらこーたらって言われてサーバー0に案内されたw https://t.co/5jTXPPmdzF'
案内,'#寺鉄保存車調査\nバスセンター近くの広島市こども文化科学館保存のC59-161を再訪\n広島機関区のエースだったC59の内、最後まで残った一台。\nここを初めて案内された際、存在を忘れていたのは内緒(保存機関車の資料は一度は目に通して… https://t.co/pTN0BeFdrW'
案内,'(自動)案内\n地元 南海電鉄 初芝駅\n改札を出たらロータリーです。右に交番。\nダイハン(本屋)が出たらあり、隣に不二家、パン屋など。\n付近にマクドナルド、ロッテリア\nスーパーにライフ、マツモトキヨシがあります。'
案内,'ホンドー「先ほどベアが『お前、どこから来たんだ？家は分かるか？案内してくれ』と犬に質問していた。犬はお手していた」'
案内,'ノンシュガーライブは配信あるけど案内はまだない！かしこま！'
案内,'【就活】企業研究の基本は「会社説明会」「会社案内」「ホームページ」です。 それから検索して深く調べていきましょう。 同じ業界の企業も調べると違いに気付くようになります。'
案内,'JOYSOUNDとZOCコラボしてるから行ったら大部屋に案内されたけど一人なんだな\u3000\nスクリーン大きいね☺️空いね☺️どうしろってんだ https://t.co/5ZHsyksBJJ'
案内,'@Series3220 最近までは終電ギリギリ行くか行かないかレベルの時間帯で乗換案内削ってたんですが(ゆえに終電とその数本前まで)、最近はその幅が広がってる気がするんですよね'
案内,'@gmx12h4MNqS2YBQ 二番目の方に観光案内頼みたいです'
案内,'今日習い事の説明を聞きに行ったときの案内人が質問しても噛み合わなくてぷるぷる震えてた。そういえば平静を装ってるように見えたな。メンタルバグってたのかな？いったいどうしたら良かったのかな🥺'
案内,'私「締切日を過ぎておりますので、○月からのご解約なのですが」\n\n客「そんなの聞いてない。どこに書いてあるのよ？」\n\n私「入会案内書のどこそこに」\n\n客「そんな書類見るわけないでしょ。見てないんだからこちらの言う通りにしなさいよ！」… https://t.co/R0DQXgPpXX'
案内,'@Hamaj1215 @chiak_shirokyan はまじくんじゃ心細いんでわたしが案内しましょうか？笑'
案内,'GoogleMapにも登録してございます。\n「高輪台スタジオ撮影会」にて検索頂くと\n電話・HP・入口写真・Map＆経路案内が可能です。是非ご利用ください。'
案内,'@no_namer__ @kimurafuck 案内するわね♡'
案内,'[東山線終電案内]\u3000まもなく栄0時02分発 東山線最終電車 高畑行き、藤が丘行きが発車します。'
案内,'あっっっっっっ！？？？\nわたし、みゃぉーの余剰在庫の通販も今日やりますって案内してましたよね？？！ｳﾜｰｰ忘れてましたポンコツ…！'
案内,'待って情報が完結しない←呪術の小説買ったんですよ。読み始めて秒で五条先生が「パルケエスパーニャ」って言うと思わないやん？？めちゃくちゃ地元の遊園地に五条悟が？？？園内案内させていただいきたいんですが？？？？え、一緒に行っていいかな？？？？？'
案内,'ラプティ「今日は色々案内ありがと、また困ったら呼ぶわね」\nすち「えぇ、こちらこそありがと」\nふー、今日中に出来たねー\nスト「うん、マスターお疲れ」\nすち「二人ともお疲れ、きっちり出来たのね」\nあぁ、新たな1年の幕開けだ\nスト「うん… https://t.co/sqxiSDMFaA'
案内,'@T_sasimi 「案内されたときから『ちょっとおかしいな』とは思っとったんよ！」とか後でいいそう'
案内,'@jygsm0215 オクタレイヤーで概念ごっこ楽しすぎた🥰🥰✨\nめちゃめちゃ素敵なところだから🌸こっちにきた際はぜひ案内したい(♥´꒳`*'
案内,'もう寝てしまいそうだ、でも案内さんの雑談がみたい！'
案内,'@10meegguuu71 次はエスパみれるの楽しみだけどえぷがいなくなったのがつらい😭一昨年のやっとくりったる来てくれたのにあれが最後…悟ってたけどやっぱむりすぎ😭\nうん！ぜひ案内お願いします✨一緒にサイクリングしよ🚴\u200d♀️💕笑… https://t.co/RcLfcJrVLr'
案内,'@takoyaki123 やっぱりw「購入できません」状態の製品ページはあるみたいですけど、例のフォームから入力するとコレが案内されるんですか？ https://t.co/O5KQe8n5ez'
案内,'#LINEMOの先行エントリー完了 したのだが、現行契約から番号変更なしで移行できるのかという根本的なことが案内やプレスリリース見てもわからん。'
案内,'今日のTBSでやってた❗️\n炎の体育祭TVに\njuice=juiceメンバーが\n出演の中⁉️\n紗友希ちゃんの\nラストテレビ出演してたのに\nハロプロの公式案内や\nメンバーも\n告知して無かったから❗️\n見逃しした人が\n結構いるんでしょ… https://t.co/19vPUVMkys'
案内,'2006年の総武流山線（現：流鉄）ワンマン運転開始に際し対応改造を施工し、ドア開閉チャイムと案内放送、自動の車内アナウンス装置が取り付けました。'
案内,'いつまで経っても入学式の案内来ねぇしホント不安だよいつなんだよ'
案内,'帰ったら呪術高専からの入学案内届いてた🥺🥺🥺 https://t.co/1iMRNP5EKD'
案内,'新機種のAQUOS R5G。ご機嫌斜めで誤動作し、自己診断機能を確認したり、電源リセットも試みました。何度やっても直らずに、Softbank総合案内157に、リモートサポートで一つは解消したものの、グローブモードが反応しないとかデ… https://t.co/FfsjGw1ugN'
案内,'「一本道しか知らねば案内できぬ人生」#自由律俳句 なぜそこで迷うのかが理解できなければ教えることはできない。もし舟をみんなで漕いだ方が遠くへ行けるのだとすれば過ちの多ければ多いほど指南するにはいいのかもしれないと思う。無駄に無駄なしといったところか。'
案内,'【番組案内】運のないヤツがまたお守りに頼ったぞ！手に入れた無言の圧力、お守りの話でレッツ・ガブガブ★練馬区出身の小説家・遊森謡子先生のweb小説「チャイサート国物語」より『雨を織る』…完成した打ち敷き。あれ？刺繍の蝶が…ええぇ？！（あきぃ）#ohanashi_NB'
案内,'当店は悪質な振り替え案内等、一切御座いません。\n説明と相違があった場合は遠慮なくお申し付けください。'
案内,'朝から案内所のお掃除してくれてる\nサントス🥺❤️偉すぎ✨\n\nクリスは自販機でジュース買って\n朝から優雅だ^ ^ https://t.co/6j3K2nR9HI'
案内,'@horiguchikenji 調査終了して公式でも動画も写真も上げられてるので禁止にする理由が謎ですよね😅発掘現場でSNS禁止ですという説明も案内板もありませんでした。\n禁止とツイートされてる方からお話聞いたら\n撮影について問い… https://t.co/QDRXTLCR2Q'
案内,'石川県 公的機関の内職紹介です。\n市町村のあっせん。安心して内職ができるお仕事の案内です。\nhttps://t.co/vs4jyOnr5B'
案内,'@erina_sing0430 大宮のデリカチャオ、案内してあげるよw(地元面)'
案内,'この前ATMでお金下ろしたら\nキャッシュカードにクレジットカード機能がつけられます\n申し込みますか？みたいな案内が表示された\n申し込むつもりはなかったが「はい」のほうに触れてしまい\n\u3000\u3000仕事はしていますか？みたいな質問が出たので\n\u3000\u3000「いいえ」を選んだらそこで終わりになった'
案内,'@rio182430 テテも見てたしそんな面白いのかな\nって思ったら面白かった😁\n綾野剛もいい男だよね💕\n社内恋愛禁止で田中圭と内緒で\n付き合いたい(¯ｖ¯)ﾆﾔ💓(妄想すな)\nうちら男の趣味が似てるね(*≧艸≦)\n東京行った時は… https://t.co/UrxtJeNHz0'
案内,'案内人さん「ねるねるねるねをチンしたらレンジが爆発した・・・ホットねるねるねるね・・・・・・・」'
案内,'とりあえず死者Qの旅先案内人やるためにセーブスロットあけとこw'
案内,'虚無展、案内動画だしてたの！みのがしてた！方向音痴にやさしい神じゃん'
案内,'KYASさん東北ツアー\n3/11  宮古市\u3000\n音楽音伝世 in 宮古\n会場\u3000カントリーズカフェ\n状況をみていたりしながら、\n最終構成しきれないままいます。\n数日中にご案内いたします\n配信企画となる予定です\n｡ﾟ(ﾟ´Д｀ﾟ)ﾟ｡… https://t.co/JWUY38f5kg'
案内,'20日の部!島案内最後のカーニバルダンス！\n素敵な時間をありがとう！\n #どうぶつの森 #AnimalCrossing #ACNH #NintendoSwitch https://t.co/TG5s5hWcLh'
案内,'今日路面電車で出会った90歳のおばあちゃんを百貨店まで案内したけど、駅まで無事に帰れたかな。ちょっとわかってない感じだから心配。'
案内,'@rinrinmo717 遠いねー。コロナ落ち着いたら岡山ミネラルマルシェに行くからね🚄案内よろしく。'
案内,'地元に店舗ができたので行って来た🍜40席くらいあるのに、17番に案内されるという奇跡😂 https://t.co/N1DVjbyAKm'
案内,'まもなく「ホームレスが消える日・新宿大規模炊き出しの謎」\n今回はれんさんが牛込寅太郎@tiger_taro2019 さんの案内で炊き出しのお手伝いをさせて頂きました。\nなお今回は丸山ゴンザレスさんのYouTube「裏社会ジャーニー… https://t.co/OS8Cxa2ct3'
案内,'今週？から、御堂筋線のホームの案内板が新しくなってるけど、遠目で見たときの視認性は下がってしまった。\n駅に近づいたときに次の電車が来てる位置が分かるのが良かった'
案内,'放送大学の入学案内を開封する(気力的に後期狙いです) \n\n#Peing #質問箱 https://t.co/uABghSLPwS'
案内,'アニ…トさんビジュアルは発送案内きたけどもちマスがまた遅そう最近常に発売日1週間〜2週間くらいかかる🤔もち双子と晶以外どうするか決めないと〜フィと交換はきつそ'
案内,'@Shinra7V だから、以前もちょっと途方に暮れていた己を駅まで案内してくれた相手が、六番街に詳しくても違和感は感じなかったのだが、相手にとっては記憶に残る程大したエピソードでは無かったという事なのだろうか。それとも、彼はこん… https://t.co/5lSjdHs4ui'
案内,'【ゆる募】\nツイステなんですけど\n\nDisney Twisted-Wonderland\n1st Anniversary\nPOP-UP SHOP ～Cheers！～\n\n3/16(火) 入場案内開始 14:00\n\n行きたい方、いません… https://t.co/szz30rlScF'
案内,'【募集】新宿店でやってるAmong us、普段はお店からの案内でやってますが、お店案内関係なくお客さんでやりませんか？\n2/27(土)の22時過ぎスタート予定で検討してます。\n興味ある方は私までDMお願いします！\n\n※希望人数によ… https://t.co/a9lQXPAA5H'
案内,'中国語もーちょい進めたいかなと思って語学学校検索したりしてみたら、そのあとなぜか英会話決め打ちで案内メッセ送ってくるとこあってうーんてなる😅\n\nまあそこがいちばん需要あるのかもしんないけども、どうせならもうちょっと相手のデータみよ？'
案内,"'夜分に失礼いたします。\n先日の緊急事態宣言により￥1,000-割引の件はTwitterにて案内しておりますが、本日もお待ちしております。\nシングルも通常タイプと少し広めの部屋で案内もできます。(予約状況によりますが・・・）\n何かあ… https://t.co/JweUom78bY'"
案内,'今日は飛行場から案内所までを少し開拓🥰住人たちが案内所でわちゃわちゃしてるのを眺めるようにしたいんだけど、何を置くか悩むなぁ〜🤔 https://t.co/veJAYwDcku'
案内,'#アイドル部山脈\nお疲れ様でした！🐄🐏🍄🐜\n3人共キャラ設定に似せた役作りが出来てましたね\n普段は仲が良いのに悪いふりをしてるのが新鮮でした\n仲間の溶けた死体を目の当たりにした彼らを\n待ち受ける物とは！？\n\nまだら牛さん数時間ぶっ… https://t.co/tbXhSbhJJh'
案内,'@czrZ4MjNC5BZoR6 @nao03050 流石で～す🎵🤗\n\n案内の人です🤭\n\n情報ありがとう🎵🤗'
案内,'@nanpatese21 次うまい飯案内するので！'
案内,'@Yuugashoko94 駅で地震にあわれたのですね💦\n案内板や陳列棚が揺れるのを間近で見るのは怖かったでしょうね😭\n今回 揺れの範囲はかなり広くて、私はその端っこの方なので たいした揺れではなかったです。\n\nホント、お互いに気をつけましょうね。'
案内,'@kumoha701N7 以前フォロワーさんの車で案内してもらえたんですよ。わかってはいましたが、あえて正式名称で書きませんでしたw'
案内,'今日は息子の11ヶ月記念日なので、すき焼き食べに行ってきましたぁ🎶子供連れやと個室案内してくれるから、ありがたい♥\n今帰宅して、きょうチャン観察中〜。。'
案内,'ｱｱｱｱｱｱｯ ジョルダン乗換案内くんどうしてミクさんテーマを常設にしてくれない どうして https://t.co/pCL00TWa0t'
案内,'@777aaayyy 案内通りにやってもダメでした😵\n電気系で接続悪いときは、全て切断してからやり直すことにしてますが、今夜は待てなかったので😚'
案内,'臨時出なかった(\n\nLCDついてなかったし車内の案内設定すると出るのかな…？ https://t.co/5sG1T06anS'
案内,'@K8kxR2W37hMm2r5 まじっすか！！\nぜひ案内してください🥺'
案内,'㊦③）で、ガソリンスタンドに入ると灯油ポリタンクに灯油を注ぎ入れ、そしてトラックにカードの残高で給油し、終えて荷の積み込み先に向かい、その途中、売店に寄り商品を納品しますが、今回は久しぶりな納品な上、売り場の位置が以前とは違うので分からず彷徨っていると、店員の女性に案内されたり。'
案内,'@__yuchico おつゆっちーず🧀\n\nちょーーとだけでも嬉しかったよ😃\n\nまたゆっくり話しましょうね✨\n\nゆっくり休んでね😌🌃💤\n\nホントはいつでも案内したいけど🥺'
案内,'@pocky_tyatyatya ポッキーさん、あんにょん♡「高齢になったら困る」のご発言で仕事柄、団地に見られるEVなし階段タイプなのかなと想像してしまいました。地方で案内する機会がある物件がEVなし団地タイプで4階までヒーヒー… https://t.co/jZTX8lA8ml'
案内,'因みにこれは世界観にハマりこみすぎて、「目を閉じたジャスタウェイの群れ」に見えてしまった路上の案内板 https://t.co/8iG8sHxC50'
案内,'あつ森 告知あり流星群です\nフーコさんはいないので、お祈りだけでよい方どうぞ\n\n挨拶お土産チャット等不要です\n案内所前だけ解放しています(散策不可\n\nマリンスーツNG\nお帰りは空港から\n\n🗝️HHC0P\n#あつ森 #流星群'
案内,'にこにゃんが互いのご実家(福岡と名古屋)近辺を案内して回ってご当地グルメに舌鼓うつだけのお話が読みたい'
案内,'こういう案内してくれるのありがたいわ。 https://t.co/gA9JKtSUAg'
案内,'🟦視点\n爆発音で意識が覚める。辺りを見回すと、爆撃の繰り返される暗闇の荒野の真ん中で、小さな男の子が隠れるように泣いている。近寄ってみると、それは幼少期の🟥。「ここは危ないよ。向こうへ行こう」 案内した先のキャンプで、光の元に座ったとき、あまりにも痩せこけて傷だらけの身体に気づく'
案内,'@rurounin80 ありがとうございます！！！！！静岡行った際にはﾈﾁｺﾔﾝ案内お願いします！！'
案内,'@xx1Zuk0nujarhY5 @Eel_Master KEROさんお疲れ様でした😆私はあの後フレディが案内されたコースをトレースする形で美術館巡りをしてきましたよ✌️アップダウンが多くて結構ハードでした💦\nKEROさんから頂いたおみやげ、とてもいい香りです〜🙇'
案内,'@Shiki_eiki_toho なら♪（部屋へ案内して）'
案内,'介護福祉士試験の実技試験の案内来た方で自己採点何点位なのか教えて頂きたいです。\n#介護福祉士\n#介護福祉士国家試験 \n#介護福祉ツイッター部\n#介護職あるある'
案内,'【3ケタの特殊電話番号一覧】 141→不在案内 142→自動着信転送 144→迷惑電話お断り 161→ファクシミリ通話網 163→パケット網 166→ビデオテックス網 hassotoilet'
案内,'【案内】通勤特急の停車駅：日暮里、青砥、高砂、八幡、船橋、津田沼、八千代台、勝田台、志津、ユーカリが丘、うすい、佐倉、大佐倉、酒々井、宗吾参道、公津の杜、成田、空港第2ビル、成田空港。'
案内,'図録買ったらおまけポスカ挟まってますので〜て案内されて、フーンって開いたらこれだったのでちょっと笑ってしまった\nうまく収まっておる https://t.co/pJKiuoseyd'
案内,'@korosaseya_kabe \n葵君が死ぬまで一緒に沢山遊ぼうね！！！恋の方が先に死んだからあの世の案内できるはず！！！'
案内,'継続51日\n\n☑Rubyアプリ修正\n初心者の自分が言うのも変だけど早い段階で熟練者にコード見てもらうのすごい大事。\n例えばツーリング先の道で通行止めの箇所があるときに迂回路を案内してくれる看板レベルで大事。\n\n#やんばるエキスパート\n#転クエ'
案内,'【冒険案内】中級者が冒険者するなら、エルフィーの里の奥にあるフィールディン遺跡が良いと思います。少し奥まで進んだ所には、美味しい狩場が結構ありますよ。あと、秘密の釣り場では幻の魚が釣れるとか…'
案内,'【譲】\nハンギョドンと案内板\n【求】\n同種のポムポムプリン、マロンクリーム、ハトいずれかと交換可能な方宜しくお願い致します*\n#ハロスイ 交換 https://t.co/v38O3VWv2d'
案内,'@Spizstarkey タランチュラ、案内所へ入ろうとしている😳‼️笑\nルナちゃん、頼もしいですね💪✨'
案内,'《定期》別館できました本館の案内━別館で見れます'
案内,"""@tetsukichi_01 違うよ！\n案内するだけ(*'ω' *)"""
案内,'@k_a_h_o_chan いいねーそれ！！新潟の良い場所を\nドライブで、案内は、いいと思う。\nメンバーが行く聖地巡礼なんか、盛り上がりそうー'
案内,'@pyontasan_8 ラトゥール新宿ガーデン\n\nの上歩く徒歩案内ありましたよ😅\nは？ってなってましたけどピークタイムだったのでスルーしましたけど💢'
案内,'ジャズ・トゥナイト - NHK 番組の案内役は、音楽家の大友良英さん。番組では世界各国の最先端のジャズからクラシック・ジャズまでを、大友さんならではの視点で幅広く紹介します。 https://t.co/e8i3JI70sT'
案内,'@tos  \nあつ森\u3000レシピ\n【譲】\nみの\nもくせいのバケツ\nたぬきのおきもの\nふめんだい\nとうろうまるたのかざりだな\nようふうのはかいし\nアロマポット\n\n固定ツイートのレシピで私が未所持のものと交換希望です☺️\n案内所で交換できるレシピは除きます🙇\u200d♀️💦'
案内,'#今日のぱっぱ  #じゅっくんいつも生まれてきてくれてありがとう 🎂🤍@sentakusiyouka @subjukidesu \nショッカーになりきっちゃうところも囚人になっちゃうところも指名手配犯と撮っちゃうところも警察を指さし… https://t.co/fJI415nMTw'
案内,'@futatsuki_s 田舎娘にTOKYOが案内できたらね！！！！(('
案内,'#めぐみへの誓い 鑑賞しましたが、田口八重子さんが登場し、指導員(?)とのやり取りのセリフ。\n\nそういえば、ワイもチョソンで案内員に似たような事を言われた。'
案内,'@nanase_5151 僕は違いましたね🙋\u200d♂️希望すればテラスも案内してくれるのかな...？でも冬場は辛そうなのでランチじゃなければ屋内がよいと思います...！'
案内,'@monica_palliate なんでですかねぇ🤔\nどうやってWiFi設定したのか覚えてないのですが、デレビ画面に案内出たような、それに従ったような…'
案内,'@_i \n______壊すしか出来ないこの両手に､収まりたいと思う物好きがもしも居るのなら､地獄までの案内でもしてやろう \n#ヒロアカなりきりさんと繋がりたい'
案内,'「病院への帰り道は分かりますですか？」\n「そっちは反対方向なのですよ」\n「にぱー」\n「迷子の赤坂のために ボクが案内するのですよ」'
案内,'シネマヴェーラ渋谷\n『ソヴィエト映画特集』\n2月21日は\n\n陽気な連中\u300011:00\nベッドとソファ\u300012:55\n人生案内（DVD上映）14:25\n翌日戦争が始まった\u300016:20\nルカじいさんと苗木\u300018:05\n\n各回入替制\n特記以… https://t.co/pBR58pzj9M'
案内,'パナのETC車載器のカタログ見ると「私が音声案内しています！」といった文言と共に日髙さんの写真が載ってたりする'
案内,'【自動】福岡住みの人うまいラーメン屋案内してください…。'
案内,'個人的に好きでみててなるほどなーと思ったのは、さくら学院ですかね🥺\n\n今まで日本国内の父兄(ファン)向けコンテンツが圧倒的多数だったさくら学院がライブ配信実施に伴い英語で海外ファン向けに案内出したり、注意書き出したりしてたのは良い… https://t.co/BxzeJEeujO'
案内,'私はOGなので大学OB会の案内はいりませんメールしたのが約一年前。それから連絡がなくなり今朝、OBを使わず名称変更する旨の連絡が大学の先輩から来た。これまで男性中心だったが近年女性が増えてきたから変える、と。昔から少数ながらも一定… https://t.co/9tJO0Nq6r7'
案内,'GoogleMapにも登録してございます。\n「高輪台スタジオ撮影会」にて検索頂くと\n電話・HP・入口写真・Map＆経路案内が可能です。是非ご利用ください。'
案内,'昨日21日から始まっています🥷\n忍者DAYシフォンケーキバイキング！\n\n明日23日の15:00までです。\nぜひお立ち寄りください😆\n場所:下り線側観光案内所ブース\n＃土山SAは上下集約型\n＃一般道からも入れます\n価格：各110円(… https://t.co/4XXx2vkni8'
案内,'@Tisincos Googleマップ一択かと！最近は狭い道は案内せず、王道コースの案内が多いので通行不能になることは少ないと思います。'
案内,'はるりんの桜のプールから、銀高の桜の夜川をゆく舟へお客人を案内出来て、わたくし、本望にございます・・・うへへ＾＾\u3000こいつ、似たような話ばっかり書いてないか、と思われないようにがんばっちょるつもりですが、どうなんだ～ろ…'
案内,'@amy0610yuuki @_jooshiki_ 正直、どっちでも大丈夫です\u3000笑！！\n\nあんまり深く考えてないのでお気になさらずに\u3000笑！！\n\nというか、本当に仲良いですね。ゆさんと案内人さん…笑！！'
案内,'博物館は右上。森に囲まれた感じにしたいな。\n\n左上の崖に厳選で選んだ自然に出来たハート池があって、崩したくないからどう活かそうか悩む。\n\n上の辺りに自宅とかサブ自宅建てたい。崖、陸地どっちにしよう🤔\n\n服屋さんどこに建てよう！？… https://t.co/rTVuzE4JJI'
案内,'@ssk_koji せやで\n去年開通式の案内地図作ったときに描いた←'
案内,'戦闘中に髪をバッサリ切られて絶句するの見たいですね！！ な！ 狗餌霧案内さん！！'
案内,'というのも、ずっと前に福島読書会に参加したことがあって、読書会そのものが楽しかったのはもちろん、世話人の方が浪江焼きそばを食べる機会をもうけてくださったり、ちょうど開催されていたちょうちん祭りに案内してくださったりと、ほんとにいい思い出になったの'
案内,'@hsr_05 ぼ、僕が案内してあげても良いんだからね…！（メ○カリで売ってお金にするのが今のところ有力だから欲しいって言われてもあげません😤）'
案内,'@gremrinparty そうなんです。今、新たな案件と向き合っていて、当事者と面談するときに、この本を持参して開いて示しながら案内すると、安心してもらえるのですよ。ほんと助かっています。'
案内,'案内所さんとカッパーベル(∩´∀｀)∩ https://t.co/2oUHWjm4D9'
案内,'今日の動画公開されてふ🥳\nノームの隠れ家に案内されたよ～！【LITTLE NIGHTMARES-リトルナイトメア-】実況プレイ Part12 https://t.co/xLjrF24TBT'
案内,'あいの風とやま鉄道\u3000発車案内標 https://t.co/nNlr9Jdivh'
案内,'@kin_chan_taku 僕は東京行ったら迷子になるので、案内役頼みますよ！笑'
案内,'知り合い以外で初めてチュートリアルワールド初心者案内したけど「運営の方ですか？案内上手いですね」って言って貰えちゃった！！！嬉しい〜！褒められた！けど話を聞いてみると3Dアニメーションの経験があって、ワールドを作りたくてトラスト上げに来たというすごい方だった…恐縮ゥ〜！'
案内,'搭乗案内の約1.5時間くらい前にゲートに到着\n1部の免税店はやってたけどほぼシャッター降りてたし、人もかなり少なくて閑散としてた\n田舎者は新型コロナの影響を初めて肌で感じた'
案内,'免許の更新に行ってきた💦杖ついてるから杖の事で詳しく聞かせてと言われ、違う所に案内された💦交通事故🏍でと説明して、係の人にバイクの免許が有るからね🏍と説明されて、足の動きとかをチェックされて、バイクの免許が無くなるかと思って不安に… https://t.co/b0OJdO1B9L'
案内,'@pohuehue_island 今日思ったのが、案内所の場所が…やだ🤣💦 でも今リセットはさすがに出来ないからこーなってるんじゃないかと思われる🤣🤣'
案内,'@Oolong_Tea777 @_jooshiki_ 言ってません！！\n\nそれを言ったのは案内人氏です😰\n\n阿佐ヶ谷の方はみんな上手いです！'
案内,'[東山線終電案内]\u3000まもなく栄0時02分発 東山線最終電車 高畑行き、藤が丘行きが発車します。'
案内,'に、続いて昨日、知人の方の案内を頂けたこともあって、少しだけ石巻。高木観音堂と真野の真法寺へ。\n#今日のいしぶみ https://t.co/SjBaakd4wk'
案内,'こんなリプついたの初めてかも！！\n褒めてもらえたとこ総合すると、かわいい(？)酒好きの上野案内人ということのようです！！\nこれからもよろしくお願いします！！'
案内,'@hLPyaljst0CrtVi ありがとうございます！\n案内を、DM送付いたしますね！'
案内,'🉐2/22(月)お得活動の予習②🉐\n\n✨⭐️セブン-イレブン限定⭐️✨\n\n LINEで応募▶︎50Pもらえる❗️\n\n✅実施期間:2/22(月)〜3/7(日)\n✅ポイント引換期限:3/14(日)\n\n《参加方法》\n1️⃣対象のドリンク… https://t.co/NPtaBUtdyf'
案内,'@ORIORI52487320 ぜひぜひ!案内は...知識があるかどうかわからないのでできるかわかんないけど来たら遊びたい'
案内,'@boingaii きっと、近いうちに『発送案内』が…！😅'
案内,'バイトで案内待ってるお客さん吐いてて✊🏼💪🏻'
案内,'閉院した漢方内科から、引き継ぎ先の案内が届いてたんだけどなくしちゃったな…'
案内,'クック「さっきアガサが 『どこからきたの？お家は分かる？案内できるかしら？』と首輪をつけた犬を質問攻めにしてた。犬はお手してた」'
案内,'【番組案内】みなさん！マカロンボー！！今回は前回に引き続き、｢スイーツ雑学教室｣をお届け！！今回スポットライトが当たるスイーツは｢バームクーヘン｣。結婚式での引き出物としても有名なバームクーヘンを様々な視点からご紹介します♪（七瀬友愛）#paradise_NB'
案内,'@wazaki_art 弟分！！！\n絶対かわいいですね😊💓💓\n「おね〜ちゃん！おはよう〜！！」\n「あわわ！お部屋こっちだよぉ〜」とか言いながら一緒に客室案内してたらほっこりしちゃいますね☺️💦'
案内,"""What are you waiting for? Come on! This way! I'll show you around.\u3000何をぐずぐずしているんだ？来なよ！こっちだ！この辺りを案内してやるよ。"""
案内,'@khn0418 悲しいからワイン１本開けといた。\n\nアントラーズから案内来たからそれで払っておくわ…'
案内,'らてこさんの島にゲンジをお迎えに行って来ました。\u3000\u3000島も案内してもらいました。\nホッと一息できる感じで癒されて帰って来ました♥♥♥\nらてこさんありがとうございました★ #どうぶつの森 #AnimalCrossing #ACNH… https://t.co/JjKomZJvbb'
案内,'徳島県 公的機関の内職紹介です。\n市町村のあっせん。安心して内職ができるお仕事の案内です。\nhttps://t.co/j5PQha2x3M'
案内,'少年「お巡りさん早く来て!お母さんの留守中によそのおじさんがお父さんとケンカしてるの」\n警官「よしわかった。案内しなさい」\n少年「あれです早く!僕のお父さんが殺されちゃう」\n警官「なるほど。ところで、どっちが君のお父さんなの？」\n少年「僕、わからない。それがケンカの原因なんです」'
案内,'自性院説\n東京都新宿区の自性院が発祥の地とする説がある。\nひとつは、江古田・沼袋原の戦いで、劣勢に立たされ道に迷った太田道灌の前に猫が現れて手招きをし、自性院に案内した。'
案内,'【次駅案内放送】次は、国谷、国谷です。'
案内,'@nomisukepon ありがとうございます！！\n住んでないのにほぼ毎日上野いますから案内しますよぉ～☺️\n仲良くしてくださいませぇ'
案内,'@oheyabar 美男美女の物件案内サービス(*^◯^*)'
案内,'@13nir31 これは限定商品らしい。たまたま買えてラッキーなやつだったっぽい。ライブで仙台来て欲しいしご一緒したい～。駅ナカの土産売り場前よりグレードアップしたから案内したいよ'
案内,'@0_95518 わあｰｰｰｰ嬉しいお言葉です😭\nまたSNSで販売の案内をするつもりでいるので、その際もしご予算的に大丈夫であれば、是非お声かけ下さい…！'
案内,'ポール死亡説に対して「葬式の案内状が来てないなあ」 \u3000\u3000リンゴ・スター'
案内,'・バーチャルプラモ？\n・パンクなドラゴン\n・案内ネコですよろしくお願いします\n・調査員になった\n・ゲーミング会議室\n・小さいクエ集\n・タヴィークエストクリア\n・いい子ヤンキー\n・まのまもの\n・メガネの山\n・エクスダイバー良き！\n…… https://t.co/KS1PYDwQOH'
案内,'@_p3q_ ホント何もされなくて良かった(;´Д｀A)\n鹿ね〜たまに道路走ってますw w \n\nうん！離島で移住希望者に出会えたから誘ったよ⋆*⸜(* ॑▽ ॑*  )⸝⋆*♪\n案内所もリニューアルして楽しくなってきました(*^^… https://t.co/mHq1VB7g6A'
案内,'@K6IkRwV4IQejaQ5 亜伊ちゃんが静岡に来れるときがあったら、案内したいな🥰'
案内,'@hysdonald 観てきたー\n写真素敵だった✨\nそして保存してきたw\n案内出来そう！\n船はちょっと難しいけど😂'
案内,'全然知らない世界にきて、とまどうよその子を見つけたうちの子が案内とかするの良くないですか…良いと思います…(自己完結)\nうちの子もさらってもろて、未知なる世界を体験させてあげてほしい…🙇'
案内,'@Rena2003rrkk1 わかった\n\nゴースト)なら、ホテル案内するぞ'
案内,'@lowrise_cm おー、充電は必要だよね、うんうん。\n関東は鬼滅関係色々やっててうらやまだぞー！ ラグーナのやつ…炭治郎のあれかー。オイラも気になってて行く予定だけど、来れるようになってたら案内するよん(笑)？'
案内,'秋葉原に無料案内所が出来てたけど無料案内所ってマジで糞だからな'
案内,'@hiro_rin365 地元なのに案内できない、、。\n(；A；)\n今日はありがとう！\n沢山笑って元気もらた！！'
案内,'[桜通線・上飯田線・あおなみ線終電案内]\n桜通線 名古屋23時51分発 野並方面徳重行き最終電車\n上飯田線 平安通23時53分発 上飯田・小牧方面犬山行き最終電車\n\n名古屋臨海高速鉄道西名古屋港線(あおなみ線)\n名古屋23時57分発 稲永行き臨時最終電車'
案内,'@zenzenjiro 年明けぐらいだったかな？医療機関に対象人数何人くらいかって調査が来たので集計してみたら多かっただけですよ。医療関係者って言っても医師、看護師だけじゃなくて事務員まで入るからきいてみないとわからないし。更に現… https://t.co/O4YTbMIYf5'
案内,'ラブホのパーティールームの案内で「女子会や2カップルでの利用に！」と書いてあって、ラブホってオフィシャルに4Pオッケーなのかって思った'
案内,'ようこそ世界で1番ピンクな事務所へ^ ^\nれいちゃんと共に案内させて頂いております！\nプリセレちゃんねる\n🎥https://t.co/AdY7LlHK2S\n\nそしてYouTuberのたんたんチャンネルさんにも来ていただいてます☺️… https://t.co/ejiiiy7OHk'
案内,'人間ドックの案内届いた👍️\n性病検査もしてくれるいい会社w'
案内,'車外の行先表示器のデータづくりは正直駅名の画像と切り替え方法のファイル作るだけで済むから説明書作らなくてもなんとかなってたんだけど、車内の案内表示器はそうはいかなくて泣く泣くめんどくさい取扱説明書を書いている。そして休みが終わった･･･。'
案内,'@purinttyan すいません今更ですが、言葉足らずなことに気付きました💦\n上記はカフェ利用時の案内で、グッズは入店時(名簿に名前書いた時点)に買えました！\nコロナ前だったので今は案内変わってると思いますが…\n道中お気をつけ下さい＞＜'
案内,'画面録画諦めた🤦\u200d♀️\nとりあえず鶴房星人の施設案内はどうにかできたからあとは円盤化を信じてその後は諦め...泣\n\nツカメまではやりたかったな、、'
案内,'北河君の四季（なにもおきない）とか、藍渓鎮絶景案内（なにもおきない）が見たい。'
案内,'@uminami0yuunagi ビルの前まで案内するので、店選びと利用後の感想をレポートおなしゃすwwww'
案内,'【推奨教材案内】\n本当に役に立つ情報だけを盛り込んで作った商材や商品をまとめました。\nどれも渾身のコンテンツです。\nhttps://t.co/b3vtuUfiyd'
案内,'@so5u_sosu ぜひぜひ！楽しみにしてます！！あちこち案内してください♪'
案内,'いまミナミなら案内できるって豪語したけど超絶方向音痴なのでこの辺！っていうのしかわからないですね実際'
案内,'@izumokiriu ありがとうございます！一期の時に出版された英語で東京案内という松の公式ガイドブックを最近入手したので、その表紙の四男の表情に影響を受けました（実は六つ子達の服装もその表紙の衣装です）'
案内,'共有部分の電気代(案内状だけでは把握できなかったこと)、自分にとってメリットがあるのか｜属性関係なく純資産を数億円築いて「自由と幸せを手に入れる」、 誰にもできる方法！ @banshakumama #note… https://t.co/V18xUjuZXj'
案内,'☎️ハッシュタグ変更案内❌\n\nハッシュタグ内容関連のお問合せが多いので変更します。\n48分から下記のハッシュタグに変更します。\nハングル -&gt; #.어도러블샤이니_돈콜미\n英語-&gt; そのまま使用(変更なし)\n\n何度も変更し皆様を困… https://t.co/31K5d59cf6'
案内,'@materialokabe ありがとうございます。\n案内を、DM送付いたしますね'
案内,'ああ、彼は…(と案内し)'
案内,'八角形のテーブルに案内された。席に座り、学校の発表課題を出され、それに取り組むことになった。'
案内,'まーーーーじで星４落ちないもうやめ🤢🤢\n討伐やってていつも思うけど、倒したら次の場所自動で案内してくれないかな…いちいち画面開くのだるい💭 https://t.co/LrNDJhfJdd'
案内,'みきちゃんあかねちゃんへ\nこれめちゃくちゃ美味しかったので大阪集合の時は案内します。ぜひ行きましょう。 https://t.co/axoPxvanFV'
案内,'相生駅南口前に「あいおい情報ラウンジ」がオープン！観光案内所や近隣市町村のパンフレット展示、待合所など便利な機能がいっぱい♪観光案内所の営業時間は9時～19時\u3000TEL0791-23-7113\u3000詳細→https://t.co/Ju8Og3Mfwl'
案内,'【マイリスト】外国人の案内する秋葉原 https://t.co/QkzOk8ezky #sm4499806'
案内,'「ならば後で案内してくれるか？私も咲いているところが見たい」\n「はいっ」\n\nもう随分と、花を愛でることも忘れていたが。\nナツメの存在が、忘れていたものを時折こうして思い出させてくれる。\n\nゆっくりと桜を眺めるなど、どれほどぶりだろうか……。'
案内,'（ミカエルの瞳）…誰だ 我が主を裏切った愚か者は…？地獄の第九圏まで案内してやろう'
案内,'@kizokukawaii やねー！！めっちゃ近いし😊\nお！そうなんか！自分典型的な大阪の有名観光地ほぼ行ったことない大阪人やけど案内できるところは全力でさせていただきます🤗'
案内,'@_jooshiki_ @Oolong_Tea777 待って笑笑\n\nそれ言ったの案内人さんやん笑\n\n私はいつも阿佐ヶ谷も荻窪も上手い人が多いって言ってるよ😰'
案内,'1、スナイル｢君も温まっていかないかい？｣\n2、キャビア｢温かいですね♪｣\n3、皆で焚き火🔥(案内所の前でやってるのがあれだけどw)\n4、皆でパリャリ📷✨\n\n可愛いすぎて思わず一緒に座ってしまいました😆\nまさかキャビアちゃんまで来… https://t.co/CBL0cFAmcg'
案内,'@Yelitsin28 案内してね！'
案内,'@scoutS7meshi 難しいところもあったけど、とても楽しかった！\n案内人もありがとう😊'
案内,'敏速案内人🐰 https://t.co/GIoAi7QTMS'
案内,'【観光案内】アクアリアの南にあるフォントリーオ洞窟。海からしか入れないですけれど、中に入ると沢山の光水晶が出迎えてくれますよ'
案内,'案内する人は先頭で歩いていたはずなのに、案内する人の顔を見ようとしたとき、その人は私の横にいた。少し屈んだ(背中を丸めた感じ)のその人はセバスチャンさんだった。'
案内,'落ち着いた雰囲気の豪華な暗めの部屋に私と数人が案内された。案内される最中で、周りを見渡すと、多くの人がテーブルに座ってなにか取り組んでいて、居心地の悪さを感じた私は、案内する人を見た。'
案内,'@UVERworld_dR2 スタッフさん！\n他に何か案内することがあるのでは〜？🥺✨'
案内,'通勤とか普段の範囲で見ると、\nららぽ船橋2.6m\n有明ガーデン2.4mくらい？\nイオン東雲2.3m\nホームセンター2.3m\n\nIKEA、コストコ、ららぽ豊洲とかは車高高い車用の駐車場別途案内してくれるし軽キャンピングカーが車高2m… https://t.co/DVMt4gqfxQ'
案内,'コラボと聞いてダウンロードしてたアプリの今日の案内に推しがいて、テンションあがった(*´∀｀*)\n前厄だからか、ドタバタな1年のスタートになったけど、推しとのご縁は相変わらずありそうで嬉しい🥰 https://t.co/eUzHrjWc2Y'
案内,'@prt9e 誕生日おめでとうございます🎉\n通訳案内士試験、お互い頑張りましょう😄'
案内,'【譲渡】刀ミュ\u3000東京心覚\u3000愛知公演\u3000アイプラザ豊橋\n\n4/14、4/15、4/20、4/22\n18:30公演になります。\n\n定価+手数料でお願いします。\n\nにごふれ先行分になります。\n名古屋市内・会場付近での手渡しまたは郵送にてお… https://t.co/DwH8JH4nfZ'
案内,'保育園説明会の案内の宛名が夫できたことにモヤモヤ。２ヶ月の赤子を担いで雨の中も炎天下も保活したのは私なのに。\n\nめんどくさいこと、責任は全部「お母さん」\n\n重要そうなところ、大事そうだけど労力がかからないところだけお父さんが掠め取っていく、という搾取されてる感がぬぐえない。'
案内,'若いフレンドさんは、私がカイロ貼ってカイロ持って震えてるのに、けっこう暑いって🙉\nおいっこのリクエストでラーメン屋さんに案内してもらいました❤\nなんとかスペシャル、おいしかったあ🥰 https://t.co/8UhHNreIGm'
案内,'先日(3週間前かな？)のブラタモリでタモリさんが訪れた灰ヶ峰の夜景…！！やっと自分で行く時間が取れました。\nスマホ撮影なんで荒いのは許してね(笑)\n\n友達に案内頼んで、ボクが運転して夜の山道…ｺﾜｶｯﾀ…\nでも行った甲斐はありまし… https://t.co/OZj0yTt6ED'
案内,'@doku_flower 前⁈後ろ⁈って聞こえたので車の位置かなと🤔\nでも混雑してて前も詰まっていたしそんな案内しなそうですけどね😅\nどっちにしても呆れました…\n助手席の人も恥ずかしくないのかな…'
案内,'仙台気軽に来れるようになったらたべてくれ\u3000なんなら案内します'
案内,'@holoviewer はあちゃまに北海道案内したいなぁ\n次回は参加してもろて！'
案内,'【HP更新案内②】イベント総合案内\n\n当イベントのタイムテーブル、\nお祝い企画などを全てまとめた総合ページを新設しました。\n\nここだけ見れば当日迷子になりませんので、\n是非ブックマークしてください😄✨\n\n見逃した情報が無いかも要チ… https://t.co/DR7EOly0RU'
案内,'カード仕込むの忘れた状態で部屋の案内したけど私は元気です。'
案内,'845.この前資格申請に言ったら、敬語もろくにできないカンリが居ましてね。案内もできない無能だったから印象悪いです'
案内,'乗換案内のアイコンがなんで猫なんだろうとおもったら、にゃんにゃんにゃんの日だったのかฅ( ̳• ·̫ • ̳ฅ) https://t.co/VwQRpkcLyU'
案内,'#ガンモバビルドファイターズ\n#CTビルドファイターズ\nクルナ「サーヴァント、運営にカチコミしに行くぞ！！」\n一馬「…え？」\nクルナ「今更何を…私はエースパイロットで王女だぞ？それに日本を案内する約束を破った罰だ、付き合ってもらう… https://t.co/fpUh6JDhaM'
案内,'そして、思いつきで上司通さずに企画して案内出しちゃったんですけど、送付先リストに上司のアドレスが入ってたのでドキドキしてる😓\n\n今のところ、怒られてないからセーフかな？'
案内,'@azuuubts 共通のﾌｫﾛﾜﾆﾑ何人かいるね𓂃𓈒𓏸\nぜひ東京行った時は案内よろしくね𖤐'
案内,'@Ay2j_ 横浜案内しろ'
案内,'(自動)案内\n地元 南海電鉄 萩原天神駅 \n改札を出たら100円ローソンがあります。\n踏切を渡って奥に萩原神社です。'
案内,'ご利用案内のブログを投稿しました。\n「白ホリにおけるNG行為について」\nhttps://t.co/oisPGJvetN\n#ホリゾント #スタジオ撮影 #スタジオ #撮影 https://t.co/JMbf8xQ6Er'
案内,'下記に当てはまる方は私への案内は不要です。お断りしております。\n\n【お断り内容↓】\nネットを活用して、場所や時間に縛られずに働きたいという方に、ネットで収入を得る方法を学びながら、長期的な資産も構築していける仕組みを展開しています。15分ほどのコミュニティ紹介動画を見ませんか？'
案内,'鏡華：さっき草陰くんが首輪をつけた迷子の犬に「どっから来たの？おうち分かる？案内できる？」と質問してた。犬はお手してた。'
案内,'いつワクチンうつとか全然わからないですけど、特に案内とかないよね？'
案内,'平等院、元々の建物もすごいし世界観もすごいしミュージアムの解説とか作りとか案内員さんたちの丁寧さとかも全部すごくてしみじみしちゃった\u3000初めてミュージアムの解説動画で心を打たれた'
案内,'ノダン：さっき小田桐が『お前、どこから来た？家は分かるか？案内しろ』と首輪をつけた犬に質問していた。犬はお手していた。'
案内,'@kurousa_0712 じゃあ、安田城→北条城→細越城の順番で行こうと思います。\n大沢城も案内したいのですが、除雪の塊が路肩にあると車停めれないので状況見て判断します。'
案内,'3月から保育園でのお昼寝、大きい敷布団に替わるから\nそれに合わせた布団カバーを作ってこいと…\nでも二週間前の案内って遅くないか！？\n平日は仕事だし、子供みて家事もあるのに無茶すぎ。\nそもそも裁縫めっちゃ苦手なのに。'
案内,'第10回高齢者の保健事業のあり方検討ワーキンググループ\u3000開催案内 - (1) https://t.co/NFikdndFsi'
案内,'@d0000nuts こちらこそありがとうね！！！\n名古屋にも行くからその時は案内よろしくな！！！！'
案内,'【🌹HP更新案内①🌹】\n\n当企画のHPを大幅に更新しました🎉✨\n\n・イベント総合案内を追加\n・謎解き企画ページを追加\n・スクリーンショット撮影会企画を更新\n・記念品ページを更新\n・アバターを3件追加＋DLリンク公開… https://t.co/wAzHWnklTL'
案内,'今住んでる部屋の近くに飲み屋街が\nある事とか聞かされてなかったし\n昼間のこの部屋に案内されて静か\nでしょ～なんてアピールした事は\nかなり根に持ってる'
案内,'@CHONANLobotomy ダリア\n「なんかそれ、違くないかしら？\n……まぁ、いいわ。\n\nそれじゃ、案内するから付いていらっしゃいな」'
案内,'いや嵌められたの草。社長が嵌められるってどういうこと？😁てかそもそもその管理って案内人から当日誰がコレコレさんとディベートするのか等々詳しく聞かなかったの？全く別人をコレコレさんとディベートさせる！って話をされてそれを信じ、迎えた結果がこれってこと？ #コレコレ'
案内,'河村と案内人がくそってこと？？？？'
案内,'今日は授業の合間に、訪問介護事業者の方が職員募集の案内で来られた。色々説明されたけど、質問に挙がった給与や時給については話を濁された。やっぱり薄給なんだなーとクラスの誰もが思った。'
案内,'@__u_yu9308xx Yuiさん、バルセロナの領事館のサイトにPCRのセントロの案内があります。https://t.co/ub9w3ZllCS'
案内,'最近、FC東京の案内メールとか広告系とかが商業商業してきてるのは仕方ないとしても、分かりにくく不親切になってる感がして残念でならない。年チケの勧誘電話も対応がすごく変わってしまってて（外注したためか）悪印象。'
案内,'@jun_nekoxo そうなのですよ。特に洗面所の案内もされなかったので、あとから（ん？？）てなりました。\nあんみつは美味しかったです\\( *´ω`* )/'
案内,'高知県 公的機関の内職紹介です。\n市町村のあっせん。安心して内職ができるお仕事の案内です。\nhttps://t.co/CMap1jR3qr'
案内,'就職活動をしながらw2程度でゆるく働きたいとご相談です\n\nノルマなしで、送りが広範囲で出るお店さんがいいとのことでしたので、該当するお店さんで時給¥4500がでたところに決定案内する女性\n\n#求 ##夜職#キャバ嬢#風俗嬢#ホスト'
案内,'@c3zoo1 ナイロン実ブーツ買おうぜ(新たなる沼の案内)'
案内,'地獄への案内人だったのかよ'
案内,'1番つまんないのはほともと、次にクソなのは管理（案内人）って奴やな\n社長すら煽ってきてガチギレさせるほともとをBANしろやw'
案内,'❦脱毛でスベスベ肌を♪  湘南美容外科では肌トラブル防止のため、日焼けNG。暑くなると肌の露出が増えて日焼けのもとに・・・脱毛完了まで期間がかかるので、夏がくる前に脱毛をスタート！  私の紹介で、湘南美容外科の特典案内出来ます。ご希望の方は、「友達紹介」とだけ入れてDM下さい☆'
案内,'いきなり全ての漢字を廃止するのは極端な意見だが、学習カリキュラムの見直しや、公文書や案内板などの表現を見直していく必要があるように思える\n\n前島密の思想は現代の世も通用する'
案内,'@doranomimi なんかわかんないけど手違いで案内きませんでした！！！でゴリ押しして入学させた作品知ってる。アナンっていう小説ですけど。昔の本だから今はどうなのかわかんないねぇ。コナンは親父のつてだったよね。'
案内,'私、まだこの学校に不慣れなもので………放課後にでも構いませんから、\n\u3000どなたかに校舎の案内をしていただきたいのですけれど #狂三bot'
案内,'それにしてもこの駅はどんだけ広いんだ。新宿や東京駅よりも広く感じるのは目的地がなくただ後ろの自分から逃げているからなのか。\n駅の天井を見ても駅にあるはずの案内表示の看板が全くない。\n今はただ、ただ走るしかないんだ。'
案内,'ジャックとちゃちゃまるが案内所前を掃除してて、落ち葉の山が出来てました。\nお芋はまだですかー？\n\n#どうぶつの森 \n#AnimalCrossing \n#ACNH \n#NintendoSwitch https://t.co/exTPj60ge3'
案内,'なお、悪い意味でさらにシンプルな保育園案内を載せている自宅近くの別の保育園は、市内トップクラスの人気園なためあえてやる気ない感じを出して申込み数を減らしていると思われる。うちの子の保育園はそんな人気園でもないからもっとアピールしないと来年あたり潰れるんじゃないかとヒヤヒヤしてる😭'
案内,'全国最速新台案内 P中森明菜 歌姫伝説～THE BEST LEGEND～歌パチの王道ちび菜あつ菜が帰って来る てんとう虫柄復活シリーズ最多楽曲&amp;... https://t.co/CmhkIHJlin @YouTubeより\n\n姫の声が愛おしい'
案内,'乗換案内アプリが信用できなくなってきた(第一終電の目黒乗換まだあるじゃない https://t.co/cq0GrMAby0'
案内,'@juryyyyyyya 案内きたね！！明日の何時かわかんないからもう寝る😪笑'
案内,'@siimoHINATAZAKA @jun0214ii @tt_rily さっき塾講師の案内きた'
案内,'@His_anime 秋葉原で揃えられる。\n今度案内しよう👍'
案内,'設立40周年記念 対談イベント『コロナ以後の地域社会を考える～宗教とNGOの視点から～』開催案内 https://t.co/Um8WHjr05n'
案内,'お気に入りの場所、に案内してもらった☺️✨ https://t.co/sC6MeRJiPH'
案内,'@tasono00 基本的に置けるアイテムが消えることはないはずですよ\nアイテムの上から家を移設したりして消えた場合でも案内所のリサイクルボックスに入ります\nアイテムが完全消滅するのはゴミ箱に捨てたときぐらいですね'
案内,'運び 案件案内\n\n全国可\n即日日払い\n女性の方でも楽々作業\n最低報酬20%～\n真面目に仕事に取り組める方積極採用\n\n連絡をお待ちしてます。\n\n裏 バイト\n闇 バイト\n#運び\n#お金に困ってます\n#お金貸してください\n#裏仕事… https://t.co/lWNAUEvISr'
案内,'T2感謝祭のネップリ\nローソンでテストプリントしてきた！！\n色とびせずちょうどいい感じでした！\n番号案内画像つくる💦\n\nL版サイズにしてるけど2Lでもくっきりきれいですよぉ🙆\u200d♀️✨ https://t.co/fYvD3ZAZ88'
案内,'ひなフェスの案内きとる。\nまなかん、あみちゃん、ガン見してきたの、三年前か。可愛かったなぁ(*´Д｀*)\n格安スマホじゃ、これが限界(泣) https://t.co/8XF3lw9gUv'
案内,'たまひよ名づけ博士の案内がやっと届いたので、早速旦那と鑑定検索🔍候補を挙げているものの考えると迷うもの〜。でもこの時間は楽しいな。好きだな。'
案内,'土曜日、たった10分足らずの間に6人に商品のお尋ねをされてね。単純計算で1分ちょいに一回手を止めて話を聞いて場合によっては最大50m強先まで歩いてご案内して、戻ってさてと荷物を手に取ったらまた案内。入り口近くの話。\n自分くらい、じ… https://t.co/t6XvKmI2yB'
案内,'〈那覇市安里の栄町市場で有志の女性らが「昼の市場も知ってほしい」と要望に応じて週１回１５～２０分程度、案内ツアーをしている〉\n「魚天ぷらとラッキョウが最高」沖縄の夜の街は昼も魅力的\u3000子育て世代が市場を案内 | 沖縄タイムス＋プラス https://t.co/XSrezRn1oA'
案内,'遠軽駅の乗り場案内、今だ残る名寄・紋別の文字。\n名寄本線、乗ってみたかった。 https://t.co/iTbaImhE7x'
案内,'案内人の人選ミスね'
案内,'案内人w'
案内,'1回しかイベントに参加してない会社から「様々なイベントにご参加頂いた～さんには」って書かれてる早期選考の案内が来て草'
案内,'️💈営業案内💈✂️\n\n2月23.27.28日(祝土日)\n志都美店・大和小泉店\n9:00~18:00（受付終了）\n\n2月24〜26日(平日)\n志都美店・大和小泉店\n9:30~18:30（受付終了）\n\n✂️ご来店お待ちしております✂️… https://t.co/WDTHd3dRiT'
案内,'[深夜1系統案内]\u3000藤が丘23時55分発 深夜1系統 栄行きが発車します。なお、金曜日、土休日は運休となります。金曜日は地下鉄をご利用ください。'
案内,'おい案内人wwwwどんだけwwww #コレコレ'
案内,'@AYN0041 地元ぐらいしか案内出来ないけど、、、一応観光地だから🙌'
案内,'@tyna_twst_K 絶対🌹は目が輝いてますね!!❤️は(ガールフレンドと)何度も行ってるだろうけど、きっと喜んでる寮長みたら満更でもない顔で案内しそう🤭'
案内,"'SPURのライブレポがめっちゃいい！""歌唱力の素晴らしさ(メンバー全員！)""の強調と、案内役の鶴房への気持ちと、木全のJAMとのFantasyについて触れてくれてる！\n#JO1 #STARLIGHT_DELUXE… https://t.co/iw1UPNOgRM'"
案内,'@kurousa_0712 了解です。\n安田城は今の時期しか見れない場所があるので案内しますよ。'
案内,'できない！むり！\nスマホ見せてくれないなら、案内役プリーズ！！ \n\n#Peing #質問箱 https://t.co/D6Ap0RwGTX'
案内,'@futon_sky_ そうじゃないんよ…、フレ申請してくれたちゅんが雨林に手を引いたから、精霊さんと翼ほしいのかなと思って案内してたんだけど、案内しきる前に手を放しホームに帰っちゃったん…'
案内,'運び 案件案内\n\n全国可\n即日日払い\n女性の方でも楽々作業\n最低報酬20%～\n真面目に仕事に取り組める方積極採用\n\n連絡をお待ちしてます。\n\n裏 バイト\n闇 バイト\n#運び\n#お金に困ってます\n#お金貸してください\n#裏仕事… https://t.co/wjOzQXpzJC'
案内,'@TVFEQh02nDxqFNN (テトラ)テトラは優しい妖精だから出口に案内するよぉ、こちら第6幻想郷へのいりぐちにごさぃまぁぁすぅ、(この後の言葉は聞き取れない)'
案内,'今日の精神統一\n遂に始まった素手縛りの二週目世界\nこのキビしい世界で神は生きていけるのか、って思ったけどさっそく精神統一してますね。\n\n次回『vs初心者案内人グンダ』 https://t.co/yfSJXRzvZq'
案内,'@69gyqgFsbGE8yOi @kakihiko0123 東京詳しい人に案内してもらおう（笑）'
案内,'2月10日の案内にあった具体的な日付や予定は何だったんだろうね？🤨\nエスチケはクレジット決済できなくなった辺りで変な感じはしたけど普段からメールで問い合わせても返信なかったり郵便振替でも入金確認のメール来たり来なかったりで杜撰だったからそういうものだと思ってた😕'
案内,'2020年4月以降オープン、従業員がいる、喫煙所でなくテーブルでの喫煙可、子連れ客を店内に案内する、のフルコンボは流石に驚いた。'
案内,'新型86は秋ということでディーラーから販売店には案内が来ているということで、価格が出て予約受付開始され次第予約入れるかなー。クソババアに追突されて初期型86を廃車に追い込まれた身としては、スバルA型に対してあまり拒否反応は無い。た… https://t.co/n6OOsTBQUY'
案内,'花屋からの宣伝メールをチェックしたら、もう、母の日の鉢植えやアレンジメントの案内が！！早期は3月14日までらしい。母の日までまだ3ヶ月もあるじゃん。気が早過ぎないか。'
案内,'3月7日、コンパルホールにおいて、おおいた大友学オンラインセミナー・戦国史シンポジウム in BVNGO「戦国大名と鉱物資源」が開催されます。なんだかおもしろそうなテーマですね。\n無料のオンライン視聴も用意されており、開催日が近づ… https://t.co/ersLhhh3pG'
案内,'案内人さんちょっとｷｮﾑ仲間知りません？\n「見てないですね(目逸らし)」 https://t.co/awLwkkAUC6'
案内,'マンホールカード。\n鳥取県倉吉市\u3000倉吉白壁土蔵群観光案内所。\nカラーマンホール蓋が、交通量が少ないとはいえ車道にあるのはいかがなものかと。 https://t.co/ec0xpH4kUb'
案内,'@yumeminono 大学入ったら案内されるからその案内に従えばキャンパになれるよーーー\n↑\n先輩からです\n詳しいことが知りたかったら連絡ください\n聞いてみます'
案内,'まゆちゃんの島に遊びに行きました〜！\nプレゼント三つ貰ってその中にまさかのジャックの写真が入ってて発狂してしまった（笑）\n\nまゆちゃん、初対面にも関わらず島案内やプレゼントありがとう🐈\u200d⬛🎶 https://t.co/BdNmwqJ7Wl'
案内,'(そもそも昨年1年間大学に満足に通えていなかった新2年が新入生を案内って無理がありすぎんか？？？？)(小声)'
案内,'リュミエール：先ほどジュリアス様が「何処から来た？そなたの家は分かるか？案内はできぬのか？」と首輪をつけた犬にご質問をしておいででした。犬はお手をしておりました。'
案内,'市のガイドに載ってるうちの子が通っている保育園案内(各保育園が作成してる)が悪い意味でシンプルすぎて泣ける😭😭すごい良い保育園なのに、保育園を知らない人がみたら「うわあ…やる気なさそ」って思われても仕方ないし、私作りましょうか？✋って先生に言いたい。'
案内,'ガストで案内されたおひとり様席。作業するにはとても良い環境でした。メリットとデメリットをまとめました。\n\n#ノマドワーカー\n#ガスト\n#おひとり様\n#電源\n\nhttps://t.co/Evf3515vYW'
案内,'@yxa0304 根岸Mはやばい！！3回ぐらい酷い目にあってるので、根岸Mは行かないと決めてます！！！🚲だと根岸Mで山の上に飛ばされると、🚲通れないルート案内されることがあるんです……\nちなみに、新山下Mが最近熱い印象です‼️本牧… https://t.co/RfeGiYMEDx'
案内,'巻「僕が案内します。まずは『やっとコースター』」\nプ「なるほど、絶叫系か！力強い感じがぴったりだ」\n巻「『やっとコーヒーカップ』」\nプ「目が回りそうだけど楽しそうだな！」\n巻「『やっとゴーラウンド』」\nプ「やっとこ多くない？」\n巻「『観覧しゃっとこ』」\nプ「無理がある」'
案内,'@hanacco5 素敵写真ばっかりで選ぶのが大変だった😂\nオクタ寮1番お気に入りの写真だったので大きく載せたよ🐙笑\nこちらこそ島案内ありがとうー！✨また遊ぼうね🙌'
案内,'浦安市民だから東京ディズニーランドとかめっちゃ案内できる人間だと思われがちだしそうでありたいが、実際全然知ってる'
案内,'この時間に通販振込み先案内メールが来た。酷使されてんじゃ？'
案内,'【動画】【真・女神転生】案内人と行く世紀末初見-part8-【2人実況】 https://t.co/RpwwlkokLV を投稿しました。 #sm38317045'
案内,'なこちゃんって呼ぶようになったら劇場案内のバイトしたいなー #tweetgen https://t.co/L9UA4D4v6L\n\n俺が未だに舞空ちゃんかひっとんでしか口では呼べないのをからかってる？（笑）'
案内,'@agua_dulce_09 猫耳付けた芽は可愛いでしょうね😍\n案内から帰ってきたら一虎に労ってもらえそうだけど、ベッドの中でも猫耳付けさせられてたりするのでしょうかw🐈🐈\u200d⬛💕\nビストロごはんのSSありがとうございました✨'
案内,'あと15分で日付が変わる現実を受け入れられませんねェ…。まだ風呂にも入ってないンですが。マァ、客を先に案内してるからしょうがないンですがね。'
案内,'＜主催案内＞\nミュージカル「リモート！」\n2021年2月23日（火曜/祝日\n15時開演/17時半開演（上演時間60分）\n入場料：当日1000円\n会場：尾張旭市文化会館あさひのホール\n☆明日公演です。20年後のリモートアプリのサービ… https://t.co/DcR0bSg3P3'
案内,'東京メトロ南北線。\n発車時刻案内の表示が止まってます。\nこう言うバグって、なかなかなおらないのね…orz\n1時間以上もこのままなのかな？\n珍しいと思ったので、パチリ📹 https://t.co/WW0dtRl5Fg'
案内,'案内してくれる人いっぱいいて優しい世界だよね'
案内,'@kikuchi_765 ツイッター検索かけたら川崎サポが一斉になんかいきなりネコポス発送案内来ただとかなんで？八潮からの発送？身の覚えがないんだけど…とか言ってるんできっとこれですね。'
案内,'『そんじゃまぁ外出るか、GOウエスト！と見せかけて西口じゃなく西部口に向かうトリッキーな案内人俺！！』「？」'
案内,'【冒険案内】最近誰でも行けるようになってきたシルフスですが、気を付けて下さい。中央にあるエイドリル神殿を護るように、強い魔物が巣食っています。でも、ここには聖馬ペガシスや神馬ユニコジルも棲息している、素晴らしい所ですよ。'
案内,'え、あにめいとおんらいん、お支払い案内メールすらきていないのだが？？？？？！！！！'
案内,'@min_yasushi メキシコになったら案内してやろうかwwww'
案内,'京都には素晴らしい観光名所がたんとおますんどすえ。伏見のお稲荷さんとか平等院とかな。他かて案内どしたい場所はぎょうさんおますんや。一先ず、ゆっくり辺りを散策してみようか。'
案内,"""最後はことねこさんの案内でらっしゅさんと\n探検していたところ、会いたかったnekさんが\nJoinしてくれるサプライズに恵まれました！\nことねこさんの知っているワールドも\n素敵なところだったので、\nまた今度教えてもらおうかな(*'ω… https://t.co/5YCHpdPFU0"""
案内,'@maid_mon 色んな偶然が重なってて本当に奇跡的だよね。おれもふと思い返してたよ、あの時案内してくれたのがモンちゃんでほんとに良かった。今こんなに楽しいのも幸せなのもモンちゃんがいてくれるお陰だよ！こちらこそありがとうなんだよ☁'
案内,'#本能寺の変 直前、家康の京・堺見物の案内人の中から一人だけ消えた人物がいた。その人物は #惟任退治記 にもなぜか登場する！！こいつこそ、秀吉にとって最大の功労者なのよ。戦後坂本城もらってんのよね？誰だ！\n\nhttps://t.co/lD55tZILWY\n\n#麒麟がくる'
案内,'#深夜の2時間DTM \n「画像からイメージした曲」\n\nこの猫に案内されて不思議な路地に迷い込む感じのピアノ曲 https://t.co/t1sZtUF6GS'
案内,'案内人素晴らしいわ'
案内,'京浜電車のページは一年前に路線図更新してから、何もいじっていませんね…とりわけ戦後史については、自分が戦前の歴史を想像以上に書いていたのにびっくりして、もう筆が全く進みません😢\n妄想しているのは、停車駅案内くらいかと… https://t.co/uzRqdW1jwk'
案内,'テヒョン：さっき純朴そうな若い警官が 「どっから来たの？お家分かる？案内できる？」 って首輪をつけた犬に職務質問してた 犬はお手してた 和んだ'
案内,'@imaimai_pupashi え、みんな思ったのかな？w\n私、あの声がほんと無理なのwww\n配信まだまだ見たかったけど抜けちゃった🥲\n案内さんのイケボが聞きたいのに🥺'
案内,'ワンダヴィジョン最終話配信のタイミングで、アーツの予約案内とか来てくれないかな\n白黒とかもいいけど、スタンダードなヴィジョンのアーツ欲しい'
案内,'普通の道ならスマホくんが案内してくれるから着いてくだけでいいんだけど駅の中って反応してくれないから嫌いなんだよね！！！そう考えたら地元は迷う余地ないからいいけど普通に都会羨ましいです'
案内,'@sunnysweets 一応、うちの業界は人数多いので通常？の検査はハガキ持って指定日に官舎内の公民館的な施設にいけば受けられますー。人間ドッグも専用病院があるので一泊でできるんですが、これもフーンと案内見てそのままっす。参考にならなくてごめんやで…'
案内,'それは今度にしようって、やんわり促された。お孫さんかな？と思ったけど、もしかしたら福祉の生活見守りの人かもしれない。\n👴「忙しいのに(案内頼んで)悪いねぇ。この店初めて来たんだよ」て言うので「大丈夫ですよ。またどうぞ」て言ったら「ありがとね」て。(続)'
案内,'6日＠ SB新書\n野球の科学 解剖学、力学、統計学でプレーを分析!\u3000川村卓\n伝え方の作法 どんな相手からも一目置かれる63の心得\u3000池上彰、佐藤優\nおひとりからのひみつの京都 カリスマ案内人が教える48の歩き方\u3000柏井壽\nまちづくり幻想 地域再生はなぜこれほど失敗するのか\u3000木下斉'
案内,'みんな木更津おいで！(住んでたことはほぼないから案内は多分できない)'
案内,'GoogleMapにも登録してございます。\n「高輪台スタジオ撮影会」にて検索頂くと\n電話・HP・入口写真・Map＆経路案内が可能です。是非ご利用ください。'
案内,'@tatin__r 接待の案内きたらすぐ声かける！！！'
案内,'[東山線終電案内]\u3000まもなく栄0時02分発 東山線最終電車 高畑行き、藤が丘行きが発車します。'
案内,'アーシャに同型の薬草園の案内頼んだくらいなんだからマリオンもせっかくだし何か触れてくれたら良かったのにね\u3000やってない人への配慮かな'
案内,'「彼に草原案内しようと思う」がどうなったら「私に草原を案内して」になったのかすごい謎'
案内,'宅急便だと思って飛び起きたらWi-Fiの案内だったし、寝起きですか？言われたけど。今日注文してたりゅちぇの写真届いたしhappy(´ω｀)🧡\nアクスタと残り御写真は３月入ってからかな…'
案内,'ホームの乗車口の床面にLED表示器とか液晶を設置して、列車の案内や乗車口案内させるの夢があっていいと思うの'
案内,'2006年の総武流山線（現：流鉄）ワンマン運転開始に際し対応改造を施工し、ドア開閉チャイムと案内放送、自動の車内アナウンス装置が取り付けました。'
案内,'えあさんが中野ブロードウェイを案内してくれて、初マミタスだーと思ったら(ノ∀`*) https://t.co/8d1yHxJjFR'
案内,'まじ！？！！！えっえっ新宿駅しぬほど迷子したし行く度に駅員さんとか知らん人に助けてもらってるし、なんなら地方民同士で行ったときずっとキョロキョロしててキレイなお姉様に案内してもらった思い出あるよ？次こそ迷子回避？'
案内,'内容には自信を持っておりそれはいささかも揺らぎませんが、今まだなかなか伸び悩んでいます。拡散にご協力をお願いします。\n以下のキャンペーンに賛同をお願いします！「国会議員（詳細未定）: 全国通訳案内士に現金を支給して下さい！」… https://t.co/bjWUXGca4r'
案内,'店全体の客入りがいいことと、\n\nアナタが稼げることはイコールではありません。 \n\nスタッフさんは店の売上をあげることが仕事ですが、\n\n僕たちの仕事は一人ひとりが稼げるお店を案内することです♪'
案内,'【京浜東北線\u3000最終電車案内】横浜、関内、磯子方面の最終電車は２４時１２分発「磯子」行きです。お乗り遅れのないよう、ご注意ください。'
案内,'@ratemaru1025 案内所前って難しいよね、、\nこういう感じめちゃくちゃ素敵だよ😳🤍🤍'
案内,'そうじゃ！三河にとって重要な話をしに来た！！まずは城へ案内せよ！ #teamnacs_warrior'
案内,'@4on_babu 宇宙旅行めちゃくちゃ楽しかったね👼💕\n案内人？の汐恩くんめちゃくちゃ可愛かった🥰\n豆鶴絡んでたよね( ;  ; )まめちゃーんって言ってくれて嬉しかったよ☺️\n新衣装もかっこよすぎてライブ中語彙力失いまくってた… https://t.co/7KYmA5neEx'
案内,'千葉県 公的機関の内職紹介です。\n市町村のあっせん。安心して内職ができるお仕事の案内です。\nhttps://t.co/2UDevaSGoE'
案内,'おや、ヒトモシどこに行っていたのですか？……え？あの子が男に絡まれてるですって！？ヒトモシ、案内してくださいっ！'
案内,'#鉄道アドオン\n絵画を置き換え。\n乗車位置案内札。 https://t.co/D68MoFdUfX'
案内,'スグ案内★割引中★トロけるマッサで必ず最後は／日本橋・プライベートサロン（マンションエステ） GOOD GIRL（グッドガール）\nhttps://t.co/AsU3D6VM33'
案内,'@echi_miyu もちろん、案内人はぼくですよ？？\n2回も僕みゆさんに会いそびれてますからぁぁ！！'
案内,'二次入金案内メールを送信しました✉\nメールが届いてないなどありましたら、DMまでご連絡ください。\n\n二次入金締め切りは、3月3日（水）23:59とさせていただきます。\n\n入金が遅れる場合は必ずメールかDMにご連絡ください🙇'
案内,'e-taxで確定申告しようと頑張ってるけど、マイナンバーを何回も読み取らないといけないし、民間送達サービスとの連携ができていないから設定するよう案内されるけど、リンク先を見る感じではどこにもそれらしきメニューが見当たらない。案内不親切すぎるだろ。'
案内,'@zan_ryur_goza ざんさん、スタインウェイ配信\n素晴らしかったですね✨\nセットリストに案内所の更新まで\nしていただいて本当に感謝します。\nありがとうございました🙏'
案内,'@sakuratosanemi さくらさんありがとうございます🥺🙏🏻💗✨私も毎日次お会いする時は素敵なカフェに案内したいなとか何話そうかな♡とかなちこさんメロンたんは元気かな？とかいつもいつも考えてます( ᵕ̩̩ㅅᵕ̩̩ )💛✨'
案内,'就活に役立たないかもしれないけど取ってみたい検定ランキング\n１位： 温泉ソムリエ\n２位：星空案内人\n３位：ダイエット検定'
案内,'@negisurf @candy74130039 最高ですわ🌊\nいつか案内して下さい🤗'
案内,"'@tagauta_ ユリウス兄妹…（勝手に名前付けないでください）とても""""良い""""…カップルシートに案内される時点で最高だし反論せず座るのが素晴らしくて…'"
案内,'受験の時に｢コンパス持参｣って受験案内に書いてあったので自分は円を書くコンパスをちゃんと持っていった しかし前斜めに座ったヤツは方位磁石のコンパスを持ってきていた #今までの人生の中で一番笑った出来事晒して笑わせてくれ arlequin1017'
案内,'案内しろください'
案内,'@kanade_snow ゆっくりお話したいよね～👍\nおお、ありがとう✨5月に殺人事件ものの公演が控えてるから案内させてもらうわ🌈'
案内,'遅刻の言い訳を集めよう「おばあさんに道を聞かれたので、案内していました」'
案内,'Kanademian Aid Box 出演募集のお知らせ\n\nこんな状況下ですが配信メインのハコライブ案内です（最新版にアップデートしました）。アーティストさんの『大切な今』を魅せよう、、というポリシーで続けています。\nOpen/S… https://t.co/MhY7p3IAmZ'
案内,'オーキャンのアルバイトのことかな？\nあとは児童は教授から案内きたりする（笑）\n\nあとは詳しくないからわからん🙇\u200d♀️ https://t.co/snYvCh4QKZ'
案内,'❦脱毛でスベスベ肌を♪  湘南美容外科では肌トラブル防止のため、日焼けNG。暑くなると肌の露出が増えて日焼けのもとに・・・脱毛完了まで期間がかかるので、夏がくる前に脱毛をスタート！  私の紹介で、湘南美容外科の特典案内出来ます。ご希望の方は、「友達紹介」とだけ入れてDM下さい☆'
案内,'コータロー：資料室にすたすた入ってきたジュリ「ごめん、黒魔術の本ってどこ？」赤羽「ああ、こっち」あるのかよ。しかもスムーズに案内できるのかよ。あと何に使うんだよ。'
案内,'店に入ってきて商品探しもせずにまっすぐこっちに向かってきて、だいぶざっくりとこんな感じのやつって言われて案内したら違う！って言われて、じゃあこっちですかって言えば違う！って言われて、ここにはないの！？あっちにはあったのに！って怒鳴られたんだけど、まじで何求めてたか未だにわかんない'
案内,'[Crusader Kings III] 次回のメジャーアップデート1.3についての情報。冬になると雪が降るようになって戦略性に幅が出ますよー的お話。さらっとリンクだけの告知でしたが3/13のParadox Insiderについて… https://t.co/M6h2RgLE20'
案内,'こんばんは🌃今日は井原鉄道の井原駅に鉄印をもらいに行きましたが🚃その前に初めて岡山の高梁バスターミナルで初めて備北バスを見ました🚌そこの案内所で備北バスの新見市ではしってる[ら・くるっと]という市街地循環バスのチョロＱを買いました… https://t.co/Ep9nTXUxyi'
案内,'弊社でSDGsのなんやようわからん宣言を出すにあたり、「個人個人でできることを考えましょう。用提出」といった案内がきた。\n\nまあそれはいいんじゃが、現実的に個人個人が頑張ってもどうにもならんこともある。\n\n個人個人ががんばって大きな目標ろ達成するという「理想」と'
案内,'1.ねでぃさんによる初心者さん案内\n2.ようこそVRCHATへ!\n3.だくにゃん\n4.案内人ねでぃ\n#今日のVRChat https://t.co/ANp2bZ3YZp'
案内,'@zan_ryur_goza いつもながらお仕事速いですね😳‼️\nアーカイブ案内所の更新もありがとうございます‼️\n\nホントに美しい音色で素晴らしかったですね😍\nセットリスト参考にしてアーカイブを楽しみたいと思います🤗'
案内,'【推奨教材案内】\n本当に役に立つ情報だけを盛り込んで作った商材や商品をまとめました。\nどれも渾身のコンテンツです。\nhttps://t.co/b3vtuUwTpL'
案内,'ちらっと案内されたとこ見に行ったら、私の夕べのツイートが貼られてた。。なるほど…。まぁ世の中に全公開で書いてるツイートだから、別にいいんだけど。。使ったのお知らせしてくれるだけ親切だなぁ…。'
案内,'@AMA_SONO_TL 鞠也は案内係を買って出るし｢この学院で勉強だけじゃなく…素敵な恋を学ぶ機会もあるといいなぁって思うの。うふふ、素敵よねぇ〜運命って。もう自分の指輪は見てみた？その指輪がこの世界にあとひとつ、運命の相手の指… https://t.co/h8sUyqNXnT'
案内,'@kishitosakuma なみちゃんから返事聞いてないのに😭つらすぎ😭😭\n\n浅草行って人力車乗れば勝手に案内してくれる(人任せ)'
案内,'あと\n入場前に\n折り戸式の自動ドアの開閉する様子がかわいくて動画で撮影していたら\nちょうどパラちゃんが野口さんに案内されて現地入りしてくるところをはからずも撮影してしまったのには\nわれながら苦笑いしましたww 😂😂😂 https://t.co/dHsbh994FS'
案内,'今の職場に異動して3年、職場の婦人科検診受ける暇ないし（&amp;申し込んでも希望者過多で落選）、休暇も取れないから市から来てる案内もスルーしてたんだけど、ここ数日生理まだのはずなのに下腹部に刺すような痛みと謎の吐き気がある\u3000なんなんですかこれ\u3000不安'
案内,'今日ちょっと遅れてはいってライブはじまってたのに2人のファンの人が「席番どこですか？」「ここですよ」って案内してくれたのほんと白の現場は優しすぎるなって思った☺️顔覚えてないの申し訳なさすぎるけど…ありがとうございました🙇\u200d♂️'
案内,'パワースポットとか信じないタイプだけど、行ってみて、ここは‥‥と感じてしまったところ、旅先案内で書いてみた。やっぱり古くからの日本が残ってるところってそうゆうの感じやすい。人の思いがきっと集まってるんだよね。'
案内,'インターンとかいうやつ全部抽選落ちしたし一月以降はインターンとか会社案内ツアーみたいなやつ消滅したから結局一回もインターン行ってない'
案内,'@yuzuemooooon せっかくだしゴリゴリに色味加工って書いたもの！！🤣1日５個の貴重な通販の誤発注わたしのせいじゃないもの！！www\n\nけけ対策ww\nわたし案内所の周りに壁あるからあれはできんwww囲んだら派手でかわいいだろけど🤣'
案内,'@3vq2d7 皆のかんかんさんですから笑\nちょっと予定があって夜にしか行けなかったのが悔やまれますッ！\nおそらく今年中(遅い)には愛知伺うかもその時は案内してください💃'
案内,'@kusotome_Shine 車ありますか？って聞かれたんですが あるんですけど乗れませんって答えたら 電車での道のりを案内されてビックリでしたw\n会場の最寄り駅が繁華街の場所だったので余計満員電車でした。もうコロナ関係ないぐらいの人混みなんでお気を付けください✋'
案内,'@ringooisiinaa ちょっと行くの難しいからいつか案内しますね😊'
案内,'@chinatsu93w おやすみ！！私の固定ちょっと見てみて！！もしかすると、ちなつちゃんにとって良い企画の案内かも！！'
案内,'@m_honeytoastou 嬉しい🥺💓\n飛行場から案内所近いと悩むよね🤔💦\n移設できるといいのに🥺🥺🥺'
案内,'@tana_nata_ リーちゃんと文葉、オリエンテーションでペア組ませていただいたので、一年生の時ペアで回って、それから先輩になったら一緒に案内しようね！みたいな約束してたらいいな〜って思いました…これは妄想です…………………………'
案内,'何かを案内する映像、必ず若い女性が使われる。男性だと柔らかさや親切さが表現出来ないんだろうな。年齢は若いほうが清潔感が出るのかもな。世界共通なのかな。儒教とか関係あるかな。'
案内,'その短刀は、太鼓鐘貞宗。彼を顕現した審神者が高齢になり退く際に、彼自身が引き取り希望を出していた為にこの本丸へ来ることになった。\n審神者はいつも通り、手短に太鼓鐘との挨拶を済ませると、かつての縁があるという燭台切と大倶利伽羅に本丸の案内を任せた。'
案内,'霊とかに赤ちゃん連れのお母さんが鬱々とした顔でやってきて、「最近なんだか気分が優れなくて……お祓いして下さいませんか」というので、温かいハーブティーを出して話を聞いてあげて、産後うつに詳しいらしい病院まで案内してあげて、お母さんが受診してる半日赤ちゃんを預かる中学生達'
案内,'案内人草w'
案内,'@lemontarte ｲｲﾈｲｲﾈ!!\n案内してよ!!'
案内,'@______iux__ ぜひぜひ！案内するで！\n関東のどこら辺にすんどん？？'
案内,'①Googleマップを開いてください ②ルート・乗換案内のAに群馬、Bに台湾と入力して、車で検索してください ③リストの42番を読んでください ④笑った人はお友達にも教えてあげてください。 rerererein'
案内,'@AIAI94487863 そういう方が増えてるのですね😢\nメールで案内は良いですね。\nそれはメーリングリスト的なものに登録するのですか？\n簡単に参加出来る方法があれば良いのですが…\nあと周知ですね。知っていたら参加する人も増えそうです。'
案内,'@eqlove_knr かぬれちゃに褒めてもらえるとか今まで頑張ってきて良かった😭😭😭\n名古屋を案内してもらうって約束してるから絶対叶えないと！🥰'
案内,'秋田男鹿ミステリー案内\u3000凍える銀鈴花を無事に完走しました！\n次回作を早くって思うほどのめり込んだなぁ\nストーリーの終盤はほろっときたし\n\n懐かしい雰囲気のAVGは自分ら世代には刺さると思います'
案内,'会話を盗み聞きすると\nどうやら女の人もレジのお兄も\nこの辺の土地勘わからないらしく\nわたちがGoogleマップで\nわりと丁寧に案内したのよ。\n\nそしたら、その女の人\n『この寒い中アイス食べるんですね😅』\nって。\n\nえっっ😅😅😅'
案内,'@SHATdesu いつか行きますね笑\n\n山口に行った時は案内お願いします笑'
案内,'@kohana_illusio PCでの商品案内と携帯の商品案内ってちょっと違うんですよね💦\n携帯で見てると売り切れ商品とかも載ってて「これ持ってないやつ〜😭」ってなぜ4年前に出会わなかっ\nのだァ大馬鹿者〜て言いたいです💦だから新… https://t.co/TuwBbenKia'
案内,'@realan____ しょうがないから案内してやんよっ(^_-)-☆'
案内,'それをしても、長期間は無理だし洗脳が溶ける度に無になる監督生。溜まるブロット\nそんな誰も幸せにならない話を読みたい。、\n監督生があまりにも可哀想だから多分案内役のチェシャ猫含むヒーロー達が精神を元の世界に返してくれると思う'
案内,'東吉野村にある「ひよしのさとマルシェ」\nヤマザキショップも併設され、観光客はもちろん、\n地元の人の買い物の場であり、地域密着型やったりする。\nただ、ヤマザキショップの方、電子マネー完全に使えるにも関わらず、そういった案内とかなかっ… https://t.co/jmBg9q2QHn'
案内,'休日の13:30に14:00の予約して、13:45に来るってどういう気持ちで来たんだろう...？休日のランチは基本的に12時から14:00か14:30まではピークって思ってほしいんだけど\nいくら予約して来ても予約の確認なんて出来ないし満席だから案内出来ないんだよな......'
案内,'@Captain_Shota ネフさん、ぜるふぃーさん、れじぇくんさん、しいちゃんねるさん、ゼラさん、キャプテンしょーたさん、ねこくんさん、れいさん、ぱんださん、ありけんさん、ボドカさん、コーンさん、案内さん、るりさん、ぼぶさん、… https://t.co/dq7usPN6jz'
案内,'@tagauta_ ルカと妹ﾁﾔﾝはカップルシートに案内されても普通に座るタイプ、、だと嬉しいな💃'
案内,'新潟市北区太夫浜地区に有る看板！ブラタモリ的にこの辺の地形がわかります！北区は所々にこの様な案内看板が有るからそれを探すのも👍！\n#新潟市北区\n#ブラタモリ https://t.co/hR0wLzblgb'
案内,'@yottsu_wall 思いつくデレ\n・ねこちゃんの餌(高級)を買ってくるコーポ野郎\n・神宮寺にたどり着けないと聞いてわざわざ車で迎えに行って案内してあげるコーポ野郎\n・役に立ちそうな企業の内部情報をそれとなく伝えるコーポ野郎(たぶん自慢かなにかかと思ってうざがられる)'
案内,'@siimoHINATAZAKA 案内よろしくね！'
案内,'@7ms_kp_soba ほんとうにすごいよ、、、しかも黙って置いていくって、、、はあ、、、。すごいね、、。\n私が東京案内してきます。(東京に住んだこと1秒もない)'
案内,'【14日・15日\u3000口頭発表会場案内】\n第６会場：共講３２\n第７会場：共講３５\n第８会場：共講４１\n第９会場：共講４２\n第１０会場：共講４５'
案内,'【京浜東北線\u3000最終電車案内】横浜、洋光台、港南台方面の最終電車は２３時５５分発「大船」行きです。お乗り遅れのないよう、ご注意ください。'
案内,'スタンウェイだからか、美しくて素晴らしい配信でした😭\nセットリスト完成致しました😄\nまたアーカイブ案内所の方も更新済みです！\nhttps://t.co/1gumiMl7XW https://t.co/gkehCgRlSj'
