ラッキーピエロ,'北海道で夏のウニとラッキーピエロのバーガー食べたいし松阪牛と鯛めし食べたい'
ラッキーピエロ,'@TANITAofficial 『きのとや』のソフトクリームは絶品🍦\n『ルタオ』のチーズケーキ\n『ラッキーピエロ』のチャイニーズチキンバーガー🍔\n『ボッカ』のプリン🍮\nやきそば弁当。\nどれも、チートデーに食べて。\nそして、売っているか分からない。\n元函館民と札幌民。より'
ラッキーピエロ,'@masakiKH キングベークは地元では割と有名なパン屋さんです。ちなみにラッキーピエロのパンもここで作られています😊'
ラッキーピエロ,'当面函館行けないから家でラッキーピエロのチャイニーズチキンバーガーもどきでも作るか…🤡🍔'
ラッキーピエロ,'ラッキーピエロ食いたくなりました🍔'
ラッキーピエロ,'@tamo_yt ラッキーピエロの方がいいと思うけど？'
ラッキーピエロ,'【Vlog】\nラッキーピエロが\n予想の斜め上だった件\nhttps://t.co/bBrzmNVrJJ\n食べなきゃ損かも！\n\n#ラッキーピエロ #函館 #ハンバーガー #北海道 #はせすと'
ラッキーピエロ,'ラッキーピエロ https://t.co/RQWkwKUHkp'
ラッキーピエロ,'前回のラッキーピエロ編を書いていたら\nどうしてもこっちも書きたくなってしまいましたので。\n今回こういう形で載せていただきました。 https://t.co/BaYH11lSqe'
ラッキーピエロ,'【打線組んでみた】\nほーじょーちゃんが好きな北海道グルメ\n\n遊\u3000ラッキーピエロ\n左    SAPPORO CLASIC\n右\u3000函館で食べたホタテ\n三\u3000稚内、長万部で食べたカニ\n指    山中牧場のソフトクリーム\n一\u3000蕎麦\n中\u3000イカ刺し\n捕\u3000いくら\n二\u3000ホッケ'
ラッキーピエロ,'ラッキーピエロってラブホかと思ったけど、あれはもしもしピエロか'
ラッキーピエロ,'雨風ひどくて 家が揺れる～ 酔う～\nちょっと早い恵方巻き\n#ラッキーピエロ https://t.co/0okeSu7ceg'
ラッキーピエロ,'【2泊3日函館1日目】赤レンガ→ラッキーピエロ→教会→ジンギスカン！\n#ジンギスカン #北海道 #元町教会群 #ジンギスカン函館吉田 #ラッキーピエロ #金森赤レンガ倉庫 \nhttps://t.co/Ul8jgaGv2c'
ラッキーピエロ,'@bontam9 ラッキーピエロだけ異質すぎて草'
ラッキーピエロ,'今年も購入。ラッキーピエロの恵方巻き。チャイニーズチキン恵方巻き エビマヨ恵方巻き。電話予約がオススメ。# #ラッキーピエロ #恵方巻き #函館 #会長は神戸出身 https://t.co/K2COLq11yP'
ラッキーピエロ,'オリジナルパーカー売ってる。#ラッキーピエロ #ラッキーピエロ昭和店 https://t.co/7EULPBZI1x'
ラッキーピエロ,'北海道何回もきてるけど\n函館観光したことないし、小樽はおりたことすらない。\nラッキーピエロ童貞です。'
ラッキーピエロ,'@EeGf33 @nemu35 ラッキーピエロ行こうぜ'
ラッキーピエロ,'@mowalion9999 ラッキーピエロよこせ！'
ラッキーピエロ,'ラッキーピエロ\nアルゴナで出てきて1度は行ってみたい場所'
ラッキーピエロ,'誰かに北海道来てまでハンバーガー？って言われたけど\nいや、むしろ北海道来たからハンバーガー、ラッキーピエロ。\n間違いない。'
ラッキーピエロ,'ラッキーピエロ\nSPECIAL AMAZING ULTRA UNLIMITED BRAVE SUPER SPACE GOD MEAT'
ラッキーピエロ,'ラッキーピエロとか坂とかある'
ラッキーピエロ,'ラッキーピエロ の恵方巻、初めて食べたけどすごく美味しかった！！近日中にもう1本食べたい #ラッキーピエロ https://t.co/r67EYURdpp'
ラッキーピエロ,'@berry_chu3_u 唐揚げ戦争始まってますね😁考えたらラッキーピエロのチャイニーズチキンも唐揚げですし唐揚げがウケる土壌は元々函館にあったのかもですね😋デザート唐揚げとか変わり種も出てきて欲しいなぁ🍓そんなの食べないけど🤣… https://t.co/Mkzrd5hBBi'
ラッキーピエロ,'@as_nanashisa このシーン大好きずら～(笑)\n\nまたこの、函館のラッキーピエロに行きたいずら～♪'
ラッキーピエロ,'ラッキーピエロのTシャツイロチ買いした。チキンカレーも。チキンの存在感を忘れる雄大な味でした。（自分へのご褒美） https://t.co/Bc8sFeZLqd'
ラッキーピエロ,'ラッキーピエロのバーガーはバカみたいにデカくて美味いから気をつけろよ！ https://t.co/rhcji1rLsG'
ラッキーピエロ,'はろらっぴ！ラッキーピエロのラッキーくんです。\n恵方巻きです👹👹👹\n#ラッキーピエロ #ラッピ #恵方巻き #節分 \n#函館 #北海道 https://t.co/tdYVIyBGkU'
ラッキーピエロ,'#ラジオスローリー\n「今日のランチ」\n先日、ドライブで函館に行き、GLAYの聖地として有名な「ラッキーピエロ」というお店の「チャイニーズチキンバーガー」を食べました！\n\nバンズの中からチキンが飛び出してしまう程のボニュームでした。… https://t.co/MMy2IL4lNX'
ラッキーピエロ,'@Ylva_FF14 まあそれはそうだけど、観光客向けの店すら利用しないならサイゼ出来たら利用するか？みたいなとこはありそうな気はする(偏見)\nラッキーピエロうまいよね'
ラッキーピエロ,'@Che_shire_ff14 そこに住んでる人間が観光客向けの店を常用するはずがないのだ…函館にも北大のキャンパスとかあるので住んでる人間は多い（ラッキーピエロにやや制圧されてるのはあるが）'
ラッキーピエロ,'@hirofumi7801 ラッキーピエロの方がいいと思うけど？'
ラッキーピエロ,'@p6oiii たしかに、ラッキーピエロに待て待て言ってる感半端ねぇーなぁ'
ラッキーピエロ,'ラッキーピエロはステッカーほしい'
ラッキーピエロ,'@p6oiii 待て待て！ラッキーピエロ'
ラッキーピエロ,'あると思います。\nラッキーピエロさん。\n\n＃クマチャンネル'
ラッキーピエロ,'ラッキーピエロのスタンプ貯めてもらった令和カップで【ひるげ】👍✨ https://t.co/eNjM2jIGue'
ラッキーピエロ,"""I'm at ラッキーピエロ ベイエリア本店 in 函館市, 北海道 https://t.co/soXesu4oN9"""
ラッキーピエロ,'今でも親交のある大学の先輩が函館に転勤という事で早くもジンギスカン食いに行きたい。ラッキーピエロもパトロールする構えあり。'
ラッキーピエロ,'ラッキーピエロのバターチキンカレーはめっちゃ美味しかったです'
ラッキーピエロ,'@vCR1q2GJdapzDK5 ラッキーピエロ集合な❤️❤️'
ラッキーピエロ,'@ShikakuKaku @odokebako @spellbound5326 @MoCo_Lmtr1962 @1000_38 @Performer_Rua ラッキーピエロのバーガー🍔紹介とか観たい！'
ラッキーピエロ,'今日、1日は、ハッピーデー!!\u3000\nカレールー(2人前) ３０%OFFです。全１７店舗同時企画です。\n#函館\u3000#ラッキーピエロ #カレールー https://t.co/OajQy265Z1'
ラッキーピエロ,'今日は、月曜日のハッピーデー!!\u3000\nラッピ青春GoGoディ\u3000５５歳以上の方全メニュー１０％OFFです。\n#函館\u3000#ラッキーピエロ https://t.co/XPY8T5Q7Fn'
ラッキーピエロ,'ラッキーピエロ都内に出来てくれ🙏'
ラッキーピエロ,'ラッキーピエロのインスタントラーメン(塩)が美味いから是非食って欲しい。'
ラッキーピエロ,'函館のラッキーピエロ一応ラブライブのポスター貼ってあったな'
ラッキーピエロ,'アン\nラッキーピエロ「大凶！！！！！！！！！！！！！！！！！！！！！！！！！！！！！！！！！！！！！！！！」'
ラッキーピエロ,'@Na8c415zeke22 前日にその地域ローカル店で食べ物買っとくんやでw（ラッキーピエロを十勝あたりで食べた男）'
ラッキーピエロ,'@min_wanderer コメントありがとうございます！！\n北海道なのですね！？\nラッキーピエロ…いつか乗り込みたいところです🤡\n激しい戦いになりそうです！'
ラッキーピエロ,'@YuiHojo2 ラッキーピエロは入るんだ😀'
ラッキーピエロ,'@nunchaku_artist 北海道と言ったらラッキーピエロですね！地元でも遠いですね(笑)'
ラッキーピエロ,'@0054nara おはようございます。ラッキーピエロは私の家から車で片道5時間かかるので行くこと出来ないんですよ～'
ラッキーピエロ,'@nunchaku_artist 朝マックでチキンタツタ頂きました☺️北海道なら、ラッキーピエロ行かないんですか？'
ラッキーピエロ,'ラッキーピエロ！名前だけは知ってた。 https://t.co/mSyXLqamJt'
ラッキーピエロ,'ラッキーピエロいつから札幌のグルメになったの😢はやく函館に帰っておいで😢 https://t.co/fYo0pB1q8n'
ラッキーピエロ,'北海道で夏のウニとラッキーピエロのバーガー食べたいし松阪牛と鯛めし食べたい'
ラッキーピエロ,'@TANITAofficial 『きのとや』のソフトクリームは絶品🍦\n『ルタオ』のチーズケーキ\n『ラッキーピエロ』のチャイニーズチキンバーガー🍔\n『ボッカ』のプリン🍮\nやきそば弁当。\nどれも、チートデーに食べて。\nそして、売っているか分からない。\n元函館民と札幌民。より'
ラッキーピエロ,'@masakiKH キングベークは地元では割と有名なパン屋さんです。ちなみにラッキーピエロのパンもここで作られています😊'
ラッキーピエロ,'当面函館行けないから家でラッキーピエロのチャイニーズチキンバーガーもどきでも作るか…🤡🍔'
ラッキーピエロ,'ラッキーピエロ食いたくなりました🍔'
ラッキーピエロ,'@tamo_yt ラッキーピエロの方がいいと思うけど？'
ラッキーピエロ,'【Vlog】\nラッキーピエロが\n予想の斜め上だった件\nhttps://t.co/bBrzmNVrJJ\n食べなきゃ損かも！\n\n#ラッキーピエロ #函館 #ハンバーガー #北海道 #はせすと'
ラッキーピエロ,'ラッキーピエロ https://t.co/RQWkwKUHkp'
ラッキーピエロ,'前回のラッキーピエロ編を書いていたら\nどうしてもこっちも書きたくなってしまいましたので。\n今回こういう形で載せていただきました。 https://t.co/BaYH11lSqe'
ラッキーピエロ,'【打線組んでみた】\nほーじょーちゃんが好きな北海道グルメ\n\n遊\u3000ラッキーピエロ\n左    SAPPORO CLASIC\n右\u3000函館で食べたホタテ\n三\u3000稚内、長万部で食べたカニ\n指    山中牧場のソフトクリーム\n一\u3000蕎麦\n中\u3000イカ刺し\n捕\u3000いくら\n二\u3000ホッケ'
ラッキーピエロ,'ラッキーピエロってラブホかと思ったけど、あれはもしもしピエロか'
ラッキーピエロ,'雨風ひどくて 家が揺れる～ 酔う～\nちょっと早い恵方巻き\n#ラッキーピエロ https://t.co/0okeSu7ceg'
ラッキーピエロ,'【2泊3日函館1日目】赤レンガ→ラッキーピエロ→教会→ジンギスカン！\n#ジンギスカン #北海道 #元町教会群 #ジンギスカン函館吉田 #ラッキーピエロ #金森赤レンガ倉庫 \nhttps://t.co/Ul8jgaGv2c'
ラッキーピエロ,'@bontam9 ラッキーピエロだけ異質すぎて草'
ラッキーピエロ,'今年も購入。ラッキーピエロの恵方巻き。チャイニーズチキン恵方巻き エビマヨ恵方巻き。電話予約がオススメ。# #ラッキーピエロ #恵方巻き #函館 #会長は神戸出身 https://t.co/K2COLq11yP'
ラッキーピエロ,'オリジナルパーカー売ってる。#ラッキーピエロ #ラッキーピエロ昭和店 https://t.co/7EULPBZI1x'
ラッキーピエロ,'北海道何回もきてるけど\n函館観光したことないし、小樽はおりたことすらない。\nラッキーピエロ童貞です。'
ラッキーピエロ,'@EeGf33 @nemu35 ラッキーピエロ行こうぜ'
ラッキーピエロ,'@mowalion9999 ラッキーピエロよこせ！'
ラッキーピエロ,'ラッキーピエロ\nアルゴナで出てきて1度は行ってみたい場所'
ラッキーピエロ,'誰かに北海道来てまでハンバーガー？って言われたけど\nいや、むしろ北海道来たからハンバーガー、ラッキーピエロ。\n間違いない。'
ラッキーピエロ,'ラッキーピエロ\nSPECIAL AMAZING ULTRA UNLIMITED BRAVE SUPER SPACE GOD MEAT'
ラッキーピエロ,'ラッキーピエロとか坂とかある'
ラッキーピエロ,'ラッキーピエロ の恵方巻、初めて食べたけどすごく美味しかった！！近日中にもう1本食べたい #ラッキーピエロ https://t.co/r67EYURdpp'
ラッキーピエロ,'@berry_chu3_u 唐揚げ戦争始まってますね😁考えたらラッキーピエロのチャイニーズチキンも唐揚げですし唐揚げがウケる土壌は元々函館にあったのかもですね😋デザート唐揚げとか変わり種も出てきて欲しいなぁ🍓そんなの食べないけど🤣… https://t.co/Mkzrd5hBBi'
ラッキーピエロ,'@as_nanashisa このシーン大好きずら～(笑)\n\nまたこの、函館のラッキーピエロに行きたいずら～♪'
ラッキーピエロ,'ラッキーピエロのTシャツイロチ買いした。チキンカレーも。チキンの存在感を忘れる雄大な味でした。（自分へのご褒美） https://t.co/Bc8sFeZLqd'
ラッキーピエロ,'ラッキーピエロのバーガーはバカみたいにデカくて美味いから気をつけろよ！ https://t.co/rhcji1rLsG'
ラッキーピエロ,'はろらっぴ！ラッキーピエロのラッキーくんです。\n恵方巻きです👹👹👹\n#ラッキーピエロ #ラッピ #恵方巻き #節分 \n#函館 #北海道 https://t.co/tdYVIyBGkU'
ラッキーピエロ,'#ラジオスローリー\n「今日のランチ」\n先日、ドライブで函館に行き、GLAYの聖地として有名な「ラッキーピエロ」というお店の「チャイニーズチキンバーガー」を食べました！\n\nバンズの中からチキンが飛び出してしまう程のボニュームでした。… https://t.co/MMy2IL4lNX'
ラッキーピエロ,'@Ylva_FF14 まあそれはそうだけど、観光客向けの店すら利用しないならサイゼ出来たら利用するか？みたいなとこはありそうな気はする(偏見)\nラッキーピエロうまいよね'
ラッキーピエロ,'@Che_shire_ff14 そこに住んでる人間が観光客向けの店を常用するはずがないのだ…函館にも北大のキャンパスとかあるので住んでる人間は多い（ラッキーピエロにやや制圧されてるのはあるが）'
ラッキーピエロ,'@hirofumi7801 ラッキーピエロの方がいいと思うけど？'
ラッキーピエロ,'@p6oiii たしかに、ラッキーピエロに待て待て言ってる感半端ねぇーなぁ'
ラッキーピエロ,'ラッキーピエロはステッカーほしい'
ラッキーピエロ,'ラッキーピエロのスタンプ貯めてもらった令和カップで【ひるげ】👍✨ https://t.co/eNjM2jIGue'
ラッキーピエロ,"""I'm at ラッキーピエロ ベイエリア本店 in 函館市, 北海道 https://t.co/soXesu4oN9"""
ラッキーピエロ,'今でも親交のある大学の先輩が函館に転勤という事で早くもジンギスカン食いに行きたい。ラッキーピエロもパトロールする構えあり。'
ラッキーピエロ,'ラッキーピエロのバターチキンカレーはめっちゃ美味しかったです'
ラッキーピエロ,'@vCR1q2GJdapzDK5 ラッキーピエロ集合な❤️❤️'
ラッキーピエロ,'@ShikakuKaku @odokebako @spellbound5326 @MoCo_Lmtr1962 @1000_38 @Performer_Rua ラッキーピエロのバーガー🍔紹介とか観たい！'
ラッキーピエロ,'今日、1日は、ハッピーデー!!\u3000\nカレールー(2人前) ３０%OFFです。全１７店舗同時企画です。\n#函館\u3000#ラッキーピエロ #カレールー https://t.co/OajQy265Z1'
ラッキーピエロ,'今日は、月曜日のハッピーデー!!\u3000\nラッピ青春GoGoディ\u3000５５歳以上の方全メニュー１０％OFFです。\n#函館\u3000#ラッキーピエロ https://t.co/XPY8T5Q7Fn'
ラッキーピエロ,'ラッキーピエロ都内に出来てくれ🙏'
ラッキーピエロ,'ラッキーピエロのインスタントラーメン(塩)が美味いから是非食って欲しい。'
ラッキーピエロ,'函館のラッキーピエロ一応ラブライブのポスター貼ってあったな'
ラッキーピエロ,'アン\nラッキーピエロ「大凶！！！！！！！！！！！！！！！！！！！！！！！！！！！！！！！！！！！！！！！！」'
ラッキーピエロ,'@Na8c415zeke22 前日にその地域ローカル店で食べ物買っとくんやでw（ラッキーピエロを十勝あたりで食べた男）'
ラッキーピエロ,'@min_wanderer コメントありがとうございます！！\n北海道なのですね！？\nラッキーピエロ…いつか乗り込みたいところです🤡\n激しい戦いになりそうです！'
ラッキーピエロ,'疾走れ！ミライ\u3000MV\nラッキーピエロ\u3000ベイエリア本店\n（函館市末広町）'
ラッキーピエロ,'その点函館は朝6時から温泉銭湯開いてるし、海もあるし山もあるし、古い街並みもあって魚美味しいし、もう最高なんである。ラッキーピエロ あるし。'
ラッキーピエロ,'ラッキーピエロのタンブラーで https://t.co/o8Zh7Q165Z'
ラッキーピエロ,'最近はアルゴナビスというアニメを録画してみている。\n函館の大学生バンドマンという設定だから、親近感が湧く。\nストーリー展開は、んん？と思うところもあるけど、絵がキレイ。\nラッキーピエロ！？セコマ！？赤レンガ！？という感じの描写が多… https://t.co/3OYd1DByqe'
ラッキーピエロ,'ラッキーピエロ、まじで量が多い'
ラッキーピエロ,'@hirocky473 @NAPO7779 @mushumakku @nakamakku @e13BmMNErkGXQIr ヒロくん。\nラッキーピエロ🤡チャイニーズチキン食べたい❣️'
ラッキーピエロ,'ジョナサンとかバーミヤンとかテレビでやられても行ったことないしそもそも店自体が周りに無いし、ラッキーピエロに行くことが夢です'
ラッキーピエロ,'@____k622 ちなちゃん💙\nラッキーピエロだよ🎵\nたくさんメニューあって美味しいし安いし✨\n結構な頻度で食べてるかも🤣\nやっぱ夜はご飯なのよ🤣パンは後からお腹が空いちゃうみたいで💦'
ラッキーピエロ,'ラッキーピエロのガチャ制覇目指します https://t.co/d4bBtGypLY'
ラッキーピエロ,'@chukyokakaricho ラッキーピエロ。チャイニーズチキンバーガー美味しそう🤣'
ラッキーピエロ,'@IriChan21 函館なら、ハセストのやきとり弁当とラッキーピエロのハンバーガーで4日間くらいは過ごせるかと😂\n\nhttps://t.co/pkL0WSlVdF'
ラッキーピエロ,'@chikko_yuki ラッピのが言いやすいから\n良いですね☺️またラッキーピエロ行きたいです。'
ラッキーピエロ,'@chikko_yuki ラッキーピエロはラッピなんですね😃'
ラッキーピエロ,'マヨは、ラッキーピエロのたまごたまごマヨネーズ。\n\n美味しいんだなこれが'
ラッキーピエロ,'@chikko_yuki ラッピとはなんですか？\n僕は函館でラッキーピエロと言うハンバーガー🍔の店行きましたよ❗'
ラッキーピエロ,'@inoarixjump ぐらりちゃん💙\nラッキーピエロだ🍔\n美味しそう🤤\nまだ一回しか食べたことないよー🤤\nぐらりちゃんと私、同じ道産子だけどめっちゃ遠くに住んでるんだなぁって思った💡'
ラッキーピエロ,'@inoarixjump ぐらりちゃん💙\nそうなんだねー😆\nラッピってラッキーピエロ？\n調べちゃった😊\n美味しそうだね〜🎶\nこちらにも出来たら良いのに…(*^^*)\nパンが夜ご飯にはならないみたいだよね〜\n男子は…🤣'
ラッキーピエロ,'聞いた事がある人も多いと思うが函館にあるラッキーピエロというお店のチャイニーズチキンバーガーは絶品だぞ！ボリュームたっぷりのレタスと甘辛い味付けがされた鳥の空揚げがパンと合わさって不味いわけがないだろ!?'
ラッキーピエロ,'ラッキーピエロとハセガワストアが最後の砦か…(´・ω・`) https://t.co/KqBvOqcAG1'
ラッキーピエロ,'いや〜……\n厳しいんだなぁ……\n港ラッキーピエロ1時間位いるけどお客さん全然いない\n\nひとの心配してる場合じゃないかぁ'
ラッキーピエロ,'ラッキーピエロ全17店舗にずらちゃん居るから巡りなさい‼ https://t.co/D1wRiZfWd2'
ラッキーピエロ,"""I'm at ラッキーピエロ 昭和店 - @luckykun0620 in 函館市, 北海道 https://t.co/8GxuareHrQ"""
ラッキーピエロ,"'空腹 (@ ラッキーピエロ 昭和店 in 函館市, 北海道) https://t.co/Y6nopiFWWQ'"
ラッキーピエロ,'【2016年11月】北海道新幹線開業後の現地視察のため、函館へ。\n\n会合後のレセプション終了後、直ぐに会場を抜け出し路面電車と最終間近のロープウェーで函館山へ。\n\n以前来たときは、山頂でカメラのバッテリーが切れ、写真が撮れなかった… https://t.co/zxyo7WeTu3'
ラッキーピエロ,'@CtoA_chiri おおきいおにぎりとフライドチキンセットは無敵✨\n\nおおっ！函館！\nラッキーピエロ…行きたくなった✨'
ラッキーピエロ,'実はこのHakoBAのご近所には、シスコライスの「カリフォルニアベイビー」、チャイニーズチキンバーガーの「ラッキーピエロ」、さらにはやきとり弁当の「ハセガワストア」が並んでおります。ラーメンがご所望なら市電の通りを西へ進むと至高の… https://t.co/I5b2KDc3mF'
ラッキーピエロ,'ラッキーピエロがインスタントラーメン出してる\n(@￣□￣@;)！！\n\nとりあえず味噌買ってみた https://t.co/ltFiucgTtW'
ラッキーピエロ,'強化版モスバーガーのラッキーピエロに行きたいなァ……'
ラッキーピエロ,'ラッピ！\n\n3日間トータル5こチャイチキ食べました🍔💕\nシェイクはあと2フレーバーで制覇だつたのに🥲\n\n#ラッキーピエロ #ラッピ #チャイチキ\u3000#好きすぎるー #野球好きな人と繋がりたい\u3000よおお https://t.co/lNSlNjOXuC'
ラッキーピエロ,'@takakimaxa 冷凍ね☺️\nうちいつも作りすぎても食べきるまで出しちゃうのよ🤣今度冷凍しようかな🎵\n\nたまにテレビで紹介されてるラッキーピエロって名前のハンバーガー屋さんだよ✨ボリュームあっめ美味しいよ😊けどメニューに変化ないからマックの期間限定が食べたくなっちゃうの💕'
ラッキーピエロ,'なんつーか、某函館の某ラッキーピエロの安さ・クオリティ・ボリュームを、多地域の店舗やチェーン店に求めるのが間違いなのかなぁ…\n\nと、毎回思ってるんですよ。'
ラッキーピエロ,'@yyamachu うわぁ、雪景色❄️とってもきれいですね✨\n函館、いいなぁ💕\nラッキーピエロさんも行ってみたいなぁ✨✈️💫'
ラッキーピエロ,'ラッキーピエロのカツ丼とカレーがマジ美味い。買いに行きたいけど雪のせいで腰が重い。'
ラッキーピエロ,'@yyamachu ガッツリと雪が降ってますね！この雪の中を街歩きするのは大変そうですね😱\nラッキーピエロめっちゃ美味しそうです😋🍔函館楽しんでくださいね😊👍👍'
ラッキーピエロ,'ジム前の腹ごしらえ🐣\n函館名物ラッキーピエロのチキンオムライス✨\nラッキーピエロと言えばハンバーガー🍔が有名ですけど、オムライスや焼きそばも美味しいのです😋\nもし機会があれば是非食べてみてください🍽\n※かなりボリュームあるので注意… https://t.co/q97YSlBmSW'
ラッキーピエロ,'@yutox2enjoy ラッキーピエロだよー🤡\n函館のB級グルメ💙のハンバーガー🍔'
ラッキーピエロ,'今日もスタバのサーモンアボカドラップ買えず…\nラッキーピエロきた(笑)'
ラッキーピエロ,'【Vlog】\nラッキーピエロが\n予想の斜め上だった件\nhttps://t.co/bBrzmNVrJJ\n食べなきゃ損かも！\n\n#ラッキーピエロ #函館 #ハンバーガー #北海道 #はせすと'
ラッキーピエロ,'@mil___000 えーーー、ラッキーピエロ'
ラッキーピエロ,'@hidamari0365 🍚『お昼は、ラッキーピエロのチーズカツ丼🎵』 https://t.co/Nl2xBsr2zY'
ラッキーピエロ,'ラッキーピエロさんのツイートに\nまたドキッとした(・。・;\n\nピエロが欲しい🤡\n\nそっか2月か！恵方巻うまそー(#^^#)\n\n#ジャグラーが無い店\n#マルヘリ大街道\n#ブロードウェイ丸之内 https://t.co/Hw6vgbhTFp'
ラッキーピエロ,'@8ol3yF8XzIJitbD ラッキーピエロだ！\nめっちゃ旨いっすよねー。\n函館行ったら絶対食べてます！'
ラッキーピエロ,'疾走れ！ミライ\u3000MV\nラッキーピエロ\u3000ベイエリア本店\n（函館市末広町）'
ラッキーピエロ,'その点函館は朝6時から温泉銭湯開いてるし、海もあるし山もあるし、古い街並みもあって魚美味しいし、もう最高なんである。ラッキーピエロ あるし。'
ラッキーピエロ,'ラッキーピエロのタンブラーで https://t.co/o8Zh7Q165Z'
ラッキーピエロ,'最近はアルゴナビスというアニメを録画してみている。\n函館の大学生バンドマンという設定だから、親近感が湧く。\nストーリー展開は、んん？と思うところもあるけど、絵がキレイ。\nラッキーピエロ！？セコマ！？赤レンガ！？という感じの描写が多… https://t.co/3OYd1DByqe'
ラッキーピエロ,'ラッキーピエロ、まじで量が多い'
ラッキーピエロ,'@hirocky473 @NAPO7779 @mushumakku @nakamakku @e13BmMNErkGXQIr ヒロくん。\nラッキーピエロ🤡チャイニーズチキン食べたい❣️'
ラッキーピエロ,'ジョナサンとかバーミヤンとかテレビでやられても行ったことないしそもそも店自体が周りに無いし、ラッキーピエロに行くことが夢です'
ラッキーピエロ,'@____k622 ちなちゃん💙\nラッキーピエロだよ🎵\nたくさんメニューあって美味しいし安いし✨\n結構な頻度で食べてるかも🤣\nやっぱ夜はご飯なのよ🤣パンは後からお腹が空いちゃうみたいで💦'
ラッキーピエロ,'ラッキーピエロのガチャ制覇目指します https://t.co/d4bBtGypLY'
ラッキーピエロ,'@chukyokakaricho ラッキーピエロ。チャイニーズチキンバーガー美味しそう🤣'
ラッキーピエロ,'@IriChan21 函館なら、ハセストのやきとり弁当とラッキーピエロのハンバーガーで4日間くらいは過ごせるかと😂\n\nhttps://t.co/pkL0WSlVdF'
ラッキーピエロ,'@chikko_yuki ラッピのが言いやすいから\n良いですね☺️またラッキーピエロ行きたいです。'
ラッキーピエロ,'@chikko_yuki ラッキーピエロはラッピなんですね😃'
ラッキーピエロ,'マヨは、ラッキーピエロのたまごたまごマヨネーズ。\n\n美味しいんだなこれが'
ラッキーピエロ,'@chikko_yuki ラッピとはなんですか？\n僕は函館でラッキーピエロと言うハンバーガー🍔の店行きましたよ❗'
ラッキーピエロ,'@inoarixjump ぐらりちゃん💙\nラッキーピエロだ🍔\n美味しそう🤤\nまだ一回しか食べたことないよー🤤\nぐらりちゃんと私、同じ道産子だけどめっちゃ遠くに住んでるんだなぁって思った💡'
ラッキーピエロ,'@inoarixjump ぐらりちゃん💙\nそうなんだねー😆\nラッピってラッキーピエロ？\n調べちゃった😊\n美味しそうだね〜🎶\nこちらにも出来たら良いのに…(*^^*)\nパンが夜ご飯にはならないみたいだよね〜\n男子は…🤣'
ラッキーピエロ,'聞いた事がある人も多いと思うが函館にあるラッキーピエロというお店のチャイニーズチキンバーガーは絶品だぞ！ボリュームたっぷりのレタスと甘辛い味付けがされた鳥の空揚げがパンと合わさって不味いわけがないだろ!?'
ラッキーピエロ,'ラッキーピエロとハセガワストアが最後の砦か…(´・ω・`) https://t.co/KqBvOqcAG1'
ラッキーピエロ,'いや〜……\n厳しいんだなぁ……\n港ラッキーピエロ1時間位いるけどお客さん全然いない\n\nひとの心配してる場合じゃないかぁ'
ラッキーピエロ,'ラッキーピエロ全17店舗にずらちゃん居るから巡りなさい‼ https://t.co/D1wRiZfWd2'
ラッキーピエロ,"""I'm at ラッキーピエロ 昭和店 - @luckykun0620 in 函館市, 北海道 https://t.co/8GxuareHrQ"""
ラッキーピエロ,"'空腹 (@ ラッキーピエロ 昭和店 in 函館市, 北海道) https://t.co/Y6nopiFWWQ'"
ラッキーピエロ,'【2016年11月】北海道新幹線開業後の現地視察のため、函館へ。\n\n会合後のレセプション終了後、直ぐに会場を抜け出し路面電車と最終間近のロープウェーで函館山へ。\n\n以前来たときは、山頂でカメラのバッテリーが切れ、写真が撮れなかった… https://t.co/zxyo7WeTu3'
ラッキーピエロ,'@CtoA_chiri おおきいおにぎりとフライドチキンセットは無敵✨\n\nおおっ！函館！\nラッキーピエロ…行きたくなった✨'
ラッキーピエロ,'実はこのHakoBAのご近所には、シスコライスの「カリフォルニアベイビー」、チャイニーズチキンバーガーの「ラッキーピエロ」、さらにはやきとり弁当の「ハセガワストア」が並んでおります。ラーメンがご所望なら市電の通りを西へ進むと至高の… https://t.co/I5b2KDc3mF'
ラッキーピエロ,'ラッキーピエロがインスタントラーメン出してる\n(@￣□￣@;)！！\n\nとりあえず味噌買ってみた https://t.co/ltFiucgTtW'
ラッキーピエロ,'強化版モスバーガーのラッキーピエロに行きたいなァ……'
ラッキーピエロ,'ラッピ！\n\n3日間トータル5こチャイチキ食べました🍔💕\nシェイクはあと2フレーバーで制覇だつたのに🥲\n\n#ラッキーピエロ #ラッピ #チャイチキ\u3000#好きすぎるー #野球好きな人と繋がりたい\u3000よおお https://t.co/lNSlNjOXuC'
ラッキーピエロ,'@takakimaxa 冷凍ね☺️\nうちいつも作りすぎても食べきるまで出しちゃうのよ🤣今度冷凍しようかな🎵\n\nたまにテレビで紹介されてるラッキーピエロって名前のハンバーガー屋さんだよ✨ボリュームあっめ美味しいよ😊けどメニューに変化ないからマックの期間限定が食べたくなっちゃうの💕'
ラッキーピエロ,'なんつーか、某函館の某ラッキーピエロの安さ・クオリティ・ボリュームを、多地域の店舗やチェーン店に求めるのが間違いなのかなぁ…\n\nと、毎回思ってるんですよ。'
ラッキーピエロ,'@yyamachu うわぁ、雪景色❄️とってもきれいですね✨\n函館、いいなぁ💕\nラッキーピエロさんも行ってみたいなぁ✨✈️💫'
ラッキーピエロ,'ラッキーピエロのカツ丼とカレーがマジ美味い。買いに行きたいけど雪のせいで腰が重い。'
ラッキーピエロ,'@yyamachu ガッツリと雪が降ってますね！この雪の中を街歩きするのは大変そうですね😱\nラッキーピエロめっちゃ美味しそうです😋🍔函館楽しんでくださいね😊👍👍'
ラッキーピエロ,'ジム前の腹ごしらえ🐣\n函館名物ラッキーピエロのチキンオムライス✨\nラッキーピエロと言えばハンバーガー🍔が有名ですけど、オムライスや焼きそばも美味しいのです😋\nもし機会があれば是非食べてみてください🍽\n※かなりボリュームあるので注意… https://t.co/q97YSlBmSW'
ラッキーピエロ,'@yutox2enjoy ラッキーピエロだよー🤡\n函館のB級グルメ💙のハンバーガー🍔'
ラッキーピエロ,'今日もスタバのサーモンアボカドラップ買えず…\nラッキーピエロきた(笑)'
ラッキーピエロ,'【Vlog】\nラッキーピエロが\n予想の斜め上だった件\nhttps://t.co/bBrzmNVrJJ\n食べなきゃ損かも！\n\n#ラッキーピエロ #函館 #ハンバーガー #北海道 #はせすと'
ラッキーピエロ,'@mil___000 えーーー、ラッキーピエロ'
ラッキーピエロ,'@hidamari0365 🍚『お昼は、ラッキーピエロのチーズカツ丼🎵』 https://t.co/Nl2xBsr2zY'
ラッキーピエロ,'ラッキーピエロさんのツイートに\nまたドキッとした(・。・;\n\nピエロが欲しい🤡\n\nそっか2月か！恵方巻うまそー(#^^#)\n\n#ジャグラーが無い店\n#マルヘリ大街道\n#ブロードウェイ丸之内 https://t.co/Hw6vgbhTFp'
ラッキーピエロ,'@8ol3yF8XzIJitbD ラッキーピエロだ！\nめっちゃ旨いっすよねー。\n函館行ったら絶対食べてます！'
ラッキーピエロ,'今日のお昼は～❗️\nラッキーピエロ～⤴️\n#お昼ご飯\n#オムライス https://t.co/xVQ7H7X1u4'
ラッキーピエロ,'腹減ったらラッキーピエロと函太郎しか食べてない https://t.co/kBRNqwh8L2'
ラッキーピエロ,"'ボドゲ会の昼飯休憩でラッピ黄色い枕･････ｹﾞﾌﾝｹﾞﾌﾝ･････オムライス〜いただきます（*´▽｀*） (@ ラッキーピエロ 函館駅前店 in 函館市, 北海道) https://t.co/ePFnlGniYD https://t.co/FqvDTxo8Pc'"
ラッキーピエロ,'@Destino_kanan 🍚『今日のお昼は、ラッキーピエロのチーズカツ丼🎵』\n🍚『美味しそうです🎵』 https://t.co/tZP6h4Tetc'
ラッキーピエロ,'@43shizuku417you 🍚『今日のお昼は、ラッキーピエロのチーズカツ丼🎵』\n🍚『美味しそうです🎵』 https://t.co/ZTx1fedee1'
ラッキーピエロ,'@WarriorDeadHead 今更ながら、シトロンは自販機でこっちでも見かけましたが、瓶入りだったのは初めて知りました!\n北海道に行ったらジンギスカン、ラッキーピエロ、息抜きにセーコマでプラン組めます笑'
ラッキーピエロ,'@mental_pokelive 🍚『お昼は、ラッキーピエロのチーズカツ丼🎵』\n🍚『美味しそうです🎵』 https://t.co/tXWHfUvQf8'
ラッキーピエロ,"""I'm at ラッキーピエロ 人見店 - @luckykun0620 in 函館市, 北海道 https://t.co/jONU9Os5tG"""
ラッキーピエロ,'🍚『お昼は、ラッキーピエロのチーズカツ丼🎵』\n🍚『美味しそうです🎵』\n#花陽のごはん屋さん巡り https://t.co/hN5M0hg7Xb'
ラッキーピエロ,"""I'm at ラッキーピエロ 港北大前店 in 函館市, 北海道 https://t.co/2DFPXaDnuI"""
ラッキーピエロ,'約3年前の動画だけど…part3まで一気に観ました！いとまささんもひゅーすけさんも眩しい！感動したな…ラッキーピエロの外観も初めて観ました🤡内装も可愛いね✨\n\n『歩いてアルゴナビス！＜函館編part1＞』ARGONAVIS fro… https://t.co/udKgG44YxE'
ラッキーピエロ,'✨今年食べたいもの✨\n\n・ラッキーピエロのシェイク\n・道南のスルメの塩辛\n・函館のイカ\n・江差のニシン蕎麦\n・はっぴーディアーズのお菓子\n・黒松内の道の駅のピザとベーグル\n・八雲のピザ\n・ニセコの道の駅の野菜\n・ニセコのプラティー… https://t.co/EsHsSNeHDi'
ラッキーピエロ,'人生初、ラッキーピエロにて🍔 https://t.co/p7Zuswnwx6'
ラッキーピエロ,'@Kunitomo893 ラッキーピエロとかインデアンカレーとか、北海道は独自色が強いです！'
ラッキーピエロ,"""ROYCE'もLeTAOも六花亭も好きだし、なぜ東京にラッキーピエロとセイコーマートがないのかと思うくらい好きだし、TEAM NACSも好きで酷い鬱が治ったのは病院でも投薬でもなく水曜どうでしょうだったから私は北海道に向いてる。しかし極度の寒がり。これは致命的。"""
ラッキーピエロ,'やきそば弁当とやきとり弁当とラッキーピエロをよろしくお願いします'
ラッキーピエロ,'@YMM10969OOR 母方の実家無くなってしまってね…帰る理由がライブしかない…\nけーすけくんは関東勢よ！\nそうなんか！ラッキーピエロに行ったのも7年近く前やからな…(꒪꒫꒪ )'
ラッキーピエロ,'沖縄のエンダーと函館のラッキーピエロは地元にあってこそ…なんだとは思うので本州に来てくれとはいえないがカジュアルに食べに行きたい…'
ラッキーピエロ,'@yonaguni_color そでしたか！前も聞いてたらごめんなさい🙏ラッキーピエロ！！\n真夜中に沖縄熱、与那国熱、再来、、😩'
ラッキーピエロ,'恵方巻き食べる習慣ないから今まで食べた事ないけど…スタンダードな海鮮のやつよりも、ラッキーピエロのチャイチキと卵焼きのやつには憧れてる🤡ただ節分に函館にいないと食べられない😂'
ラッキーピエロ,'@mesirupedo ラッキーピエロ'
ラッキーピエロ,'テレビつけたら明らかに函館舞台っぽいアニメやってた。ラッキーピエロの末広店出てた'
ラッキーピエロ,'ラッキーピエロ行きたいよう ただベイエリア本店はめちゃくちゃ人いるから行けない'
ラッキーピエロ,'@fruit_Jun ラッキーピエロも行ったことないのよねぇ…😌行ってみたいなぁ(道民のくせに←)\nオルゴール堂も行ったことないから行ってみたい😂今の年齢で行っても絶対楽しめると思うし☺️\n(最高ですね👏🏻👏🏻)\n\n見たかった…絶… https://t.co/NOBjDATYwQ'
ラッキーピエロ,'ラッキーピエロだwww\n\n#アルゴナビス'
ラッキーピエロ,'@YMM10969OOR あるあるー！\nラッキーピエロで5段バーガー食べた(*´꒳`*)✌︎'
ラッキーピエロ,'@seilaayakura1 ラッキーピエロじゃだめなのかい？'
ラッキーピエロ,'@chocotapi__517 それまでになんとか痩せとくわ、、😂✨笑\n推しと見れる函館の夜景とか、、やば🥺💓 ラッキーピエロいって佐久間にチャイニーズチキンバーガー頬張らせたい、、（笑）湯の川温泉いいね！🤤'
ラッキーピエロ,'絶対美味いやつじゃん！！！！🥺🙏\n近くにいたら絶対買いに行ってたー…🤤🥺❤️🙏🙏🙏🙏\n\nはろラッピ！\n今日も仕事にラッキーピエロのTシャツ着ていったよ🥰🙌 https://t.co/VzAtw9VR56'
ラッキーピエロ,'@kumayu_com あ、ラッキーピエロは函館の美味しいハンバーガー屋さん🍔ですがその話ではないですね。\nほんと、フィードバックは宝です。'
ラッキーピエロ,'@Keep_Only_MyOwn ダメ出しをしてくれる人、ホントに大事にしていき、且つ謙虚さを忘れずに生きないとラッキーピエロになっちゃいますね😛気をつけないと🤔'
ラッキーピエロ,'函館といったらラッキーピエロ\nチャイニーズチキンバーガーを食す\n相変わらずうまい https://t.co/5h1Dr15YoR'
ラッキーピエロ,'はろラッピ！ラッキーピエロのラッキーくんです。\n2月1.2.3日は恵方巻きだよー👹👹👹\n1年に3日間だけつくります。\nチャイニーズチキン恵方巻き450円\nエビマヨ恵方巻き490円\n節分に丸かぶりしよう！\n#ラッキーピエロ #ラッピ… https://t.co/mxV7ldVyul'
ラッキーピエロ,"'函館来たので (@ ラッキーピエロ 函館駅前店 in 函館市, 北海道) https://t.co/dI5ue2FSln'"
ラッキーピエロ,'お客様から差し入れ\nご馳走様です！\n今日もいっぱい焼けて幸せでした\n明日も11:30〜焼きです\n宜しくおねがいします！\n#たこ焼き #たこ壺 #函館 #ラッピ #ラッキーピエロ https://t.co/ewUW7c0Hbj'
ラッキーピエロ,'函館UCの時にラッキーピエロ行こうとしたけどオタクでクソ混んでて諦めた'
ラッキーピエロ,'ラッキーピエロだ #Argonavis'
ラッキーピエロ,'ラッキーピエロかな？ #Argonavis'
ラッキーピエロ,'@ancoromochi1211 ◆こ これは！\n\u3000ホッカイドウにしかないと いわれる\n\u3000ラッキーピエロ！！！'
ラッキーピエロ,'ようやく晩ご飯！腹減った！\n函館に来たらラッキーピエロ食べないとね！(*´﹃｀*) https://t.co/nOEdTIpWLJ'
ラッキーピエロ,'@Cosmic_Pickles_ 暖かくなったら、行こうかと！😊\n函館は行った事あるけど、ラッキーピエロはまだ無いから！w'
ラッキーピエロ,'函館へ移動\nラッキーピエロに寄りたい…間に合うかな？'
ラッキーピエロ,"""I'm at ラッキーピエロ ベイエリア本店 in 函館市, 北海道 https://t.co/eutr6jGgQJ"""
ラッキーピエロ,'@sakamotti_saka なるほど！！\nラッキーピエロ、ボリューム凄くて美味しいよ🥰'
ラッキーピエロ,'13.ラッキーピエロのオムライス。'
ラッキーピエロ,'@yoshikimama1 ラッキーピエロは無性に食べたくなる時があります(｡`･ω･｡)ﾉｼ\n光らないと憎たらしく思えて来ますもんね😫'
ラッキーピエロ,'まじのラッキーピエロあるんだが！！！！！\n#ダブエス https://t.co/AQWfDGMVu4'
ラッキーピエロ,'@Joyfull_cat ラッキーピエロもボリュームありました😅\n帰りはしっかりLeTAO買って帰りましたよ🥰\n一泊二日はちょっと大変でしたけど、コロナ落ち着いたらまた行きます( ≧∀≦)ノ'
ラッキーピエロ,'@jbmomo ラッキーピエロ‼️\n私は逆にまだ行ったことなくて、\nうらやましいーー😃\nラーメン・・急に食べたくなりました(笑)\nお疲れさまでーす😃'
ラッキーピエロ,'【Vlog】\nラッキーピエロが\n予想の斜め上だった件\nhttps://t.co/bBrzmNVrJJ\n食べなきゃ損かも！\n\n#ラッキーピエロ #函館 #ハンバーガー #北海道 #はせすと'
ラッキーピエロ,'@Joyfull_cat 前回、函館に行ったときに\n活イカやラッキーピエロとか、ぐるぐる食べ歩き\nあじさいはギブアップで行けなくて、心残りだったんです😅\nやっとこさ食べられました🥰🎶'
ラッキーピエロ,'@fruit_Jun あまりハズレのお店ないかも…🤔\n\n小樽と函館は中学の修学旅行で私も行った笑笑\nオルゴール堂いいな〜✨\nラッキーピエロかな…？？ハンバーガーのお店だった気が…🤔\n夜景私も見たかったなぁ…(修学旅行初日で熱出して見れなかったやつ←)\n\nなのかな？？笑笑'
ラッキーピエロ,'ラッキーピエロの生ベーコンエッグバーガー美味すぎて3秒で消えた'
ラッキーピエロ,"""I'm at ラッキーピエロ マリーナ末広店 in 函館市, 北海道 https://t.co/XGTaAnW5zJ"""
ラッキーピエロ,'☆GLAY行きつけ☆♪\nラッキーピエロ ベイエリア本店\n【ハンバーガー/北海道函館市】\n\n全国ご当地バーガーの1位に輝いたハンバーガー店。通称「ラッピ」\n函館のライブのときのスタッフの弁当になるんだとか。\n気になりますね～♪ https://t.co/fTh5d8w93B'
ラッキーピエロ,'みんなからの匿名質問を募集中！\n\nこんな質問に答えてるよ\n● 無断転載されてました\n堀尾将希…\n● 北海道にあるラッキーピエロって…\n● 山崎さんはぬいぐるみとか縫う事…\n● 山崎さんこんにちは！山崎さんの…\n#質問箱… https://t.co/sT7srv9ODB'
ラッキーピエロ,'ラッキーピエロ行ってみたいし久しぶりにさわやか行きたい'
ラッキーピエロ,'@mami_tuchino ラッキーピエロの方がいいと思うけど？'
ラッキーピエロ,'ラッキーピエロ、迫真の7連勝\nお疲れ様でした https://t.co/5zudfufsBP'
ラッキーピエロ,'そして、きました\n#ラッキーピエロ\nチャイニーズチキンバーガー美味しい😆 https://t.co/o5fOyTnkX1'
ラッキーピエロ,'今日の晩ごはんはエビフライにしようかな??\n子供の時から1番好きな食べ物はエビです🦐\n刺身、お寿司、天ぷら、フライ…\nエビが入った料理は何でも好きです❤👌\nラッキーピエロのハンバーガーも1番好きなのはエビチリバーガーです💕🤣 https://t.co/ww4kloPk7I'
ラッキーピエロ,'ターメリック不足ライス😫\nラッキーピエロのレトルトキーマカレー。\n塩辛いかな🤔 https://t.co/50o2ukEA1B'
ラッキーピエロ,"""I'm at ラッキーピエロ 峠下総本店 - @luckykun0620 in 七飯町, 北海道 https://t.co/Ujh6mSpxqR"""
ラッキーピエロ,'ラッキーピエロ来たよー https://t.co/vQPCC1ljkP'
ラッキーピエロ,'@giara_usi4 ラッキーピエロ食べたい😊💕💕💕\nジャグラーのピエロより可愛いよ🤣\nジャグラーのピエロは憎たらしいもん光らないから🤣🤣'
ラッキーピエロ,'@haruring_72 ラッキーピエロとやきとり弁当！（食べたことないですけど'
ラッキーピエロ,'最近 函館名物のラッキーピエロの看板を見るとジャグラーのピエロに見えるのですが…どう思います？？？ https://t.co/DnEntsrpTx'
ラッキーピエロ,'函館にあるラッキーピエロと言うご当地バーガー屋さんの一番人気「チャイニーズチキンバーガー」がまさに甘辛いタレの唐揚げ。最初食べたときは「甘い」唐揚げに違和感だったが食ってるうちに癖になる味\nこのままでも美味そうだがマヨかければ禁断… https://t.co/XbTYjdnT83'
ラッキーピエロ,'おはようございま～す😆\n\n土曜日ですな…\nファーストフード部門では\nモスバーガーが好きです🍔\n\nでもマクドもフレッシュネスも\n良いな～\n\nあと死ぬまでにラッキーピエロ\nで食べたいです😁\n\n以上どうでも良い事でした 笑\n\nでは今日も… https://t.co/h8iR0jNMPq'
ラッキーピエロ,'北海道函館にあるGLAYのJIROゆかりの聖地スポット\n\n18番目のお店のラッキーピエロ大谷高校内食堂は和山義仁との交流の中で生まれ、王一郎社長（現会長）が学校からのオファーを受けた理由とは？\n\n#ラッピ #JIRO #GLAY\n\nhttps://t.co/2wrTpcCHDU'
ラッキーピエロ,'@EARL_N 落ち着いたら色々いきたいところよのう。函館（ラッキーピエロ）はいきたいから一泊はする金と心の余裕をもっていこう。'
ラッキーピエロ,'@Zig_300c ラッキーピエロ🤡？\nなら北海道行った時に寄ってみよ～ちょっと気になる((((((っ´･ω･`)っ🍔'
ラッキーピエロ,'聖雪さんのおかげで函館行けたの、ホンマ楽しかった。\n\nこの間ラッキーピエロの夢を見たのだが()'
ラッキーピエロ,'ラッキーピエロ食べたい'
ラッキーピエロ,'@sakamotti_saka ラッキーピエロは有名かも！笑'
ラッキーピエロ,'風速18メートル\n暴風雪警報\nラッキーピエロ江差入口前店\nトンカツ焼きそば\n\nわず https://t.co/4617eByHvv'
ラッキーピエロ,'1位.北海道\n  ご飯も美味しいし、九州育ちやと雪があんなに積もっとるの見ることあんま無いし、寒い中はいる温泉気持ちいいし、街綺麗やったし。中でも五稜郭の近くのラッキーピエロっていうハンバーガー屋がめ…\n\n続きは質問箱へ… https://t.co/tzHSHlAR8v'
ラッキーピエロ,'@53341711055569_ 門司港レトロいいですよね👍下関によくライブに伺う機会があったので、朝散歩に出かけては連絡船で門司に渡って散策したりしてました。再開したラッキーピエロのような『ファンキータイガー』に行ってみたいです☺️'
ラッキーピエロ,'北海道といったら…ラッキーピエロ…'
ラッキーピエロ,'@Nopirenge くらえラッキーピエロのハンバーガー！ https://t.co/PjOpHGIL6D'
ラッキーピエロ,'美味しいです！！\nラッキーピエロ最高すぎる。 https://t.co/oNv69gHYwr'
ラッキーピエロ,'どしよ！？ずっと道に住んどるのに、ラッキーピエロに行ったことがないのだが！！？\n行きたいーー！！！ヽ(￣▽￣)ノ'
ラッキーピエロ,'鹿児島で聞いた北海道のラッキーピエロ行きたかった\nまた行こうかなあ電車で'
ラッキーピエロ,'ラッキーピエロ函館駅前店に写真を投稿しましたhttps://t.co/u3ALLxslDN'
ラッキーピエロ,'ラッキーピエロステイホームセット\nよろしくです！\n送ってあげませんか？\n\nhttps://t.co/pUHiGCL8QI\n\n北海道新聞みなみ風より\n\n#ラッキーピエロ #ラッピ #北海道 #函館 #ステイホーム https://t.co/y6vyU2z7YG'
ラッキーピエロ,'嵐で飛行機✈️が飛ばず、今週も帰れない😢\nラッキーピエロ🤡のハンバーグ、これぞ三満☝️安い、多い、旨い😋\n満腹満足🍴🈵😆 チーズサイコー‼️ https://t.co/ntm7p0dcDL'
ラッキーピエロ,'#見た人も何か無言で北海道あげる\n\nラッキーピエロと函館のもちっこ(*´ ꒳ `*)\n\n早くまた、函館に行きたいなぁ😆💕\n\n#北海道\n#函館\n#ラッキーピエロ\n#GLAY https://t.co/hJy7zGW1D4'
ラッキーピエロ,'奥のはチャイニーズチキンバーガー\n手前のはスノウバーガーです\nラッキーピエロ行きてー'
ラッキーピエロ,'ラッキーピエロで暴飲暴食したの思い出して辛い'
ラッキーピエロ,'@JackDaniel0414 マジか！いいなー！\nラッキーピエロ行きたい！'
ラッキーピエロ,'@Tsubasa_xxx7 ラッキーピエロみたことあるわ…🙄\nすっごい看板！笑。ってなったの覚えてる🤣\nまた北海道行きたいわぁ😳'
ラッキーピエロ,'@miko87miko いいね！函館と小樽は観光地だもんね😉\nラッキーピエロはハンバーガー屋+ケーキとかもあるお店だよ〜！'
ラッキーピエロ,'@Tsubasa_xxx7 2回いってて函館と札幌&amp;小樽に！え…チョット待って…なにそれ🤤\nラッキーピエロ…聞き覚えが…'
ラッキーピエロ,'@miko87miko おぉ、北海道来たことあったんだね☺️✨\nもちろん、ラッキーピエロとやきとり弁当は食べたよね🥺？笑'
ラッキーピエロ,'まんまとホイホイされた。\nこんなの売ってるとは…。\n不意打ちだった。\nラッキーピエロのカレー！😍✨ https://t.co/B2Pg4jIwPb'
ラッキーピエロ,'@xY8SI65Odg1Ma34 ばばちゃんさん♪今日もお疲れ様でした😊\nラッキーピエロ知らなくて調べてみました🙆\u200d♀\n暖かくしてゆっくりお過ごしください💕'
ラッキーピエロ,'【行きたいお店(No.011)】\n函館ハンバーガー  ラッキーピエロ（北海道函館市）※函館地域限定出店のハンバーガーチェーン店。 https://t.co/NTolhJfUGI #カブの旅'
ラッキーピエロ,'@ritumo0807 ラッキーピエロのオムライス🤡思い出しました🤗🤗チョー美味しそう🥰🥰'
ラッキーピエロ,'ラッキーピエロの美味しさは\nブラック企業体質で成り立ってます（本当）'
ラッキーピエロ,'@kak_owe ラッキーピエロの方がいいと思うけど？'
ラッキーピエロ,'ラッキーピエロとイカ踊りだな https://t.co/tFHcCQZJp4'
ラッキーピエロ,'@MY0ZgJ8xJWYsNaS そうなんですか。\nそうそう、スーパーハセガワです。\n千代台はオオクワショップ函館に行きました。🤗\nラッキーピエロのカレー好きです。🤤'
ラッキーピエロ,"'@Yuu_aj ゆうみん、可愛いです〜。\n今日は、私が今居る場所の寒さが伝わる写真を送っても誰得となるので、過去に行った写真でも送ります。\nこれは、北海道・函館市のものです。\n（ハンバーガーは函館しか店がない""ラッキーピエロ""です… https://t.co/32Fys2Wacx'"
ラッキーピエロ,'@gonnosukeya 私は実家が千代台ですよ🤭\nヤキトリ弁当はハセガワストアですね😉ラッキーピエロ共に函館の名物になりました😁私もたまに買います🤗'
ラッキーピエロ,'・函館のラッキーピエロのチャイニーズチキンカレー\n・札幌市東区カレーの店テラスのカレー\n・松山市の清まるのカツカレー\n・横須賀海軍カレー本舗の海軍カレー\nどれも個性あってウマー\n#見た人も何か無言でカレーをあげる https://t.co/4IdZnktNgp'
ラッキーピエロ,'@knock00boots あ、ラッキーピエロもいいですね🍔\n今回、肉メシだったので何となくパンより米のイメージが🤭\n函館お詳しいですか⁉️\nラーメンならマメさん好きです🍜\n肉メシから離れました🙏'
ラッキーピエロ,'ラッキーピエロ(函館)は美味いぞ'
ラッキーピエロ,'#見た人も何か無言で北海道あげる\nラッキーピエロのガラナ https://t.co/5dERfN0vtj'
ラッキーピエロ,'まぁ仕事してるししゃーないね。\nphantom Irisじゃないしw\nでもアルゴは同じ道産子なんだよなぁ……\nラッキーピエロ食べたいwww\n#アルゴナビス https://t.co/x5LamvYsvc'
ラッキーピエロ,'無事ラッキーピエロのハンバーガーを食べることが出来たらトプ画を行きつけのラーメン屋の味噌ラーメンにして、空腹負の連鎖を続けよう'
ラッキーピエロ,'ラッキーピエロのハンバーガー食べた過ぎてマジで泣きそう'
ラッキーピエロ,'@kassaigou ラッキーピエロの方がいいと思うけど？'
ラッキーピエロ,'@cgrio0822 ってか今気づきましたが函館‼️\nラッキーピエロのところですね🤡'
ラッキーピエロ,'ラッキーピエロのレトルトカレーが売っていたので。\n甘いバターチキンカレー😋\nたまには甘いカレーも👍 https://t.co/KNVbv4kMzT'
ラッキーピエロ,'ラッキーピエロと塩ラーメンたべに函館行きたい。( ˘•ω•˘ )\n来年の目標は函館に行くことにしようかな。'
ラッキーピエロ,'@moshiyosh1969 ヨシコさん、お疲れ様です☺️\n北海道な函館のラッキーピエロとイクラかけ放題バイキングとかも行きたいですね🤣\n食べたいもの有りすぎていくらでも太ってこれそうです🦀🐏🐮🍮🍛🐟🦪'
ラッキーピエロ,'聞いた事がある人も多いと思うが函館にあるラッキーピエロというお店のチャイニーズチキンバーガーは絶品だぞ！ボリュームたっぷりのレタスと甘辛い味付けがされた鳥の空揚げがパンと合わさって不味いわけがないだろ!?'
ラッキーピエロ,'@wafflel0ver ラッキーピエロのパイうまい🍽'
ラッキーピエロ,'さて、ラッキーピエロがどういうことしてくるかな。\n8%にしたときの便乗値上げ忘れてねーからな。\n\n「総額表示」義務化が復活 https://t.co/GKwRQLPHC0'
ラッキーピエロ,'ラッキーピエロが東京進出したら、東京からマックは消えると思う。'
ラッキーピエロ,'@30nofulife あーりんにお勧めのチャイニーズチキン（唐揚げ）バーガーだけでなく、こってりメニューが豊富です😋\n#ラッキーピエロ\n#あーりん https://t.co/k9CyMOnYoK'
ラッキーピエロ,'モカが推し\nラッキーピエロ美味しいよ'
ラッキーピエロ,'@soutyorima 竜の女王上よりも性能が良さそうな感じですね☺️\n\nステップ2くらいまでに出てくれたらラッキーピエロかもてすね🤗'
ラッキーピエロ,'ラッキーピエロ食って即死するか'
ラッキーピエロ,'函館お土産でいただいたカレー\n\n#ラッキーピエロ #ラッピ https://t.co/cxJk6tA29W'
ラッキーピエロ,'コロナが落ち着いてくれたらねぇ、かにめし買って、昆布醤油買って、にごり湯♨️に入って、ラッキーピエロには行かず、ハセストの焼き鳥弁当🍱食べて、夜景見て帰ってくるんですけどね〜😅💦\n出張で何週間も朝市付近に連泊してたのに、朝市にも行かず…😅💦'
ラッキーピエロ,'@elc024 なんか聞き覚えのあるワード笑笑\n\n吹雪は嫌いです😭😭😭\n雪かきダイエットします🤣🤣\n\n函館のイカ飯🦑美味しいですよね〜💖\nラッキーピエロも💖'
ラッキーピエロ,'RSR中止決定の夜\n#ラッキーピエロ https://t.co/aBCWfxG2X3'
ラッキーピエロ,'【Vlog】\nラッキーピエロが\n予想の斜め上だった件\nhttps://t.co/bBrzmNVrJJ\n食べなきゃ損かも！\n\n#ラッキーピエロ #函館 #ハンバーガー #北海道 #はせすと'
ラッキーピエロ,'TLにラッキーピエロの画像流れてきて流石に帰省したくなった'
ラッキーピエロ,'函館に来たらラッキーピエロへ行こう！\nハンバーガーやカレーはもちろんだけどシェイクも美味いぞ！ https://t.co/Jd0H9xkHXr'
ラッキーピエロ,'ラッキーピエロのポテトまた食いてぇな……'
ラッキーピエロ,'@i_hohho え？ラッキーピエロちゃうんか！'
ラッキーピエロ,'2月は北海道に行けるかな～～\nジンギスカンに、ウニ、ラッキーピエロとサッポロクラシックを道内巡って満喫したい！'
ラッキーピエロ,'早く落ち着いてまた函館のラッキーピエロに行きたい…\n去年の夏に行って独特の味に感動したのでね🍔\n我慢をした分、またあの味に再会できた時には大きな喜びを噛み締める事が出来るのでしょう…！ https://t.co/D8Okt3EWke'
ラッキーピエロ,'@aki_mmmR1000 ラッキーピエロ食いに来てくだせぇ！'
ラッキーピエロ,'@919HAMBURG ラッキーピエロ🤡\n\nハミデ・919バーガー🍔もあげてよ😵笑'
ラッキーピエロ,'@JHcd1B8EZJhHcgR やきとり弁当とセイコーマートとラッキーピエロも強すぎる！\nサッポロクラシックビールも！！'
ラッキーピエロ,'ラッキーピエロやんwww https://t.co/j6Cm2dBosO'
ラッキーピエロ,'@abysspon 調べてみたら、函館札幌間は2030年末に開業予定でまだやってないっぽかった、、😂😂💦せっかく教えてくれたのにごめん💦💦\nラッキーピエロは聖地だからいくよてい！！！'
ラッキーピエロ,'@kmsn1114 うん、新函館北斗駅までいって、そのあとはレンタカーとか借りて移動すると良いよー！函館行ったらラッキーピエロ寄ってみて！！おすすめ！'
ラッキーピエロ,'@madan_smiling ラッキーピエロなんて知らぬ。笑'
ラッキーピエロ,'ねえ！！小学生の修学旅行、ここでラッキーピエロのハンバーガー班の人たちと食べたんだけど！！！\n何気に聖地行ってたわ！！！！！ https://t.co/vcjeA4bePq'
ラッキーピエロ,'また函館行ってラッキーピエロ食べなきゃ(使命感)'
ラッキーピエロ,'@panda___n_n あ。解説も？追加しておきます。\n①シスコライス、GLAYで有名なカリフォルニアベイビー\n②道南でハンバーグといえば？ケルン\n③どこだろう…？海鮮丼\n④THE HAKODATE ラッキーピエロ'
ラッキーピエロ,'ちなみにラッキーピエロをラッピと略す人とは距離を感じる。'
ラッキーピエロ,'まだ見ぬ(見はしたんですが)セコマとラッキーピエロ…いつか行く………'
ラッキーピエロ,'@i_hohho 行ったこと無かったわ…てか一番美味いのフレッシュネスじゃないわ。ラッキーピエロだわ'
ラッキーピエロ,'ラッキーピエロ'
ラッキーピエロ,'@2020_ao_ そうでしたか〜！私の家はお漬物結構食べるのでうっかりしてしまいました☺️\nラッキーピエロ美味しいですよね…！！世の中落ち着いたらぜひいらしてくださいませ〜🌸🌸🌸'
ラッキーピエロ,'@miyako429765 塩蔵、塩漬けのことなんですかー！私があまり漬物自体食べないので知らないだけだと思われます。変換で出るくらいなんで共通語だ…てっきり塩の蔵があるのかと勘違い（汗）\nラッキーピエロ、一回食べました！旨かった😆絶対またいつか行きたい！'
ラッキーピエロ,'@chikakotori214 ラッキーピエロ マリーナ末広店\n〒040-0053 北海道函館市末広町１４−１７\n0138-27-5000\nhttps://t.co/CDL39KvZqj'
ラッキーピエロ,"'晩飯、テイクアウト (@ ラッキーピエロ 松陰店 - @luckykun0620 in 函館市, 北海道) https://t.co/LyiYCcAI7D'"
ラッキーピエロ,'@pila_8484 ラッキーピエロ行きたい！'
ラッキーピエロ,'@pila_8484 ラッキーピエロ！(笑)'
ラッキーピエロ,'油ノリノリ～♪🥰\nフライパン28cmだよー(≧∇≦*)\nめちゃくちゃ大きくて美味しい鮭💕\n\nと…思ってたら…\nなんと！北海道で有名なラッキーピエロのハンバーガーお土産に頂きました(≧∇≦*)\n地味にわたし人生お初です(๑&gt;ᴗ&lt;๑)… https://t.co/JqELFeeCjj'
ラッキーピエロ,'みんなからの匿名質問を募集中！\n\nこんな質問に答えてるよ\n● 無断転載されてました\n堀尾将希…\n● 北海道にあるラッキーピエロって…\n● 山崎さんはぬいぐるみとか縫う事…\n● 山崎さんこんにちは！山崎さんの…\n#質問箱… https://t.co/h5c9WkqwRq'
ラッキーピエロ,'@JUNKMAN5555 日本一周いってらっしゃい\n\nこのゲームでラッキーピエロやら甲賀焼きなんてのを知った記憶'
ラッキーピエロ,'@pila_8484 なぬ！\nラッキーピエロ食べるのね…'
ラッキーピエロ,'権利表記ってなにかなーって見てみたらリアルの会社名が並んでて、ラッキーピエロが実在していることを知った。'
ラッキーピエロ,'@IorinYagami @tenguman_2 @q2KxPgW6EANAvQQ で、ラッキーピエロってなんだい？？(・A・)'
ラッキーピエロ,'ラッキーピエロでチャイニーズチキンバーガーを食べたい'
ラッキーピエロ,'@bycFBPKaI1F8KAT もちろん美味しかったよ‼️また食べたいなぁ🥰\nあと、ラッキーピエロというハンバーガー屋さんにも行ったなぁ🍔GLAYの写真が飾ってあったよ😉💕'
ラッキーピエロ,'今日から2連休という訳で胃の調子もよくなった気がしたので、スタバの限定フラペチーノを飲んで、ラッピでごはん食べた。\n食べ過ぎでお腹こわした(-_- )\n\n#スタバ\u3000#ラッキーピエロ\u3000\u3000\u3000\u3000#函館 https://t.co/inWQPsYKQq'
ラッキーピエロ,'@1d2d9438a1f8461 ラッキーピエロ結構微妙な位置にあるよね(^_^;)'
ラッキーピエロ,'@dainaman1919 今度、ラッキーピエロ行くかも。'
ラッキーピエロ,'#見た人もなにか無言で北海道あげる\n\n生まれも育ちも北海道！冬は寒いし色々文句言ってるけどなんだかんだ北海道が好き。✌️💖\n\n①上川町 大雪アンガス牧場\n②函館市(近郊) ラッキーピエロ\n③札幌市 札幌駅南口 駅前広場\n④帯広市(… https://t.co/Z4FBd85xD8'
ラッキーピエロ,'#見た人もなにか無言で北海道をあげる\n\nラッキーピエロ\nまた行きたい(´﹃｀)🍔︎💕︎ https://t.co/vcoEe8S7sH'
ラッキーピエロ,'@mzk_himitukichi ラッキーピエロ🤡\n同じ北海道なのに函館まで6時間かかるわ😭笑'
ラッキーピエロ,'ラッキーピエロ行きたい'
ラッキーピエロ,'@kanapon_H @tenguman_2 @q2KxPgW6EANAvQQ というふうになりたいのでタイアップできるくらい赤パン軍団を広めてください( ≧∀≦)ノ\n\n１度で良いから行ってみたいラッキーピエロ！'
ラッキーピエロ,'@R6OTzXj2L2rKE4A ハセスト鶏ありませんでしたっけ！？w\nラッキーピエロにばかりお世話になっているもので…www\n因みに根室にあるタイエーストアには鳥串のやきとり弁当があるんですよ😆\nハセスト提携店です(*ﾟ▽ﾟ*)'
ラッキーピエロ,'ラッキーピエロの店舗一覧見るとまじで変な店しかなくて最高'
ラッキーピエロ,'ラッキーピエロが近所にもしあったら年間20キロくらい太るだろうな'
ラッキーピエロ,"""I'm at ラッキーピエロ マリーナ末広店 in 函館市, 北海道 https://t.co/56hrln6lOH"""
ラッキーピエロ,'@haitoukizokuou ラッキーピエロだ～😍\nここ本当に美味しいですよね。\n内装も店舗ごとに違って面白いし。'
ラッキーピエロ,'@3939_gold ラッキーピエロは北海道でも函館のご当地みたいで札幌に催事で出ると人気らしいですｗ'
ラッキーピエロ,'ラッキーピエロってのが最も気になる。'
ラッキーピエロ,'ラッキーピエロ食べたいな'
ラッキーピエロ,'「私は幸運強運である、私は幸運強運である、私は幸運強運である」 #ラッキーピエロ https://t.co/yFnf9G8eNv'
ラッキーピエロ,'今日は木曜日のハッピーデー!!\nラッピのおいしいお惣菜が１０%OFFです。夕食のおかずに、お酒のおつまみに、お持ち帰りのみ、１２店舗(ベイエリア本店・五稜郭公園前店・函館駅前店・峠下総本店・マリーナ末広店をのぞく) でお買い上げい… https://t.co/prJ1v6s8g5'
ラッキーピエロ,'@Bonito0131 ラッキーピエロがなんだかわからないのですが、有名なのですか？\n函館のお土産で頂いたのです(’-’*)♪'
ラッキーピエロ,'@soratobe11 おー，ラッキーピエロのいかめし，こんなのあるんですね'
ラッキーピエロ,'[ライ並]土方歳三ホタテバーガーやくじら味噌カツバーガーなど個性的なメニューで知られる函館の名物チェーン店は？ A.ラッキーピエロ'
ラッキーピエロ,'ハンバーガー🍔🍔💙💚💛.\n.\n.\n.\n.\n#北海道 #旭川 #函館 #帯広 #札幌 #東京 #六本木 #銀座 #歌舞伎町 #新宿 #大阪 #福岡 #沖縄 #グルメ #ハンバーガー #ラッキーピエロ #女子旅 #すっぴん… https://t.co/8k4noNVISz'
ラッキーピエロ,'おまけ\nこれは去年函館の友だちに会いに行った時に食べたラッキーピエロだよ🥰\n甘めの唐揚げが入ったハンバーガーが一番人気だけど、みくはカレーが好きすぎていつもカレーを食べるよ🥰\n「わやでけえ！」の一言に尽きるけどペロリと食べるよ🥰… https://t.co/vqgQRbERvC'
ラッキーピエロ,'【Vlog】\nラッキーピエロが\n予想の斜め上だった件\nhttps://t.co/bBrzmNVrJJ\n食べなきゃ損かも！\n\n#ラッキーピエロ #函館 #ハンバーガー #北海道 #はせすと'
ラッキーピエロ,'ラーメン食べたい\n\n上越のラーメン食べたいなー\nでも、そこまで行くなら長岡でもいいなー\nまてよ\u3000久しぶりに7号のぼれば青森行けるなー\n青函のれば函館でラッキーピエロかハセストいけるなー\n洞爺湖経由で札幌行って久しぶりにみんな集めてすすきので遊ぶかな〜\n\nすすきの行きたい🥺'
ラッキーピエロ,'#見た人もなにか無言で北海道をあげる\n無言ではなく、だいぶ語りますが…\n母親の元実家\n他人の手に渡った後、ラッキーピエロに改装。\n表は見る影もありませんが、店内は\n元寿司屋の名残でカウンターがあったり、\n裏手から見ると、建物自体は… https://t.co/K66aG2I3sO'
ラッキーピエロ,'間をとって？\nローカルチェーンの安心感\n\n静岡のさわやか\n函館のラッキーピエロ https://t.co/D8HwKD3gBO'
ラッキーピエロ,'#見た人もなにか無言で北海道あげる\n\n#函館山\n#ハイジ牧場\n#道の駅とうま\n#ラッキーピエロ https://t.co/06QmUr3NLz'
ラッキーピエロ,'@Reyla39hinami ラッキーピエロ家からも遠い～(笑)車でざっと四時間半(笑)'
ラッキーピエロ,'てかなんであの時ラッキーピエロとやきとり弁当食べてないのか🤪'
ラッキーピエロ,'函館は、早く閉まる店がマジに多過ぎる。\n仕事終わってから、晩御飯を食べようと思っても、結局、開いてるのは、ラッキーピエロかほっともっと。\n人口２０万人以上も居る都市なのに、ちょっと有り得ない。'
ラッキーピエロ,'馬刺しと肉寿司のお店、串カツの店、ラッキーピエロ、いかの店、串焼きの店、その他諸々\n歩いて10分圏内に全部あるのやばい'
ラッキーピエロ,'ラッキーピエロは函館か'
ラッキーピエロ,'@fukurami_ ラッキーピエロ行けなかった行きたかったです✧︎'
ラッキーピエロ,'@1d2d9438a1f8461 ラッキーピエロ(*´-`)\n行った事ないから行きたい(*´-`)\n後、恵庭にある「らくだ軒」ってゆうレストラン美味しいからオススメ(*´꒳`d)w'
ラッキーピエロ,'ラッキーピエロぎりぎり間に合った🤤🤡'
ラッキーピエロ,'函館に住んでいた時、街で何をして遊んでただろう。夜の函館公園でボーッとして、夜の熱帯植物園近くの海辺でボーッとして、夜のベイエリアでボーッとして、夜の五稜郭帰りの電車でボーッとして、夜のラッキーピエロでボーッとして、あと大半が自宅でテレビゲームだった。街の価値が分からなかった。'
ラッキーピエロ,'@takieisuzu いかとか夜景とかチーズスフレとか五稜郭とかラッキーピエロとか赤レンガ倉庫とか思い浮かべます…( ˙꒳\u200b˙  ).｡oO'
ラッキーピエロ,'明日のお昼はマクドに行くかラッピにするか、悩んでる。\nぜいたくな悩み(笑)\n\n#マクドナルド\u3000#ラッキーピエロ'
ラッキーピエロ,'@kanapon_H @q2KxPgW6EANAvQQ とりあえず北海道！\n\nラッキーピエロとかセイコーマートとか六花亭とか、、、'
ラッキーピエロ,'@km_blue__25 函館名物ラッキーピエロだよ\nバーガーも美味しかった👍'
ラッキーピエロ,'ラッキーピエロのハンバーガー貪り食いながらサックラを飲みたいンゴねぇ'
ラッキーピエロ,'@kuromitsu_ka 函館のラッキーピエロとハセガワストアの焼き鳥弁当美味しいですよぉ！'
ラッキーピエロ,'@beef_seed2828 ラッキーピエロの方がいいと思うけど？'
ラッキーピエロ,'@bwhumin01 @kuromamehotaru ここは北海道の函館のお店なんですが、ラッキーピエロというハンバーガー屋さんなんですよ😊ヒルナンデスで紹介された事があるらしいです✨ご当地で人気No.1のチャイニーズチキンバーガ… https://t.co/NITsWjd6Dj'
ラッキーピエロ,'@kutrasks ラッキーピエロ？いいなー！！美味しそうなー！！'
ラッキーピエロ,'@nishizaki21 けーどんさん❤\n…ラッキーピエロを(笑)'
ラッキーピエロ,'@youyou7058 ラッキーピエロって言う\nハンバーガー屋さん✨\n函館にあるんだよね💕\n写真はチャイニーズチキンバーガー👍カップのはフライドポテトにチーズがかかってたかなぁ❓☺️☺️'
ラッキーピエロ,'函館行きたすぎて函館の夜景見て涙出てきた。愛しのラッキーピエロに会いたい。'
ラッキーピエロ,'@takumamen ラッキーピエロご存知でしたか😊\nドキドキしながらDMしたかいがありました⭐'
ラッキーピエロ,'@airu20100412 昔は(10年前)アイコン、ヘッダー職人でしたけどね、はじめてのステッカー依頼嬉しかったです＼(^o^)／\nあこがれのラッキーピエロに声でました(゜Д゜)\nありがとうございました😊'
ラッキーピエロ,'函館行きたい。ラッキーピエロのチャイニーズチキンバーガー食べてやきとり丼食べて綺麗な夜景見て癒されたい。ていうか北海道に行きたい。'
ラッキーピエロ,'@HirabinK ここは北海道、函館のラッキーピエロというハンバーガー屋さんなんですよ😊チェーン店で何店舗かあるらしいです✨ヒルナンデスで紹介されたって聞いた事あるんですけど❣️人気らしいです😍'
ラッキーピエロ,'ステイホーム撮影。\n退屈な時間を撮影で紛らわす。\n撮影技術は向上するはず。\n撮影後に美味しく頂くので満腹。\nちゃんと運動もしような！\n\n#函館 #ラッキーピエロ\n#ハンバーガー\n#ブツ撮り\u3000#商品撮影\n#スタジオライティング… https://t.co/qcUsLq3ecR'
ラッキーピエロ,'わたしの落書きが、、\nラッキーピエロしょって\nステッカーになって帰ってきた！！\n・LiSAっ子イメージして\nギターとチェックのスカート\nNieR風の帽子に安全ピンピアス\n(髪色はピンク、\nサーカスと夜空、のご希望)\nありがとう、い… https://t.co/jjrOx9xU77'
ラッキーピエロ,'@takuto_homu ラッキーピエロの方がいいと思うけど？'
ラッキーピエロ,'もう一度函館のラッキーピエロ行きたいわ❤'
ラッキーピエロ,'@wataamebouz ラッキーピエロの方がいいと思うけど？'
ラッキーピエロ,"""I'm at ラッキーピエロ 五稜郭公園前店 in 函館市, 北海道 https://t.co/5u5KEtebiT"""
ラッキーピエロ,'@tothenorth_aki インディアンカレーとラッキーピエロは札幌進出を否定してるんでそこに行ったらどうしても気になっちゃいますね。（かにめしのかなやは最近札幌にも出店が）'
ラッキーピエロ,'@greenvvvr ラッキーピエロにはラッキーガラナというものがあってじゃな… https://t.co/2wHs60boNc'
ラッキーピエロ,'@greenvvvr ラッキーピエロは本当に美味しいから是非行ってほしい\u3000あとラッキーピエロTシャツもおすすめ'
ラッキーピエロ,'@namzzy703 ラッキーピエロは俺も食べてみたーい！！\nコロナが落ち着いたら遊びに行ってみるんだー(*´ω｀*)'
ラッキーピエロ,'@hippo_nonnon うに、いくら、イカ、毛ガニ、ジンギスカン、ルイベ、時じゃけ、ラーメン、ザンギ、やきとり弁当、ラッキーピエロ。。\nだんだんジャンクになってきてるw'
ラッキーピエロ,'おいしいだけでは来てもらえない。楽しいだけでも心に響かない。\n誰かに伝えたくなるような経験を、いかに提供できるかが重要。\n王一郎\u3000ラッキーピエロの創業者'
ラッキーピエロ,'本日の昼ごはんは\nラッピのチャイチキ焼きそば！\nラッピと言えば、道南以外の方はハンバーガーとかオムライスが有名だろうけど\n実は焼きそばも美味い。\n元々中華レストランだった名残り？\nラーメンも美味い！\nただし、そこの店舗によって売っ… https://t.co/Wr95xIg9o1'
ラッキーピエロ,'待って、\n俺の好きなジョニ男さんラッキーピエロにいたの？！！！\nかわいいなぁ〜ハンバーガー食ってるだけでカワイイんですけど'
ラッキーピエロ,'@ahirunekoindie もちろんです！あひるねこさんにご紹介する為に撮ったようなものですからw自販機は去年の8月に金森倉庫のラッキーピエロの店頭にありました。 https://t.co/PC8HKHtnyM'
ラッキーピエロ,'@naru_one_0726 関東なんだ〜！そうだよね！\nカニね！！とりあえず函館行ったら海鮮系食べれるから間違いないかな！ラッキーピエロっていうハンバーガーのお店も有名ではある！笑😆'
ラッキーピエロ,'@TTR_KTMK3 ロイズにルタオ( ͡° ͜ʖ ͡°)美味しそうwラッキーピエロが食べたい🤡w'
ラッキーピエロ,'@WUGWUGCITY ラッキーピエロは食べでたい'
ラッキーピエロ,'ラッキーピエロの写真見ると本当に行きたくなるな…'
ラッキーピエロ,'ラッキーピエロ！ https://t.co/D6SZZNqo8D'
ラッキーピエロ,'ラッキーピエロ、函館来てから既に３回行ってる。\n\nデブになる'
ラッキーピエロ,"""I'm at ラッキーピエロ 本通店 in 函館市, 北海道 https://t.co/RrYiJvPILG"""
ラッキーピエロ,'@7373mirionkun ラッキーピエロ\nいつかのGWに行った時\n行列すぎて半日並んだ記憶がありまする🐹'
ラッキーピエロ,'@kuromitsu_ka 函館おすすめです！クリスマス時期にも人気があるロマンチックな街です。食は海鮮、ラッキーピエロ等あります。とても寒いです。(札幌や新千歳空港から約4時間かかるので注意。函館空港が近い。)\n\n冬の公共交通機… https://t.co/LEbvrG2gU9'
ラッキーピエロ,'@ahirunekoindie エナジーマン！函館のラッキーピエロがエナドリ出してるのしっているかな？写真は現地で買ったものだけど通販もあるみたいです！ https://t.co/ZBADeyXX9O'
ラッキーピエロ,'ラッキーピエロ\u3000美味しい\u3000行きたい…'
ラッキーピエロ,'@tristan_ntrke 函館また行きたいな～\n\nラッキーピエロも♪'
ラッキーピエロ,'おはようございます（╹◡╹）♡\n今日は観光して札幌帰っていつものフォロワーさんとご飯食べて旅打ち終わりかな🤔\nそして函館といえばやはりこれ😋\n#ラッキーピエロ\u3000\u3000\n#GOGOチャンス https://t.co/ObRxIAzwBk'
ラッキーピエロ,'ラッキーピエロに行きたい。\n\n北海道に来たら、勧めたいね。\n函館方面にしかないけど。\nここ食べたら、モス、マック、ロッテリア、バーガーキング。\nえぇ、全てのバーガーショップ、用事無くなりますよ🤣 https://t.co/Bk5aUPxCta'
ラッキーピエロ,'グッモ〜😊今朝もバターコーヒー☕️からスタート😊写真のマグ、温まると柄が変わるんだ🤔と、主人が買ってた😅ラッキーピエロのマグは函館店で買いました😊旅の記念にマグを買ってたら増えた😅\u3000#羽野晶紀\u3000#burn the witch https://t.co/beXM9iTmt7'
ラッキーピエロ,'【Vlog】\nラッキーピエロが\n予想の斜め上だった件\nhttps://t.co/bBrzmNVrJJ\n食べなきゃ損かも！\n\n#ラッキーピエロ #函館 #ハンバーガー #北海道 #はせすと'
ラッキーピエロ,'今日は水曜日のハッピーデー!!\n人見店のみ、ラーメン みそ・しお・しょうゆ ３０%OFFです。\n#函館 #ラッキーピエロ #ラーメン https://t.co/xjhxrTYoF3'
ラッキーピエロ,'@bell41068064 ラッキーピエロのハンバーガー全種類とラーメン'
ラッキーピエロ,'@pakumama_tpk @asaminusa ラッキーピエロの方がいいと思うけど？'
ラッキーピエロ,'@GAYAVLOG 私的にラッキーピエロの勢力圏ですね🤡'
ラッキーピエロ,'ラッキーピエロまた行きたいな🍔'
ラッキーピエロ,'@kumappiy3 あったみたいです！\n食べるのが楽しみ〜❤\n\nラッキーピエロって、色々なお土産売ってますよね😆\n前に行った時は、インスタントラーメン、スープ、お菓子系とか沢山あったと思います✌️\n\nでも、やっぱりハンバーガーが食べたい😍'
ラッキーピエロ,'@tainoka_chan427 ラッキーピエロって、レアチーズケーキもあるのですか！\n以前は、同僚が函館に行くことが多かったのですが、最近、行くことがないんです・・🤣'
ラッキーピエロ,'@DARS_brs とりまラッキーピエロ買ってきて'
ラッキーピエロ,'今度行きたいとこ\nかまえい\n神威岬\nふきだし公園\n青い池withスノー\n知床一湖、知床峠\n川湯温泉(泊まりたい)\n釧路湿原、スパカツ\n帯広、豚丼、インディアンカレー\nここは、おさえておきたい、、、\n可能なら、函館の裏夜景と函館山からの夜景とラッキーピエロ\n道南は諦めてるが'
ラッキーピエロ,'@kuromitsu_ka 登別・函館・稚内となると、クマ牧場を捨てるしかないですが\n新千歳→稚内（飛行機）で稚内を楽しんで（あまり見るとこないですが）\n稚内→函館（到着は早くとも１６時）で、そこからラッキーピエロを楽しんで、函館… https://t.co/H3Hty1SCKz'
ラッキーピエロ,'ラッキーピエロ何もかもでかい\nコメダ珈琲くらいの感覚'
ラッキーピエロ,'ラッキーピエロって有名なんや。。。\n\nなんかスーパーにポテチとかラーメン売ってたから買ってみたけど、絵柄的になんかのパロディかと思ってたわ'
ラッキーピエロ,'函館のラッキーピエロというハンバーガー屋さんは絶対行きなさいと言われました。\nhttps://t.co/FBVC1gJp7h https://t.co/KiXmQYj7fB'
ラッキーピエロ,'@kuromitsu_ka ちなみに函館に行くならラッキーピエロというハンバーガー屋さんのチャイニーズバーガーとラキポテ(ホワイトソース、デミグラスソース、チーズがかかってるポテト)が最高なので是非'
ラッキーピエロ,'@rRAF61Yd0wGm3D3 ラッキーピエロは観光客でしょう？\n\n絶対ここまで広がったのは観光客がお土産で置いていってくれて、それが広まっているんだよね。\n\n自宅療養でなにか起きたらどーするんねん！！\n\n誰が責任取るんだ！！って話しだよね！？'
ラッキーピエロ,'@kuromitsu_ka いや、マジで行くべきですよ。。。\n特に、GWぐらいだと、雪が山の上だけに残っていて、非常に映えます！\nおすすめは、札幌の麵屋高橋、中山峠のあげいも、小樽の海鮮丼・ぱんじゅう・ワイン・かま栄、函館のラッキ… https://t.co/77gxO9eqe7'
ラッキーピエロ,'ラッキーピエロ食べに行ってみたい\n函館山まで☺️'
ラッキーピエロ,'聞いた事がある人も多いと思うが函館にあるラッキーピエロというお店のチャイニーズチキンバーガーは絶品だぞ！ボリュームたっぷりのレタスと甘辛い味付けがされた鳥の空揚げがパンと合わさって不味いわけがないだろ!?'
ラッキーピエロ,'スナップポートレートに挑戦\nmodel:sayu\n#カメラ女子 #portrait #ポートレート撮影 #ポートレート好きな人と繋がりたい #ファインダー越しの私の世界  #モデル #札幌 #函館 #カメラ好きな人と繋がりたい… https://t.co/ggsMuFT86A'
ラッキーピエロ,'@ShoGo_Euro69 山には降って欲しいけど道路には積もって欲しく無いですね🥺笑\nそうだったんですね😆全然知りませんで申し訳ありません🥺ラッキーピエロの味が恋しいです🥺🥺'
ラッキーピエロ,'@ulcatha あー！！ラッキーピエロ！！美味しいよね！！\n北海道行った時帰りのフェリー上で食べた思い出✨'
ラッキーピエロ,'@kawarahi_sh ラッキーピエロというものならありますが…(函館限定)'
ラッキーピエロ,'犬うるさいけど、夫が出張土産を沢山買ってきてくれた🤗\n\n夫 #チャイチキ 食べたって🍔\n道南に住んでいた事があるこの私が！美味しさを教えたのに(´-3-`)\n\n私は #ラッキーエッグバーガー 好き🍔\n\n焼きカレーを1人で食べきって… https://t.co/r0b5DNcThc'
ラッキーピエロ,'@mitsuking425 ラッキーピエロでデカ盛り食いてぇ'
ラッキーピエロ,'@MS_06w ゴーゴーカレーとセコマとA&amp;Wとポプラとラッキーピエロとやぱステと捲り家が出店してくれるまで戦い続ける！\nバーキンは来たｗ'
ラッキーピエロ,'昔の\u3000#ラキピ のメニューがでてきたにゃ\nくじら味噌カツバーガー\nまた食いたいにゃ\n#ラッキーピエロ https://t.co/QhuvFboGj7'
ラッキーピエロ,'@B7EQ85LzrJTZvnE うなわけねーだろ\n遊びに行くのーそこにラッキーピエロある'
ラッキーピエロ,'@_S1ba ラッキーピエロってとこあるから！！\n元々中華屋さんだったんだけど\nいまハンバーガーメインwww'
ラッキーピエロ,"'プレスリー！ (@ ラッキーピエロ 港北大前店 in 函館市, 北海道) https://t.co/WQ8VUljyJq https://t.co/BAxIKx9AWY'"
ラッキーピエロ,'ドムドムの流れでラッキーピエロ調べてたら函館に住みたくなってきた'
ラッキーピエロ,'霧雨で函館山ロープウェイ！金森赤レンガ倉庫のラッキーピエロで夕食\nhttps://t.co/Nm5PiWftc8'
ラッキーピエロ,'@geijyujanai ラッキーピエロ！懐かしい🤤'
ラッキーピエロ,'寿司かラッキーピエロで悩む(:3[_____]'
ラッキーピエロ,'函館に集中しているハンバーガーショップ\n「ラッキーピエロ」って何じゃい⁉️\nさっきGoogle mapで地図旅行してて初めて知った🍔'
ラッキーピエロ,'ラッキーピエロの定番メニューといえばチャイニーズチキンバーガーですがバンズの間にごろっごろと大量のから揚げと盛りに盛ったレタス挟んでいっぺんに口に入る訳がねえんだよなあ\n(噛もうとすると逃げて行く肉)\n(口の中がレタスマヨネーズバ… https://t.co/V1GosN9aEu'
ラッキーピエロ,'@yosi_da62w @y_haiku 逆に今度こそは「ラッキーピエロ」を\n制覇しないと💦💦'
ラッキーピエロ,'☆GLAY行きつけ☆♪\nラッキーピエロ ベイエリア本店\n【ハンバーガー/北海道函館市】\n\n全国ご当地バーガーの1位に輝いたハンバーガー店。通称「ラッピ」\n函館のライブのときのスタッフの弁当になるんだとか。\n気になりますね～♪ https://t.co/fTh5d8w93B'
ラッキーピエロ,'昨日明大前で食べたやつ\n特盛かつルー多めだったけどこれでもラッキーピエロの普通のより量は少ないってラッキーピエロ何者だよマジで\n味は中辛だったけど最初かなり甘めであとからスパイシーに来る感じ https://t.co/fGqLPIW52v'
ラッキーピエロ,'@ppooon29 その感覚ものすごく分かります！\n俺も結局買わなくて、ふと野菜食べ酔うと思った時に欲しくなるような😅\nラッキーピエロ？ビストロドレッシング？のようにスーパーでもあればいいんですがね😅'
ラッキーピエロ,'みんなからの匿名質問を募集中！\n\nこんな質問に答えてるよ\n● 無断転載されてました\n堀尾将希…\n● 北海道にあるラッキーピエロって…\n● 山崎さんはぬいぐるみとか縫う事…\n● 山崎さんこんにちは！山崎さんの…\n#質問箱… https://t.co/CX0PLPuwaf'
ラッキーピエロ,'ラッキーピエロ美味しかった😳👌 https://t.co/h3XNjf9NZb'
ラッキーピエロ,'病院行って4月から函館なんですって言ったら、カルテにラッキーピエロとメモられた。'
ラッキーピエロ,"""本店は初めて！\nI'm at ラッキーピエロ ベイエリア本店 in 函館市, 北海道 https://t.co/PvRHxiRzLl"""
ラッキーピエロ,'【Vlog】\nラッキーピエロが\n予想の斜め上だった件\nhttps://t.co/bBrzmNVrJJ\n食べなきゃ損かも！\n\n#ラッキーピエロ #函館 #ハンバーガー #北海道 #はせすと'
ラッキーピエロ,'ラッキーピエロの甘口カレーまた食べたい'
ラッキーピエロ,'@imAVTILZyskxiU2 @y_haiku ラッキーピエロ大好きです＼(^o^)／\n\nモーリェは初めて聞きましたが、次回函館行く時には行かせてもらいますね♪'
ラッキーピエロ,'@heli_geo ラッキーピエロで100人毎のラッキー賞貰って昼のステーキを食って帰る人です。'
ラッキーピエロ,'@124yenn ラッキーピエロの方がいいと思うけど？'
ラッキーピエロ,'#あいパト\u3000きびたんご\u3000#ラッキーピエロ\u3000と牛タンチップこれ67キロカロリー☺️ あとは味噌玉の材料‼️‼️ @moshiripa_gh  さんのレシピも。レッツ味噌玉🧉@AIZAWA_FOOD https://t.co/e80AjttqhX'
ラッキーピエロ,'ラッキーピエロで激辛カレーがあると聞いたのですが、メニューにありましたか？🤔'
ラッキーピエロ,'この切符は津軽海峡を新幹線で越えられるのが強み。青春１８だと別切符買って一日がかりで函館抜けるか、青函フェリー使わないとダメだし。八戸からフェリーで苫小牧、と言う人も居るが、函館パスするとラッキーピエロ行けないしな。東京から朝一発目の新幹線乗れば、一日で根室まで届く。'
ラッキーピエロ,'@panda2001max ラッキーピエロというレストランというかファストフード店というか。\n美味いの。'
ラッキーピエロ,'@unko_training ラッキーピエロ美味しいですよね🙊💗💗'
ラッキーピエロ,'@Tierra791 ラッキーピエロにしか目がいきませんでした(道民)\n学生時代、札幌から函館にヒッチハイクで行くというイベントがあったのですが、最終目的地が五稜郭ラッピでした～懐かしいです😇'
ラッキーピエロ,'@Tierra791 ラッキーピエロのロゴ、久々に見ました😳(そこじゃない'
ラッキーピエロ,'@kaerichan_03 私も貯金しておきますーー！！\n美味しいですよね！ラッキーピエロ！本場の味もう1回食べたい😌😌'
ラッキーピエロ,'@kdytks_dcd 行きたいですーーーーーーーーーーーー！！！！\n貯金しておきますね？！🙏🙏✨\nラッキーピエロ！行きました！めちゃくちゃボリューミーで美味しかったです！！！！！😂😂🙏'
ラッキーピエロ,'@yawarakai_ringo ラッキーピエロの方がいいと思うけど？'
ラッキーピエロ,'@kaerichan_03 楽しんで頂いて何より( ⁎ᵕᴗᵕ⁎ )(道民歓迎)\n\nえー！！色々治まったら行きましょうよ〜！！\n私ラッキーピエロ食べたいんですよ〜！！'
ラッキーピエロ,'家から一番近いドムドムバーガーが、花やしきの中だった。自分の中では、ラッキーピエロ級にレアだわ。'
ラッキーピエロ,'網走どんだけ遠いかわかる？\nラッキーピエロ自治区🤡から、監獄や！\n休みなのに朝から叩き起こされやっと長万部だ！ https://t.co/uVp2FNtXgj'
ラッキーピエロ,'@haru43241 あと？スープカレーとか、道南のラッキーピエロとかぁ、苫小牧のマルトマ食堂とか、色んな景色とか🤔\n\n行きたいとこ全部👍'
ラッキーピエロ,'ラッキーピエロ行きたい'
