湯の川温泉,'#何とかならなかったのかと思う路線or区間\n国鉄戸井線\n青函連絡ルートからは外れ未成線となったがルートをよく見ると五稜郭公園のすぐ裏を通り湯の川温泉を経由し函館空港へ至っている\nもし建設され今日まで残っていたら函館空港連絡線として、また五稜郭観光などにも使われていたかも…'
湯の川温泉,'#ピープスへの調査依頼\n\n湯の川温泉の風景に溶け込むように、街の中で平和に暮らしている【ヤギ🐐とヒツジ🐑】について。\n\n漁り火通りをランニングする時にいつも気になっています😄✨'
湯の川温泉,'【これは便利】\n函館市のNEWS&amp;地域情報サイトを総まとめ！\n\nおすすめはこちら\n函館港花火大会・函館山・五稜郭・トラピスチヌ修道院・ラッキーピエロ・金森赤レンガ倉庫・湯の川温泉・大門横丁\n\nhttp://www.北海道の情報を総まとめ.com/p/oshima.html'
湯の川温泉,'ぽかぽか：こないだ函館の湯の川温泉行ってきました(*´꒳`*)車運転して行ったんですが、札幌出た時は快晴で良かったのに室蘭越えた辺りから、猛吹雪( ´›ω‹｀)追い越し車線での、トラック… #ナイツネット #すすきの #ニュークラブ https://t.co/epQ631z1Lf'
湯の川温泉,'【Youtube更新！温泉探し！】\n今回は鹿児島県、霧島温泉の野湯・混浴露天を探索！\n川が全部が泥湯温泉の川も発見！\n動画はこちら→https://t.co/BRZUls7axN\n\nチャンネル登録もお願いします！'
湯の川温泉,'ドラクエウォークのアプリの中で、函館では湯の川温泉でしか遭遇しないスライムがいました！\n\nその名は、\nおんせんスライム！✨🙏😄\n\n全国各地の温泉地限定で登場するそうです！👍\n\n（つつい\n\n#ドラクエウォーク\n#DQウォーク… https://t.co/LocCJuvWz3'
湯の川温泉,'♨️楽天トラベル 北海道の温泉♨️\n\nクチコミ高評価！北海道の人気高級温泉旅館ランキング✨\n\n世界遺産「知床八景」をはじめ大自然が広がる北海道。登別温泉や湯の川温泉など全国的にも人気の温泉地が揃っています。大粒のいくらをはじめ新鮮… https://t.co/ils3xAGls2'
湯の川温泉,'@SooMkmk まって、このばのんにいさん川湯すぎて温泉沸いた♨️'
湯の川温泉,'【函館市(はこだて)】北海道・中核市・渡島総合振興局 人口:27万7千 面積:678 日本初の国際貿易港 函館山(日本三大夜景) 五稜郭 漁業(イカ) 湯の川温泉'
湯の川温泉,'⭐️楽天トラベル⭐️\n\n函館・湯の川温泉のおすすめ！人気宿ランキングTOP10♬\n\n函館の海の幸や、津軽海峡を眺める露天風呂など、函館観光を満喫できる温泉宿がランクイン☆\nhttps://t.co/HijTY7kfve'
湯の川温泉,'楽天トラベルから山梨県 下部・身延・早川 の\nサービスの評価が高い旅館はこちら😉\n\n🏨下部温泉\u3000元湯\u3000甲陽館\n\n☑サービス評価：3.8\n☑レビュー：154件\n\n【ペットOKの温泉宿】下部川渓谷沿い。100％天然温泉！旬の幸は★部屋… https://t.co/XyYvUUnH6F'
湯の川温泉,'函館市(はこだてし)。道南・渡島地方。五稜郭・函館山(夜景)・トラピスチヌ修道院・北島三郎記念館・函館朝市・金森赤レンガ倉庫・恵山・水無海浜温泉・湯の川温泉・函館市電・和洋折衷の街並み・日本初○○・イカ・函館ラーメン・ラッキーピエロ・やきとり弁当・GLAY'
湯の川温泉,'世界遺産「知床八景」をはじめ、大自然が広がる北海道😊\n\n登別温泉や湯の川温泉など、全国的にも人気の温泉地が揃っています。また、大粒のいくらをはじめ、新鮮な海の幸を堪能できるのも高ポイント💠\n\n北海道の高級温泉旅館をランキング形式で… https://t.co/A5l1nCUbSU'
湯の川温泉,'函館・湯の川温泉のおすすめ！人気宿ランキングTOP10✨\n\n主な泉質は無色透明・無臭のナトリウム・カルシウム塩化物泉。しっとりした肌触りと湯冷めしにくいお湯を堪能できます。\nグルメスポットや温泉に浸かるサルが見られる動植物園、神社… https://t.co/wjYL5PA1Sz'
湯の川温泉,'窓を開ければ野鳥の森と渓流のせせらぎ、、\n\n湯宿大一の露天風呂のロケーションに感動した。\n\n川と同じ目線で湯につかり聴く川のせせらぎこ音は全てを流してくれる\n\n45〜70℃という凄いぶれの温泉サウナから眺める雪景色✨\n\n上がって眺… https://t.co/FzM7JSPYap'
湯の川温泉,'˖✧⁽⁽◝(⁰▿⁰)◜楽天トラベル◝(⁰▿⁰)◟₎₎✧˖\n\n函館・湯の川温泉のおすすめ！人気宿ランキングTOP10\n\n函館の海の幸や、津軽海峡を眺める露天風呂など、函館観光を満喫できる温泉宿がランクイン！\nhttps://t.co/MsUakHgeSJ'
湯の川温泉,'★楽天トラベル 北海道の温泉★\n\nクチコミ高評価！北海道の人気高級温泉旅館ランキング\n\n世界遺産「知床八景」をはじめ大自然が広がる北海道。登別温泉や湯の川温泉など全国的にも人気の温泉地が揃っています。大粒のいくらをはじめ新鮮な海の… https://t.co/uM35CLNUvn'
湯の川温泉,'#楽天トラベル (๑•᎑•๑)♬*゜\n\nクチコミ高評価！北海道の人気高級温泉旅館ランキング♡\n\n世界遺産「知床八景」をはじめ、大自然が広がる北海道。登別温泉や湯の川温泉など、全国的にも人気の温泉地が揃っています♫\nhttps://t.co/etNf9d0x6C'
湯の川温泉,'˖✧⁽⁽◝(⁰▿⁰)◜楽天トラベル◝(⁰▿⁰)◟₎₎✧˖\n\nクチコミ高評価！北海道の人気高級温泉旅館ランキング‼️\n\n世界遺産「知床八景」をはじめ、大自然が広がる北海道。登別温泉や湯の川温泉など、全国的にも人気の温泉地が揃っていま… https://t.co/DqxOQ7lWmm'
湯の川温泉,'@akira_naomi0729 秘湯いいですね♨️\n温泉宿の上げ膳据え膳の至れり尽くせり感もいいけど、山や川にある秘湯もまたこれも一興…😆'
湯の川温泉,'入浴剤入れると落ち着く。\nバスクリンの日本の名湯って入浴剤がマイブーム。\n「通のこだわり」と「至福の贅沢」の2箱が家にある。\n今日は那須の塩原温泉。匂いめっちゃ癒される。\nちなみに昨日は十勝川モール。\n\nもうもはや入浴剤目当てで毎晩風呂沸かしてる。小さな楽しみ。'
湯の川温泉,'クチコミ高評価❀北海道の人気高級温泉旅館ランキング♕\n\n世界遺産「知床八景」をはじめ、大自然が広がる北海道♡登別温泉や湯の川温泉など、全国的にも人気の温泉地が揃っています☆また、大粒のいくらをはじめ、新鮮な海の幸を堪能できるのも高… https://t.co/jTifxeofHq'
湯の川温泉,'函館の海の幸や、津軽海峡を眺める露天風呂など、函館観光を満喫できる温泉宿がランクイン💠\n\n函館・湯の川温泉のおすすめ！人気宿ランキングTOP10⭐️\nhttps://t.co/PyKSYDwmVC'
湯の川温泉,'今晩は湯の川温泉の旅館なんだけど大浴場45度以上ありそうな熱い風呂だった'
湯の川温泉,'湯の川温泉には「湯の川聖羅」という温泉むすめがいるとのことで、記念に湯倉神社で絵馬と、イチマスで缶バッジを購入しました https://t.co/cJYUs7wsVe'
湯の川温泉,'湯の川温泉\n\n湯倉神社でお参りしてから湯の浜ホテルへ♨️\n\n浴場は当然撮影禁止なので画像が無いのが非常に残念\n\n露天風呂に入ったら目の前に広がる砂浜と海！晴れてたら下北半島が見えるらしい。曇りで見えなかったけど冬の海と波しぶきを眺… https://t.co/MGtdoOJ9Eu'
湯の川温泉,'#楽天トラベル #旅行 #温泉 #旅館 #観光 #グルメ\n\n函館・湯の川温泉のおすすめ！人気宿ランキングTOP10☆\n\n函館の海の幸や、津軽海峡を眺める露天風呂など、函館観光を満喫できる温泉宿がランクイン！しっとりした肌触りと湯冷… https://t.co/lhhhZ2aEMb'
湯の川温泉,'@hano71400432 中温泉（群馬）、龍神温泉（和歌山）、湯の川温泉（島根）は、日本三大美人の湯は'
湯の川温泉,'楽天トラベル\u3000🧳たびノート\n群馬県\u3000高崎の人気スポット 今日の👑1位\n白岩山長谷寺\u3000🗺高崎市\n通称、白岩観音と呼ばれる修験道の根本道場\n周辺の♨温泉：湯端温泉 相間川温泉 倉渕温泉\n※旅館・ホテルの「新型コロナウイルス対策について… https://t.co/45RP6RRGP0'
湯の川温泉,'函館市(はこだてし)。道南・渡島地方。五稜郭・函館山(夜景)・トラピスチヌ修道院・北島三郎記念館・函館朝市・金森赤レンガ倉庫・恵山・水無海浜温泉・湯の川温泉・函館市電・和洋折衷の街並み・日本初○○・イカ・函館ラーメン・ラッキーピエロ・やきとり弁当・GLAY'
湯の川温泉,'栃木県・日光にある「ふふ\u3000日光」\n\n2020年に開業した、日光東照宮の目前に位置するラグジュアリーホテルが極上すぎる..😂\n\n□全ての客室が、自家源泉のやわらかい湯を楽しめる温泉付き、気品に溢れたスイートルーム\n\n□川のせせらぎと… https://t.co/77sqqio8p4'
湯の川温泉,'世界遺産「知床八景」をはじめ、大自然が広がる北海道。\n\n登別温泉や湯の川温泉など、全国的にも人気の温泉地が揃っています。また、大粒のいくらをはじめ、新鮮な海の幸を堪能できるのも高ポイント。\n\n北海道の高級温泉旅館をランキング形式で… https://t.co/QhUGpOBjpK'
湯の川温泉,'⭐️旅のランキング 楽天トラベル⭐️\n\nクチコミ高評価！北海道の人気高級温泉旅館ランキング♪\n\n世界遺産「知床八景」をはじめ、大自然が広がる北海道。登別温泉や湯の川温泉など、全国的にも人気の温泉地が揃っています。\nhttps://t.co/TdW6v9W2eZ'
湯の川温泉,'【湯の川温泉\u3000湯の川プリンスホテル渚亭】\n温泉露天風呂付客室は１１５室ご用意！！\n🗺️エリア：北海道 函館・湯の川・大沼・奥尻 \n🚆最寄駅：函館\n👥レビュー：★★★★☆ 4.31\n[詳細]… https://t.co/7v9ERqXolJ'
湯の川温泉,'【露天温泉】女子が挑む川が流れる大自然の中のタヌキの湯！！ #BuzzVideo https://t.co/MfWqJzFEuo'
湯の川温泉,'杖立温泉 元湯♨️\n川沿いの露天風呂でして\nええお湯やったです♨️(^^) https://t.co/OEKLovJiTF'
湯の川温泉,'夏になったらあれやりたいな。\n川ツーリング。\n阿寺渓谷の上流のエメラルドグリーンの透き通った水を見る。（か、川遊び）。帰りに付知峡温泉のおんぽいの湯に寄って、温泉入って帰る、みたいなやつ！\n帰り方によっては、晩御飯、あきん亭も行け… https://t.co/MCtg3KdLoh'
湯の川温泉,'あてにしてた熱川プリンスが日帰り温泉休止だったので、適当にググって高磯の湯に行ってみた。海辺に温泉沸かしときましたって風情の露天風呂。大海原を眺めながらのんびりってコンセプトだと思うがお湯に浸かると海が見えないのがイマイチだったかな https://t.co/l8DbFSPeuk'
湯の川温泉,'塩谷町。川霧の湯。日帰り温泉！最高だべにゃっす。💓♥️❤️ https://t.co/lJoghKp3iV'
湯の川温泉,'【函館空港】北海道函館市 HKD/RJCH 1961.4開港 滑12/30(3000*45)｜函館市街からもそう遠くなく、湯の川温泉や函館競馬場は近接。中の人はあまり使った事がないが。ハイジャック、遭難、ソビエト（当時）からの亡命などの歴史的な舞台。航空旅客数19位。'
湯の川温泉,'★楽天トラベル 北海道の温泉★\n\n函館・湯の川温泉のおすすめ！人気宿ランキングTOP10\n\n承応2年、病に苦しむ藩主を湯治させたことが発祥とされ、主な泉質は無色透明・無臭のナトリウム・カルシウム塩化物泉。しっとりした肌触りと湯冷め… https://t.co/EuzZM8m5x8'
湯の川温泉,'”2月のお得な「8日間」“\nあっと言う間に5日目です✨\n皆様にお越し頂き感謝しております。\n\n今回3館共同キャンペーン\n“がんばる♨️湯の川温泉”\nが始まります♪\n竹葉新葉亭、湯の浜ホテル、当館\nの地元応援プランです！\nお得にご宿… https://t.co/Zs3Ak9qznX'
湯の川温泉,'とんさん湯の川温泉いこう'
湯の川温泉,'この御時世で仕方ないとはいえ、コンサ右鎖骨スポンサーからの撤退からはつらい…まほろばに加え、湯の川温泉の平成館も多少の改装改修はされただろうか。\n #トーホウリゾート #けいナビ'
湯の川温泉,'@cw6ZBRO そうだなぁ……\nオレ、混浴ばっか行ってるからオススメになるか……⁉️🙄🤣\n群馬なら、法師温泉\n山形なら、姥湯温泉\n福島なら、幕川温泉\nが割と近くて良いかなぁ……\nあっ、全部混浴やった🤭\n\n会津西山温泉の、中の湯館… https://t.co/stzVghOeK0'
湯の川温泉,'今日は朝から温泉ソムリエと巡る川湯温泉の魅力徹底解剖のロケをしています。\n\n初めてちゃんと川湯の温泉を飲みました。♨️\n\n#川湯温泉\u3000#弟子屈町\n#地域おこし協力隊\u3000#硫黄泉 https://t.co/A2n72nN4kn'
湯の川温泉,'熊本市にある杖立温泉・元湯\n\n川沿いにある共同浴場でもちろん混浴です。\n残念ながら他のお客さんは誰もいませんでした😞 https://t.co/DkRlD67C75'
湯の川温泉,'昨晩はこちらにお泊まりでした。めっちゃ良かったけど、まさかの水風呂が無いのが残念すぎた : さうなおごじょ💙の亀島川温泉 新川の湯 ドーミーイン東京八丁堀（東京都中央区）のサ活  2021年02月20日 - サウナイキタイ… https://t.co/MGcSUmkaRh'
湯の川温泉,'湯の川温泉\u3000漁火館\n #旅サラダ'
湯の川温泉,'おはようございます。\n本日は北海道の温泉を紹介しています\n\n十勝川国際ホテル筒井(北海道音更町)\nhttps://t.co/jC7j4eBy7C\n\n帯広近郊にある立ち寄り可能温泉旅館です。\n十勝川温泉郷名物・天然モール温泉を使用し… https://t.co/A73V8Tu7kv'
湯の川温泉,'クチコミ高評価！北海道の人気高級温泉旅館ランキング🍮\n\n世界遺産「知床八景」をはじめ、大自然が広がる北海道。登別温泉や湯の川温泉など、全国的にも人気の温泉地が揃っています。また、大粒のいくらをはじめ、新鮮な海の幸を堪能できるのも高… https://t.co/gMxHF3EJE6'
湯の川温泉,'#楽天トラベル (๑•᎑•๑)♬*゜\n\nクチコミ高評価！北海道の人気高級温泉旅館ランキング🌸\n\n世界遺産「知床八景」をはじめ、大自然が広がる北海道。登別温泉や湯の川温泉など、全国的にも人気の温泉地が揃っています♫\nhttps://t.co/etNf9di8vc'
湯の川温泉,'湯の川温泉観光協会はとうの昔になくなってるんだがなあ https://t.co/DQXef6vz3x'
湯の川温泉,'【函館市(はこだて)】北海道・中核市・渡島総合振興局 人口:27万7千 面積:678 日本初の国際貿易港 函館山(日本三大夜景) 五稜郭 漁業(イカ) 湯の川温泉'
湯の川温泉,'にしてもガキンチョの頃は熱すぎて入れなかった湯の川温泉も倍の歳になれば気持ち良くなるもんだな'
湯の川温泉,'旅に行けないので温泉を振り返る（その３６）\n\n①市原市の養老渓谷温泉 喜代元（コーヒーのように濁るモール泉）\n②大多喜町の滝見苑けんこう村ごりやくの湯（開放的な内風呂がいい）\n③君津市の七里川温泉（やや黄色い湯、硫黄臭あり）\n④君… https://t.co/cJAazziuCm'
湯の川温泉,'#函館市電、市民会館前（現・函館アリーナ前(市民会館前)）-湯の川温泉、1984年1月と2021年2月。 https://t.co/K3ED4J7mxy'
湯の川温泉,'新しい記事『函館・湯の川温泉「割烹旅館若松」、4月20日に営業再開』を投稿しました。 https://t.co/3pfm6o2SHI https://t.co/GYOmanklah'
湯の川温泉,'【浅の川温泉\u3000湯楽】\n・400円\n・124度のドライサウナ\n・16度の水風呂\n・寝転び外気浴\n\nサウナーになって初めての金沢帰省🏂\nすかさず昔行ってた温泉へGo\nアッツアツのサウナのおかげで大ととのい\n身体を撫でる北陸の冷たい風が… https://t.co/kn4FCPF3MU'
湯の川温泉,'クチコミ高評価！北海道の人気高級温泉旅館ランキング🍮\n\n世界遺産「知床八景」をはじめ、大自然が広がる北海道。登別温泉や湯の川温泉など、全国的にも人気の温泉地が揃っています。また、大粒のいくらをはじめ、新鮮な海の幸を堪能できるのも高… https://t.co/Nr3ynukMnc'
湯の川温泉,'【湯の川温泉のイルミネーションと湯川周辺散策】の動画をFMいるかのYouTubeチャンネルにアップしました！！\n\n「湯の川冬の灯り」は2月28日まで開催です！！\nおまけ映像として湯川周辺も散歩しております。\nぜひご覧ください～… https://t.co/ddQRGvmu8J'
湯の川温泉,'朝よりは膝の痛みが減ったのでベルの散歩🐕🚶\u200d♀️\nまだ速く歩けないのにベルはお構いナシ💦\n湯の川温泉の足湯には数人の観光客がいたよ♨️\n北海道では感染者が激減してきたのは嬉しい限りです⤴️\n頑張ろう道産子🐄頑張ろう日本🇯🇵\n今日も… https://t.co/JOm2eJsOyx'
湯の川温泉,'斐川の湯の川温泉の近くのラブホ街に憧れる。でもちょっと高い。安く済ませたい人は湖陵のちょっと朽ち果てかけたラブホ街に行く（？）\n\n(by 匿名希望さん)\n#出雲あるある'
湯の川温泉,'青根で４１度のお湯に浸かったから、２湯目は好みの熱い湯♨️\n蔵王町の黄金川温泉。\n今日も混んではいたが湯船の中はユッタリ💕♨️💕 https://t.co/0mwrd7Hw9n'
湯の川温泉,'熱川温泉\n高磯の湯\n海近！ https://t.co/fnZohdcLIC'
湯の川温泉,'なーんもしなかったというと半分嘘で噂の草津温泉の白旗の湯に浸かってきてから戻ってる。 激混みではないけど4〜5人くらいはいた\n他は開いてなかったり(地蔵とか)やめといたり(白旗入った後に煮川は流石にしんどすぎるので)'
湯の川温泉,'13時の津軽海峡、+3度。汐首岬、湯の川温泉、啄木像。 https://t.co/6a6IT3xnj8'
湯の川温泉,'函館の湯の川温泉よかったです \n\n#Peing #質問箱 https://t.co/erx3adPZx1'
湯の川温泉,'函館市熱帯植物園で「サルの温泉入浴」が始まりました。\nサル山のプールに湯の川温泉の湯が満たされ、ニホンザル約８０匹はうっとり。\nhttps://t.co/xPBQaeSgY0'
湯の川温泉,'湯畑のはずれには「西の河原公園」というものがあります。\n\n一見するとただの川ですが、コレほとんど温泉です。\n湯畑と共にライトアップされるそうですが、ナイター行くので見れませんorz\nあとで友達に写真を送ってもらいます。\n\n高温で湧… https://t.co/nM1C850Zfs'
湯の川温泉,'悠湯の宿\u3000湯澤屋｜緑あふれる山並みに包まれた赤倉温泉にあり、天然の岩石を利用した天然温泉。宿は川に面しており、くつろぎの時間を楽しめる。子育て応援のお得なプランもご用意♪近隣には前森高原や赤倉スキー場もあり。https://t.co/CkfRSwPSVq'
湯の川温泉,'湯の川温泉\nいいなぁ温泉入りたい https://t.co/jQV0Y3vb2k'
湯の川温泉,'@doniki4ders 湯の川温泉とか色々行きたいのでよろしくお願いします(*･ω･)✨'
湯の川温泉,'旅のランキング\n\nクチコミ高評価！北海道の人気高級温泉旅館ランキング\n\n世界遺産「知床八景」をはじめ、大自然が広がる北海道。登別温泉や湯の川温泉など、全国的にも人気の温泉地が揃っています。また、大粒のいくらをはじめ、新鮮な海の幸を… https://t.co/eMUwAqP2fh'
湯の川温泉,'函館 湯の川温泉 海峡の風\n\n客室のお風呂が広くて、素晴らしかった♨️洗面スペースも広く、お部屋もゆとりのある作り。ぐっすり眠れました。\n空港からすぐなので、函館から離れてもまた泊まりたいお宿♡\n\n#海峡の風 #湯の川温泉 #函館 https://t.co/5WSnueHibu'
湯の川温泉,'函館 湯の川温泉 海峡の風♨️\n夕食 寿司会席♡\n\n3ヶ月ごとにメニューが変わるそうなので、また食べに行きたいです！\n\n函館市民が使える冬割対応でした♡\n\n#海峡の風 #湯の川温泉 #函館グルメ https://t.co/ZgwGupcMtg'
湯の川温泉,'⭐️旅のランキング 楽天トラベル⭐️\n\n函館・湯の川温泉のおすすめ！人気宿ランキングTOP10☆\n\n主な泉質は無色透明・無臭のナトリウム・カルシウム塩化物泉。しっとりした肌触りと湯冷めしにくいお湯を堪能できます。\nhttps://t.co/9zYdUWyUUE'
湯の川温泉,'#きのこの里 ♨️ \nクセの無い温泉が続いたから、なかなか新鮮に感じる #炭酸水素塩泉 あったまる💫 大きな窓で森林&amp;川を見ながら🛀シャワーも２つ有。ぬる湯とあつ湯の２浴槽 あつ湯は入り易い温度🌡️テラス？には水風呂が😍外気浴がで… https://t.co/ngN7q1xckE'
湯の川温泉,'函館湯の川温泉「望楼NOGUCHI 」\n\nyashinokiさんの宿泊記です。函館湯の川温泉「望楼NOGUCHI」。函館には数少ないハイクラスホテル。和モダンの館内はしっとり落ち着いていて、騒がしくなく、他の人ともあまり顔を合わせ… https://t.co/E7itAPazQa'
湯の川温泉,'出雲市にある「湯の川温泉」は和歌山「龍神温泉」、群馬「川中温泉」と並んで『日本三美人の湯』と称されています。\n\n島根に来て湯の川温泉につかってみぃだゎ♪出雲大社で縁結びして、温泉で美人さんになって…ほんにいい旅になぁだで♪ https://t.co/1k5FUMJ4fI'
湯の川温泉,'#楽天トラベル #旅行 #温泉 #旅館 #観光 #グルメ\n\n函館・湯の川温泉のおすすめ！人気宿ランキングTOP10☆\n\n函館の海の幸や、津軽海峡を眺める露天風呂など、函館観光を満喫できる温泉宿がランクイン！しっとりした肌触りと湯冷… https://t.co/KovX0r3gNK'
湯の川温泉,'出雲・はたご小田温泉 [島根県-出雲・大社・湯の川]19800円～=&gt; https://t.co/h3be9Bzpv8  2021年2月21日の最安値!! 【当館1番人気】地物甘鯛としまね和牛。旬の味覚を楽しむ『玉肌グルメ』'
湯の川温泉,'上野→一ノ関泊→気仙沼→BRT盛→釜石→道の駅山田→宮古→久慈泊→八戸→青森→函館→長万部→小樽→札幌泊・日高晤郎ショーホール公開見学→苫小牧→室蘭→長万部→函館湯の川温泉泊→青森→秋田→酒田泊→加茂水族館→村上→新発田→新津→長… https://t.co/w2dXykjswg'
湯の川温泉,'おはようございます✨\n\n2月21日日曜日\n函館湯の川温泉で\n朝を迎えています\n\nこれから朝市散策&amp;買物\nそしてランチは海鮮丼\n食後のデザートは\nラッキーピエロで\nブルーベリーシェイク🍹\nというスケジュールです😁\n\n食べ物の予定だけ… https://t.co/I91AMhURkn'
湯の川温泉,'【WILL】#FMいるか #函館\n9時~12時まで生放送！\n9:35~「ヒーロータイム」#仮面ライダー 特集\n11:00~「投稿コーナーWonderちょうだい」\n11:15~「海外体験記」\nメール・リクエスト: will@fmir… https://t.co/sgtfsAmAqB'
湯の川温泉,'♥️楽天トラベルでお得に旅行♥️\n\n函館・湯の川温泉のおすすめ！人気宿ランキングTOP10⭐️\n\n承応2年、病に苦しむ藩主を湯治させたことが発祥とされ、主な泉質は無色透明・無臭のナトリウム・カルシウム塩化物泉。しっとりした肌触りと… https://t.co/8bfOPrYvkc'
湯の川温泉,'@kawakami_doto 昨日は川湯に行けず、生配信見てました。\n来年は行きたいです！\nオランダせんべい、どうでした？？リピートありなら、道の駅 摩周温泉にも売ってますよー👍️\n私も昨日食べましたー😋✨\nわかさぎ、たくさん釣れるといいですねー♪'
湯の川温泉,'登別温泉に洞爺湖温泉に湯の川温泉……もう名前聞くだけで強そうだもんナーフしろ'
湯の川温泉,'函館・湯の川温泉のおすすめ❀人気宿ランキングTOP10♕\n\n温泉街にはグルメスポットや、温泉に浸かるサルが見られる動植物園、神社仏閣もあって散策も楽しめる、函館観光の拠点とも言える函館・湯の川温泉の宿ランキングTOP10です♬\nhttps://t.co/b1lSK5pwWl'
湯の川温泉,'@smart_rookies 湯の川温泉行くか'
湯の川温泉,'【ゆのかわ高身長クラブ】も、\n湯の川温泉を応援！♨️\n\nこれから湯の川温泉関連の投稿も集めたりリツイートしたり、幅広くこのアカウントを使いたいと思っています！\n\n何卒よろしくお願い致します✨🙏\n\n頑張ろう湯の川温泉！！\n頑張ろう函… https://t.co/MTY3C2nlNu'
湯の川温泉,'@miraiultradream 函館ならば、湯の川温泉♨️。\n釧路からアクセスするなら阿寒湖温泉♨️\n札幌からなら支笏湖温泉♨️'
湯の川温泉,'旅のランキング\n\n函館・湯の川温泉のおすすめ！人気宿ランキングTOP10\n\n承応2年、病に苦しむ藩主を湯治させたことが発祥とされ、主な泉質は無色透明・無臭のナトリウム・カルシウム塩化物泉。しっとりした肌触りと湯冷めしにくいお湯を堪… https://t.co/M9cDYcnjho'
湯の川温泉,'いっぺん行ってみたい湯の川エリアの温泉\u3000https://t.co/zMp5OMeRuC'
湯の川温泉,'はてなブログに投稿しました #はてなブログ\n#かれい川の湯 \n#霧島\n#温泉 \nかれい川の湯｜ 霧島温泉郷おすすめの貸切湯・家族湯 - MARU×MARU情報局\nhttps://t.co/bKlNmNl1L0'
湯の川温泉,'さんざ長いこと地元に居たのにワタクシ、湯の川温泉に実は1度も入浴に行ったことが無（銃声'
湯の川温泉,'#iiiwate \n\nいつもは日帰り温泉を楽しんでいますが、初めて1泊。\n\n床は、びかびか。\n\n「い」「ろ」「は」の貸切露天風呂は、入り放題。\n\nお部屋は私の家より広くて、友達と二人で過ごすには、贅沢。\n\nロビーも美。\n\n朝風呂。… https://t.co/v15Ksnusip'
湯の川温泉,'【これは便利】\n函館市のNEWS&amp;地域情報サイトを総まとめ！\n\nおすすめはこちら\n函館港花火大会・函館山・五稜郭・トラピスチヌ修道院・ラッキーピエロ・金森赤レンガ倉庫・湯の川温泉・大門横丁\n\nhttp://www.北海道の情報を総まとめ.com/p/oshima.html'
湯の川温泉,'湯の川温泉の３施設で共通プランを企画し、販売を開始しました！\n\nhttps://t.co/stG256EkLo https://t.co/OCLlqqC5pw'
湯の川温泉,'今日のお客は無し 場所: 湯の川温泉街足湯 https://t.co/svajNwH9wH'
湯の川温泉,'@jun1974_f キャンプの時は\n何食べてもカロリーゼロ(๑•̀⌄ｰ́๑)b  w\n\n「湯治湯 ほたる」\nは行かれました？\n湯船にお地蔵さんが入ってます🤭\n半露天で川の流れを眺めながらの温泉は格別です✨\n\nhttps://t.co/0TKo7wz33W'
湯の川温泉,'【函館！！】湯の川温泉のイルミネーションと湯川周辺散策 - YouTube https://t.co/oRkqiuoIV4'
湯の川温泉,'函館・湯の川温泉「割烹旅館若松」\u3000 リニューアル経て2021年4月20日(火)より営業を再開 – 旬刊旅行新聞 – 株式会社旅行新聞新社 https://t.co/717xzoFWGz'
湯の川温泉,'誰か温泉に行きません？私が交通費とか全部出しますから。それくらい余裕です。別府とかどうです？あとは函館の湯の川とか？どこでもいいです。パンツ履かないで勃起しながらついてきてください。お酒飲んだらまたやりまくりましょう。'
湯の川温泉,'旅のランキング\n\n函館・湯の川温泉のおすすめ！人気宿ランキングTOP10☆\n\n承応2年、病に苦しむ藩主を湯治させたことが発祥とされ、主な泉質は無色透明・無臭のナトリウム・カルシウム塩化物泉。しっとりした肌触りと湯冷めしにくいお湯を… https://t.co/5nF9EnijGQ'
湯の川温泉,'温泉行きたいなぁ…湯の川行きたいな\n温泉でゆっくりしたい🥰'
湯の川温泉,'川に湧く温泉。\n至る所で温泉が湧いていて、すごくいいお湯の、秘湯中の秘湯！\nもちろん大自然の中で入浴ができる、地元民の憩いの場となっているみたいですね！\n温泉が湧いてる瞬間を！ https://t.co/FM63C7SwGV'
湯の川温泉,"'「がんばる湯の川温泉」今は安心のひとり旅で、泊まって、食べて、買って、地元応援！函館湯の川温泉「花びしホテル」「竹葉新葉亭」「湯の浜ホテル」3館協同プロジェクトのご案内です。プラン特典は、次回使える宿泊券1,000円分と、当日のみ… https://t.co/GvTX8gBKJt'"
湯の川温泉,'#楽天トラベル #旅行 #温泉 #旅館 #観光 #グルメ\n\n函館・湯の川温泉のおすすめ！人気宿ランキングTOP10☆\n\n函館の海の幸や、津軽海峡を眺める露天風呂など、函館観光を満喫できる温泉宿がランクイン！しっとりした肌触りと湯冷… https://t.co/mUvvUyjfxo'
湯の川温泉,'函館・湯の川温泉「割烹旅館若松」\u3000 リニューアル経て2021年4月20日(火)より営業を再開 \u3000#旬刊旅行新聞\u3000#湯の川温泉\u3000#割烹旅館若松 https://t.co/1gClkn6fr2'
湯の川温泉,'クチコミ高評価！北海道の人気高級温泉旅館ランキング♪\n\n世界遺産「知床八景」をはじめ、大自然が広がる北海道。登別温泉や湯の川温泉など、全国的にも人気の温泉地が揃っています。また、大粒のいくらをはじめ、新鮮な海の幸を堪能できるのも高… https://t.co/YmotzJvfDk'
湯の川温泉,"'足だけはかなり温まりますね‥ (@ 湯の川温泉足湯「湯巡り舞台」 in 函館市, 北海道) https://t.co/4nLTn2MmwH https://t.co/uzp0512PSQ'"
湯の川温泉,"'寒くなってきたので、足湯に浸かりに来た (@ 湯の川温泉電停 - @hakodate_koutsu in 函館市, 北海道) https://t.co/JTAnZT1vFb https://t.co/zv0eokZdB0'"
湯の川温泉,'花巻温泉郷\u3000山の神温泉\u3000優香苑｜【宮大工建築】の木のぬくもりに包まれた湯宿★川のせせらぎを聴きながら、【花巻エリア最大級】のとろみのある大露天風呂と4種の温泉で、至福のヒトトキ♪★温泉口コミ4.7点【エリアトップレベルの評価】\xa0https://t.co/TJ6nxt8om2'
湯の川温泉,'♥️楽天トラベルでお得に旅行♥️\n\nクチコミ高評価！北海道の人気高級温泉旅館ランキング⭐️\n\n世界遺産「知床八景」をはじめ大自然が広がる北海道。登別温泉や湯の川温泉など全国的にも人気の温泉地が揃っています。大粒のいくらをはじめ新鮮… https://t.co/zXn6Lt0hU3'
湯の川温泉,'カムイワッカ湯の滝：北海道斜里郡斜里町\n世界遺産に登録された知床半島のほぼ中央にあり、川には温泉が流入して、滝壺が天然の露店風呂になっています。\n知床硫黄山中腹から湧き出る温泉が川に流れ込み、川全体が温泉となっています。'
湯の川温泉,'湯の川温泉の足湯までは当館より徒歩約3分♪\n2/28までライトアップしておりますので、\nぜひお立ち寄りくださいませ(^_-)-☆ https://t.co/gYmVoY4qY2'
湯の川温泉,'昭和レトロ\u3000観光しおり\u3000湯の川と五稜郭\u3000温泉と歴史 https://t.co/h2DZgFDBq1 #ヤフオク'
湯の川温泉,'姫路ゆめさき川温泉\u3000旅館 夢乃井: メインの絶景露天風呂「星の露天風呂 天守の湯」や人気の炭酸風呂、定番のジャグジー風呂等からの「満天の星空」「朝日に映える里山」を望む湯浴みは極上！ https://t.co/aJU3Dvw6Dw'
湯の川温泉,'♨️楽天トラベル 北海道の温泉♨️\n\n函館・湯の川温泉のおすすめ！人気宿ランキングTOP10✨\n\n承応2年、病に苦しむ藩主を湯治させたことが発祥とされ、主な泉質は無色透明・無臭のナトリウム・カルシウム塩化物泉。しっとりした肌触りと… https://t.co/Z5tZI0nQsT'
湯の川温泉,'@Shikounofuukei Good Morning ⛅️\n\n温泉宿少ないけどね、川湯の温もりを見えるくらいにですよね？\n\n今日もよろしくお願いいたします！'
湯の川温泉,'はてなブログに投稿しました #はてなブログ\n#かれい川の湯 \n#霧島\n#温泉 \nかれい川の湯｜ 霧島温泉郷おすすめの貸切湯・家族湯 - MARU×MARU情報局\nhttps://t.co/bKlNmNl1L0'
湯の川温泉,'@gorincho_52 湯の川温泉では人気のスポットですよ（笑）\nぜひまたお越しくださいね'
湯の川温泉,'#楽天トラベル #旅行 #温泉 #旅館 #観光 #グルメ\n\n函館・湯の川温泉のおすすめ！人気宿ランキングTOP10☆\n\n函館の海の幸や、津軽海峡を眺める露天風呂など、函館観光を満喫できる温泉宿がランクイン！しっとりした肌触りと湯冷… https://t.co/kU2NML9RwT'
湯の川温泉,'今行きたい温泉4選\n湯の川、草津、熱海、別府'
湯の川温泉,'函館・湯の川温泉のおすすめ！人気宿ランキングTOP10✨\n\n主な泉質は無色透明・無臭のナトリウム・カルシウム塩化物泉。しっとりした肌触りと湯冷めしにくいお湯を堪能できます。\nグルメスポットや温泉に浸かるサルが見られる動植物園、神社… https://t.co/AJ66TdtMgt'
湯の川温泉,'次の温泉をそれがある都道府県ごとにグループ分けしなさい\n静岡県：熱川温泉、寸又峡温泉、湯ヶ島温泉\n岐阜県：平湯温泉\n山梨県：石和温泉'
湯の川温泉,'楽天トラベルから北海道 函館・湯の川・大沼・奥尻 の\nサービスの評価が高いホテルはこちら😉\n\n🏨ホテルＷＢＦ函館\u3000海神の湯\n\n☑サービス評価：4.4\n☑レビュー：158件\n\nＪＲ函館駅近源泉かけ流し温泉ホテル！全室禁煙・空気清浄機… https://t.co/zMlkKKE4J9'
湯の川温泉,'楽天トラベルから北海道 函館・湯の川・大沼・奥尻 の\nサービスの評価が高い旅館はこちら😉\n\n🏨湯の川温泉\u3000大黒屋旅館\n\n☑サービス評価：4.3\n☑レビュー：227件\n\n四季の彩りを味覚に込めるとともに、訪れるお客様ひとり一人にご満… https://t.co/WpSHBUNe8R'
湯の川温泉,'楽天トラベルから北海道 函館・湯の川・大沼・奥尻 の\nサービスの評価が高い旅館はこちら😉\n\n🏨函館・湯の川温泉\u3000ホテル万惣\n\n☑サービス評価：4.2\n☑レビュー：503件\n\nお食事と温泉が大好評！\u3000函館空港より車で10分\u3000ファミリ… https://t.co/UW4jfaG4fR'
湯の川温泉,'楽天トラベルから北海道 函館・湯の川・大沼・奥尻 の\nサービスの評価が高い旅館はこちら😉\n\n🏨湯の川温泉\u3000ホテル雨宮館\n\n☑サービス評価：4.0\n☑レビュー：756件\n\n◆函館アリーナ徒歩1分◆アットホームな温泉ホテルで\u3000湯の川源… https://t.co/hAd2stCxzd'
湯の川温泉,'#楽天トラベル (๑•᎑•๑)♬*゜\n\n函館・湯の川温泉のおすすめ！人気宿ランキングTOP10🌸\n\n温泉街にはグルメスポットや、温泉に浸かるサルが見られる動植物園、神社仏閣もあって散策も楽しめる、函館観光の拠点とも言える函館・湯の… https://t.co/SFEmVLddwi'
湯の川温泉,'やっと札幌市から出ても良くなるみたい\n本当に長かった・・\nずっ〜と小樽にさえも外出控えてたけど\nやっと函館に行ける！\n\nセンチュリーマリーナと湯の川とか温泉♨️とか\nラッピとかハセストとか30分のクレープとか✨\nあああ、本当に長か… https://t.co/3lxZnkKQLT'
湯の川温泉,'2021.02.20、函館市の湯の川温泉街にて開かれている湯の川冬の灯り。思っていたよりもきらびやか。メインは足湯のあるあたりなので、海側にいけば行くほど寂しくなります。開催は2/28までらしいです。\u3000#ダンボー\u3000#函館市… https://t.co/TMlvOvTKGt'
湯の川温泉,'もみじ川温泉(371ヶ所目)\nべふ峡温泉\n天然の湯 ながおか温泉(372ヶ所目)\n\n#下旅 https://t.co/JzbzqJ5kPz'
湯の川温泉,'はじめての登別温泉は控え目に言っても最高だった。やっぱり温泉街ってワクワクするんだよなー。\n\nYouTubeアップ！\n\n真冬の川で天然足湯！鬼が棲む街、地獄谷！ここは北国、登別の湯 Vlog… https://t.co/gNyWa79qek'
湯の川温泉,"'サウナを愛でたい、温泉を愛でたい^_^ (@ 浅の川温泉 湯楽 in 金沢市, 石川県) https://t.co/qLjWei74gH'"
湯の川温泉,'˖✧⁽⁽◝(⁰▿⁰)◜楽天トラベル◝(⁰▿⁰)◟₎₎✧˖\n\n函館・湯の川温泉のおすすめ！人気宿ランキングTOP10‼️\n\n函館の海の幸や、津軽海峡を眺める露天風呂など、函館観光を満喫できる温泉宿がランクイン✨\nhttps://t.co/MsUakGYE1b'
湯の川温泉,'汤之川温泉     （湯の川温泉）\n⇒ https://t.co/Qp9NrgePpZ #アメブロ @ameba_officialより'
湯の川温泉,'楽天トラベル\u3000🧳たびノート\n東京都\u3000東京の人気スポット 今日の👑3位\n東京スカイツリー(R)\u3000🗺墨田区\n自立式電波塔として世界一の高さ(634m)を誇る\n周辺の♨温泉：蒲田黒湯温泉 亀島川温泉 他\n※旅館・ホテルの「新型コロナウイ… https://t.co/uVhvn0VM7K'
湯の川温泉,'@MinaMina_h_h ！！！\nありがとうございます😭\nいつも温かいお言葉\n本当に励みになります😭\n微力ながら\n湯の川温泉でも、まだまだひよっ子の笑函館屋ですが\n湯の川も函館も個人もお店もホテルも問わず応援させて頂きたい！(勝… https://t.co/PBmVh4nXEu'
湯の川温泉,'今日は霞ヶ浦の南端にある行方市麻生の麻生温泉白帆の湯へ行ってきました。お昼は近くのしをみ食堂のらーめんセット（川エビの天ぷら、目玉焼き、ヤクルトもどき付き）川エビの天ぷらは冷たかったけどサクサクで美味しかった。 https://t.co/oGIW1fDKLD'
湯の川温泉,'♥️楽天トラベルでお得に旅行♥️\n\n函館・湯の川温泉のおすすめ！人気宿ランキングTOP10⭐️\n\n承応2年、病に苦しむ藩主を湯治させたことが発祥とされ、主な泉質は無色透明・無臭のナトリウム・カルシウム塩化物泉。しっとりした肌触りと… https://t.co/S8kdBZ8ugN'
湯の川温泉,'昔、行った湯の峰温泉壺湯、いい湯なんだがここに三人は狭過ぎたw帰りは十津川卿と定番温泉卵♫この定員一名のケーブルカーはただ川を渡って帰ってくるだけという何のために存在してるか分からず乗ってないw\n#温泉 #混浴 #湯の峰温泉… https://t.co/5POsbW6Iqz'
湯の川温泉,'函館市・湯の川温泉から楽しい情報を発信している「ゆのかわ高身長クラブ」！そして青森市・浅虫温泉をはじめ、青森県内の温泉を愛してやまないメンバーで、情報交換をします！♨️\n\n23日21時半〜オープン\n\n飲み物等片手にゆる〜くご参加く… https://t.co/QgS8wbbXp7'
湯の川温泉,'〆の♨️\n先日のアンケートでもお勧め頂いた七里川温泉へ！\n千葉では稀少な源泉かけ流し硫黄泉。さすがに本場には勝てないけど、良い湯です。\nただ、ここはそれ以上に、囲炉裏焼きがヤバい。日帰り車運転で来たら本来の楽しさ半減以下ですわｗ… https://t.co/VdzTicw24Y'
湯の川温泉,'岩手湯本温泉\u3000かたくりの宿\u3000一休館｜特別豪雪地帯の豊かな大自然と、100％源泉かけ流しの湯でのんびりお過ごし頂けます。岩手北上から秋田横手までの中間に位置した当館は、川沿いの自然に囲まれた温泉地で四季折々の風情があります。\xa0https://t.co/SUXJlJ8lw5'
湯の川温泉,'今晩は久々に、Clubhouseトークルームやります！\n\n前回に引き続き、函館市・湯の川温泉「ゆのかわ高身長クラブ」の3人と、青森市・浅虫温泉をはじめ、温泉大好きなメンバーで対談します。\n\n温泉好きな方はぜひご参加ください！… https://t.co/PcBabfFIdG'
湯の川温泉,"'楽天トラベルから北海道 函館・湯の川・大沼・奥尻 の\n食事の評価が高いホテルはこちら😉\n\n🏨ホテル法華クラブ函館\n\n☑食事評価：4.6\n☑レビュー：1,715件\n\n函館郷土料理が豊富な朝食バイキングを是非■人工温泉準天然《光明石温… https://t.co/cKlq4CX3vv'"
湯の川温泉,"'楽天トラベルから北海道 函館・湯の川・大沼・奥尻 の\n食事の評価が高い旅館はこちら😉\n\n🏨湯の川温泉\u3000花びしホテル\n\n☑食事評価：4.2\n☑レビュー：1,020件\n\n趣き異なる2ヶ所の大浴場が大人気！老舗温泉旅館の真髄を心ゆくまで… https://t.co/eu9RrUbDKF'"
湯の川温泉,'楽天トラベルから北海道 函館・湯の川・大沼・奥尻 の\n食事の評価が高い旅館はこちら😉\n\n🏨湯の川温泉\u3000湯の浜ホテル\n\n☑食事評価：4.0\n☑レビュー：549件\n\n2種類の温泉をお楽しみ頂けます。東海亭は展望風呂付客室もございます。\n\nhttps://t.co/hDfO3NA1Du'
湯の川温泉,"'楽天トラベルから北海道 函館・湯の川・大沼・奥尻 の\nお風呂の評価が高いホテルはこちら😉\n\n🏨天然温泉\u3000ホテルパコ函館\n\n☑お風呂評価：4.5\n☑レビュー：4,247件\n\n楽天トラベルアワード受賞★駐車場200台以上完備★全室Wi… https://t.co/ViDFnd1L88'"
湯の川温泉,"'楽天トラベルから北海道 函館・湯の川・大沼・奥尻 の\nお風呂の評価が高い旅館はこちら😉\n\n🏨湯の川温泉\u3000湯の川プリンスホテル渚亭\n\n☑お風呂評価：4.4\n☑レビュー：1,650件\n\n温泉露天風呂付客室は１１５室ご用意！！\n\nhttps://t.co/gHeoKKLqZ1'"
湯の川温泉,'楽天トラベルから北海道 函館・湯の川・大沼・奥尻 の\nお風呂の評価が高いペンションはこちら😉\n\n🏨函館・湯の川温泉\u3000ＫＫＲはこだて（国家公務員共済組合連合会湯の川保養所）\n\n☑お風呂評価：4.3\n☑レビュー：190件\n\n豊富な湯量… https://t.co/5onoyCfNBL'
湯の川温泉,'⭐️楽天トラベル⭐️\n\n函館・湯の川温泉のおすすめ！人気宿ランキングTOP10♬\n\n函館の海の幸や、津軽海峡を眺める露天風呂など、函館観光を満喫できる温泉宿がランクイン☆\nhttps://t.co/HijTY7kfve'
湯の川温泉,'湯の川温泉（北海道）\n\n#どこかの温泉地に飛ばされるボタン\n#みんなのボタンメーカー\n https://t.co/gXu0TAVnaP'
湯の川温泉,'そうだ湯の川温泉に行こう。\n\n#函館\xa0#湯の川\xa0#湯の川温泉\xa0#温泉\xa0#お得\xa0#西部地区に恋する男子\xa0#真心\xa0#笑顔\xa0#まち暮らし\xa0#函館愛 https://t.co/lqiTCnRnKJ'
湯の川温泉,'しかし、ダイヤの都合上、音威子府で下車すると次の上り列車まで時間があるので、天塩川温泉にでも寄ろうかと考えた。運良く村営コミュニティバスの路線が天塩川温泉まである。しかも無料。湯に浸かり疲れを癒やし帰りは天塩川温泉駅まで歩き、木製のホームで名寄方面の列車を待つ。'
湯の川温泉,'@takoyaki_memo 温泉なら、蒲生野の湯(最寄り京セラ前)\nイタリアンなら、愛知川か南彦根にある南蛮茶'
湯の川温泉,'#函館に行く時に食べる\n#ホテル万惣\n\n朝食バイキング\n\n函館・湯の川温泉 ホテル万惣\n〒042-0932 北海道函館市湯川町１丁目１５−３\n0138-57-5061\nhttps://t.co/qEnKGZGajI https://t.co/U5Wwwm1AR9'
湯の川温泉,'クチコミ高評価！北海道の人気高級温泉旅館ランキング✨\n\n世界遺産「知床八景」をはじめ、大自然が広がる北海道。登別温泉や湯の川温泉など、全国的にも人気の温泉地が揃っています。また、大粒のいくらをはじめ、新鮮な海の幸を堪能できるのも高… https://t.co/vD4YNHFanW'
湯の川温泉,'【別府雑紹介：紫石温泉】\n本体は上の建物。川沿いの謎の構造物は「打たせ湯」という、滝の修行のように高所からお湯を流してマッサージするという中々粋の利いた代物だった。今では使えない\nhttps://t.co/b6jOXCUuvi'
湯の川温泉,'楽天トラベルから北海道 釧路・阿寒・川湯・根室 の\n食事の評価が高い旅館はこちら😉\n\n🏨川湯温泉\u3000ＫＫＲかわゆ（国家公務員共済組合連合会川湯保養所）\n\n☑食事評価：4.2\n☑レビュー：651件\n\n源泉100％かけ流し天然温泉の静か… https://t.co/QkP60v0gwG'
湯の川温泉,'@kikko_no_blog 函館の湯の川温泉の高級なお宿で、2泊できます。'
湯の川温泉,"'楽天トラベルから北海道 釧路・阿寒・川湯・根室 の\nお風呂の評価が高いホテルはこちら😉\n\n🏨天然温泉ホテルパコ釧路\n\n☑お風呂評価：4.5\n☑レビュー：1,638件\n\n釧路の繁華街にありクチコミ評価4.5以上の天然温泉大浴場・屋上… https://t.co/RidWMpJixi'"
湯の川温泉,"'楽天トラベルから北海道 釧路・阿寒・川湯・根室 の\nお風呂の評価が高いホテルはこちら😉\n\n🏨天然温泉\u3000幣舞の湯\u3000ラビスタ釧路川（ドーミーインチェーン）\n\n☑お風呂評価：4.2\n☑レビュー：3,493件\n\n最上階には太平洋も一望でき… https://t.co/ifLtcxTkDa'"
湯の川温泉,"'楽天トラベルから北海道 釧路・阿寒・川湯・根室 の\nお風呂の評価が高いホテルはこちら😉\n\n🏨阿寒湖畔温泉\u3000ニュー阿寒ホテル\n\n☑お風呂評価：4.4\n☑レビュー：1,557件\n\n阿寒湖畔に建つリゾートホテル・屋上に天空ガーデンスパな… https://t.co/4DueXC7NpX'"
湯の川温泉,'楽天トラベルから北海道 釧路・阿寒・川湯・根室 の\nお風呂の評価が高い旅館はこちら😉\n\n🏨カムイの湯\u3000ラビスタ阿寒川\n\n☑お風呂評価：4.5\n☑レビュー：455件\n\n２０１５年８月ＮＥＷ\u3000ＯＰＥＮ！\u3000ただ、川と温泉があるだけの森に… https://t.co/baggMefROy'
湯の川温泉,'楽天トラベルから北海道 釧路・阿寒・川湯・根室 の\nお風呂の評価が高い旅館はこちら😉\n\n🏨阿寒湖畔温泉\u3000ホテル阿寒湖荘\n\n☑お風呂評価：4.1\n☑レビュー：653件\n\n阿寒湖のほとりに位置しており展望大浴場より阿寒湖を一望できます… https://t.co/hQUN4Zkor6'
湯の川温泉,'函館市(はこだてし)。道南・渡島地方。五稜郭・函館山(夜景)・トラピスチヌ修道院・北島三郎記念館・函館朝市・金森赤レンガ倉庫・恵山・水無海浜温泉・湯の川温泉・函館市電・和洋折衷の街並み・日本初○○・イカ・函館ラーメン・ラッキーピエロ・やきとり弁当・GLAY'
湯の川温泉,'悠湯の宿\u3000湯澤屋｜緑あふれる山並みに包まれた赤倉温泉にあり、天然の岩石を利用した天然温泉。宿は川に面しており、くつろぎの時間を楽しめる。子育て応援のお得なプランもご用意♪近隣には前森高原や赤倉スキー場もあり。https://t.co/CkfRSwPSVq'
湯の川温泉,'ちょっと早いけど\nバレンタインのお返しで\n湯の川温泉に来てました🎵\nしかも海側空いてたからってホテル側が用意してくれてすげぇ嬉しかったのに…\n朝起きたら…雪で…朝日見ながら露天風呂出来なくて泣いてる…全俺が泣いてる https://t.co/OXswaUMkLS'
湯の川温泉,'そうだ湯の川温泉に行こう。\n\n#函館\xa0#湯の川\xa0#湯の川温泉\xa0#温泉\xa0#お得\xa0#西部地区に恋する男子\xa0#真心\xa0#笑顔\xa0#まち暮らし\xa0#函館愛 https://t.co/baHNytryG7'
湯の川温泉,'@studio_rainbow2 こんばんは。\nコメントありがとうございます。\n湯の川温泉のホテルの一部は現在休業しているところも有ります。\nちなみに家の布団の方が寝心地が良かったです😅'
