表情,'1つ1つの表情や仕草だったり、場を取り持とうと一生懸命に頑張るギルダが可愛いです😊\n右下のポーズが個人的にお気に入りです🤐\n#ぬいスピ #井坂仁美 https://t.co/Dma7Kxxi59'
表情,'メカエリチャンのこの表情SUKI https://t.co/3dCU5iFARk'
表情,'@RIOK660581291 おは？\n\nおそよう😂\n\n色んな表情してくれたなぁ☺️'
表情,'カウンターに座ってるからか、少し上から見下ろされてる感と脚組んでるのが合わさって、かっこよさが半端ないなー🙈\n衣装とかシーンによってまるで別人みたいに表情が変わるの本当すごい…\n#くるスト'
表情,'THE9愛が強いシンシン可愛い〜( ；∀；)！\n全てが完璧であるグループが必ずしも良いわけでなくて、色んな個性が集まることが大切よね。\n上手い！てだけでなく、シンシンみたいに愛嬌や表情管理、周りを巻き込む空気感が人気の秘訣だったの… https://t.co/jGY6VserPF'
表情,'@Fate_GO_Mas んん？(きょとんとした表情で貴方を見て首を傾げ。)'
表情,'@__o0x0o___ えっ\nどうした😳\nわっるい女の表情どこで覚えたの🙄🙄かわいいは正義👍'
表情,'クソコラ選手権で完全に描いたの忘れてたけどこの表情のデッパーくんがめちゃくちゃ好き https://t.co/oQwi5UgyfY'
表情,'@tomomomomo2018 ともさんの絵、文字も雰囲気も本当に素晴らしいと思います。ちゅやの表情、太宰の そ\nんなつもりはない の言いたい事、私個人的にはこのストーリー大好きです😭😖🙏\nまた新作を応援しております！✨✨'
表情,'「装甲娘戦機」7話上映会 / ニコ生感想。 https://t.co/fBkduZUcUK #装甲娘戦機 #nicoch\n突然のアプデとかWin10かよ…\n逃げれらない場所で対話とはリコやりよる\nスズノちゃんいつか来る別れがつらい… https://t.co/iv7XQGFdN3'
表情,'私のお気に入りはp58の大輝くんです。\n後ろのイルミネーションに全く引けを取らない大輝くんの綺麗な瞳に吸い込まれる気分です！\n後は何と言っても表紙の表情が大好きです。\n\n#ウィズロク'
表情,'@kisa_hi 赤っぽい茶色の短髪がいいな〜っと思ってる☺️\nチャラいのわかる！！ww\nめっちゃ表情コロコロ変わる人間なので、クールとか誠実そうな男装は無理かなww\nチャラい服装…\nえ、もうナゴヤになるやんwww'
表情,'@uramariuraura あ～～～～！！！！！😭😭😭🙏とってもえっっっちです！！！！ありがとうございます🥰🙏😭布にくるまれたおちんちん感が最高です…っ！恥じらいの表情が可愛らしいのですが男らしい肉体美も繊細に描かれていてワイは… https://t.co/87bhYld66m'
表情,'僕は喜んだ。孫の首を嬉しそうに抱き締めながら、とっても喜んだ。その様を見て、DIOが何か言いたそうな表情をしていたけれど関係ない。これで僕とDIOは本当の兄弟になれたんだから。「…ありがとうね、承太郎。大好きだよ」抱き締めた首から涙が流れ落ちた気がしたけれどきっと気のせいだろう。'
表情,'菖蒲優司表情差分まとめ(ハピシュガ用に赤面差分も)\n使うかどうかはともかく描きたい表情が描けた(気がする)ので満足 https://t.co/ppRnfjBOto'
表情,'#シブヤノオト \n#僕は僕を好きになる\n「僕は僕を好きになる」\n本当にいい歌！！\n今日は過去一前向きな気持ちで聴けた！！なんかとっても嬉しいです！！\n本当にみんなの表情が大好きなのよ！！そしてあのジャンプの所！！\n最後の美月ちゃん… https://t.co/qN7IuFag5K'
表情,'しばたさんがやまざきさんをほめている時のやまざきさんの何とも言えない優しい表情を見て「結婚しちまえ」ってつぶやいている方がいたのめっちゃ笑う🤭'
表情,"'ジョングクの""뭐해(何してんの)""の言い方やら表情やらがもう………2人が醸し出す独特の雰囲気にこっちが何してんのと言いたい……………\n https://t.co/qu5w5XhtPN'"
表情,'やこーくんの顔グラとか報酬カードの表情が大体好き。本当に繊細な表情をするなぁと思う'
表情,'メアリさんの表情めちゃくちゃ悲しんでる\n #メアリのお部屋'
表情,'(横尾)ルアコーシングの魅力っていうのは何なんですか？(*)ライバルとのしのぎを削り…ゴール後の満足気な表情、それが…あの魅力ですね(横尾)あぁ～勝ったか負けたかってのは分かるんですか？(*)勝った時は尻尾を振って喜ぶ、目も輝かせてね(横尾)はい[2015.11.29]'
表情,'東京千穐楽以来の #スルース\n会場が大きいから薄暗かったワイク邸も明るい\n不気味さが減るけど表情や物の見えてなかったとこを発見\n帽子が細かいチェック柄\n2幕のマイロの手\n\nアンドリューもマイロも芝居が変化\n言い方や会話の間、動き、… https://t.co/bM32iA7d33'
表情,'アルビレオ（無表情で怖いと言われたけど声と同じで表情も上手くできないんだ。すまない）'
表情,'就活生３「面接官の顔見て話せ」コミュニケーション力があります！と意気揚々とPRする学生。少し説明不足で、面接官の表情が「？困惑？」にも関わらず、作ってきた話を一方的にしてしまう。これは独り言と同じ。本当にコミュニケーション力がある人は、相手の表情に気が付いて、補足説明ができる人。'
表情,'レオくん(@leodq10)がこちお描いてくれました！ぽわぽわしててちょっといたずらっぽい表情でとっても可愛いです☺\nとっても嬉しい！！ありがとうございました〜🥰\nぽわぽわ𓂃 𓈒𓏸 https://t.co/u8kwkpBzNw'
表情,'引き寄せて抱きしめる「好きだ」のシーン、スカートが翻るところもそうだし、表情が甘く熱を帯びるところなど、魅力的な描写に引き込まれてしまいます。小さなそうちゃんの可愛い笑顔も守りたい…！ #黒弁護士キャンペーン'
表情,'増田さんさんが答えたあとの「惜しい」までの二人の表情(笑)惜しかったけど自分が考えた名前じゃないものもちゃんと覚えてるところいいね〜〜〜 https://t.co/nmMwFVulLU'
表情,'@kokoro11212121 優しい表情のコロちゃんがすき！！'
表情,'後藤の表情が好きすぎる'
表情,'黒兎 USA子(アイコンの子ね)なんともいえん表情 可愛すぎる‼️'
表情,'.\n\nあ、可愛い子みっけ 👀💗\n\nいろんな表情すんのほんま可愛いナ\n\n何も無い所で転けたりするけど、\n\nどんくさい所まで みくに似てしまったのかい。？ https://t.co/1b0RidHoNw'
表情,'前回アズール・アーシェングロットくんの表情練習沢山してたので自撮り見て欲しいんだけど個別に投下するかまとめて投下するか…'
表情,'春日隆平がありとあらゆる臓器をぶちまけ苦悶の表情を浮かべて死んでいる'
表情,'初日からあっという間に２週間が経ったけど椿くんのソリタリの表情、表現のレパートリーが完全に増えた？広がってる？というか、今日は間奏の前に出てくる所の表情がもう最高だったからただただ驚いた。足先と手の先だけでも観てて最高、天才と思えるアイドルはチェヨン位だったのに毎回感動してる🙆'
表情,'@usausakuroro そんな褒められてもやる気しか出ないぞ！！！もっと表情動かせるように頑張るね♥'
表情,'もう手を離さないと決めたのに自室から去るホを呼び止めたのに、振り向いたホは顔こそホだけど表情が前とは違いすぎてて、どうすればいいのかわからず「あ...いや、こちらこそすまなかった。...もう夜も遅いからな」と言外に出て行けというこ… https://t.co/rK0CMmHDmg'
表情,'44ページの下の写真がポストカードになってほしいなぁ\n極光の時、これが俺の限界ってベットの上で白服きたセクシー写真披露してたけど\n今回これでもかというほど際どいの満載ですごくよかったです\n全部が全部表情がくるくるかわって\nどの大輝くんも大好きです😘\n\n#ウィズロク'
表情,'ミチルのカード、見れば見るほどミチルの表情とムゥムゥの虚無顔(？)の温度差がじわじわくる'
表情,'先週の坂崎さんのラジオ聞き直してたんだが、何故えくぼができるか？魚類の鰓孔から表情筋に進化し、笑顔を見せ敵意がないことを示し、争いを避け生き延びてきた。顔の骨と筋肉をつなぐ靭帯が強くくっついてるとえくぼが深い。らしい。左にあるけど全く知らんかったな。'
表情,'@yui_norimaki 墨ですか！色がすごく綺麗ですね〜！\n柔らかい感じと色味が作品と由衣さんの絵柄にぴったりです☺️\n視線の先は…小黒ですかね？表情がとても優しい✨'
表情,'@azm3fp 穏やかな表情と周りにいる蝶々が素晴らしいと思います'
表情,'ぴこちゃんの描く表情好き〜〜！！'
表情,'@mo_mo_ya111 （突然お別れされた😰）いつもながら構図や表情がないすーです👍️✨もうてんの、ぽよんとした表情がもう🤦'
表情,'音楽番組でワンショット抜かれた時の表情が100点か0点の二極で有名な人 https://t.co/IkiJbmTe2B'
表情,'@genjiro_ito 源二郎さんこんばんは‼️表情は声に出る素敵です☺️声に「面倒だ」が出てはいけませんよね...気をつけます😇ww'
表情,'@MEI72162858 (￣ｍ￣〃)ぷぷっ!\u3000点目って・・\nそこからでも表情がうかがえますけど🍀'
表情,'愛犬のどんなところが可愛いのか考えてたんだけど、喜怒哀楽さまざまな表情を見せてくれるところかなぁって思った。'
表情,'@348l299w3wsTdv3 私も1人で見てる時はただただ浸って見てます。あの表情の作り込み、感情の揺れ、もう目が離せないですよね…。'
表情,'@CPAP519307851 ゆいちゃんの凄さは、角度で表情が全然違うところ'
表情,'やっと彩愛卒業のDVD視聴完了。この子のことずっと好きだったんだよなぁって再確認。当日はずっと泣いててステージの細かいところ見えてなかったけど、彩愛とか他のメンバーの子とかこの時こんな表情してたんだ、、、ってエモくなってる。'
表情,'だったのかといっそ感心すらした。そんな生活を過ごし一週間程のこと、来客があった。軽快に鳴るチャイムと沖田を呼ぶまだ幼さを含む若い声が2つ。パッと嬉しそうに表情を綻ばせて出迎えに行く沖田の血色はいい。余程嬉しい相手なのだろう。則宗は内心とても安堵した。親しい相手がいるのは喜ばしい。'
表情,'@woshisabila_w 诶（露出了坏蛋的表情）~~扑！！！我帮你洗呀~~~！！'
表情,'①  一倉颯くん\n②  表情豊かなところ！\n③  自分にちょっと共通するところもあってとても面白いです！これからもクールドジな男子たちを見守っていきたいです〜\n#クールドジ男子バレンタイン https://t.co/2HBpwTwMrE'
表情,'@Aizawa_mikuu おつかれさまでした。\n\n以前のEPSのときよりも、より可愛い表情が出来るようになったなと思いました。'
表情,'うわーーーかわいい、ミヤビかわいい！！面白フォロワー、絵上手人だったの…かわいい…3人の表情良い…！'
表情,"'一言一句同じあたり怒られ方が単調だな〜と思うけど、実際こういうイメージなんだよね……最初はぷんすこ怒ってるんだけどバカバカしくなってPとどちらともなく笑い出しちゃったり、口では怒ってても表情は穏やかに笑ってたり、""怒る""というより""叱る""イメージ……？'"
表情,'ฅ🐱ｸﾝの誕生日まであと\n❺日！！！\n色と表情こだわった！\n\n#Rｸﾝの誕生日まで過去を振り返ってみた https://t.co/fTa2RWXj0x'
表情,'色が付くとかわいさマシマシですね🥰💖表情がもう最高にかわいいです💘☺️'
表情,'@argon_mizumura ちなみにぼかァカタめの表情の低身長年上受けが好みでさァ'
表情,'さっきのリプの1枚目はシンプルフォーマルにしてて、2枚目はカジュアル、3枚目はフォーマルにフェミニンも入ってどれも可愛い着方だし、素材によっても魅せる表情が違うからそこもいい〜〜〜〜〜〜😢💗💗💗'
表情,'徹くんのp64をぜひポストカードに🥺\nきめているところもかっこいいですが\n自然な表情も素敵です、！\n\n#ウィズロク'
表情,'@spade63x_ 墓確定だね…\n私、今からデュのおめかしの表情想像してるから🥺(早い)'
表情,'みるみるうちに元気で明るい表情に😄やはり\n同じ仲間の絆っていいもんだなぁ～と私も\n目を細めながら観ていました😆そして最後には\nお互いコラボやろ～と約束し合っていたので、\n近い内にお二人のコラボ配信が実現するのかも\n知れませんね🤗楽しみにしています🙋\u200d♂️'
表情,'阿部「本当に嫌だったらあんな表情もしない、翔太は」\n渡辺「ほんっとに良い奴お前は」\n#それスノ'
表情,'その心を忘れる人間にだけはなりたくありません。\nさて配信ではその後も何となくやや硬い雰囲気のまま\nお話しが進んでいたのですが、コメ欄に同じ2期生\nアンダーの首藤百慧さんが登場してから雰囲気が\nガラッと変わりました😊服の貸し借りをしていたの\nか、そのお礼コメを見た久保田さんの表情も'
表情,'@liarliar_movie \n初日の朝イチに鑑賞💐\n主演の松村北斗くん、森七菜ちゃん2人を含め出演者全員の表情の変化が最高でした！！！！\nツン、デレ、姉、弟、彼氏、彼女、友達、、沢山の角度から気持ちを感じることができた映画でと… https://t.co/Oe4Vkdy3PG'
表情,'@shiningstars0_0 すごい😆⤴️\n幸せなあ～✨表情だね～✨☺️🍒いい顔してるね\n\nあっぽくも、いい顔を～✨\n(￣▽￣;)(￣▽￣;)似てる？\n\n言葉がなくても\n笑顔が幸せを\n運んでるね～✨🌻\n\n身体の中から幸せが溢れ… https://t.co/MrNiH3FXeS'
表情,'@VlUXLL5f7rmYDyc 表情が見えないキャラのように見えて見えるのすこ\n\nやっぱりシュペーはかわいいよ'
表情,'責めてる時の表情が\nたまらんくて大好きな作品🖤\n\n▼ヌキポイント\nボンテージ\n嫁にペニバン挿入される\n淑女からの変貌ぶり\n見下す表情◎\n\n他の人妻系の作品もドキドキするからぜひ⭐️\n＃さらのAVのすゝめ\u3000＃ドM一家の嫁\u3000＃水戸かな… https://t.co/NksCcVbPji'
表情,'@K_shin_0717 ご返信ありがとうございます🙇\u200d♀️\n表情や動きの全てに魅力されました！\n語彙力無くて申し訳ないのですが、ほんとに素敵な演技がみれて幸せでした！\nこれからのご活動も楽しみにしてます☺️'
表情,'なるべく穏やかな表情で生きたい'
表情,'それよりなによりアンダーショットがすぎるかわいすぎる🥰笑\nトリミング中犬の表情を視界のすみに入れてシグナルに注意する癖がついてるんやけど、歯がデフォで見えてるのに、歯を見せてるのかと焦る、を繰り返したよね😂'
表情,'#HAPPYJUNGWOODAY\n#정우의_스물넷_빛날거야_알잖아\n\nジョンウ생일축하해🎉\nめちゃくちゃ美しくて白雪姫みたいなのに腹筋バキバキだったりふとした表情が色気やばやばでいつもギャップでオタクは死んでるよ😇🥺 https://t.co/eUzKhnJ1oz'
表情,'これは素敵...七海ちゃんの表情好きすぎる'
表情,'メッセージも配信もそうだけど、表情見えないからこそなるべく思ってることとか伝えたいことが伝わるようにと思ってるんだけど、そのせいか気持ちや言葉が全部ストレートに出てしまうのがたまに恥ずかしくなる 🤦\u200d♂️'
表情,'ひゃ〜💗表情にも耳元にもドキドキしてしまう✨'
表情,'いんさんの描くドスくん良い表情すんだよな……'
表情,'@F_cashmere @ba7ketchup Majaさん、はじめまして！\n色使いも表情も可愛いです😍'
表情,'祭り43日目‼️\n今日は新八くん❗️良い表情だ～✨\n言葉の一つ一つが最適で優しくてホント人格者だな～✨\n銀さんが彼に出逢えて良かった✨\n彼が銀さん達に出逢えて本当に良かった✨\n\n#銀魂ザファイナル \n#銀魂THEFINAL… https://t.co/0ZVv7Urro6'
表情,'@yuna_root やっぱるくんはあざとい表情しか勝たんですよね（'
表情,'どんよりと暗雲を背負いながらソファに座ると、空却が「今度はなにやったんだよ」って呆れた顔で聞いてきたので、さまときさまは正直に「氷筋って野郎つまんねぇなって簓に言った」って白状すると空却はやっちまったなコイツみたいな表情を浮かべる。「おまっ、それ簓にとっちゃ地雷じゃねぇか」'
表情,'@move__point__P 点Pちゃんの描く轟くん、どの表情もすごく好き…💕'
表情,"""@tosamasiniwaka ありがとうございます！\nこのすばキャラ表情豊かすぎて顔パーツ足りませんよね！！\nアクアも通常顔と泣き顔しかないのでドン引きした顔とか増やしていきたいと思います٩( 'ω' )و"""
表情,'@tettun0910 私もみやたなか見れて本当に嬉しいです〜！！ありがとうございますー！💓😭\n親バカ…笑共感してくれて嬉しいです！！😊\n表情も相まってみやたなか本当に最高だーって感じです！'
表情,'それぞれ「訳あって男体化した主人公」「従者の方が年上の主従」「表情が乏しい旦那と強かな奥さんな政略結婚夫婦」という私が好きな要素を入れまくってる'
表情,'柊くんがたまに見せてくれる綻んだ表情がとても好き…素敵なイラストいつもありがとうございます😭🙏✨'
表情,'#クイーンズギャンビット\n2週目突入！\n最初は吹替えで字幕を気にせずじっくり映像（特に表情）みたので次は字幕で…\n後、YouTubeに劇中の対局？の解説見つけからついでに一局づつ駒の動きを勉強しながら見てよかな〜\n\n何回でも楽しめ… https://t.co/LCnEDCewBW'
表情,'ここ本気で気になる。\nその後になかなか闇が深いですねとジュートは返してる。独歩の表情も中怒りって感じ。\n課長が痴漢犯人扱いはもはや人権侵害で法律犯してる事はさておいて「被害者が本気で苦しんでるのに茶化す」事に怒りを感じてるってのが… https://t.co/GeUVgL5Pyc'
表情,'@Renmusic28 TVerで追いかけて観ました‼︎\nストーリーの中でこのReN君の配役って最幸なんじゃないんですか✨ピュアな青年の雰囲気といい♡とても素敵でした♡\nエンディングの\n「Running Forward 」がいつも… https://t.co/XsfnA2DYG3'
表情,'伏し目がちで表情天才だし、マイクスタンドのマイクに手指を掛け方が美しいし、“どうしてくれんだ どうかしてんだ” でマイクスタンドを両手の平で挟んで上の方から下へと滑らしながら切なそうな表情で歌唱する樹ちゃんんんん！！\n最高でした…… https://t.co/rG0V8ZNhqI'
表情,'いやいやいやいや、優しい表情を見せるのやめて 惚れるでしょ'
表情,'昨日が恋つづ6話放送日だったので改めて見返した！6話は見始めたら写メるのを忘れて見入ってしまうばかり！この七瀬ちゃんと天堂先生のシーンの時の七瀬ちゃんの表情も。#恋つづ #たけもね https://t.co/qfhHSIsva7'
表情,'@mimuharu_1027 お疲れさまでした✨\n\nむにちゃんの仕草や表情、真秀ちゃんとのやり取りも可愛くて元気をたくさんいただきました😊'
表情,'@hinatabo604 こんばんは😊\n雪道は🛷がいちばんですね〜❣️\nスイスイと進んでくれるし、🐶の表情もわかるし。\n写真のカートもフカフカ雪以外の道は大丈夫ですね😊\nでも、ソリよりも腕に力が入ります😅'
表情,'佐藤隆太さんのインスタライブ、癒されたー\n表情と口調が優しくて癒される～\n充電切れしたら終わる予告通りいきなり終わったけど 笑\nショーン(翔くん)や嵐について今回も答えてくれてありがたいなぁ'
表情,'今日のみんなの髪型めちゃくちゃ好みだった😌\n柔らかい表情が本当に良い、'
表情,'@vincentandivy 不能這個表情 ... 不然會有衝動啦😤'
表情,'全てのコマの🐍の表情が好きすぎるんだけども何より怯えた表情が...何より....よかったです...全人類見てください...🙏💕 https://t.co/DRnsDx3UO9'
表情,'可動良好。\n二の腕がポロリしやすいけど、掌の表情も良く、腰や首もかなり動く。\n肩パーツが干渉するし、デフォルメなので制限はあるけど、これだけ動けば十分でしょ。\n角の尖り具合や、バイザーの奥の目まで再現度も高い。\nただ、関節は決して… https://t.co/e5WxWBILUE'
表情,'次のらくがきは琴師でマルデンの絵柄封印\n\n＞封印項目\n・肉感的な輪郭や体、唇\n・生々しい表情\n・太い眉\n・動きのある服と髪\n・太めで暖急ある、ハッキリした線\n・鼻\n・暗め、攻めっぽい、ふわっとした雰囲気'
表情,'二匹でニコニコお話ししてる（スクールにいる年上のムカつく人魚をどう痛めつけるかの話をしている）から何の話してるんだろ〜て近づいたら途端に表情なくしてツンとするｼﾞｪと口閉じてうすく微笑むだけのﾌ見たいよ見たいよ'
表情,'表情付ければ良かった…'
表情,'伏棘に恋するようになって毎日楽しいしんだ\n絶対恋愛ホルモン出てると思うんだ！\nきっと私の表情も伏棘を知るBeforeAfterで5歳は違うと思う\n\n伏棘って心を潤すだけでなく美容にもいい'
表情,'@melty_pot その手の主は桃色か、良ちゃんなのか…\nどこか期待してるような表情たまりません！！'
表情,'@03140807_ 右もかわいいし表情豊かで可愛い子っぽいけどめっちゃ腹黒そうだなあって((((((\nここな結構金持ちじゃない？？？？？？？'
表情,'@st816maayan いやまじそれよ…\n北斗のコンテンポラリーと表情が儚すぎて まじ夢恋桜…(とは)'
表情,'表情が可愛すぎる'
表情,'@irina___mi （私はこの表情もグサグサ刺さります🙏）'
表情,'この方の漫画ストーリーも人物の表情も凄く良いんだけど、背景とエフェクトがとても素敵なんだ…。見てくれさい…。'
表情,'顔面の見えないキャラ好き（表情を感じないため）'
表情,'@firstflash0202 以前描いた密集銀河の漫画を参考にガンガンに肉を盛ってみましたｗ\nでも表情見せたいからこの辺りが頬肉盛る限界なように感じなくもない…；（顔見せなくていいならもっと盛ることもできるんでしょうけど悩ましい…'
表情,'@Raintsai520 慢慢拉下\n在點停留\n看妳羞恥害羞的表情\n輕輕的\n一邊舔一邊輕輕來回滑'
表情,'私の頭の中の消しゴム🌿\n感動系のものが見たくて🥺🧡あと\nソン・イェジンが出てるから気になってた🧚🏼\u200d♀️\n後半切なすぎて号泣😭2人の表情が自然で更に感動😭✨'
表情,'@BeeinthemistZ 返信、ありがとうございます。\nいつも楽しく見させてもらっています。\n犬ってこんなに表情豊かなんだとびっくりしてます。\n厳しい冬をものともせずに暮らしている様子\n真似できないなあと感じてます。\nカナダの田舎の空気は美味しそう。\nお身体ご自愛ください。'
表情,'やったッ！見せろッ！表情をッ！\nわたしに絶望の表情をッ！よお──く見せるんだッ！\n夜更かしし過ぎて・・・遅刻が確定した瞬間の顔をッ！'
表情,'表情差分といつも必ず持ってる物 https://t.co/Xo3aI8CUI7'
表情,'今日表情筋が死んでる😇'
表情,'@hoshinodisco88 @YouTube 観ました～😂困らないで～😂\nえっ⁉️これここの家に置くの⁉️どうしよう💦感がほしのくんの表情にも反応にも出てて笑っちゃいました🤣\n毎日抱きしめて寝てください😁'
表情,'@tiitiku えっちなのは良い文明\u3000その子めちゃくちゃ表情良いよね'
表情,'るんるんの表情筋めっちゃ面白い'
表情,'表情も飛び散り方も最高すぎる…良すぎる…'
表情,'頑張ってるもりさん可愛い😭😭😭✨\nそして💗💛の表情もええなぁ🥺 https://t.co/SN8GSE5SwV'
表情,'@takamaru_eki 高クオリティな和食が出てきそうでたまらないです！味見する表情の色っぽさも良いですね！'
表情,'@Hakaba_lilly \nか、かわい〜!?!ヘルグリューンさん あまりにも愛…\nむっとした表情〜!!!'
表情,'聡くんの歌声とダンスのキレと魅せ方と表情の作り方ほんま綺麗'
表情,'人の失敗、失態、バカにして内心で悦に浸ってるお前、出てる出てる出ちゃってる表情に(^o^;)'
表情,'@sum_sn_sw だよね、、！！全部いいもん、、\nなんなら、このシーンのこの表情とかちゃんと書きたいけど良いが更新させるせいで何回みても記憶抜けちゃうし（笑）もうだめだ（笑）'
表情,'@rznyy3159 表情キュート😍'
表情,'君の誕生日もうすぐ来るのになんでそんな表情してるの https://t.co/Kj1NwRA4ty'
表情,'@vv_Ldm38 みんなそれぞれ表情がとても良きですな〜！！'
表情,'@ju_xx00 私も4回やってますが、スンッて表情はもうシャッター前後の時だけですよ私も！！大変ですけどそれ以上に得られる満足感があるのでやめられない止まらない…🦐'
表情,'北斗くんの演技ものすっっごく刺さったよ。\n表情筋豊かで目で演技してる感もあって凄い。シンプルに凄い。#レッドアイズ #レッドアイズ監視捜査班 #松村北斗'
表情,'自分の興味関心のあるものに没頭する\nウチとソトのけじめが薄い\n感情の現れ方がストレート\n表情がよく動く\n野心や利害にはやや関心が薄い'
表情,'#怒らないから正直にどんな絵を描いて欲しいか言ってごらんなさい\nびんじょ！\n実況者で描きたいかな！\n構図リクとか表情リクとかなんかあったらч(゜д゜ч)クレ〜\n\nこなけし'
表情,'魈くんは笑わないけど割と表情筋生きてる'
表情,'@___nachum___ 娘ちゃんもくるちゃんもおめでと〜〜〜❣️❣️💕🎂🥰\nふくふくと幼児になって、お姉さんになって…ｵ-ｲｵｲｵｲ✨😭\n表情も髪型も飾り付けもかわいくてステキ〜💘👏'
表情,'心の動きと一緒にコロコロ変わる、人物の表情がすごいです！すごく丁寧に描かれているってわかります‼️😭🙏✨✨\u3000素敵な作品、ありがとう！ありがとう！ https://t.co/uKxgVbnHeZ'
表情,'色使いのやさしさと二人の表情が素敵、、'
表情,'@Yura_TENRIN TikTokみて表情管理素晴らしすぎてフォローしました〜〜ちゃっかりYouTubeも見て素顔も見たけど、自己プロデュース力も、表現力もピカイチで好きになりそう〜〜！！！！！！！沼！！！！'
表情,'高柳の表情の歪みが足りない！\n流石に原作通りとは行かないかぁ'
表情,'@_maeshima_ami 秋人さん、ピッグテイルで共演されていた方ですね！\n舞台は最近観劇するようになったのですが、いろんな表情や繊細な表現をする役者さんがたくさんいて、プロの方ってすごい…！と毎回感じます。\nいろんな作品に触れて人生を豊かにしていきたいですね✨'
表情,'たまにはこういう表情も、、❤️明日早いからもう寝なきゃ🙈それではみなさん、おやすみなさい🌙いい夢みてね😌 https://t.co/Zrd3mLLSxX'
表情,'詩の宿題「やってきませんでした、詩は書いてないんです」のところ、ちょっと笑みを浮かべるver.の今日もよかったな〜〜今までのいやな気持ち全開な沈んだ表情もよかったけど、今日の演技もよかった！'
表情,'今は 表情 が話題みたいだよ。ボク的にはアリかな。'
表情,'@55Fukazawa_Hina ファンの人たちで、スノにサプライズした時とか。メンバーみんなの表情見てたら…😭😭😭\n絶対オーラやばいと思う❕❕\nスノの抗体ないしあんな、イケメンたちが目の前に来たら興奮しすぎて、多分バタン👼笑笑'
表情,'@P3Dsl のとろです！ありがとうございます！\n敷島さんのイラストで大好きな赤シャツサスペンダータインちゃんを見ることができて感激です😭✨\n表情、特に口をちょっと尖らせているところが可愛すぎて最高でした🤍\nお忙しい中描いてくださ… https://t.co/LwB7pgOOOK'
表情,'長靴を履いた猫のがま口ポーチは裏面のミケ猫が個人的に好きです。\n\nブーツを掴んだ小さなお手々に\nピンクのほっぺ。表情が可愛いです。\n\n3枚目は大きさ比較です☺️💦\n\nhttps://t.co/FycqBiebwQ https://t.co/nKu86Yylps'
表情,'@military_anime_ ………やめて…タニキで事故らせたからそれと関係づけてしまうぞその表情は…'
表情,'@mitsuko00105931 くるくる表情が変わって、みんなにからかわれて楽しそうだった。'
表情,'@KyomiTvxq 2015年の東京ドームコンサートのこのシーンの表情がすごいよくて涙でちゃいましたわ'
表情,'@yuzuha_hongo ゆずの色々な表情が素敵で\n歌声は透きとおっていて\n歌の情景が見える気がしました‼️\n\nきっと僕らの知らないところで\nたくさん悩み涙したんだろうけど\nきゅんmartのゆず\nいやメンバーみんなが本当にキラキ… https://t.co/jZ3yvGjlSF'
表情,'@hyun925bin 私も何回も観てたのに、最近になってこんなシーンあったっけ??って発見しました(笑)実は１話でもカッコいいリジョンヒョクしの表情見逃していたとこも最近発見しました😅'
表情,'やっぱりドラゴンボールよいな\n\nジーンときます。\n\n一つ一つ以上イラストや台詞に表情がかっこやく表現しっかりされていて。色々みれて感じるから(*´･ω･)(* ^ー゜)ノ'
表情,'世界の絶対的な法則「原因と結果の法則」「引き寄せの法則」「人の表情の絵をかくとき、同じ表情をしている法則」'
表情,'帰ってきてすぐシブハマJK見てしまった、シブヤが大好きすぎる………3人の表情が本当に好きだ。'
表情,'じゅんちゃんが撮った5人の表情が最高'
表情,'【セル】合奏の完璧。明確で柔軟な表情。バランスの良さ。ここに、セルの最良の姿がある。ことに、彼のいう管弦楽の各部門の均衡のうちにうちたてられた。'
表情,'@hiyokodonburi 襟足長いのが…大好物です……😭🙏まつげも表情もすきです😭😭😭😭🙏🙏🙏🙏✨✨✨\n微炭さんの絵だいすきなのでTLにあがっているのを見ると我を忘れて暴れてしまう……😭'
表情,'でもヒカセンの可愛い表情を見れたのでOKです'
表情,'@librabbit_360 後半の演技を見るにつけ、オダギリジョーさんもやはり表情が良くなって来た、と感じますね。クウガとして、己の身にかかってくる変化、その揺らぎを五代雄介としての演技で表現してる、と感じます。'
表情,'@ABC27054693 幸せそう🤣💖\nきっといももんも同じ表情なんだろうな〜😆🍀'
表情,'1🐯\n柔らかい表情はもちろん、服装と髪型の\nユルっと感も良き🌺\n#PerthTanapon\n#KDPPE\ncr.logo /owner thanks https://t.co/R25LEmGTQy'
表情,'バベルでも思ったけど風磨くんのお芝居で一瞬動揺した表情とか目線の使い方が上手いなあって(素人の意見)\n#書けないッ #菊池風磨'
表情,'@watomura 第7話、\n読ませていただきました🥰\n今回は佐槻さんのひとつひとつの表情に\n心打たれました(｡&gt;﹏&lt;｡)\nそして何よりかっこいいです！笑\n\nまた続きが気になる展開…！！😳😳✨'
表情,'わ〜私も女の顔して〜\nゴルゴか朝青龍の表情しかしてない〜\n姫初めとはいったいなんなのか〜'
表情,'ディ、レザー、七七、アルベドは多分表情筋死んでるよ'
表情,'ゴータットの表情もいい味出してて笑う https://t.co/BiN5XPF2wJ'
表情,'@tai_yaki0418 いえーーーい🙌✨✨✨妄想を頑張って具現化してきました！のっちみつなりさん！やっぱりめちゃくちゃ似合いますね…流石です…幸村さんがかしゆかっぽい表情が出たのと、兼続さんは元のキャラ感が出たので満足です！… https://t.co/Pc2QHvdsPd'
表情,'表情の緩んでいく様が\nあぁ、本当に恋してるんだなって\n視聴者が思える。こっちに伝わる。\n萌音ちゃん、こう言うちょっとしたお芝居もめっちゃ上手だよね。\n\n#上白石萌音 ちゃん #MoneKamishiraishi\n#玉森裕太 さん… https://t.co/W0ubJLSLyq'
表情,'マジ菅井の表情せつな'
表情,'#メロスは激怒したから予測変換で生還しろ\n\nメロスは激怒した様な表情を浮かべる。\n\nただの…感情表現ですね…'
表情,'表情全部描き終えた\u3000万歳'
表情,'ライブの後特典会なかったけど忙しい中でこうやって配信してくれて本当に感謝🙏✨\nお茶目な表情をするみおちが尊かった！\n明日の撮影会楽しみ！！\n#水湊みお'
表情,'何も考えずに描いたら八戒の表情も死んでしまった'
表情,'@kouga_garo @miniume10_ うわっめっちゃ可愛い〜！おしゃれ！\n髪の毛がサラサラで素敵です〜表情もエレちゃんらしくていい！🥰🥰'
表情,'このエガちゃんの表情大好きだ… https://t.co/AYQX5StHlH'
表情,'VDカードの何がいいって、直接的にエロい部分があるわけじゃ無くて、着込んでるのに表情とポーズと醸し出されるフェロモンというか雰囲気でエロさがでてるところがまじで最高'
表情,'ちょこのせ煉獄さんの表情が好きで、８月がきたらゲットする気満々だったのだが、よく考えたら、煉獄さんは育ちがよいので、両手に食べかけのおにぎりを持って、口の中に食べ物が入ったまま大口開けて笑顔になるのか……？と思い始めてしまい。しかし、私は煉獄さんに笑っていても欲しいんですよ……。'
表情,'もぐたんの表情ベリベリ好き'
表情,'@PIK0_Genshin すごいかっこい〜！こんな表情するんだ✨新たな魅力🥰'
表情,'表情作ってるけどRUさんみたいな笑顔で笑ってしまう https://t.co/8uDCv0wIdi'
表情,'@Mjryry かなりドヤ顔に見えますよねw\nキャラ表情にも隠しパラメータあっ(やめなさいw)'
表情,'@hamu_egu_117 @KARA_APRIL_ ヨンジの Naturalyな\n表情が好きです…🙆🙆🙆🌸🌷'
表情,'@enhgntm フリート進捗みながらそわそわしてました完成お待ちしてました…😳✨ぱちぐらさだの楽しそうな雰囲気も銀さんの照れくさそうな表情も桜もピース✌️も全部素敵すぎてにこにこしちゃいます😂保存していいですか…(した)'
表情,'就很想看他挨揍之后露出充满戾气的表情（欸'
表情,'父親に褒められた絵名ちゃん、驚いた様子からじわじわと掛けられた言葉に実感湧いてきて心底嬉しそうな表情でちょっと直そうかな...ってなってるのほんま可愛くて間違えて8話3回連続で見た'
表情,'役名：後藤 佳(堺 萌香)\n唯一ずっと出番だったので、自分の台詞が無いときも映っている。\nその、台詞の無いとき、しっかり表情の演技が出来ていた。\n前半の『後ろめたさを抱えた』表情から、ラストの『アンロックした』表情への変化は、話の… https://t.co/neX27upaG1'
表情,'@koyomi_kmt_ こよちゃんの描く線は本当に美しいな🥺！伊黒さんの表情グッとくるし鏑丸くんも上手すぎ…\nウチ冨岡さんと無一郎くんがワンツー推しねんけど、その二人が描くの苦手で描きたいのに描けないという悲しきジレンマ😂'
表情,'@NAVI3271412 この表情のグッズ出して欲しい'
表情,'笑いすぎて表情筋痛い'
表情,'@tanakaa_09 ！！？？？？？\n可愛すぎん！？？？？？？？\nみやちゃんの表情好きすぎるし\nかゆち袖長くて口開けてるの可愛いし\nどまち指ハート可愛いしこらしょも可愛いしぜんぶ可愛い〜〜〜〜😭😭😭🥰\nみやちゃんの髪の色分け(？… https://t.co/CBXs6Eyac8'
表情,'スッ…………（諦めの表情）\nいや……ごめんなさい……間に合わなかった………明日の8時に絶対更新しますから……ゆるしてつかあさい……'
表情,'○○○○○○○○○○○○○○○○○○○○○○○○楢木さんの表情絶対好きな自信あるから見たい https://t.co/wX9ZatKlCV'
表情,'@Nombre_22 なんかしぶ〜い表情してる😂'
表情,'いやほんとにわたしこの兄弟が大っ好きなんです＼(^o^)／2人とも表情と動きがコミカルすぎてもはやアニメ見てる感覚wwリフレッシュ兄さあああああん！！！！！'
表情,'@tobi_kuma うわぁ!私得🉐！\n一目惚れしたフッキ様に\nギラギラのお兄様！\n黄家兄弟の表情！メチャクチャ心を揺さぶられるっ！恋!?かっこいいよぉ！\n構図とか色とかセンスの塊ですね。\nバトン受け取って頂きありがとうございます❤アンカーお疲れ様です！'
表情,'やばい。在宅ワークで表情筋使わなくなると秒で皮膚たるむ。たるんだ分ほうれい線もでてくる。それもあってかハイフの効果って一体なんだったの〜〜って感じ'
表情,'@KVBBUSTER @riko0202 わー！このポーズです！((⁰ ㅁ⁰*)ﾊｯ‼ 私も個人的に購入してしまいました☺️大好きなイラスト！\n\n先生描く美少女の「恥じらい」の表情最高ですね☺️\nあまショコ2もよろしくお願いします！'
表情,'@ai_turugi この角度がたまらんですな💖\n表情、エプロン、スカートの具合✨👍\n\n(その場所ちょっと変わってほしい〜てきな)'
表情,'しかも地味に❤沢山頂いてて嬉しい🤗🤗虚無な表情してるけど（笑）'
表情,'椿君の様な陽キャででもつかみどころのない子好きだし舞草さんの表情どストレートに髪型好みでした！❤❤童顔なの可愛いんだあ、、、😘😘😘'
表情,'@deitoro 最終章はまじでなかったな\u3000表情筋動かさないから見た目若いのかもしれん'
表情,'表情少し変えるだけで一葉さんになったわ……() https://t.co/xtszWXvLHx'
表情,'poneさんの文章、本当に好き…☺️キャラがみんな生きててかわいい。想像しながら読むときに、すごく表情豊かに動いてくれるんだよね。優しい世界観だからかなぁ？😌\nこのあと、北さんが特定班となにかトラブル起きそうで非常に気になるし、そ… https://t.co/WBeT7HReUU'
表情,'神くんて、年々色気が増してる💙\n写真もだけど、歌ってる時、ダンス踊ってる時、色んな場面、表情、仕草に色気を感じる‼️凄いな💙\nカッコよかったり、面白かったりて❗️💘\n#神宮寺勇太 https://t.co/82X9ymOdym'
表情,'スターゲイズ・ギア〜！！表情もすごく好きです🙏💓💓'
表情,'なんちゅう表情！！！♡\nhttps://t.co/gr4Atay8yg'
表情,'推しの意外と表情豊かなところが好きです 普段冷静沈着で何事にも動じない感じだけどジャケ写みると複雑な表情してるし'
表情,'まったくのラフのつもりで描いた表情だけどこれで成立してる気がしてきたぞ・・\u3000あとデグーちゃんじゃなくてチンチラちゃんだった。\n#ハムスター #イラスト\u3000#水彩\u3000#創作 #絵 https://t.co/Nx0IczcYrP'
表情,'@cp9a_6rs たぶん薄く塗れば比較的似てるのかなと思うんですが、色ムラを嫌って厚塗りした結果です😂\nほんと、ただの緑メタだと思ってたんですがカスタムオーダーカラーで50万円取るだけの表情の違いはあると思います😇'
表情,'@ame_rainn ！？！？！？！？！？え、え、びっくりしましためちゃめちゃ早仕事、、、え、え、嬉しいです、、、可愛いが画面にこれでもかと言うくらい溢れてる、、、表情どストライクですありがとうございます👼🏻👼🏻(昇天)'
表情,'銀時はムニムニと夢主の胸を揉みながら真剣な顔をして言う\n目がキリッとして夢主も銀時の表情に胸が高鳴るんだけど\n「胸のカタチが崩れんだろ？あとキツそうだから胸が圧迫されて私生活にも支障きたすぞ」この前パチンコで当てたからプレゼント🎁… https://t.co/o5AbEUXi6N'
表情,'エンドカードの爽やかな表情に違和感を覚える #tvk'
表情,'@rennka1256 (*´︶`*)❤︎ﾖｶﾀ\nレイさんの表情筋がバグったんかと思った((●ﾟνﾟ)'
表情,"'@mitutugu ウチで前にいた🐈️も後ろを向いている時に弟と話をしていて「モモ,何歳になったン？」\n「人間で言うたら60歳位やな」「エ？そんなにBBAなん？」\nの途端に怒りの表情で振り向いて「シャー！💢」\nあの瞬間「あぁ猫は人… https://t.co/JFbHm8Sgsi'"
表情,'AIさんに会えた看護師さんとおばあちゃんの表情と涙にグッときて…。\n歌の力だったり、応援している人の存在の心強さだったりが自分とも重なりました。\n\nそしてライブで涙😭\n「HOPE」に込められた想い、「Story」も「ママへ」も素敵… https://t.co/GcAzckpNc0'
表情,'@tSkBoXx 私も、自分でかいたイラスト嫌いです…(;´Д｀)デフォルメ動物とかは表情豊かにかけるのになあ。ちなみに、動物はこんなのです↓ https://t.co/aOUNAiWkzp'
表情,'@imo_umai831 好きやん…（好きやん）\nチャイニーズマフィアさんだったり、表情筋死んでる探偵さんの髪型がどストライクで好きです…🤦\u200d♀️\nどんな受けが好きですか！！？！？'
表情,'切ない表情…一体どこを見つめ、何を思っているの？\n\n実はにゃん、まだ3才くらいにゃ…\n親は知らにゃい。\n\n小さな子猫の時にはもう、一匹でお腹空かせてさ迷ってたにゃ。\n\nある日、背中をｶﾗｽにつつかれて…大怪我で動けなくなったのにゃ… https://t.co/HzDWO0nQw8'
表情,'Voiceの汐恩くんの顔美しすぎる、、、\n表情天才'
表情,'きれい、、息を飲む美しさだ\n表情や目線が空間を作り出してるのすご https://t.co/QER7R8QNi8'
表情,'天王寺璃奈ちゃんが素顔でかつ、明るい表情をしているところが大好きです'
表情,'@Atsumori_Yumeno 有難うございます、表情豊かで可愛いですよね。'
表情,'ていうか個人的には、今のところアーロンの照れ表情差分がないのすごくポイントが高いんですよ……人を楽しそうに煽る表情差分は２～３個あるのに……かわいくないですか………'
表情,'@nianianyan めちゃめちゃ可愛いんですわん！！\u3000\n\nすっごい好きな表情です👍👍'
表情,'ねえ、わたしのリア友でありヲタ友であり毎日LINEしてる彼氏みたいな人妻がまじで岩本照なんですけど、、、勘弁して、、、みんなに見てもらいたいほんと、、、めっちゃ岩本照なのよ、、、仕草も行動も表情も、、、'
表情,'長尾景100への質問、本当に楽しくてへびろて中なんだけど、ちぐちゃんの表情もめちゃくちゃ可愛いんだよな～おめめとかお口とかまゆが動いてめちゃくちゃかわいい。あとコメントに同意しかない。'
表情,'@gCFLwzySAztndZ6 透のデレ顔ヤバかったー😍\n北斗のあんな表情なかなか見れないからね🖤最高に素敵な映画だったね💕\n何度でも観たくなる〜😘'
表情,'曲終わりにギュッと全員集まってこちらに向けてくれるｼﾞｪｵﾜﾝの楽しそうな表情や満面の笑顔たちあまりにも宝物すぎる 一生守り抜きたい'
表情,'ぱぱぱーとしかもデジタルなので\n絶対上手くなんか描けない\nとりあえずアナログで\nプログラミング正邪の番外編として\n漫画描いてみよう...\nいろんなポーズやらいろんな表情描くことになるだろうし\nネタは結構あるから https://t.co/lpeV1UOjG0'
表情,'@hzzzio 表情不错'
表情,'佐藤寛太くんの芝居がやっぱり好きだ。となりのマサラでの表情の芝居が印象的すぎる。あとお父さんの病室でお父さんを起こさないようにカメラバッグをゆっくりペリペリって開けるとこが、すごく個人的に好き。細かい！って感動した。#となりのマサラ #佐藤寛太 #劇団EXILE'
表情,'この表情笑った。\nhttps://t.co/CCEEkKUBzU'
表情,'フリードリヒの激昂を、ティルピッツは表情を変える事なく受け止める。その無言が、是と雄弁に語っていた。\n「我々は、勝ち方を選べる程に強くも偉くも無いのさ。それに、フランス人の犠牲でもって独逸国民の命が一人でも多く助かるというのなら」'
表情,'私、気を抜くと会話で物語を進めがちで、描写も会話中の人物の心理に偏っちゃうんだよね。\n手癖で書くと相手の表情ばっかり描写しちゃう。\n\n街とか場所とか服装とかの情景描写をもうちょい上手く入れれるようになりたいな。'
表情,'@LkohleEdmkvZ5qK 漫画を見ながら絵を描くのが好きなのよ、娘。あの本、小物とか表情集が載ってたから逆によかった🥰✨\n\n店員からその答えもらった時点で(あっこれ予約とか無理だろうな)って思ったよ😇13巻以降、けっこう完… https://t.co/XgLIfESdGO'
表情,'@somari_sexyrose 先ほどからこっちで見始めたら少し綺麗になったので余裕の表情で待機しております！ありがとうございます😊'
表情,'@Kanon_Takao いつもとは違って弱気な沙季さんを支える千紗ちゃんの姿が印象的でしたね🥲\n姉妹愛が尊い……\nEDの千紗ちゃんのセクシーな表情も個人的に衝撃的でした！'
表情,'今日の周知活動は大成功✨\n子供達の笑顔と楽しそうな表情に元気をもらいながら１時間で３００枚のビラが無くなりました。\n貰えなかった子供達ごめんよ😣\n#児童虐待防止活動\n#子供の人権\n#子供未来党 https://t.co/zEB7XXHXLC'
表情,'本当に自分の思ったことを上手く伝えられないのがもどかしい\nネットってほんの少しでニュアンス変わるし、言いたいことを空き地で叫ぶのとは違くて一人の人に対してネットっていう表情とかがない場所で伝えるの難しい\n己の馬鹿野郎'
表情,'お風呂で計算中円盤の告白中の裏側とオーコメ見てたら日付変わりそうになっとるやん。裏側の、表情とか目線の芝居を見られるのありがた〜'
表情,'サブキャラでイベントをこなしつつ、水着女子セットのリンクも常時まわして貫通アップを目指しています。最近のID全部入口で転がされる💦\n笑顔の練習を頑張っていたミカエルちゃんが表情豊かになっていて嬉しい☺️海に連れて行ったら2日で欠片… https://t.co/jmYOHaXTQV'
表情,'@Domani_magazine @BOYMEN10th @BOYSANDMENinfo 素敵な企画をありがとうございます😊勇翔さんの表情を顔文字で表していたり、(ボソッ)などの細かな表現の仕方など、文面だけでも楽しさがすごく伝わ… https://t.co/xARuG4RoOG'
表情,'@risoriso_kiro 僕良い表情してるなぁ'
表情,'でもある日のこと、たまたま立ち寄った放課後の教室でゆかりさんと二人きりになる機会があって、そこで少しだけおしゃべりするんだ。そのときにゆかりさんが見せてくれた、普段の印象とは全く違ういたずらっぽい表情に俺は一瞬で恋に落ちてしまうんだ'
表情,'「ごめんな」って呟きながら涙零さんばかりの悲しげな表情で脚の腱斬っておいて「俺、ここ(帝国)に来てから白魔法覚えたんだ。まだ下手くそだから完全には繋がらないと思うけど…見た目はマシにできると思うから」って苦しげに微笑んで皮膚だけ繋げるシルヴァン\n\nそんな漫画読みてぇ〜'
表情,'@3kikaku3 と申し訳なさそうな表情を見せる紫苑です…日南先生にはお世話になりっぱなしなのでこれ以上甘える訳にもいかないのかなぁと考えてます😭'
表情,'というか歌声から表情が分かるってのがすごい\u3000自分なりに1曲1曲噛み砕いて想いを馳せて歌ってるんだろうなって思う\u3000あ〜〜好き'
表情,'コンビニで発見した🍌\n表情が違うの♡ https://t.co/xfj756fjyt'
表情,'#恋彩\u3000#筋トレ\u3000#可愛い\u3000#基礎トレ\u3000#ブレイクダンサー\u3000#美少女\u3000#17歳\u3000#エアー系が好き\u3000ブリッジを実演する寸前の恋彩ちゃんの表情🤗一生懸命、綺麗な技を見せてくれてありがとう‼時計の針がどんどん進んで上手に画像編集が出来な… https://t.co/ivCVH7RN01'
表情,'@wandhi_wnds (私の漫画の事じゃなかったらすみません…！スルーしてください😭)\nありがとうございます……！表情、すっごく悩んで描き直しまくって描いたので、見ていただけて嬉しいです…☺️💕💕'
表情,'かなさんの描く表情は皆いきいきしていて好き 表情が生きてる'
表情,'源さんのさ、ひとつひとつの表情が大好きな表情ばっかりでたまらんのよ🤦\u200d♀️\n\n#創造 #星野源'
表情,'イベント終わっていえーい！なひいな🐣\n心無しか表情が柔らかくなった気がしなくもない☺️(気のせいかも\nイベント終わってアバター権の会議をするついでに公式ルームのアバター会議😆\n\nネクストシャツの矢印でキャラクター作ってみた👉☝️… https://t.co/JCTlTsUDfw'
表情,'隣でいびきかいて寝てるおじさんが、ストロングゼロを抱くようにして安らぎの表情をしているので今日も平和です。'
表情,'@konoichi_to このゑさんて、少女のような無邪気な表情してたかと思う写真と、妖艶な顔の写真と色々表情がたくさんあって観てて楽しい。'
表情,'#シャッターチャンス の #高梨螢 ちゃんは、かっこ良くて表情豊かで、自分も胸熱くなった！チェキも笑い絶えない楽しい時間過ごし #ロマコン ではコミカルな一面と無邪気であどけない可愛さがとても印象的。彼女のチェキ券が目の前で枯れ買… https://t.co/z28x6TnlCb'
表情,'佳奈ちゃんのパパを気遣うような表情好きなんだよな\n#カンパニー'
表情,'😺1番好きな推しの写真\n\n選べなさ過ぎてこんな時間ギリギリになってしまった😭\n\n今の柔らかい優しいユンギも好きだけど、こういう尖った表情のユンギが胸にギューっと刺ささる。大好き。\n\n#思いたったら1ユンギ \nユンギ… https://t.co/NRDAMTEjCd'
表情,'一瞬だけ動揺した？みたいな表情は見えたけど。何事もなく聴診器は離れ、滞りなく診察は終了。酷く惨めな気持ちでボタンを閉め直してたら「……君ってそういう趣味してたっけ？……身に付けるものとか」と言われるのに、首を横に振りたい！「えーっと……俺のため？」『……引きましたか』'
表情,'今日ラギブチくんの表情とてもうまくできて幸せ🐆フルもう少しで1番終わる…'
表情,'表情の差、好き…'
表情,'@nkh_sbgr 確かにそうですね〜。うちは割と物騒な性格になりがちなので…こわいこわい〜。同じ子でも確かにいろんな表情がありそうです！'
表情,'誰かを想って切ない表情をしている自分なんて愛するな誰かと一緒にいて楽しそうな自分を愛してやれ！！！'
表情,'💚のあの声のトーンで数えはじめたら表情筋が大変なことになる'
表情,'SixTONESさんが着ている御姿を拝見したい御召し物がいくつかある中で軍服姿はそれはもう素晴らしく至極当然の最高な仕上がりになるだろうなという思いがあったけど、其れが“色気と狂気”と一緒になってやってきたらそれはもう軍服からの表… https://t.co/4GrlCeSJa3'
表情,'@hanare_mori ちゅーちゅー吸われるボスの表情妄想で、午後もがんばれましたありがとうございます！'
表情,'@roo_hi こんばんは🥰🌙\n参加したいです❣\n\n可愛い😆✨\n娘と見ました☺🐶🧡\n\n犬飼いたくなりました🐩🐾\n\nいろんな表情をしてくれて愛おしいですね😍✨\n\n登録してるのでまた見にきます😍\n\nよろしくお願い致します🙇\u200d♀🌸 https://t.co/lPfDeIGujZ'
表情,'@green17402 周りで若くして病死した方がいるなんて...中々経験しないことですね。その方は生きてたらどんな顔や表情をして生きていたんでしょうね。\n26歳で亡くなったんですね、生きれなかった分、記憶に残るんですよね。\n記憶… https://t.co/BOGCcVwhmy'
表情,'#全国書店員コミックプレゼントキャンペーン2021\n『わたしの幸せな結婚』\nプレゼントの色紙の二人が穏やかな笑顔でいるのを見ると、幸せな気持ちになります。二人が出会う以前では考えられなかった二人の穏やかな表情を見ているだけで、幸せ… https://t.co/AicW4qYfKv'
表情,'@Mai_TkRz_ju ありがとう🥺💗\n\n表情描くの難しいからそう褒めて貰えると嬉しい😚❣️'
表情,'@tskmjsk8 みんなの和気あいあいとした表情が好きすぎてじっくり見入っちゃいました😆✨今にも楽しい声が聞こえてきそうです…！！みんなには笑っていてほしいって気持ちめっちゃわかります😭💗💗(良い意味で本編が心ゴリゴリに抉ってくるから…笑)'
表情,'ほんと曲によって表情も歌い方も声色も違うのすごいよな…引き込まれる…'
表情,'表情とともにポージングでの感情表現はあるでしょってのは分かるけどこれは基本「ポージング」と「表情」のドローイングの結果なんで一緒にやると課題が散漫になるんよ…僕は下手くそだからそう思うだけで、そういうのをものともしない絵ウマの方もいるでしょうから断言できないですがw'
表情,'ドローイングって要は何を目的としているかなんだよなぁと思うんだけど身体の理解のための「短時間でのドローイング」に「表情のわかるドローイングが見たい」ってコメを見ると「それは一緒に求めちゃダメなやつだよ…」って思ってしまったんだが…'
表情,'@tokage_go 目が可愛い〜！\nいい表情してますね☺️'
表情,'@mashi_ersk すき.....髪とか表情も好きなんだけど細かいところすごく綺麗で尊敬する..'
表情,'ゲイル常に不機嫌で口角下がって眉間にしわ寄せてる様なやつなのに殺人してる時の危機としてる表情が好きでよく描いてるからゲイルめっちゃ常に楽しそうなやつに見えないか心配（？）'
表情,'表情筋が鍛えられましたね、！！！！'
表情,'@asato_48 んもおおおおさえちゃんすぐ舌だすんだからぁ！！かわいいな！！！！💢💢ベネットの表情がすごいしゅき…見せつけるためにちょんちょこりんなの？ねぇ！！！！いやもうほんとジャケ写かっけぇのに撮影後がかわいすぎる…特典映像に入れといて…！！！！＞＜'
表情,'@diam_rem その表情はちょっと呆れた感じだけど受けてくれそうな雰囲気でタル的にラッキーやったね！！って思ってたら\nいきなり腕を掴まれてグイッと引っ張られびっくりしてたら目の前に蛍ちゃんのお顔が\nいわゆるマジでキスする5秒前… https://t.co/eo93wWcWqF'
表情,'@ozeto64 まず一発がめちゃくちゃ濃いですから孕むの確実ですよね…\n五回め射精される頃には諦めの表情でされるがままのレンキョさん♀です😌🙏'
表情,'@a11410762 羨ましいイチャイチャ\n本当に表情が...\n大好きが溢れていて幸せそう💓\nお休みなさい...🌟✨'
表情,'@isasauo あっさり塗りと仰っている色が、ちょっと物憂げな表情と凄く合っていてとても好きな雰囲気です😍❤️'
表情,'今日はだいぶ前方席が取れたので表情がよく見れたんですが雛形さん目の芝居がすごくてほんとにヤマダそのものだった…気だるげなところと戦闘モードで爛々と光らせてるところの差がすごい\n #ドルステ2021'
表情,'えっちな表情が描けるようになりたい'
表情,'@Fuka0_217 \nはじめまして、にゃむと申します。\nお迎えありがとうございます！\nイラストの構図や表情が素敵だなと思い反応させていただきました🙏✨\nのんびりお絵描きしてますが仲良くしていただけたら嬉しいです~！\n呼びタメも大歓迎です！よろしくお願いします🙇\u200d♂️'
表情,'@peppo_pon 表情とか、うわ杉元や…って感じするし、めちゃくちゃいい……🤦🤦\nわしはへたくそやぞい…'
表情,'@menmaumee125 ぎゆはもう…幼女としか認識してないですわたし…。ムフフ柱可愛いですよね😂💕表情筋使うの下手くそで愛おしいですwむしろ今度ｷﾒｯﾂの練習絵茶しましょう〜！！！'
表情,'@ztinok2 表情豊かで可愛いですよね…💫'
表情,'魈くゅ、、、ぴえ、、、表情よき、、😭😭😭😭😭🙏🙏🥺🥺🥺🥺🙏🙏'
表情,'ハイドアンドシークの「恋しくなって」「届かなくなって」のところの、胸に手を当てる振り付け。あの時のきりこの表情が忘れられない。'
表情,'@mochiko397 そんなに？？？？？？？\nオルジュナあーゆー性質なのにめちゃくちゃ表情差分沢山あってなんかうるっときてしまった\u3000アルジュナ…見に行く前に身を清めた方がいいのか…？！'
表情,'@Chara_Frisk_GL (えーとですね、まぁミリムに喋らす訳にはいかんので中の人が言うのですが女の子が痛がるあの表情？ていうのが最高なんですよねぇ……快感で堕とすのでは無くて痛みで堕とす？っていうあの感じ？がいいんですよね… https://t.co/BHnqfPICMC'
表情,'清霜、戦艦でなくとも司令官を押し倒すことなど容易いということに気づいたときの表情がすき(妄想)'
表情,'(拓実が1番だから除く)\n個人的に今回のライブで大優勝は圧倒的に汐恩！パフォーマンス中の表情が鳥肌たつレベルでやばかった！\nデビュー前は汐恩推しだったから今も密かに推してる！'
表情,'はあ   なんかシライムの笑った顔がめちゃめちゃ清々しくてそれが本当に今のラムダちゃんで、ソーマとノヅくんの覇気のある表情が友のために戦ってるユメノとダイスの顔してて、なんかもう本当に、はあ、ありがとう、本気でやってくれてありがとうって    ううう…………（泣）'
表情,'何の曲を演るの？というメンバーの表情\nフェチが過ぎて手元しか撮らなくなる我が性癖\n終演してステージから捌けるまでを撮っていたら気付いて手を振ってくれたドラムSABBAさん\nありがとうございましたー\n今年も何卒よろしくお願い致します… https://t.co/GIZxi6qt4Z'
表情,'@TsukinoMisaki_ \n下描きの時点で「東雲さんはこうじゃないの！！！水無瀬くんはもっと依存していて狂っていて可笑しいけどそれを表に出してるような出てないような表情で！！！！！」とか言って2日かかってる…死ぬ…死ぬ…'
表情,'@888____meteor 衣装のアレンジとかガーターベルトとか表情とかめっちゃよきです…'
表情,'「表情(ｶｵ)が見えるように髪切りなさい」…頭を傾げる\n\nキッたらみえるようになるのですか？\n僕にはミンナが仮面(ﾏｽｸ)しているようにみえるのですが、もしかしてもしかすると僕だけですか？\n\n誰か誰でもいいから救ってください情けな… https://t.co/Xemparx2nW'
表情,'開いた手の大きさに1きゅん💓して、反対側のねこちゃんみたいなグーに2きゅん💓して、何の気なしみたいな表情に117きゅん💓した😭😭😭よってスクショの刑です😭😭😭😭😭🔥💘💯🔥🔥🌋🌋 https://t.co/jNu0ApMVK2'
表情,'一番好きだから本音を聞きたくて一番好きだからそれが怖くて一番好きだから嘘や隠し事は嫌なのに一番好きだから相手の表情や行動で本音を見抜いてしまう自分がいる。 「一番好き」と言う事は一番相手の事を分かっているから一番残酷な事があるし一番傷付く事がある。'
表情,'@hyk8698 歌詞調べたら、こんな内容だったのか〜！とびっくりしました😳愛しの黒猫におリボンつけるガチな勘と、恥ずかしそうに笑う兵助の表情の差が興奮します🎀独占欲たまらんです…素敵な絵をありがとうございます😭'
表情,'@yuukikamatari みやぬいには手を加えない&amp;材料費安いのでパパッと試作しやすいし、まゆげの付け方で表情変えられて割といい感じですね https://t.co/1EZtZP4Lom'
表情,'@suuueee_chao0 すうさんアーカイブ見ることあれば君はいいよねのとこの照明と表情ウルトラゾクリポイントなので注目してください!'
表情,'強いて言うなら最近はもりこっこさんの表情筋が死んでる妹ちゃんがめっちゃ好き'
表情,'@aya_uchida なんとも言えない表情してますねw\nかわいいw'
表情,'@akinoko0002 表情豊かな女の子好きかもしれない....！'
表情,'でもｱｰﾉﾙﾄﾞﾛｳは0章ﾛﾏﾝｲﾍﾞで女たちのいるﾌﾟｰﾙに侵入してぼこぼこにされて2章共犯で最低な裏切り方して傭兵のくせに爆発に巻き込まれて裁判まで寝てるし挙句裁判遅刻してまでｾﾞﾘｰ食って表情筋が悪人の証言ｽﾁﾙだしてるよ？'
表情,'PVメイキングの玉森さん常に美しすぎてやばかったな・・・\n普段のゆるゆるなのに撮影のときはめちゃくちゃかっこいい表情になってギャップがもう・・・'
表情,'@aroooe33 表情がいいね😸'
表情,'ぶいらもちゃっかり見てたんですけど終わりかと思ったらフェスンさんが来たときのスンヒョプさんの表情可愛すぎない？(バグって字幕がスンヒョプさんの顔にかぶってるの悲しい) https://t.co/CzUj80jNKt'
表情,'Myojoのラウールさんビジュが好きだ…ちょっと少年ぽい表情がたまんなく好きなんだ…\n\n楽天マガジンのトレンド記事でトップに出てくる自担🥰'
表情,'いい表情'
表情,'パリ行き列車でずんちゃん熱唱してる時のまかまどアップの表情がかんわいい…かわいすぎる…同じお顔……'
表情,'グルーヴィ後のアズールの表情、最初「なんで笑顔じゃないの！」って腑に落ちなかったんですけど、双子にいたずらでパーティー後に唐揚げだされて「今更ッ！？大好きだけど紅茶と合わないし食べた後だから太るし・・くっ」って嬉しいけど葛藤してる表情って思ったらめちゃめちゃ尊くて許せた・・'
表情,'そしてあのまま終わってドロシーのそのあとの表情とかがどこにも出てこないのもいい'
表情,'らんまくんおめでとうございます💜🎂🎉ライブパートのこんな笑顔も、お芝居中の真剣な表情も素敵すぎた1年前の今日でした⛩生まれてきてくれてありがとう‼️#KYOTOSAMURAIBOYS #RANMA #品川brotherhood https://t.co/kDIYiQEiUO'
表情,'@2828Nachi 可愛い～、笑ってしまう🤭💕\n絆創膏貼りたかったの？\n痛いから貼ったの？\nこの表情がまた、なんともいえん🥰\nしかも圧倒的顔面て😁'
表情,'@ingrumpato 艶やかな雰囲気の女医姿のマリア、表情と胸元、組んだ足がとても魅力的です💕✨こう言われると、魅力的なマリアの姿もあって反応に困ってしまいますね😳✨'
表情,'カメラ映ってないところでもそんな良い表情をしているのならもったいない気もしちゃうけど、生ライブになったら目がいっぱいないと全員見れないからそれはそれできついぞ🤔'
表情,'美しすぎてびっくりした、、\n猫たんに囲まれて穏やかな表情のいであ先輩、なんだか儚くて夢みたい…'
表情,'見つめてる顔もニコニコ笑顔も微笑みの表情も全部良くない？？？？😭😭💘\nお洋服、のん乃ちゃんが普段着ない感じのだけどそれが逆に良くてそういうのってキュンしちゃうっていうか、これにおだんごヘアはたまらん流石に恋始まっちゃうやつじゃんフ… https://t.co/uCspkGZYlc'
表情,'@ringals110 ありがとうございます！！！\nこういう表情描くの楽しくてついついカリスマ不足にしがちなの悪い癖ですw'
表情,'こいつならきっとこの言葉で落とせる、今夜はかわいがってもらうぞって思って精一杯誘ったのに、強靭な理性か鈍感なのか知らんけど🌸には効かなかった……宇宙猫の表情しながら「寝ようなー」って掛け布団掛けられる💴ちゃん……'
表情,'表情雑ガキ https://t.co/q3y3VOF7DN'
表情,'なんでさくらいくんってお顔はバチクソいけてんのに言動とか表情がこんなにも可愛いの'
表情,'@sheiver_ とりあえず私の顔面の表情を見に来てください。はほんとに草すぎて草wwwwww超えて茂。'
表情,'@kohakufox ですよねーーー！(笑)( ´艸｀)💗💗旦那様専用自販機ですもの/////笑\n悩むとしても表情違いの旦那様とか？ってぐらいですよね/////😆😆💗笑'
表情,'@zero_0224 しょうちゃんの葬式の時の\n神楽ちゃんの表情が辛すぎて\n毎回目を伏せてしまう😭'
表情,'@Kinoko_gstx 全体図とか、表情とかですかね\nあと服の詳細とかも！'
表情,'いい感じで口を開ける・・・\nとても良い表情・・・\n＃野鳥\u3000＃のんほいパーク https://t.co/lJq09n5OaM'
表情,'@doctor_gozaru ありがたやありがたや〜✨😌☺️\n表情可愛く描きたくて描いていたのでとても嬉しいです(*´ω｀*)'
表情,'固定武装オンリーなのと腕の可動範囲が狭いのと、主翼が腕を隠すのとで腕の表情付けがよく分からないままいじってる'
表情,'今日はフォルナルスのバースデー\n昨日も素晴らしい汗かきとアシストぶり\n人柄が表情とプレーに表れています\n移籍当初は全くなじめなかったのを自ら改善してここまでのポジションを築いた努力の人 https://t.co/ou3xFjbApJ'
表情,'んんんみんな表情も素敵だし色味も素敵………🥰🥰🙏🙏'
表情,'@mame_d_1__6 この表情が可愛すぎてしばらく停止しちゃった…！笑\n素敵なイラストありがとう〜🥰🥰'
表情,'@hinanchu_twtr 見れば見るほど、愛くるしい表情だよね😂'
表情,'#ドウスル\nコロナは未知のウイルス\n何が起こるかわかるのはこれから\n後遺症も様々で\n脱毛、味覚障害、記憶障害まで\n怖い事ですが\nこうして取材で番組で知らせてもらえるのは学びになります\n誹謗中傷には険しい表情\nあってはならない事\nも… https://t.co/tTFLsGFn79'
表情,'@nanaki791 ガッツポーズ🤝🤝🤝\nあそこ泣きそうになってるのもらい泣きしそうでやばかったです😭\nやっぱ円盤は表情がちゃんと見えるからいいですね😭'
表情,'@aya_uchida 良い表情してますわw'
表情,'@kiriasu20241023 これは🖤くんも理性をガラガラガッシャンしますよね……！全体的に甘さが天元突破されていて、何回拝見してもによによします……！🙏おわった後の時間は私も大好きですー！かわいい……表情が戻りません……🙏🙏🙏'
表情,'@shota_sirokuma しろくま先生はじめまして！どのページももふもふが沢山詰まっていて幸せでした☺️💕グレアさんの表情も豊かで見ているこちらも嬉しくなります✨肉球ちょいもしっぽぽふも羨ましいのです！\n編集部さんが違うので… https://t.co/chmfHDF5Jo'
表情,'＠sakurasaku_AO \n推しの伏し目がちな表情が好きで好きでたまらない琴子は将来警察になれなかったら推しのまつげになると決めてます。'
表情,'病室の外で咲良を待ってる万丞さん、柔らかい表情で咲良もニッコリ。\n優しいなぁ万丞さん。\n最初はちょっと変り者で近寄り難い感じだったけど本来は優しくて情に熱い人なんだ。\n#アノニマス\n#万丞渉\n#香取慎吾'
表情,'あーーーやっぱり表情見えるのいいな。全景は全景でいいけど'
表情,'@mayamaya_unikun ねこも表情が変わるんだね～\n今満たされてる顔してるよね😆\nうにくんまやちゃんちに保護されて良かったね～💕'
表情,'追記/ネタバレ\n全力で歌って踊ってる姿や表情が、一人一人すごくキラキラしてる。\nセントウィンザーのところで毎回手拍子したくなってしまう👏\n哀しみのバンパネラ♪みんなで歌いだすシーン🎤DVDが届いたら巻き戻してたくさん観たい🥳🙌'
表情,'なんでしょう……顔だけなのにすっごく可愛い。それぞれの表情すっごく好き。'
表情,'あ、あ、表情があざとい、、\n阻まれたい、、\nいや阻んでくれ、、 https://t.co/eyhNsBmNnu'
表情,'美世：先週新しいバイクを買って、明日納車予定。今さっきメットだけ先に届いたから我慢出来なくて事務所まで持ってきてメット被って椅子にまたがってブロロローン！ってエアバイクしてたらいつの間にか来ていた響子ちゃんに見られた。明らかに戸惑いの表情だった'
表情,'#ねこの日\n\n先日おともだちがニコニコしながらねこ味だよってくれた飴ちゃん\n\nどれもそれぞれに良いかおをしている🐈\nオレンジ色のあくびをしているかのような表情がすき。\n\nねこ味ではないけどおいしい https://t.co/R8rqagCCq8'
表情,'@42__111 かっこいいし可愛いし\nやばいよね🥺💗\nもう、イタズラっぽい表情がどストライクすぎて沼にハマってる🙌←'
表情,'@Genshin_0214 めちゃわかります〜💕\n優しそうなお顔にあったふわっとした服かわいいですよね！表情もこれ以上ないくらい可愛くてめちゃくちゃ良いです( *´꒳`*)♡'
表情,'ヘッドセット岸優太踊ってる時にお顔の表情がコロコロ変わるのが最高に好きなんだよねお口パッ！って急にしたり急にプクッ！ってしたり、はにかんだり…かわいいよね…とくにペロってする所'
表情,'ねこのぽけーとした表情好き\u3000描けないけど'
表情,'@cotoriGlobule この表情はもしかしてグノってないか沙明…！？ww'
表情,'@mhunterbaaachi 可愛すぎる猫のイラストも跳ねた髪もどすっぴんもヒャダインさんの表情もすべてが尊すぎる😂✨'
表情,'@SayuriDate 最初は本当に緊張されてるのが伝わってきてハラハラする気持ちもありましたが、最後には緊張を残しつつ本当にこの時間を楽しんでいたんだなと表情から伝わってくるように感じて、その変化から改めてどんなに素敵な交流の時… https://t.co/ziZy7pdF60'
表情,'世界任務終わった  時折見せる空くんの表情はほんとに…こう…… https://t.co/TgWsDO7ESV'
表情,'@L_ily_s ！？！？欲張りセット😇\nめっっっっちゃ好きです\n二人とも表情いい……ありがとうございました…'
表情,'フルありがとうございましたお疲れ様でした\nほんとなんかもうかっこよすぎてなんて表現すればいいかわからない、言葉にはならないので、とりあえず私の顔面の表情を見に来てください。草\n #MA55IVE #THERAMPAGE #CDTV'
表情,'@manmaru05071109 凛々しい表情！'
表情,'表情が変わらない人ってセクシーだな\n不意に見せる笑顔にドキッとする'
表情,'@shirakamifubuki ご満悦の表情'
表情,'エターナルセーラームーン素晴らしすぎる！！\nなんというか神々しい✨\n穏やかな表情で手をさし出すポーズは、ちょっとスターズアニメ最終話のクライマックスを思い起こさせる\nエタムンのフィギュアはhgifと指人形くらいしか持ってなかったの… https://t.co/7NzkZYhHMB'
表情,'@Opiyo_ju アァﾞッ‼おﾋﾟｮさん…😭‼\n本当に表情の描き方も色使いも、好きすぎます😭\n幸せで埋まりました…😭🙏🏻💓💓'
表情,'お風呂の中でKindle8巻読み返してたんだけど、ほんと生せんずろくん初登場の表情が痛々しすぎて、えっ何やってるのきょうずろさん……宇宙で一番かわいがってた弟になんでそんな顔させてるの……ってしょうがないことなのに割り切れない気持ちぐるぐるしてたらお湯が冷めた'
表情,'@otani_emiri ラーメンつくってるの可愛すぎるいろんな表情のえみりちゃんが見られるのたのしみだなーーーー🥺🥺❤️❤️'
表情,'@kamiya_s めちゃめちゃ可愛い😺京園😺なのにえっ…な雰囲気…にゃんにゃん、ありがとうございます🙏✨二人の牙がチラリと見える表情がたまりません💕園子ちゃんはどんな煽り方をしたのか🤔園子ちゃんのお胸とフードから出た京極さんの前髪と覆いかぶさり方が最高にツボです✨'
表情,'@Quw3aI3rHGlCHSW ナトあやで猫耳カチューシャは無理です…この可愛さに耐えられるわけがない…()\nミナトさんの照れている顔も可愛いなぁ…😊✨\nあやかの表情も可愛い…✨\n永久保存するしかないっっ！！！(連打)\n描いてくれてありがとーーーー！！！！'
表情,'はぁ……深堀りオタクの妄想が止まらんのやけど、二人とも視線は下向いてるんやん…。\n椿ちゃんの表情は以前よりは少し落ち着いた気がするけど、らばのさんの表情はわからんのよな、新規立ち絵のおかげで。背中に哀愁を感じる、PLもPCも幸せになってよ……'
表情,'今日は何より前の配信ライブと違ってメンバーみんなの表情が良くて、楽しそうにやってたので私はそれだけで満足です👏'
表情,'その幸せな顔が崩れた時──沖田ができ損ないの鬼になった瞬間の表情を、俺の顔で再現してあげたいくらいだけど……さすがの俺も難しいかなあ、あれ。 わざわざ親しい人間を狙った甲斐あって、想像してたよりずっと可愛い顔だったから！【南雲薫】'
表情,'@4nanome ﾋｪ…ｯ！？ありがとうございます恐縮です……！！？😭😭😭\u3000斜めさんの活き活きとした線の取り方や🌶の一瞬の表情や場面の活かし方が本当に凄くて推し生きてる……！！となってもう本当に大好きなんです……いつも素敵で魅力的な🌶をありがとうございます😭🙏'
表情,'@kenji_h28 二日間お疲れ様でした！配信だからこそ見れた表情もあって、皆様のご厚意で本当に多くの幸せを頂けました。やっぱり原ちゃんのダンスが大好きだとこうして実感できたのも出演された皆様やスタッフの皆様のおかげです！どんな… https://t.co/UowvNgtpoL'
表情,'江澄の俳優さん、素の表情本当に可愛いな…'
表情,'猫の日なのでチュールをあげて、その後の表情\n\n#猫の日  #ねこ\u3000#猫好きさんと繫がりたい https://t.co/B6x6FCKfae'
表情,'（※『逆徒』は）会話のシーンでは喋ってる人中心ではなく、カットバックして、聞いてる人の表情をできるだけ多く撮りました。怖い会話のシーンってあるじゃないですか。あの恐怖は話している側ではなく、聞いている側から生まれると思ってます。\n\nVICE 2017.7.31'
表情,"'何が凄いって、書いたときに作者が脳内で描いてたのを軽く超えてきたところですね。見てくださいこの鶴丸さんの表情！！めっちゃおこですよね！！ｱ""ｱ""…好""き""で""す""…'"
表情,'今日のベト4は、中庸を得た落ち着いた演奏で、聴いているだけなら、必要以上にけしかけないベテランの様な落ち着いた演奏。\n現場や配信で見聴きすると、真央君の豊かな表情や手の動きがよく分かり有難い。'
表情,'@pon_ponjuice_ 目が笑ってない笑顔が一番怖い表情だもんな'
表情,'@lemon_mito 面倒くさそうな感じの表情がっ… これは刺さります( ˇωˇ )'
表情,'おおくりからくんがぴた、て動き止めてゆっくりこっち見るから急に恥ずかしくなって、な、なんてね！そうだちょっと僕厨に行ってくるよ、ほら、おやつの時間だ！！！って部屋から走るように出てっちゃうしその後ろ姿見送ったおおくりからくんはじわじわ表情変えて息をこぼすように笑ってしまうし、'
表情,'わかる😭わかりすぎる😭みんな表情豊かでかわいい😭ボブヘタが脳内再生される…😭♥️'
表情,'@saaa_jam やんちゃ豆たまらんね、制服やばいもん\nさすが現役高校生じゃけど、大人っぽい一面もあるし、なんなんほんと🥺\nああああ、それなの、ほんまにやばかった、表情も歌声も全部好きだった…'
表情,'@0caca0s 天国から地獄に落とされた表情がたまらなく可愛いですよね😂💕💕フロイドは嘘とかつけないから表情が素直に出ちゃうところが愛おしい(尊死)'
表情,'日本語の先生とお勉強してる姿が特に愛おしいと思いました🤍❕\n本当にたくさんの表情が見れて嬉しかったし、ABEMAさんには感謝しています！！！\nこれからもずっと応援しています⭐️\n幸せな日々をありがとうございました！… https://t.co/tbHyn0Aa7E'
表情,'@nakagawa_0108 おお〜〜めちゃイイですね❣️❣️\n表情や角度まで完コピ👍👍👍\nやっぱり目を閉じて正面からがいいですね👩\u200d🎤👩🏻\u200d🎤👩🏽\u200d🎤'
表情,'先日、作業があったのでケーシータイプの白衣だったんだけど、すれ違う人すれ違う人皆が驚愕の表情でこっち二度見するからさ……もう診察用の長衣とブレザータイプ以外やめるよ……(イヴァン/精神神経科部長'
表情,'安木先生はお子さんが苦手なようで。\nエイトに「やしゅ」と言われると怪訝な表情をなさっていました。'
表情,'声が小さく表情が乏しく、いつもひとり言を呟いている。プリントの配り忘れ、保護者からの依頼の忘れが多い。授業何言ってるか子供達がわからない。「面倒くさい」が口癖。…よく教員やろうなんて思えたなこの人😓'
表情,'2/21 前田美咲バースデーライブ2021\n今年も参加できて良かった😊\nなんだか初めてライブで美咲ちゃん見たときのこと思い出したなぁ\n配信見返してるけど本当にいい表情してる(*´-`)\nソロのBelieve in my heart… https://t.co/xzKGpjRrDG'
表情,'@haruiiiiin123 こういってほしかったんだろ？っていいながらめちゃくちゃ甘い言葉を絶対に夏がしない表情でやってのけてほしいですね…(地獄の窯のふたをあけるな'
表情,'@sugimoto0807 私も店員さんに「あっ」っていう表情をされます。店員さんはどう思われているのか、、'
表情,'【榊 イオリ】デ死HOカミ。ぱっと見性別が分かりづらいが女の子。知識欲と好奇心が強い。表情を作るのが苦手であり、笑顔がぎこちない。色々勉強中。CSID:公開不可\u3000#犬鳴探索者 https://t.co/1ceNTIFVCD'
表情,'好想重看裸睡美人......(望向補片名單ಠ_ಠ)\n\n是說我的電腦表情符號比手機還多是怎麼回事¯\\_(ツ)_/¯'
表情,'MGくんの好きなところとして、光の加減で色が変わるところがあります。\n表情豊かなんですよ🥰 https://t.co/2kjBNCGwhL'
表情,'@gohanha_meshi パパだ！それだ！！これは息子を可愛がるパパの表情だ！！それだ！！、待ってめっちゃ共感した笑\nイリノいつも、アイエンに甘々すぎて好きw'
表情,'@shinaisy はじめまして、いあと申します!こちらこそお迎えありがとうございます✨\nわぁそう言っていただけてとても嬉しいです😂椎名さんの可愛らしい絵柄と表情の良さに惹かれました。絵がシンプルにお上手です…\n私もまだまだ新規で… https://t.co/WlZieMltqB'
表情,'@upk001 グロッティぱいせんの表情最高'
表情,'@_IDRAG \n求めるばかりのわがままなガキ（大正解の音）声援があまりにもヤジで笑ってしまった可愛いね…🤗｢sweetのアイドルがそんな物騒なことするわけないやんしばくで｣って言ってるけど表情は明るそう'
表情,'@Da_iCE_SOTA すごいかっこよくて、この髪型のそうたくん好き過ぎて、もぅドキドキですっ(♡´︶`♡)\nこの表情も、目線とかも大人っぽくて良いです(๑&gt;◡&lt;๑)\n5人皆さんで載っていたものも、すごいかっこよかったので雑誌買いますっ♫♫\n25日が楽しみです(o^^o)'
表情,'うぷてゃ〜！アズの表情がだいすこ！！！！！！！'
表情,'@sato4AYH さとちゃん〜💕\n桜🌸のパーツをひとつひとつ…\n素敵だね。\n桜🌸の表情が凄く感じられ、とっても綺麗です🥰💖'
表情,'@kyo_muni6 あー、えーとー、きょもの顔面をえぬちゃんにしてもろて表情はこれで☺️☺️☺️☺️（地獄）'
表情,'表情ごとに立ち絵作ってる人とか、パーツ分けの仕方によっては、めちゃくちゃ便利そうではある……。（昔から、顔パーツ全部＋アクセや表情や場合によっては髪型と顔土台まで分けてる）'
表情,'2人の何とも言えない言葉の\n間合いがめちゃくちゃ好き♡\n\n豊かな才能に溢れてるけど絶妙なズレがあってそれが凄くバランス良くて天才✨\n\nﾎﾟﾜ~ﾝ(´д｀･)とした優しい表情から宿題始まった途端に仕事する男の顔つきに変わる亮ちゃんに… https://t.co/BBLpaTjaCj'
表情,'涙を流せない君の代わりに僕が泣こう。「泣き虫だな、お前は」そう言って優しく頬を撫でる君の辛そうな表情の代わりに僕は笑おう。「何だ、急に笑うなよ」そうして君も笑顔になると僕は君を抱き締める。「…お帰り、ディオ」「…此処が俺の帰るべき場所か…」幸せそうに眠る君に優しい涙味の口付けを。'
表情,'@sei_izumi_2525 ふぁ〜💕💕穏やかでラブラブで、繋いだお手手がセクシーです💕💕2人の安らいだ表情がたまらない🥰\n新しいペン、すごくいいですね！\nシャープさといずみさんのタッチの柔らかさが相まって、とても素敵です✨✨\nお体不調とのこと、どうかご自愛くださいね💦'
表情,'この状態の中であのパフォーマンスはなかなかすごいと思うしやっぱり表情管理はアチズが1番よかったと思ってる、'
表情,'……と、言う感じのイメージでいつも書いてる。カイルの魅力はくるくる変わる表情と身のこなしの上品さで、一定期間一緒にいないとその良さに気づけないけど一度ハマると虜になる系と思っている…。'
表情,"'予告CMにも出てくる銀時のこの表情、\n昨日将軍暗殺編見てて\n銀時が松陽に""ありがとう""って言われた時の\n表情と似てて「はうぅ…ッ!」ってなった(笑) https://t.co/WTBV0Di61p'"
表情,'りゅせくんのずっとおもろいねんけどの前の表情大好き'
表情,'@hatsuka5525 初めまして。\n衣装デザインとか表情とか魅力的ですね！'
表情,'花びらのように散りゆく中で\n夢みたいに 君に出逢えたキセキ\n愛し合って ケンカして\n色んな壁 二人で乗り越えて\n生まれ変わっても あなたのそばで 花になろう\nいつまでもあるのだろうか オレの真上にある太陽は\nいつまでも守りきれるだ… https://t.co/oUxshsHtSe'
表情,'表情が真剣だったり優しすぎたりする頻度が明らかに多くてやっぱりそういう愛情なんだな………………'
表情,'@Ymd_ruriii わーい♪よろしくねやまちゃん！\nるりちゃんなら半分くらいは擬音になりそう笑\n涙脆いとこはまた登場するのかなぁ？\n親心かぁ…他の子もだろうけど、ルリちゃんもきっとこれからどんどん成長するはず…楽しみですねっ！\nこれからも素敵な表情みせてほしい…😇'
表情,'早いのは自分で作った表情集からのトレースなんで。\nこんな役立ち方をするとはｗ'
表情,'@echiechimykano 今晩お世話になります！\n先程見たけどとても好きです‼︎\n中出された後の主観で垂れるところ最高でした＾＾\n少しずつリクエストに応えてもらえて嬉しいです‼︎\nありがとう😊\nもっと表情みたかったけど💦'
表情,'@ntv_bonbie 素敵な6人の恋と北斗くんの様々な表情を公式さんのツイートと一緒に楽しませて頂きました！来週も番組もツイートも楽しみにしています！宜しくお願いします🐕'
表情,'@MATSU_MM5 いやほんとに特に目元が最高だけどサングラスの持ち方とかポージングとか表情までイケメンすぎる😂白睫毛がうつくしいよ〜😭サングラスになりたい…\nあとめっちゃ興味本位でキモい質問するけど、このカラコンって何使ってるの？フルブルームのネコヤナギとか…？🤔'
表情,'自信に満ちた表情、なんならちょっと悪役チックな顔も一瞬見せたりオータムのAdamのイメージドンピシャなのですごいな すごい'
表情,'【男は鈍感、女はエスパー】\n女性は、他人の表情やちょっとした行動の変化から感情を読み取ることが得意です。\nよって、女性は男性が何を考えているのか、大体分かります。\n一方、男性は「相手の気持ちを読み取る能力」に長けていません。\nなので、男性は女性が何を考えているのか分かりません。'
表情,'@toki628 画面に現れたサルにまさにこの表情してましたwww'
表情,'@tubuan_xx つぶあんさんに気合いが入ると為くんの眉毛が太くなる！？(そうだけど違う)\n\n今回のイラストは為くんの表情もですけど、線の強弱とかもすごく素敵です〜！✨(✪︎ω✪︎)✨'
表情,'@sumiko_twst 結構前から描き進めてたもんね…！！！ちゃんと細部も最後まで描き切るのすごすぎる…！！！\nあぁ〜🥰そっちの表情もよき！！！'
表情,'本当にぜんっぜん納得のいく顔に出来なくて4時間粘った…😭😭\nなんか表情がマネキンみたいになっちゃったなあ……😭😭😭\n描かないと本当に描けなくなる、思い知ったわ…😭😭'
表情,'@muddycat_atami @05Mairuu13 オタ恋の実写に出てた高畑充希ちゃんの表情www'
表情,'ライブで斉藤壮馬さんがとっても良い表情をくれたから描き起こしたいのに画力が足りない！バカ！私のバカバカ！！←\n\n描けるまで何度も描き直しじゃ、くそったれ！←'
表情,'ｴｲｽの表現力には無駄な装飾はいらないのね…彼ら自身のダンスや表情だけで魅せることができるから……すげえ………'
表情,'@matsushitareona めちゃくちゃ良い表情だね✨'
表情,'@phosphor_1509 すべすべ肌綺麗...\nまんざらでもない表情も好き！！🥰💖💖💖'
表情,'その表情どこで覚えてきたの❗ https://t.co/3SnDLEePPK'
表情,'@Da_iCE_SOTA \nブログありがとうございます！\nニコニコ笑顔でかわいいのも好きですが\nこのなんとも言えぬ表情！\nそしてデコ！たまりません🥰\nスーツもすごく似合ってて\nかっこいいです！！！\n絶対雑誌買いに行きます！！'
表情,'表情〜〜〜😭😭😭'
表情,"'亮司くんの"" 楽 ""😆\nジャンケンからの それね👉笑\nすーくんの表情が良いわぁ🤪\n\n#DEEPSQUAD\n#DEEPLINK\n#DEEPLY\n#喜怒哀楽'"
表情,'褒め上手のフォロワーに表情筋を破壊される回'
表情,'@hidaka_rina0615 真剣な表情ですね(｀・ω・´)'
表情,'逃げられないはずだ〜の後の表情が好きだからア〜ー！！カメラ！！待って！！！！ってなる\u3000歌変わるからしゃーないけど\u3000目が足りないの具現化'
表情,'まあじでいつも鏡とか見ると景気の悪い表情してる'
表情,'表情といい、衣装といい…健人くんにマッチしてて美しいね…カレンダーとても楽しみです…\n#K_T_T'
表情,'表情まで、いい……'
表情,'@enuchaaaaaan 可愛い 本当にその表情してたの？  同じ？   京本くんってこと？'
表情,'真夏が話してる時の1期生の表情に乃木坂の絆を感じる\n#乃木坂9thバスラ'
表情,'@grgr526 私もです🤦\u200d♀️\n今日1日引きこもってたのに同じ症状でしんどかったです🤧\nまさにペコちゃんの表情と同じ🤧'
表情,'映画『弱虫ペダル』発売記念🖤\nありがとうございます(^^)\n #弱ペダ廉くんの好きなとこ\n坂道くんと今泉くんの裏門坂レース、\n坂道くんの「僕は友達が居ないから」\nのアップのシーン。\n坂道廉くんの笑ってるような泣いているような心臓が… https://t.co/eT0KfrEW4m'
表情,'@Namio_dao 表情とポーズが絶妙に良い！'
表情,'@Neilo_JP 早速DLして遊んでます♡\nおもちゃをくわえている時の表情が可愛いすぎます🐕️💕\nLoading画面も癒されます😍🐾 https://t.co/VKmlyjbgNu'
表情,'勇気のゼミナ\n\n元ネタは大アルカナⅧ「力」\nアポカリプスシリーズの光属性\n意味は「勇気」「知恵」「理性」\nライオンの口を押さえる女性として描かれることが多い\n恍惚とした表情でライオン鉄球を振り回す剛力女子。 https://t.co/CNkHhSFrpy'
表情,'@mnavl やった～～～～～～～！！！！！こちらこそ有難う御座います！！！！！(コロンビアポーズ)\n七海ちゃん、クールな表情の美少女だし色んな衣装あって可愛いですね…………………………'
表情,'セミのぬけがらの写真に変と言ったこと位しか奈未がスペシャルになった瞬間て無くない？\nそして奈未にとっても潤之介がスペシャルになった瞬間はどこなんだろ？\n雨の中ずっと奈未を待ってて「雨だから星が良く見えないや」のセリフと表情だけ？… https://t.co/6ZUj3jmbeX'
表情,'末っ子みたいな感じで懐きそう\u3000大学生なので…待ち合わせの時にふたりを見つけたらぱって表情が明るくなりそう'
表情,'@teppengogo 服めっちゃかわいいです！服も超絶可愛いけど！2人の表情が！仕草が！！かわいすぎて！！どうやったらこんな可愛いことになるんですか…かわいさ大渋滞しててつらい😭😭与太さん凄い…😭このアカウントフォローできる世界線に転生したい😭😭'
表情,'どう思うんやろとか分かってるくせに！\nまずかっこいい、色気ある、表情が最高、手の位置、スーツ、いつもとのギャップ、おでこどーん、見下ろされてる、恥ずかしがるの可愛い、おくち、濃いめの化粧、相変わらずきれいな二重、つんつるなお肌、き… https://t.co/VoTLeNhnlX'
表情,'鬼滅の刃お絵描き好きなんだけど\nポーズから表情から\n考えてるときが楽しくて\n決まったら描くのは早いのよ\nてかコツコツ描けないw\n根気の問題だなー\n修行が足りん(笑)'
表情,'@LWaoiARS0925 （無名の存在）\n永遠に紅い幼き月\n表情豊かなポーカーフェイス\n\nってことかな？\nサンクス！'
表情,'へホ「相変わらずいいねぇ〜！表情もポーズもそのすべてが、一瞬にして性欲をMAXにさせてくれるよ！」'
表情,'転生したらスライムだった件2期31話\nヒナタの必殺技は厨二と浪漫に溢れてて演出が良い\nテンペストに駆けつけたリムルが惨状の一端を目の当たりに\n大賢者のフォローが的確\nキレかけてるリムルの表情も良かった\n\n現状把握と分析が進む中、重… https://t.co/luUPu5Mstt'
表情,'7話本当終盤の暦とランガの表情辛過ぎて見てられないし(けど見る)、次回予告にランガ居ないの実感するたびに不安が募って本当に無理。'
表情,'@kyo_muni6 いまのえぬちゃんこーゆー表情してた https://t.co/Ol6nZ3dC9U'
表情,'@rimocafecoffee そうですよね〜😀\n待つ時間も含めて待てるお店って不思議とお客さんの雰囲気（客層）も何だか柔らかくて表情豊かなんですよね〜マスク越しでも（笑）\n皆が自然と気遣い出来てて一体感ある回転率みたいな😂'
表情,'自分ひとりですぐ出来るセルフカウンセリングをご紹介します。\n\n「ははは」「ふふふ」「えへへ」って一人で笑ってみて下さい。\n\n鏡は別に見なくて良いかので、その「笑った自分の表情」から少しの悲しみや疲れを感じたり、それらを受け止めてみ… https://t.co/VzbAUERY6t'
表情,'スーパーさときくタイムはカメラワークとどこか挑発的な彼らの表情と交互に出てきて最後に背中合わせになるところが本当に最高最高最高'
表情,'RK900ってスペックだけ見ると確かに800の上位互換なんだろうけど\n登場シーン見返してみると何故かポンコツ臭も感じるのよな、何か表情とか800以上の逸材の可能性をかんじる'
表情,'@urirollcake 最後の飛んでるきどうさんがさ…笑顔の表情…おてて…全部が…屈託ないかわいさでな…\nごうえんじ含めやや(隠すことなくめっちゃ楽しそう…)って草が生える面も否めないけど\n推しの笑顔は幸せの1つの形なので…'
表情,'@misakimiss02 美優ちゃん\u3000こんばんは🌃。\n\nめちゃ髪型と化粧とお洋服とイチゴ\nの板チョコが似合ってて表情可愛い😍。\n\nウチが小学校低学年の頃に\n下校の時に目の前の男子の\nランドセル上に何か女子が\n置いて走って行ったの… https://t.co/S16bfrDK7v'
表情,'この台詞でこの表情でこの呼び方だと勘違いされそうだけどカルナちゃんは男……男？ ほんとうに？ cvコウジ=ユサのおとこ……ほんとに？？？'
表情,'ウィルくんの嫌悪感MAXの表情ってある意味ガストにしか見せない表情だからそれはそれでロマンス'
表情,'がるぴょすが口をムイッとする表情一生好き'
表情,'普段見てるの立ち絵だけだしあんまり表情変わんないイメージだからさ……立体でめちゃめちゃ動いてるの見るとさ…………愛………て思っちゃうじゃん…………………'
表情,'@candy10pkg 気にいってる子なので目をつけていただけてはぴ～～♡♡弱々しい表情がもうたまらなく好き!!!そしてhimeさんのふわ～とした塗りでさらに可愛さがＵＰしてて最高に好きです!!絆ちゃん描いてくださりありがとうござ… https://t.co/D9QPytMCgT'
表情,'#悪の花(原題)【第12話】\nすっかり表情の変わったヒョンスが健気で愛おしい。雨の中のデートは微笑ましかったけど、もう普通の夫婦ではない二人がせつない。\n何も壊れず、何も失わないことを祈るばかりです。\nちなみになんで、あのシーンでバンタンＴシャツ着たんやろ😆'
表情,'ここのやさしさが溢れる表情と、ハグと、抱きしめて首元に顔埋めて目を瞑る潤之介よ… https://t.co/g00TZAP0u7'
表情,'今日○○○○○○○が○さん立ち位置ドンピだったんですけど、○○○○○○○○○○○表情がたまらなくよくて、一生○○○○ください！！！！！！！って思いました。 https://t.co/d0I92b954b'
表情,'顔面だけでR-18付きそうな表情描けるようになりたい 見た人タコ殴り（物騒）にできるくらいの……'
表情,'二重幅まで美しい。唇から僅かに覗く白い歯。添えた指。なんとなくかっこつけてこういう表情すると眠たそうになりがちだけど健人の目はそんなふうにならない。儚げな表情からも生命力を感じる稀有な人。やっぱり私は健人の黒目が大好きだ。(日本映画naviのカバーの話)'
表情,'尾田くんの表情ㅜㅜㅜㅜ 一人で違う世界館に住んでるみたいよ'
表情,'@mug__saku 解禁前なのに知ってるってことはむぎさん関係者…？あ相手役の女優さんでしたか😳作間くんとあんなシーンやこんなシーン撮ってたんですね…公開後の撮影秘話まってます🤦🏻\u200d♀️\n急にバックハグしてきてテンパる女の子に「… https://t.co/Rzqyw22lBw'
表情,'受験を無事に終了された受講生の方が、レッスンへお越しになりました🤗\nその表情は、手応えを得られ自身の為すべきことを完遂した安堵と、新しい出逢いも得られ期待に胸膨らむ歓喜に満ち溢れたものでした✨\nその心情が功を奏したのかレッスンも進… https://t.co/0RymCcpWbq'
表情,'中沢先輩のなみちゃんに向ける表情が優しくてトキメク（私はどっち派）'
表情,'寧々の3Dモデルの表情の出方いちばん好きだ…目見開いた時はかわっっ！？ってなって伏し目がちな時は美少女……ってなる絶妙な少女感(ベタ褒め)'
表情,'( ˘ω˘ )表情差分がほぼ無いから、割とヒロインムーブさせにくいんじゃぁ…………'
表情,'@sakura_nuhi63 ご賛同いただけて幸いです！！\nそして彼シャツと雨に濡れた子犬のウルウルした瞳が醸し出す「守ってあげたい感」に油断して近付いたが最期、表情一つ変えず正論で残虐なほどバッサリ斬って捨てられるのでございまし… https://t.co/iSPutRY0jK'
表情,'3枚目は名前を呼んで目を合わせようとしてくる先生と4枚目は後ろから愛しみの表情で見つめる先生ですふふふ'
表情,'@akusan_k ありがとうございました！！！！！ 古備前めちゃくちゃ可愛くて転がりました……体格差と表情の差とかすごく好きです！ 他の子たちのふわふわところころとハッピーな感じに癒されました……'
表情,'@kisenra421d けーぷちゃんの顔よりおっきいヘラクレスだ(゜゜;)💦お金がないと困りますね💦切ない表情…(TT)養えることなら養ってあげたいっっ‼️\n(センラさんこんばんは🌃今日もお疲れ様です(*´-`)っ☕️✨)'
表情,'@natanakane 「けっこう傷ついたよ。」の\nこの切ない表情がまた…。'
表情,'@a310_k4 あのカード表情が好きだ…😂💓\nいつもログイン時間が数時間とかでニコニコしてた……(ストーカーか？)'
表情,'@yuto3955 ゆうとさん宣材写真ずっと楽しみにしてました🥺衣装も背景もゆうとさんの表情も洗練された雰囲気で本当に素敵です✨特に2枚目の写真が僕のお気に入りです💕'
表情,'→してなにかふっきれた表情のところで藤の愛してる…最後は藤北からの潤之介の生存確認、子犬が本物の仔犬を愛でるサービスショット…\nanotherの使い方神すぎたー😭そして想いを伝えあうところはpiano＆Strings…ラブバイはボ… https://t.co/jptWr5f3Oz'
表情,'鈴木妹から「鬼上司」って聞かされる潤之介の表情よ…\n\n#ボス恋'
表情,'@yuzepo @pkgmousou かわいい子のオンパレードだったので全員お借りしたい強欲を飲み込み一目に惹かれたクラッシュさんをお借りさせていただきました！おっぱいも滲む気の強そうな表情も素敵に思ったところは全部詰め込んでます… https://t.co/L6P7RlK64f'
表情,'さっきまで気さくに笑ってた九十九さんが「あーこいつ私の人生にマイナスしか作用しないな」って思った瞬間、56話扉絵みてぇな表情になるの最高〜！\u3000怖〜ぇ！\u3000スーパードライ〜！'
表情,'@kuroyagi10001 うん！まっけんの表情も見たいね\nきっと\u3000この力強いハグと同じ様に\n気持ちのこもったいいお顔だろね🥺'
表情,'性能も平均的な子(これはどちらかと言えばゲームで選ぶの方が近い)･だけどヤク中･義妹･ハーフ（これ薬仰君もやね）･怒っても表情筋少ないので分からない子'
表情,'「終りの鐘が鳴る」の斉藤壮馬めちゃくちゃいいですね表情が'
表情,'原作と違うところもあったけど、よくここまで綺麗にまとめたな〜！！という感想。\n森七菜さんのころころ変わる表情が\nまさに湊そのもの。\nあと烏丸くんが烏丸くんすぎて\n原作読んでる身としては出る度に「あぁ〜烏丸くん……！」ってなりました… https://t.co/ug0GQVQsVR'
表情,'@MlXusUXJ9N0kD3E 私も初めて見ました！\n\n登場の仕方もかわいいし、😅\nこっちを見る表情もかわいいですよね✨'
