終了,'今日やりたかったこと：録り溜めたアニメ見て漫画読んで本読んで部屋掃除\n今日やったこと：DCSのF14で爆弾投下・フェニックスミサイル発射誘導・実戦、これで一日終了(ユーフォの新刊半分くらい読んだ'
終了,'イベ終了まで残り30秒。アプリがフリーズなう'
終了,'配信が無事に終了しました(`・ω・́)ゝ\n\n難易度が高くなってきて、今後がちょっと心配だわ～😅\nラグは致命的かもしれない…。'
終了,'ナーサリーちゃんからチョコもらって、なもり大先生の神礼装手に入れたから、今年のバレンタインは無事終了ですな😌'
終了,'バイト中に金潟すぐみの予約受付再開→終了してて本当に萎えてる'
終了,'CoC6版｢八草｣終了しました！久しぶりのHOだった気がする！ぼくポチを未来から持ってきてしまったのはすまないと思っている( ˘ω˘ )TPRGプレイヤーの性が1/1000という確率に惹かれてしまったのだー！\nKPほっしー、PL遥… https://t.co/19gemgWSBp'
終了,'#BarcaCadiz\u3000終了!両チームお疲れさま!!\nよき時間帯に「バルサの鬼門はカディス」って知らしめるあたり、曲者✨いい #酒酒酒 してください👏'
終了,'楽しかった現場終了…😢めっちゃ頑張った！\nまた次も呼ばれるといいな…本当に！呼んで！偉い人！'
終了,'お疲れ様でしたε-(´∀｀;)ﾎｯ\n今日も無事遅勤終了👍🏻\nさっさと帰宅🏡\nバタバタと🍙(^～^)＆🚿🛁\nギリギリセーフで日付けの変わる前にお布団へ🛏𓈒 𓂂𓏸\n(*˘︶˘*)ｵﾔｽﾐﾅｻｲ.｡.:*♡'
終了,'ラストちょいだけ投下して終了〜特別熱心にマイフォンと睨めっこしていた訳ではないんですが(おい)'
終了,'今日の作業終了✨新しいPC届くの待ち遠しいよ😭原稿作業つよつよになるに違いない！今あるゲーミングモニターは取り敢えずSwitchだけ繋いだ👍おやすみなさーい就寝！'
終了,'録画終了 ＢＳ１１：「アイ★チュウ\u3000第七話「jugement ～笑顔のために～」」  [ Bitrate=18.8Mbps  Drop=0  BcTimeDiff=-7.53sec  TimeAdj=+0.00sec  DiskFree=78.94%.]'
終了,'【定期】2週間以上前の募集、譲渡等のツイートは新しいツイート・募集終了になっている可能性が高いので、リプの際は、投稿日をご確認にください。'
終了,'●録画結果:録画終了 【ＢＳ１１イレブン】 アイ★チュウ\u3000第七話「jugement ～笑顔のために～」\u3000録画時間 00:30\u3000ドロップ数:0'
終了,'２日目、シナリオ終了！\n３生還１ロストです\n戦闘も、軍事行動もかっこいいこといっぱいしてもらいました\n残念ながら１名ロストしちゃいましたが、見事に蹂躙してくれましたね！２日間ありがとうございました〜'
終了,'●録画結果:録画終了 【ＢＳ日テレ】 アニメ\u3000IDOLY PRIDE -アイドリープライド-\u3000第七話\u3000Ｓｈｉｎｉｎｇ\u3000Ｓｍｉｌｅ\u3000録画時間 00:30\u3000ドロップ数:0'
終了,'本日の業務終了！明日こそは早起きするー！'
終了,'@I_HITOMI_0531 配信終了間近の\nmin(net)miiiting♪Valentine の\nアーカイブを２回続けて観ました。\n保護猫カフェの #キンカロー って\nマンチカンとアメリカンカールの混合種\nなんですね。\n普通… https://t.co/cbF3hLbORh'
終了,'3分ほどで壁外調査終了\nち「おしっこでめじるしつけてきた」\n#モルモット https://t.co/NvCW2OwAbW'
終了,'●録画終了：ＢＳアニマックス 2021/2/21 23:30 ～ 0:0 録画終了 Drops:0 Scrambles:0 IDOLY PRIDE #7'
終了,'ガッツリ仕事させて頂いた一週間が無事終了。流石に疲れたので今日はインスタント台湾ラーメンに一手間。挽肉とニラを豆板醤とニンニクでササッと炒めてのっけてみました。替え玉は冷蔵庫に残っていたチャンポン麺で。その一手間がアイラヴユー❤️… https://t.co/TufPlvyiiA'
終了,'今日の報告。\nいつも交換ツイートのリツイートして頂き、ありがとうございます！\n\n今日で、ヒーリングっど♥プリキュアが最終回を迎え終了してしまったので、プリキュアパン買って引いたら、お目当ての45番が遂に出ました！\n何か申し訳ない気… https://t.co/QIWyskOhxK'
終了,'●録画終了：ＡＴ－Ｘ 2021/2/21 23:30 ～ 0:0 録画終了 Drops:0 Scrambles:0 七つの大罪 憤怒の審判 #06'
終了,'無事放送終了そして今夜も最後の曲は乃木坂46のsing out。早くこの曲の様な日々が来ることを願っています。今夜も乃木中見てから帰りますww。リクエストたくさんありがとうございました。川嶋志乃舞ちゃん@clg_tokyo\nのチェ… https://t.co/mXpRATx8K5'
終了,'●録画終了：ＢＳアニマックス 2021/2/21 23:30 ～ 0:0 録画終了 Drops:0 Scrambles:12055638 IDOLY PRIDE #7'
終了,'なんとかライブ分の投票終了ー( ˆ꒳ˆ; )迷いに迷ったわ💦\n\n我が家ではライブ⇒母\nCD⇒娘(ただし🐺vs⚡️は私用にもう一枚買ったw)\nVR⇒ヒプマイじゃんけん←えっw(🐺vs⚡️分は公平に娘投票)\n\nと、それぞれで入れます(^∀^；)www'
終了,'楽しかった\u3000期間終了で強制中断は嫌なのでおしまい！観れてよかったしCDも円盤も楽しみ'
終了,'で指先痛くなって終了'
終了,'受信： 222件\n送信： 227件\n投稿： 10件\n掲返： 5件 \n通話： 0件\n稼動ﾎﾟｲﾝﾄ： 3554pt\n\nCP1日目終了🌼\n明日も頑張ろう～😭'
終了,'@togohellall あづまさんお忙しいなかありがとうございます…！お知らせツイを見た瞬間、終了してしまうのでは…？ととても悲しくなったので、安心しました🙏\nなかなか参加できない回が続いておりすみません…！でも本当に本当にありがとうございます！！救われております…🌻'
終了,'今日も出来た！\nしかもプランクする前に腹筋もしたからお腹痛い･･･\nこれは筋肉痛の予感。\n\n#プランクチャレンジ 2日目終了！今日は20秒プランクしました。 #30日チャレンジ https://t.co/CirprRT1PZ https://t.co/KyPuOq64Pc'
終了,'@hideajcc 労働基準法に則り業務時間を8:45～16:45の8時間とし45分の休憩が設定されていますが\nそもそも児童生徒の登校が8:30だったり、部活終了が17時だったりと業務時間そのものが実態と則さず\n休憩時間も取れない… https://t.co/TNvzCe8nED'
終了,'蹂躙するは我が手にて\nEND-1\u3000生還3 ロスト1にて終了です\u3000お疲れさまでした！\nすげえロマンシだった……これが、俺たちの最強の軍人だ！！！！！！！！\u3000一人先に座にいったけど、俺たちが英霊よ！！！！！！！\u3000FGOコラボまだ？'
終了,'湯船にお湯はると何回も入りに行っちゃうなー!!\n2回目終了ー!!\n極楽ぅー!!'
終了,'@kinoko_rock_18 銀さんの銀さんもギンギンさんになってしまうやつですね！ｗｗ\nでもたまデレ期は早々に終了してそうなのでやはり頑張れ坂田なのです…😂'
終了,'あと1分で精神終了すると思うのでお返事は深夜か明日に回らせていただきます…'
終了,'土日の休み終了。\n死んだ様な2日間だった。\n明日から更に死んだ様な日々になる。\n明日はお偉いさんの会議の雑用だ。'
終了,'昨日今日と仕事だったのでどうなるかと思いましたが、無事終了！続行リサーチ突入！ https://t.co/cIzk6wXYkT'
終了,'異海航路\u3000キャンペーン第五章\u3000海境の秘宝\n2/7に5章の1日目をやっていたんだけどね…報告忘れていたよね……\n全章終了！！！全員生還でハーッピーーだったね！！！えらすぎ！みんな！！えらすぎい！！！！！すごい楽しかった、すごいなあ…… https://t.co/27AtJvmq84'
終了,'応募期間終了🥺🥺\nお疲れ様でした🙇🏻\u200d♀️🙇🏻\u200d♀️🙇🏻\u200d♀️'
終了,'2日目終了、お疲れ様でした！\n\nずっと某曲が頭を流れてました…\nそうはならん、きっと！！！\nファンブルオセロは完成されました、次はきっとcで染まるさ！\n次回もよろしくお願いします〜！'
終了,'いんらい登場せずいんらい終了後にストーリーで一緒にいましたアピール？するのなに、え、もうすぐ21日終わるけど、え'
終了,'Valheim中編\n拠点に帰って、青銅で装備を作りました。\n使った分の銅と錫をせっせと精錬してお昼の部終了。\n夜の部\nなぜ装備を作ったかと言うと、\n夜の部はみんなで沼に冒険！\n前々からしめさん達が偵察に行かれてましたが、\nやばいや… https://t.co/wtqgOYZnb3'
終了,'リセマラ終了⸜( ॑꒳ ॑  )⸝\nいいバックスタイルですわん🤤✨\n#NieR https://t.co/bLqN983Vf5'
終了,'@jamlove_SW 情報といえばスパクロが終了するくらいだったもんなぁ。\n春くらいまでには何かあるといいよね！'
終了,'アーカイブ強制終了型か？'
終了,'1-0で前半終了です。特に目立ったものはなかったな、吹雪もアイスグランドしか使わないし'
終了,'ただの自己満でしかないですが2日間で結構勉強出来ました\nテスト期間終了まであと約2週間しっかり頑張る!! https://t.co/yI3J7ydSet'
終了,'@momo_pink02 いきなり終了されたのにこの満足感😭💕💕💕💕💕💕'
終了,'❄️🌸奏者2次募集終了🌻🍁\n\n四季オケ第2回演奏会に係る\n奏者2次募集を締切ました。\n\n本当にたくさんの方に\nエントリーいただき\nありがとうございました。\n\n▼最近情報は新公式HPからも発信中!!… https://t.co/A1PT0tRNvM'
終了,"'[BS11]アイ★チュウ 第七話「jugement ～笑顔のために～」 録画終了（Error=0,Drop=0） by TvRock version 0.9u2'"
終了,'maimai終了！\n今日だけで64クレしたｗｗｗｗｗｗｗｗｗｗｗｗ'
終了,'今日RASさんがランク放送してて覗いたらチーターだらけで悲しそうに放送終了してた😢 運営が頑張ってくれててもチーターが居るなんて😢'
終了,'羽谷円李先生が待機終了しました。\n02月21日 23:59'
終了,'瑤潤嬉陽先生が待機終了しました。\n02月21日 23:59'
終了,'紅蘭先生が待機終了しました。\n02月21日 23:59'
終了,'白龍先生が待機終了しました。\n02月21日 23:59'
終了,'@hiro_nya_nya うまいこと朝から見て 上映時間を見た最高三本ぐらいちゃう？\n\n朝９時から終了8時前だっけか（´-`）.｡oO'
終了,'実琴先生が待機終了しました。\n02月21日 23:59'
終了,'🇬🇷スーパーリーグ\nPAOK×ラミア終了。\n相手がスタメン11変える中、ゲームを支配し続けたPAOK。\nババ・ラーマンも早速存在感。\n香川も60分過ぎに投入。チャンスも演出。次はもっと長く見たい。\nツォリスの状態は心配。\n\nお疲れ様でした。'
終了,'たまらないよね😭\n\nそれから終了時間過ぎてるのに、\nもうちょっと歌いたいなぁ〜\nもうやめるの！？\nエンディングみたいです\nそろそろお別れの時間が近づいてきました\nって名残惜しそうにするからこっちも泣いちゃうやん\n\nほんと人たらしなんだから💕\n＃菅田将暉オンラインライブ'
終了,'お絵描きパットの充電が切れたので強制的にお絵描き終了🥺'
終了,'そなえもんのおかげでビナーVH勝てたところでシーズン終了した'
終了,'2/15 カーニバル開放 本当に最終\n\n⭕️フルーツお花 全種有 摘む可\n⭕️魚虫素潜り素材集めお祈り可\n⭕️店、訪問販売可\n⭕️レシピ 持ち帰り厳禁\n⭕️家具、化石等（フリスペ）お持ち帰り可\n \nフリスペへの不要レシピ、家具の寄… https://t.co/haw5O81OMK'
終了,'02月21日 23:59\n多羅まい先生の待機が終了しました。\nhttps://t.co/8exaxAeDAT'
終了,"'録画終了 IDOLY\u3000PRIDE\u3000-アイドリープライド-\u3000#7 [Sg33.33,Br16.1,Dr0,Td-0.59,Ta+0.47,TvRock V0.9u2 twr5c3 twr5c387e6]'"
終了,"'録画終了 アイ★チュウ\u3000第七話「jugement ～笑顔のために～」 [Sg16.52,Br19.0,Dr0,Td+0.77,Ta+0.47,TvRock V0.9u2 twrd twrd37e6]'"
終了,'試合終了 #BarçaCadiz 1-1\n\n#メッシ 選手と@AlexFdez8 選手のPK弾が決まり、カンプ・ノウでの一戦はドローに終わる！⚖️\n\n@Cadiz_CFJP 、対 #バルセロナ 1勝1分💛 https://t.co/XzviT08P7U'
終了,'ビクトリーボックス76個集めたところで眠くなって終了。'
終了,'02月21日 23:59\nルーシー先生の待機が終了しました。\nhttps://t.co/QRVcYGHqpt'
終了,'@katsuaikun 諦めたらそこで試合終了ですよ'
終了,'ニェン…年獣ちゃんは53わからせで終了。\nなんだかんだ修羅終わってからも18体稼いでるとはいえ修羅なければやってないだろーな。\n地獄モードの段位戦で和了点だけカウントってマジモンの地獄やぞ。 https://t.co/2mlYdRo8XK'
終了,'録画終了 @shiria001 TOKYO MX：「IDOLY\u3000PRIDE\u3000-アイドリープライド-\u3000#7」  [  Bitrate=14.3Mbps  Drop=0  BcTimeDiff=-1.58sec  TimeAdj=+0… https://t.co/ZkmKB31KDf'
終了,'02月21日 23:59\nオータム・アークライト先生の待機が終了しました。\nhttps://t.co/fKgl0vMI1G'
終了,'02月21日 23:59\n桜葉町子先生の待機が終了しました。\nhttps://t.co/7J3lSXeYbq'
終了,'02月21日 23:59\n福良晴笑先生の待機が終了しました。\nhttps://t.co/W9LINlMbjC'
終了,'02月21日 23:59\n千丈謳先生の待機が終了しました。\nhttps://t.co/6Ge9w9csSH'
終了,'@mi_kunwqhd 本日の受付は終了しました'
終了,'新緑先生が待機終了しました。\n02月21日 23:59'
終了,'02月21日 23:59\n紫川華月先生の待機が終了しました。\nhttps://t.co/tUCP43vnVI'
終了,'紫衣華先生が待機終了しました。\n02月21日 23:59'
終了,'02月21日 23:59\n樹愛先生の待機が終了しました。\nhttps://t.co/3i59taFbS0'
終了,'彩来愛先生が待機終了しました。\n02月21日 23:59'
終了,'七英雄凱旋終了！\n＃ロマサガRS https://t.co/cmJpbAsQZ2'
終了,'02月21日 23:59\n吟千代すもも先生の待機が終了しました。\nhttps://t.co/JO7j4mkl57'
終了,'最後は落下して終了。次は真ん中の塔を頑張ってみる。\n丁度柵の上に落ちたｗ https://t.co/F6n89nLY7K'
終了,'02月21日 23:59\n薩婆訶サティ先生の待機が終了しました。\nhttps://t.co/b7j46jz059'
終了,'02月21日 23:59\n紬ひさの先生の待機が終了しました。\nhttps://t.co/VDSMvzTAys'
終了,'02月21日 23:59\n中靏双葉先生の待機が終了しました。\nhttps://t.co/SCBJMCYIgf'
終了,'美眼先生が待機終了しました。\n02月21日 23:59'
終了,'というわけで本日をもってBE課金を完全終了致します。(因果応報)'
終了,'Rin先生が待機終了しました。\n02月21日 23:59'
終了,'終了。 #ラジオ聴かナイト'
終了,'💫店長ブログ更新💫\n\n今日もなんとか無事終了出来ました♡\n\nhttps://t.co/jDWp9i2ZKI\n\n今日の画伯もなかなかの出来でした👍\n\n明日は10時から出勤だから早く寝ようとは思うが…結果洗濯回しちゃったw… https://t.co/KDnAA5QSZO'
終了,'先日ツイートしたポッドキャスト録音が終了。あっという間に1時間が過ぎ、楽しくお話しさせていただきました。海外生活、多言語教育、言語学習などトピックもりだくさん。アップロードは来月初旬予定のようなので、またその際シェアします。'
終了,'【検証】ひぐらし祭2の設定6で初当たりオヤシロorビッグの終了画面で梨花が出るかやってみた（家スロ実機） https://t.co/8UMJzzqpLV'
終了,'夜月神光先生が待機終了しました。\n02月21日 23:59'
終了,'録画終了 アニメ\u3000IDOLY PRIDE -アイドリープライド-\u3000第七話\u3000Shining\u3000Smile twr8d7e6'
終了,'02月21日 23:59\n蓮乃歌先生の待機が終了しました。\nhttps://t.co/ksYJ2FVhSY'
終了,'言月先生が待機終了しました。\n02月21日 23:59'
終了,'本日の勤務無事終了😭花粉にボコスカにやられた一日だった🌲🌲😷🌲🌲'
終了,'進捗として前編終了まで進んだので日程は大丈夫そう。'
終了,'@kagenoko3n 猫の日終了にゃー😸 https://t.co/YajQCQ1J1H'
終了,'上手く終了できてないのバレてら……'
終了,'@suyuna123 今日は終了でーすw'
終了,'ソプスク一日目終了！\n楽しいです…！'
終了,'本当にギリギリ強制終了'
終了,'●録画結果:録画終了 【ＡＴ－Ｘ】 裏世界ピクニック #08\u3000録画時間 00:30\u3000ドロップ数:0'
終了,'(わん)にゃんこの日これにて終了 https://t.co/5XlstBdYs4'
終了,'@chamunosub 稀に治ることはあるらしいけど、基本は治らないらしいよ。。😭😭😭\n花粉症になったら終了のお知らせだよ。🥺'
終了,'●録画結果:録画終了 【ＢＳ１１イレブン】 SSSS.GRIDMAN\u3000＃07「策・略」\u3000録画時間 00:30\u3000ドロップ数:0'
終了,'2/22の出勤は、有村です。\n\n本日、受け付け終了となりました。\n\n明日以降のご予約お待ちしております。\n\nLINE予約はこちら\n↓↓↓↓↓\nhttps://t.co/ztw8FL9J1Q'
終了,'蓬莱人形がその数だった場合、花映塚あたりで東方project終了という「当初の予定」に沿った世界線になる可能性も'
終了,'只今、鈴野おとはすぐにご案内可能です\n次回、星野えりかは2時からのご案内です\n\nお電話おまちしております\n佐々木恵と橘愛と本田まこと青木広美の予約は終了しました\n\n弓月あいりは休みです\n\n#熟女出張マッサージ'
終了,'アジトTVの終了から3時間、メギド72のパパ界はみんなのオヤジ・ハック、正統派お父さん・フォラス、石油王系パパ・ルキフゲスの3つに分かれ混沌の炎に焼かれて死んでいた───！ https://t.co/vSai29jrLx'
終了,'面接官「特技は何ですか？」  学生「ハム太郎に登場する、こうしくんの声マネです」  面接官「やってみてください」  学生「……ﾊ、ﾊﾑﾀﾛｻｧﾝｗｗｗｗｗｗｗｗｗ」  面接官「面接を終了します」 moonmoonno1'
終了,'筋トレ終了。必ず皆を救う日が来る。大丈夫。俺に任せろ。'
終了,'[おしらせ]2019年05月12日神戸で開催のアイドルマスターオンリー同人誌即売会｢Prismstars!｣参加者を対象に開催日より2ヶ月間限定でサークルチケットまたはパンフ提示でアフターで弊社パソコンサポートご利用の作業料金を1… https://t.co/JG7Vw94oX4'
終了,'@seikuma_TL\nネロさんが楽しそうにスイッチいじってるのをキッてみてるけどへたり込んでるマリア。\n絶対行く時武器せめて私の分持っていってvs要らないよバトルが勃発してるしローターが終了させてるのでは？'
終了,'38日目終了\nTwitter忘れてたー。\nテストコードのカリキュラムに入ってから進みが悪くなり心折れてました😅\n今結合テストコードやってて繰り返し同じようなコードを書くことによってようやく流れを掴むことができました。\n反復って大事だなと実感しました。\n \n#テックキャンプ'
終了,'月曜から連敗してヤバかったけど何とかプラスで終了です。動いてるけど寝ます。(^o^)ﾉ ＜ おやすみー'
終了,'Blog更新しました、「刀らぶ：イベント終了まであと2日」 https://t.co/fCPMH0KoZu'
終了,'@narumikeisuke 安定のジャイロクオリティ。\n自分も今日、仕置き人甘で1k15位の超極悪台を遊タイム迄到達させて3連オール3Ｒにて終了。源さんが満席だったのでやむ無し。\n\n遊タイムハイエナがチョロチョロしていたのでむき… https://t.co/WwZurEWhQh'
終了,'２エクセ１防衛で終了'
終了,'ヒメヒナワンマンライブのアーカイブ\n配信終了前にギリギリ最初から最後まで\nみれたー！かっこいいなー！！\n感動思い出して泣きましたよほんと！ほんとにほんとにいいライブでした!\nありがとうございました！それでは寝ますおやすみなさい！… https://t.co/1j46ZRQ4hG'
終了,'チャンピオンで気持ちよく射精終了今'
終了,'【毎日更新】\n2月23日の受付、終了しております。\n本日の全体平均お給料\n４万２，３２６円\n祝前日だから、出勤女性のほぼ全員が平均額に近いお給料でした！ https://t.co/Im0BcsdFhW'
終了,'終了です。\n結果は４５RT!\n4500文字ですね！'
終了,'ねこ、実はけっこう描いてた(猫の日終了まであと一分) https://t.co/nOnJnYH75L'
終了,'憂誕終了、おやすみー'
終了,'雷やら雨やらで天候悪いです😅\n\n本日の営業終了致しますが、お問合せ・ご予約は休まず受付中❗\n\n明日の祝日✨\n空いてる時間あります~~~🤗\n\n脱毛しましょう💕\n\nお問合せ・ご予約は↓↓↓\n🏠… https://t.co/FDFt2OJPmm'
終了,'マンガ読み終了してアニメタイム( ･`ω･´)'
終了,'そいえば10になってたよ。\n \n10になった人は種植えもう終了してるのかな？あとになって家具コインで金証明の種とか言われたら…\n（そんなこと言われたら誰ももう家具買わないからないと思うけど） https://t.co/khz47Yf0jy'
終了,'ありがとうございます＼(🍏ず・ω・だ🍏)／\nずん子のクラウドファンディング、終了しましたo(≧▽≦)o\nhttps://t.co/m7CQtesVtF https://t.co/snQveHeyTx'
終了,'ジンジャーエールがなくなったので本日の晩酌終了！ https://t.co/6A8FYlVdfy'
終了,"'【あと24時間で配信終了】[Web - 各配信サイト]『少年社中ライブストリーム「パラノイア★サーカス」』2/23(火)23:59まで 工藤遥 ※有料配信(3,900円) ※購入期限 2/23(火)21:00まで\n\nStreami… https://t.co/JPVqonnOqa'"
終了,'最後の遺跡の探究とロミィさんのシナリオが多分まだだからそれやって終了するかな。次はゼノブレイドDEだ。'
終了,'星宮てる先生が待機終了しました。\n02月22日 23:59'
終了,"""伊藤さくらライブ@井荻チャイナスクエアで弾いてまいりました！ゴリゴリ快調に弾き倒し、盛り上がって終了‼️猫の日イベントだったけど猫関連の曲はやらなかった。Cat's eyeのカヴァーやりたかったな〜😺 https://t.co/BakydBftnO"""
終了,'Rin先生が待機終了しました。\n02月22日 23:59'
終了,'瑤潤嬉陽先生が待機終了しました。\n02月22日 23:59'
終了,'天音ゆかり先生が待機終了しました。\n02月22日 23:59'
終了,'紅蘭先生が待機終了しました。\n02月22日 23:59'
終了,'白龍先生が待機終了しました。\n02月22日 23:59'
終了,'休み2日目\ndアニでバトスピブレイヴ見て終了\nこのクオリティの話し1年間毎週やってたんグロい、内容が面白すぎる'
終了,'真白るな先生が待機終了しました。\n02月22日 23:59'
終了,'本日22日の診療業務は全て終了致しました どなた様もお疲れ様でした 帰り道お気をつけてお帰り下さい 明日は今上天皇の天皇誕生日のため休診でございます 明後日水曜日は平常通り診療の予定でございます おやすみなさい… https://t.co/8b5q0TLe1I'
終了,'🥝配信終了しました！🥝\n\nお陰様でアフターストーリーも全てクリアできました！！\n\n来週からは鎧の孤島へ向かいます！！\n\nその前にタイプ統一大会ね！！ https://t.co/NbAMgUtpWZ'
終了,'美萩先生が待機終了しました。\n02月22日 23:59'
終了,'神寿先生が待機終了しました。\n02月22日 23:59'
終了,'私は万博終了後は大阪市営地下鉄に売却され、大阪市営地下鉄30系に編入されました'
終了,'銀人先生が待機終了しました。\n02月22日 23:59'
終了,'ドラゴンクエストの世界から戦場にいったらなんかフレンド2人もうやだこのゲームって闇堕ちして終了したんだけどもうみんなドラゴンクエストやろうよ'
終了,'夏乃先生が待機終了しました。\n02月22日 23:59'
終了,'月夢先生が待機終了しました。\n02月22日 23:59'
終了,'藍田凰歌先生が待機終了しました。\n02月22日 23:59'
終了,'彩来愛先生が待機終了しました。\n02月22日 23:59'
終了,'2日目で前半終了。えぇ……えぇえ…………。\n頭ぐちゃぐちゃになってきた…………生きる……優勝する……。'
終了,'泉恋先生が待機終了しました。\n02月22日 23:59'
終了,'舞羽莉奈先生が待機終了しました。\n02月22日 23:59'
終了,'フジキセキは弥生賞で終了だから評価厳しすぎるだろう…。マルゼンスキーはともかくとして'
終了,'猫の日終了間際にねこｷﾀ━━━━━━(ﾟ∀ﾟ)━━━━━━ !!!!!'
終了,'風美先生が待機終了しました。\n02月22日 23:59'
終了,'さてさて。\n恒例のzoom飲みが終了したので、ここからはいつもの1人飲み。 https://t.co/Cfd7y3mDfP'
終了,'らみ先生が待機終了しました。\n02月22日 23:59'
終了,'[松山]●録画終了：南海放送１ 2021/2/22 23:0 ～ 23:59 ｎｅｗｓ\u3000ｚｅｒｏ[字]\u3000花粉飛散…東京連日２０℃超で▽単価７万円超の接待▽櫻井翔 Drops:0'
終了,'02月22日 23:59\n金魚先生の待機が終了しました。\nhttps://t.co/1WiCQPbGYA'
終了,'02月22日 23:59\n阿泉紗綾先生の待機が終了しました。\nhttps://t.co/vEdp2EuMIH'
終了,'@bfkari1011 LINEカードも3%なのはもうすぐ終了だし特に困らなけど10万円だとたまにオーバーしちゃったときに面倒ですよね💦\nだからって新規カードの与信枠に影響するのも困るし。笑'
終了,'リジョラ先生が待機終了しました。\n02月22日 23:59'
終了,'02月22日 23:59\n紫川華月先生の待機が終了しました。\nhttps://t.co/tUCP43vnVI'
終了,'もちもた終了。\n朝一ドン2からディスク→プレハナ→ディスク。\n投資1012\n獲得1567\nプラス555\nプレハナでBIG間4桁ハマリ喰らった時は今日も負けたかと思いました。 https://t.co/0h2gQsq2tF'
終了,'02月22日 23:59\nルーシー先生の待機が終了しました。\nhttps://t.co/QRVcYGHqpt'
終了,'あしゅな先生が待機終了しました。\n02月22日 23:59'
終了,'02月22日 23:59\n薩婆訶サティ先生の待機が終了しました。\nhttps://t.co/b7j46jz059'
終了,'02月22日 23:59\n舞雛先生の待機が終了しました。\nhttps://t.co/FdrqGxAAx5'
終了,'珠羽先生が待機終了しました。\n02月22日 23:59'
終了,'@nagetter2 そのセリフだけ抜き出すと、でらいろんな妄想がはかどってしまいますが「敵が」です(笑)\u3000うちのゲッターチーム、始めたのが終了間際だったのでマジンガーチームより育っていないので、できれば早めにまたコラボして欲しいです(わがまま)'
終了,'●録画終了：日テレ１ 2021/2/22 23:0 ～ 23:59 録画終了 Drops:0 Scrambles:0 ｎｅｗｓ\u3000ｚｅｒｏ[字] 花粉飛散…東京連日２０℃超で▽単価7万円超の接待▽櫻井翔'
終了,'言月先生が待機終了しました。\n02月22日 23:59'
終了,'02月22日 23:59\n景紅先生の待機が終了しました。\nhttps://t.co/NaQc8ySoBL'
終了,'参入戦3位終了！！！！！！！\n安定を目標に https://t.co/Ar9Hx7gv1d'
終了,'02月22日 23:59\n秋流先生の待機が終了しました。\nhttps://t.co/WSX5DATi7A'
終了,'02月22日 23:59\n紬ひさの先生の待機が終了しました。\nhttps://t.co/VDSMvzTAys'
終了,'#都市伝説 選別終了 #マイナンバーカード #テレパシー \n#利他 \n2021/02/10\nMr.都市伝説 関暁夫の情熱が止まらないチャンネル\nMr.都市伝説 関暁夫から2026に向けたメッセージ！ダビデ‼️ https://t.co/qI6CHiNTYf @YouTubeより'
終了,'02月22日 23:59\nメレーネ先生の待機が終了しました。\nhttps://t.co/DrTpAESyOB'
終了,'02月22日 23:59\n明坂実音先生の待機が終了しました。\nhttps://t.co/MrZ1NCFe9O'
終了,'チャレンジ終了したwww\n早すぎて🤣'
終了,'02月22日 23:59\n白河結城先生の待機が終了しました。\nhttps://t.co/zaFNkaN2BP'
終了,'うぉおおお、かなきみ1日目が終了しましたー！\nPLさんもPCもKPもみんなカワイイ！'
終了,'02月22日 23:59\n蓮乃歌先生の待機が終了しました。\nhttps://t.co/ksYJ2FVhSY'
終了,'2月22日23時59分\n勇次郎くん、今日は本当におめでとう！あっという間の一日で少し寂しいけど、来年も一緒にお祝いしようね！勇次郎くんのお誕生日会は、今年は終了だけど、365日後の誕生祭を生きがいにして、明日からも頑張っていこう！本当に本当におめでとう！'
終了,'@MY_MURMUR 「ロンハールーム」通算700回収録終了お疲れさまでした。\nドーナツパーティーの結果、楽しみに楽しみにしています。\nほんとですね、まるでフィレサンドのようですね(笑)\nこれからまだお仕事なのですね。お疲れさまで… https://t.co/7F6LMemBYx'
終了,'あと1ぷんでネコ語縛り終了だにゃw\n絡んでくれたみんなありがとにゃ😹\n\n#猫の日'
終了,'#アノニマス \n\n1回目の視聴終了。\n\n今回も引き込まれて、息するの忘れそう。\n\nネット怖いね。\n\n香取君たちのおかげで、インスタもブログ\nも登録してるけど、見るだけ。\n\n発信しようとは思わない。\n\nネットの居場所って、よく分からないな。'
終了,'おつララです～(￣0￣)/\n今日はハウジングだけでエオ活終了でした。1階のお店っぽいフロアはほぼ完成です。\n明日はお休みですので、ゆったり過ごしたいと思います。\nそれでは、おやすみなさいませ～\n(*￣▽￣)ノ~~ ♪\n#おつララ https://t.co/jcLQHFGX4P'
終了,'ちっさすぎてスマホ入れて終了だわ… https://t.co/mE9lwr4jnV'
終了,'@kira_ikachan 目がゴロゴロした瞬間に終了のお知らせ'
終了,'花のち晴れ一気見終了〜\n可愛かった〜☺️🌷'
終了,'長期シリーズが終了したので、明日の動画投稿はお休みの予定です。'
終了,'@genchan_gennojo だって、先生がにこにこしながら、危険ですよぉって、言ってくるからさぁ。なんか、気になって。\nまぁ、試した瞬間、人生終了の合図だけど'
終了,'は、配信終了？？'
終了,'アフター配信はなし？\n配信は終了だからないのか…\n #乃木坂9thバスラ'
終了,'幻のポケモンゲットチャレンジのキャンペーンコード欲しい方に差し上げます。\n対象ソフト ポケモンソード・シールド\n\nポケカ整理してたら出てきましたー\n1枚4ポイントなので足りないポイント数教えてくれればコード教えます。\n\n有効期間が… https://t.co/tU3RitIfhg'
終了,'これは散歩終了直前に「いやだ。オレは帰らんぞ。もう一周行くんだ」という固い意思を表明するイッヌ。 https://t.co/MXRJFdSAEH'
終了,'はい、今週の配信も終了です！コメント下さった方も、作業しながら聞いてくださった方も、ありがとうございました！\n来週のビルドキング、私は注目しているぜ……！'
終了,'風雅の誕生日終了まであと1分。\n大好きです。'
終了,'なっちゃんねるの前にチャイルド・プレイ チャッキーの花嫁視聴終了してた。\n内容らしい内容はあるっちゃあるけど、洋画ホラーのシリーズものらしくシリーズを重ねる毎にジョーク要素が増えてきてまさに海外ホラーって感じ。痛々しい表現も増えて… https://t.co/EUU9DcDkdB'
終了,'お祝いツイ放送終了後にします'
終了,'今日はこれで部屋作り終了！一度はやってみたいけどGMは勘弁の\n「怪談白物語」の部屋\n前々から知っててやってみたいって思ってるんですよね(*^-^*) https://t.co/A4JiVVzfjZ'
終了,'逃亡劇  天皇陛下誕生日記念⑫\n\nデザート編\n\n●苺赤福🍓\n\n道の駅で購入した🍓、赤福を買ったので作ってみました。\n苺の酸っぱさとこし餡と柔らかいお餅のコラボ😍😍\nご馳走様でした😋\n\nそして、太郎の逃亡劇はこれにて終了でございます… https://t.co/6BlMBZwrCG'
終了,'アンコール終了\n#乃木坂9thバスラ'
終了,'●録画結果:録画終了 【ＢＳ１１イレブン】 転生したらスライムだった件 第2期\u3000第31話「絶望」\u3000録画時間 00:30\u3000ドロップ数:0'
終了,'DualSense ワイヤレスコントローラー #PS5 (SIE) が、Amazonで約9分で販売終了しました(718回目)。再開されたら、またお知らせします。'
終了,'●録画終了：ＢＳ１１イレブン 2021/2/23 23:30 ～ 0:0 録画終了 Drops:0 Scrambles:0 転生したらスライムだった件 第2期\u3000第31話「絶望」'
終了,'ねえ聞いて！ストゼロ1缶買うのに会計終了までに3分かかるジジイがいるのよ！！しかも1日2回は来るの！！！！マジで長蛇の列出来てる時はクソ腹立つ'
終了,'配信終了しました！\n多くの方にお祝いしていただきまして、本当にありがとうございました！\nこれからも、のんびりまったり細々と配信していきますので、よろしくお願いいたします(｀・ω・´)\n\n#ゆる夢生'
終了,'@kuroda0013 そうだったのですね。(^_^;)\n強制終了だったのかぁ……。'
終了,'ちゃんと今日の積み上げの報告します！\n\n・3本画像選定終了\n・2本執筆、CMS入稿完了\n・3本構成完了\n・CMO講義＋ツイート\n\n明日の予定\n・7本校正後、納品（内4本画像未）\n・4本校正（編集）\n\n全部はできませんでした😭\nでも… https://t.co/K8wz4OnZMj'
終了,'@Yuka_K0121 楽しく飲んで喋ってましたね👍わたしは終了後にビール(第３種)２本チューハイ飲んで現在に至ります😁'
終了,'今夜のオンラインヨーヨー交流会終了しました。来ていただいた皆様ありがとう御座いました👍'
終了,'日課10分 JumpKing １６日目\n本日終了地点\nhttps://t.co/LerNMjwmlt https://t.co/CiND6m9iB9'
終了,'前前ジャンルアホオタクで大荒れして嫌になって足洗ったんだけどさっき久々に覗いてみたら休載して最近途中で連載終了しててわろた、こえ~~……'
終了,'大海4sp\n\n【前回】1→4→2→3→1→5→2→2→7\n【今回】4\n\nきゅうべいは単発、甘アグネスはまさかの遊タイム完走＼(^o^)／\n\nまた敗戦濃厚かと思いきや、\n600台の大海が空いたので稼働、800付近で「泡→ぶるぶる炎目… https://t.co/teqRtcMSf9'
終了,'7割くらいスキャン終了時、\n\n客「あの、ココで袋に入れちゃダメなのよね？」\n\n私『？！あちらにサッカー台がありますので、後でゆっくりどうぞ！もう終わりますし、カゴの中が崩れますよ…』\n\n客「ココ（会計機）は？」\n\n私『支払いが終わ… https://t.co/9Djv4gfZMI'
終了,'●録画終了：ＡＴ－Ｘ 2021/2/23 23:0 ～ 0:0 ファイル保存で致命的なエラーが発生した可能性があります Drops:0 Scrambles:0 キングスレイド 意志を継ぐものたち #21'
終了,'里は松井が二振り目で終了'
終了,'(´・ω・`)対・シャドーギア、座標合わせ時に天井と最高に不幸なキスをして終了。\n\n(´；ω；`)ク・クリアさせてくれえええええ！\n\n#グラディウスIII\n#PS4share https://t.co/XijBFUaHuB'
終了,'@maccao2020 来年くらいに惑星サービス終了してそうw'
終了,'@hiroko3104ksr ありがとうございます😊終了してるところ多いと聞いて諦めてたのですが全部束で残ってました！ちょっと悲しい！笑'
終了,'@_omutan_ サービス終了'
終了,'day2終了。\n2周目も本当に良かった。\n\n10thバスラは有観客でやらなきゃな！\nメンバーにサイリウムで埋め尽くされたところを見せるんだ！\n\n#乃木坂9thバスラ'
終了,'金沢出張二日目終了。\nそこかしこに『和』が散りばめられててなんか落ちつく。\nんで今日はこの辺じゃ有名らしいラーメン屋に『ふくひさ！！』に来た。\n上司もいたから流石に店内撮らなかったけど、サブカルに溢れた空間だった🤣\n気になる方は調… https://t.co/kqUFzy8JXV'
終了,'2日目終了。\n僕ボイス繋げてなかったんですけど終始不気味な笑みがこぼれておりました。\n主人が主人が主人が主人が( *´﹀` *)\nとても和やかな雰囲気でほんわかしますね。\n土曜日までわくわくして待ちます。\nお疲れ様でした。'
終了,'たまに馬鹿みたいな料理を作る。\n２日間つけたにんにく醤油を使用した照り焼きチキン。\n\n口が臭いので本日のチューは終了しました。\n明後日以降受け付けます。 https://t.co/paCPqGqynL'
終了,'#夜勉 終了❗️\n#速読速聴 Core 1900 Part1 5周目終了😁\n\nPart1 ①41% ②53% ③72% ④77% ⑤88%\nPart2 ①19% ②46% ③64% ④70% ⑤未\n\n眠くなってきたので😪洗濯物干し… https://t.co/ukxEpslrdL'
終了,'リピート配信終了。３時間あっという間でした。二日間お疲れさまでした。１０年目も推していきます。ありがとうございました。'
終了,'マップ納めは6勝3敗で終了。\n4連勝したあと色々モヤモヤした試合しかなかったから帰ればよかったと反省。\n次回マップで太いとこ行けるかな？ https://t.co/pU4Vc8cs1a'
終了,'日課10分 JumpKing １５日目\n本日終了地点\nhttps://t.co/LerNMjwmlt https://t.co/HJ1nRspLJK'
終了,'明日から武田信治に降りようかな。陽だまりの樹のチケット手放して、ミュージカルパレード見に行っちゃお♪っておもったら公演終了してた‼️わら'
終了,'6人目50000ptまで貯金して本日終了。4回石割った（-310）。すでにボーナス3回出てていい感じ。\u3000#ひなこい'
終了,'バスラ2周目終了！\n\n2次会感覚でリピート配信を見れたから、こういうのも良いね！👍\n\n#乃木坂9thバスラ'
終了,'本日終了。すごいな値幅理論😍\n\n今回はどんぴしゃ！\n\nゴールド目的地まで持てたので良しとします❣\n\n通貨は祝日のポジポジでマイナスでした。普段やらない時間は、やらないほうがいいですね😅\n\n明日、忙しいので寝ます💤💤🙇\u200d♂️ https://t.co/PY7KoY5Nfo'
終了,'行き過ぎたエロ・グロ等、公序良俗に反する内容でなければ何でもありです。完全新作が望ましいですが、リメイクや高画質化しての再アップ等でも可です。曲がDB関連であれば別作品の映像使用も可（メイドラゴン等）\n\n期間内に投稿された動画は、イベント終了後まとめてニコ生で流す予定です。'
終了,'コロナ自費検査の精度検証\u3000\n厚労省、判定能力に疑い（共同通信）- Yahoo!ニュース https://t.co/3zJZeD5fK6 \n\nバブル終了！'
終了,"'[BS11]転生したらスライムだった件 第2期 第31話「絶望」 録画終了（Error=0,Drop=0） by TvRock version 0.9u2'"
終了,'【クレスト3D ホワイトニングシート 販売中】\n✅他の国内配送より、価格安い‼️\n✅国内配送だから、すぐ届く‼️\n\n早期終了が見込まれます‼️\n 注文は、お早めに\n#コロナ #クレスト #ホワイトニングシート #ホワイトニング #クレスト'
終了,'2010年秋に終了することになったアメリカの人気トーク番組のタイトル\n\nラリー\nキング\nライブ'
終了,'最終日終了！\u3000END2+にて探索者生還です、龍二郎さん、おつかれさまでした！\u3000出目が好き勝手する楽しい卓でしたね……そして楽しいRPをたくさん見た。ありがとうございました！'
終了,'【悲報】浜浦はまちゃん終了ｗｗｗｗｗｗｗｗｗｗｗｗｗｗｗｗｗｗｗｗｗｗｗ : ハロプロまとめトーク\nhttps://t.co/xJZhIjTXhJ'
終了,'アプデ終了。\n1時間エペやろ。\nどなたかご一緒どうでしょう？'
終了,'ナスダックの日足なんだが日足のラス押しは意識されると思うのだ。割ったらトレンド終了。 https://t.co/abk6HntVLL'
終了,'#ミューコミプラス \n#百田夏菜子とラジオドラマのせかい 待機😊\n箱番組は今月で終了って昨日言ってたけど夏菜子ちゃんのも終わっちゃうなかな？😭'
終了,'銀河英雄伝説\u3000第7巻です( *・ω・)ノ\nヤン提督つかの間の引退生活終了…😂\n期間が短か過ぎて引退というよりもただの長期休暇💦\n\n数々の戦場を乗り越えてきた老将がここでついに…数々の名言を残して…はぁ😞💨\n\n個人的にはクーデター時… https://t.co/R19PL297sT'
終了,'後半終了！！生還した………！！！\nとにかく胸が苦しくてしんどくて最高でした……ありがとうございました……………！！！！'
終了,"'録画終了 転生したらスライムだった件 第2期\u3000第31話「絶望」 [Sg16.37,Br19.0,Dr0,Td+0.74,Ta+0.74,TvRock V0.9u2 twrd3 twrd31326]'"
終了,'GB版のサガ2にお詳しい方がいらっしゃったら教えてください🙇\u200d♂️\n\n人間とエスパーの成長って、戦闘中の最後の行動に影響されるんでしょうか？？\n例：1ターン目ロングソード、2ターン目レイピアで行動後に戦闘終了→力は上がらずに素早さしか上がらない\n#サガ2\n#SaGa2'
終了,'瑤潤嬉陽先生が待機終了しました。\n02月23日 23:59'
終了,'らみ先生が待機終了しました。\n02月23日 23:59'
終了,'●録画終了：ＡＴ－Ｘ 2021/2/23 23:30 ～ 0:0 録画終了 Drops:0 Scrambles:0 WAVE!!～サーフィンやっぺ!!～ #07'
終了,'シノビガミ『死ぬまでの話』\nGM:ヒワダさん\nPL:私、蛸さん、genyさん、小早太さん（HO順）\n\n全行程終了。皆様、お付き合いありがとうございましたッ……！！！これが死ぬまでの話……。私はPC1でよかった、天命を受けたHOでした。このGMとPLでよかったなあ…。'
終了,'シャニのソロコレを申し込み終了３分前に購入(ADHDしぐさ) https://t.co/sCzg9kjLRT'
終了,'@kudoharuka910 無事帰宅しましたー\nライブ終了です！'
終了,'グルポでエモは反映されるのにスキルは反映されない謎の現象に引っかかったため本日のFFは終了'
終了,'お座トロ展望列車によるトロッコ湯めぐり号、運行終了と聞いて。\n\n昨年12/26、SL大樹C11 3251番列車とハシゴで乗れて良かったな〜 https://t.co/5JDw2ybj6h'
終了,'意味:Twitterを使って人生を終了させること。 (例)コンビニの冷蔵庫に入って画像をアップする等'
終了,'終了間際に滑り込み🐾\n#お家で猫の日猫猫猫祭り \n\nもな、せな、のあ  我が家に来てくれてありがとう💕\n\n#猫の日 も、そうでない日も毎日大好きだよー💕\n\n#のあせなもな https://t.co/aviACW756n'
終了,'仕事終了、帰宅、寝ます💦\n\nそろそろ精神的にキツくなってきてる中、#zanmai を少し聴きながら #LOVEBITES 「Glory To The World」MVワールドプレミア視聴会に立ち会え、心が折れそうな1日を何とか乗り… https://t.co/NUiKP50lXJ'
終了,'よし先生が待機終了しました。\n02月23日 23:59'
終了,'アンダーテール、Pルート後にフラウィに「このままにしてあげて」って言われるのに、多くの人がG終了かリセットだけして最初からにして終わるの最高に皮肉だな…'
終了,'美堂ゆう先生が待機終了しました。\n02月23日 23:59'
終了,'夏乃先生が待機終了しました。\n02月23日 23:59'
終了,'泉恋先生が待機終了しました。\n02月23日 23:59'
終了,'ビギニングアイドル「花曇り、太陽は月を想う」\n大成功でエンディング！キャンペーン第一期終了…とのことで…？一期……？ https://t.co/6oDP8rCrph'
終了,'はてなブログに投稿しました \n#はてなブログ #ワンエグ \n【2021年冬アニメ】『ワンダーエッグ・プライオリティ』整理・考察【前半終了】 - もりすちゃんの奇巌城 https://t.co/tFknYid0Wc'
終了,'実琴先生が待機終了しました。\n02月23日 23:59'
終了,'舞羽莉奈先生が待機終了しました。\n02月23日 23:59'
終了,'02月23日 23:59\n福良晴笑先生の待機が終了しました。\nhttps://t.co/W9LINlMbjC'
終了,'神寿先生が待機終了しました。\n02月23日 23:59'
終了,'02月23日 23:59\n芽吹咲花先生の待機が終了しました。\nhttps://t.co/sCiUx6NvbG'
終了,'ついでに受付は終了するけど\n相談は聞きます。\nただしお値段の見積もり等は4月からってなります。\nややこしいな。'
終了,'本日の外征終了。眠い…(つ∀-)'
終了,'02月23日 23:59\n川上詩乃先生の待機が終了しました。\nhttps://t.co/cQJ8Vs1cpm'
終了,'[松山]●録画終了：南海放送１ 2021/2/23 23:0 ～ 23:59 ｎｅｗｓ\u3000ｚｅｒｏ[字]\u3000新着…大規模火災で「避難勧告」拡大\u3000東京は消防車６８台出場 Drops:0'
終了,'二基愛蕾先生が待機終了しました。\n02月23日 23:59'
終了,'甘口ラブ先生が待機終了しました。\n02月23日 23:59'
終了,'紅蘭先生が待機終了しました。\n02月23日 23:59'
終了,'周年キャンペーン終了までのやる事リスト作りました。 https://t.co/z3lwk8ZjxQ'
終了,'白龍先生が待機終了しました。\n02月23日 23:59'
終了,'そういや、還付金も出るし、そろそろぽちろうかなぁと思っていたら、パーカー終了だったわ。 Tシャツといい、おもいたったときにポチらなきゃダメなのね。←ということで、エレナイ2020Tシャツも終了で買ってない自分である。 新木場はＳＴ… https://t.co/zFOArISTab'
終了,'02月23日 23:59\nルーシー先生の待機が終了しました。\nhttps://t.co/QRVcYGHqpt'
終了,'02月23日 23:59\n金魚先生の待機が終了しました。\nhttps://t.co/1WiCQPbGYA'
終了,'阿雅水先生が待機終了しました。\n02月23日 23:59'
終了,'環希先生が待機終了しました。\n02月23日 23:59'
終了,'夏帆先生が待機終了しました。\n02月23日 23:59'
終了,'●録画終了：日テレ１ 2021/2/23 23:0 ～ 23:59 録画終了 Drops:0 Scrambles:0 ｎｅｗｓ\u3000ｚｅｒｏ[字] 新着…大規模火災で「避難勧告」拡大\u3000東京は消防車６８台出場'
終了,'真白るな先生が待機終了しました。\n02月23日 23:59'
終了,'美萩先生が待機終了しました。\n02月23日 23:59'
終了,'02月23日 23:59\n璃々加先生の待機が終了しました。\nhttps://t.co/I90cO8uwgo'
終了,'夜月神光先生が待機終了しました。\n02月23日 23:59'
終了,'@tongpoo_rf まずは育てられるとこまで育てて殿堂入りさせて、チーム戦や継承要員の底上げでしょうかね。自分も二人目にオグリ育てましたが二年目の有馬直前でファン数足りずに終了でしたし(^_^;) https://t.co/84T5E4wryu'
終了,'✦ 以上でORIRONPA✦Wake、終了とさせて頂きます。準備期間含め約4ヶ月ありがとうございました。もしこれから先、何かの縁がありましたらその時は、改めてまたどうぞよろしくお願い致します。\n\nそして最後に改めて最大の謝辞を述べ… https://t.co/nRPdqAfwhq'
終了,"""配信終了しましたー！\nなびこちゃん、脳内構築即興シナリオを楽しんでくれたようでよかった(*'ω'*)\n\n来週はDJちっぺとゲストの誰かの予定ですよ！\n3月3日の22時、皆さんと元気にお会いしましょうー☆ https://t.co/Ezlj2FnVX1"""
終了,'交換先が見つかりましたので、交換終了しております！\nありがとうございました🙇🏻\u200d♀️'
終了,'これでリドルジョーカー全ルート終了！\nお疲れさまでした！！'
終了,'●録画終了：ＴＯＫＹＯ\u3000ＭＸ１ 2021/2/24 23:30 ～ 0:0 録画終了 Drops:0 Scrambles:0 Ｒｅ：ゼロから始める異世界生活\u3000＃４６「咆哮の再会」'
終了,'ウタノホシオンラインイベント、無事終了！ - https://t.co/5jOcvH0FbZ https://t.co/bKLTnYvhEg'
終了,'●録画終了：ＢＳ日テレ 2021/2/25 0:0 ～ 0:30 次の予約開始のためにキャンセルされました Drops:0 Scrambles:0 アニメ\u3000真・中華一番！第二期\u3000＃１９\u3000鴨子（アヒル）にたくされた想い'
終了,'引きこもり終了のお知らせ\n\n#rezero'
終了,'●録画終了：ＢＳ日テレ 2021/2/24 23:30 ～ 0:0 録画終了 Drops:0 Scrambles:0 アニメ\u3000ブレイドアンドソウル\u3000第８話「空」'
終了,'舞台手話通訳付き公演『凛然グッドバイ』昨日、満員のお客さまをお迎えし、無事に上演終了しました。ご来場ありがとうございました💕樋口さんのブログどおり、ひとことでは伝えきれいないとてつもなく大きなものを受け取った感じです。このご縁が今… https://t.co/ODHRreVyRq'
終了,"'●録画終了：ＢＳアニマックス 2021/2/24 23:0 ～ 0:0 録画終了 Drops:0 Scrambles:0 [字]ジョジョの奇妙な冒険 黄金の風 #22,23'"
終了,'夜のギターズ“無言ライブ”無事に(無事に！？笑)終了！！\n\n今日のオフィスはかなりコンパクトだったけれど必要最低限の機材で臨みつつ、ちゃっかりKORGのmonologueと volca modularも持ち込みシーケンスも鳴らしま… https://t.co/ucylQKRQUf'
終了,'終了！ https://t.co/hFBRHr5App'
終了,'こちらのライブ、取り置き枚数が上限になりましたので一旦受付終了いたします🙇\u200d♀️ https://t.co/nk9x2gv1nM'
終了,'戦型の書4枚も一気に使ってしまった。残り2枚。またゆっくり貯めていこ！\n厳選は終了。 https://t.co/qiU22o7KYy'
終了,'時間が危ないので終了（全くやってない）'
終了,'ウマ娘のアプリ、初回タイキシャトルでなんとかファイナル優勝\n二人目ハルウララでも育成終了した時点の感想\nソシャゲとは思えないクオリティ高だけど、育成に時間かかるから従来のソシャゲみたいに空いた時間とかできないし毎日続けられるか今後が心配なくらい腰を据えてやりたいゲーム'
終了,'昨日と今日腹筋20回した。もう10回したかったけど腹筋攣って強制終了。筋肉の無さ。'
終了,'うわ；；；\u3000何故か、『アルケミスト』が強制終了；；；'
終了,'今トレ終了！\n順番変えて最後にデッドリフトしたんやけどしんどすぎ笑 https://t.co/Ly9euPPGAU'
終了,'#ヒプノシスマイク\n#BadAssTemple\n#ナゴヤディビジョン\n\nアベマライブで\nR.I.Pロスになってる方へ\nCD付コミック3巻は早めに予約しましょう！！\nAmazonは既に予約終了してます\n\nヒプノシスマイクーDivis… https://t.co/mDl5nBqcG7'
終了,'ウマ娘やってる人に質問です。\nこれはリセマラ終了でいいですか？ https://t.co/DjbB5dTNCe'
終了,'ずぅーとうみまるを写経し続けて ついに1月分まで終了したぜ もうすぐ追いつくど〜'
終了,'ソファの掃除の仕方だ……外せる部分は取り外して掃除機をかけろ。隙間も忘れずにな。布製のものは、かたく絞った雑巾で水拭きし、シミを発見したらその種類に応じてシミ抜きをする。防水スプレーをしておくと汚れが付きにくくなるぞ。革製のソファは革専用クリーナーで拭き、乾拭きすれば終了だ'
終了,'今日のきゃろちゃん終了 https://t.co/K0NikB0TqE'
終了,'@CoolCitrus 1日3回だけできるレースは強い奴一頭でいい\n対人は5必要最低3？ってのまではわかった\nあと育成は一頭一頭時間かけてやるｗ\n目標失敗した瞬間即育成終了？になる'
終了,'家帰ってダンス撮って勉強するって意気込んでたやつがダンス踊って終了って何事\nおやすみ'
終了,'2/25(木) 配布終了します！ https://t.co/nu7PGhQLBc'
終了,'ソルトレイクシティオリンピック閉会式でのパフォーマンス。リアルタイムで観てました。すでにフェアウェルツアーも終了したはずのキッスが解散を撤回したんだなということがなんとなく伝わったのは覚えてます……(当時小３) https://t.co/PZ6qzgxZve'
終了,'スナックスペード、本日は終了次回は金土予定です。'
終了,'@yu_kiwasa0419 こんばんは、無事に稽古終了\nお疲れ様でした！✩︎⡱\nまさしく駆け抜ける勢いで\n劇場入りまできたんですね…！\n早すぎて早いです、、\n最近気温差で体調てんやわんや\nしがちなので…食べて休んで\n気をつけてお… https://t.co/p1Vzc0iyKX'
終了,'寝不足のハイテンションで勢い任せに前髪切ったら無事終了のお知らせwｗｗ明日からどう生活していけばいいのwｗｗまじ沙悟浄wｗｗwｗｗ https://t.co/OBdOVNIiLB'
終了,'深海洋燈『小鳥の水浴 』\n無事に全公演終了致しました！\n素敵なキャストの皆様、最高なスタッフの皆様、そして観に来てくださったお客様には本当に感謝しかありません。ありがとうございました。\nまた舞台に立つことができてとても幸せでした。… https://t.co/tkIenZqCRQ'
終了,'Adobe Flash終了のお知らせうっせえうっせえうっせえわ'
終了,'視聴終了:「トロピカル〜ジュ!プリキュア」オンライン会見(企画・制作:東映アニメーション)\n※出演:ファイルーズあい、花守ゆみり、石川由依、瀬戸麻沙美、日高里菜。\n※東映アニメーション公式YouTubeチャンネルでの視聴。… https://t.co/80oyNaUZQo'
終了,'最近キャンメイクドンドンおもちゃパケ終了しててちょっと悲し〜😢でもこれが時代の変化なのかな〜。良いものがいつまでも残ってほしいという気持ちと、やはり有限だから尊いのかという気持ちと両方あるね。おもちゃキャンメの時代は終わっていくのだな。'
終了,'プレゼン資料作成終了〜'
終了,'@Hatter_kaito91 なんか定期的にミッションクリア出来ないとサクセス終了するからパワポケ感ある(?)'
終了,'よし、リセマラ終了ッ！ https://t.co/pUSO3WcsL1'
終了,'今日はエストポリス伝記Ⅱの発売日です(^人^)\nローグライクなダンジョン攻略があり、カッパードラゴン？という３回行動するバケモンにエンカウントすると大体そこで終了パターンが多かったなぁ・・・\n過去絵ですが、良かったら見てね～φ(．… https://t.co/9Z0HmXmxL4'
終了,'カラスが来たから試合終了です、がかわいくて…'
終了,'スイロン「〈ネコにこばん〉という技を使った戦闘後に拾えるお金は（自分のレベル×攻撃回数×5）の計算式で算出できます」\nカグツチ「そういやこの前、これで戦闘終了後に999999円拾った人間がいるってマスターが言ってたな」\nらすりも「怖いわー、人間の執念怖いわー」'
終了,'藍田凰歌先生が待機終了しました。\n02月24日 23:59'
終了,'@Eightbro5 たまに見かける🤔\nそろそろ配信終了ってやつ！\n多分まだまだ大丈夫だと思うけど♪'
終了,'白龍先生が待機終了しました。\n02月24日 23:59'
終了,'阿雅水先生が待機終了しました。\n02月24日 23:59'
終了,'瑤潤嬉陽先生が待機終了しました。\n02月24日 23:59'
終了,'@projectdiva_55 @Nothin_9 私もありあさんに会いたすぎるので転職活動終了まで待ってて下さい...😭😭😭😭😭😭'
終了,'今週の定期配信は終了しましたー、また来週ですね'
終了,'真白るな先生が待機終了しました。\n02月24日 23:59'
終了,'泉恋先生が待機終了しました。\n02月24日 23:59'
終了,'育成とレース中は面白いんだけどな\nハイ目標未達終了！って切られるのが嫌\nあとさっきも言ったけどこれちゃんとやろうと思うと他のゲームと並行できる気がしない'
終了,'配信終了しましたー！\u3000ご視聴、ご参加ありがとうございました✨\n今回は大逆転、最後までわからない戦いが多かったですね。\nチャンスをものにした人間さんもそれまで圧倒してた人間さんもお見事なのです！\n私は…その中で翻弄されてました？… https://t.co/B5l1djMuW5'
終了,'ハルウララの育成1回目終了。\nまさかG1で1位取ってくれるとは思わなかった。\nウマ娘面白い！ https://t.co/mJL1ry0nKh'
終了,'はい。メガライボで一貫作成終了。僕ってポケモン上手いなぁ～ｗ'
終了,'よっしゃー帰宅！\nまだ  今日  のうちに活動終了するの勿体ない気がする 笑\n\n色々な筐体を発見できて嬉しかったけど、事故なく怪我なく帰ってこれて、それが1番!!\n\nこれにて6日間におよんだ大遠征の終了です！お疲れ様でした！！'
終了,'とりあえずリングフィットつけたけどドラゴ嫌すぎてモグラ叩きだけやって終了。2分2キロカロリーwwwww'
終了,'よし先生が待機終了しました。\n02月24日 23:59'
終了,'夏帆先生が待機終了しました。\n02月24日 23:59'
終了,'張り紙をへえ〜こんなのしてたんだ〜と思いながら見てたら全部配布終了になっててさすがだな〜☺️☺️ん！？昨日から！？まだ1日しかたってないじゃんすご！！てびっくりした'
終了,'配信終了しましタ！知性を取り戻した不定形でス\n誠に楽しかったでス！'
終了,'#ぽぷくまの携帯端末音ゲー紹介\n【ポップンリズミン】人気音楽ゲーム、pop’n musicを元にした音楽ゲームクマ。画面上に縦横無尽に飛び交うポップ君が重なった瞬間にタッチ。5個同時押しロングやとんでもなく短い間隔の超発狂などはどう考えても携帯端末向けではなく、遂に配信終了…'
終了,'@SaOmaru_742 いぇあ！\n宇宙の塵と化したわ💫\nひののスプラはこれにて終了！\n次はスプラ3でお会いしませう！(嘘)'
終了,'配信終了しました！\n来てくださった方々ありがとうございました！ https://t.co/aIighKTkA6'
終了,'闇タイム終了です\n見た皆様毎度の事ながらお目を汚してしまい申し訳ありませんでした\n明日からは、もっと良い人生にします\n唯一無二\n私だけの道に私しかいないんだからどんな速度でも何度でも進み続ける\nどんな道を歩くかだって私で選んで、好きな私で挑まないともったいないよね'
終了,'月詠恋先生が待機終了しました。\n02月24日 23:59'
終了,'23時からのオンラインレッスン終了。\n遅い時間の授業の時は先にお風呂に入っておくのですが、化粧を最後まで落とせないのが欠点😓\nたまに忘れて化粧落としてしまい、やり直しみたいなことも😰'
終了,'@TAKESH_SGS とりあえずサポートカードのレベルを上げてから育成開始して下さい！\nそれで\n育成終了→レース編成→サポートカードレベル上げ→育成開始\nという感じです！\nなるべく色々な馬を育てて継承に使える馬を作るのが序盤のポイントかと！'
終了,'ふと開きっぱなしのタブを開いたらイミナとヨシノくんがフタハナ終了後小屋に行くまでのSSが出てきてｵﾎﾞｷﾞｬってなった'
終了,'銀人先生が待機終了しました。\n02月24日 23:59'
終了,'夏乃先生が待機終了しました。\n02月24日 23:59'
終了,'甘口ラブ先生が待機終了しました。\n02月24日 23:59'
終了,'茉優華先生が待機終了しました。\n02月24日 23:59'
終了,'愛留先生が待機終了しました。\n02月24日 23:59'
終了,'らみ先生が待機終了しました。\n02月24日 23:59'
終了,'神寿先生が待機終了しました。\n02月24日 23:59'
終了,'@okada_mei0519 めいしゃん、お疲れ様です^ - ^\n\n新情報スペシャル発表会❗️\nこれは見逃せないね😎\n前回の公演終了後から、皆んなで楽しみにしてたんだよ🐏✨\nだから今回も本当に楽しみです😊'
終了,'海華先生が待機終了しました。\n02月24日 23:59'
終了,'舞羽莉奈先生が待機終了しました。\n02月24日 23:59'
終了,'星の日イベントも、何とか終了です #Warframe #XboxShare https://t.co/eLilx3B9RU'
終了,'リセマラ終了いたします。\n#ウマ娘 https://t.co/owLD4cPQ6k'
終了,'@41Qw2VYA5VARvOs 推しのウマ娘を決める(複数でなければ交換チケットあり)\n\nガチャで引いたカードで育成を行いながらレースで勝ち進む(育成はターン制で休憩や訓練などのコマンドを選ぶ)\n\n何度もあるレースを勝ち進む事で… https://t.co/WmMw5LYRjA'
終了,'れあちゃんの誕生日終了'
終了,'[松山]●録画終了：南海放送１ 2021/2/24 23:0 ～ 23:59 ｎｅｗｓ\u3000ｚｅｒｏ[字]\u3000最新映像…大規模火災で「避難」拡大\u3000住宅地目前で延焼続く Drops:0'
終了,"'【あと24時間で配信終了】[Web - ツイキャス]『【爆走おとな小学生】 授業参観－2021年２月号－』2/25(木)23:59まで 広瀬彩海 ※有料配信(1,800円) https://t.co/jlCkwEhHNI'"
終了,"'【あと24時間で配信終了】[Web - ツイキャス]『乙女エトワール×広瀬彩海 ２マンライブ』2/25(木)23:59まで ※有料配信(1,000円) https://t.co/aQHsY30mN3'"
終了,'【2007年12月4日】メンバー５人による共同生活終了。'
終了,'【動画】Fate/Grand Order アムール〔カレン〕（カレン・C・オルテンシア） イベント関連ボイス集（ショップ、交換）(終了後ボイス含む) https://t.co/koBkoK36fC を投稿しました。 #sm38327355'
終了,'●録画終了：日テレ１ 2021/2/24 23:0 ～ 23:59 録画終了 Drops:0 Scrambles:0 ｎｅｗｓ\u3000ｚｅｒｏ[字]\u3000最新映像…大規模火災で「避難」拡大\u3000住宅地目前で延焼続く'
終了,'02月24日 23:59\n福良晴笑先生の待機が終了しました。\nhttps://t.co/W9LINlMbjC'
終了,'@SilentK99280786 試合終了ですよ笑'
終了,'02月24日 23:59\n紫川華月先生の待機が終了しました。\nhttps://t.co/tUCP43vnVI'
終了,'02月24日 23:59\n川上詩乃先生の待機が終了しました。\nhttps://t.co/cQJ8Vs1cpm'
終了,'02月24日 23:59\n明坂実音先生の待機が終了しました。\nhttps://t.co/MrZ1NCFe9O'
終了,'02月24日 23:59\n景紅先生の待機が終了しました。\nhttps://t.co/NaQc8ySoBL'
終了,'02月24日 23:59\nメレーネ先生の待機が終了しました。\nhttps://t.co/DrTpAESyOB'
終了,'02月24日 23:59\n樹愛先生の待機が終了しました。\nhttps://t.co/3i59taFbS0'
終了,'リセマラ終了 https://t.co/P2VPWacaL8'
終了,'02月24日 23:59\n舞雛先生の待機が終了しました。\nhttps://t.co/FdrqGxAAx5'
終了,'第8話視聴終了♡\nなでしこちゃん、初ソロキャン開始！！\n先客キャンパーの幼い姉弟、なでしこちゃんをボッチだと誤解したが、野菜のホイル焼きを振舞われた♡\nなでしこちゃんを心配したしまりんと姉しこはこっそり様子を窺った☆\nイヌ子、等身… https://t.co/qevFd6bcd9'
終了,'@vkDllWUdLomwySs 実は、しまっておくのも勿体ないんですよね(^_^;)\n\nたまにここぞと言う大事な時には着たりしてます。\n但し、試合開始直前に着て終了直後には脱いで袋に納め、汗をかく夏場の着用は避けてますね(^_^;)'
終了,'@zero_music お疲れ様でした「一旦」終了します'
終了,'@umekoiru ご返信ありがとうございます。かしこまりました。それでは色紙の方も合わせて、そちらの内容にて交換をよろしくお願いいたします。早速ですがお取引のためこちらからお先にフォローさせていただきますね。この度は長期となりますがお取引終了までどうぞよろしくお願いいたします。'
終了,'配信終了しました〜\n今日のマイナス分取り返したくらいで\nRP上がりません…'
終了,'のんのんびよりとコラボした主なアプリは、「嫁コレ」「ハッカドール」「妖怪百鬼たん!」の三つですね。\nいずれも残念ながらサービス終了ですが、プレイされた方は良いおもいでが作れたのではないでしょうか?\n#なのん \n#妖怪百鬼たん https://t.co/SjQNm8bADq'
終了,'#天外者 今日も観てきました。\nいまだに起こる終了後の拍手、ずっと泣いてしまっている人…知らない人どうしだけれど、それぞれの思いがあふれて繋がっているように感じました。\nそして地元では今日が最後…のはずが、またまたさらに延長に！💓… https://t.co/RtEkOz4n70'
終了,'●録画結果:録画終了 【ＡＴ－Ｘ】 天地創造デザイン部 #08 [字]\u3000録画時間 00:30\u3000ドロップ数:0'
終了,'今日のウマ娘\n期間限定任務があることに今日気づき、慌ててスカーレットとウオッカの育成を始める。\n\n無事2日目までの任務終了 https://t.co/Rh9XzbSMgl'
終了,'Newは継続、か。うちは初期型3DS LLだから、壊れたら終わりだ。 / “任天堂、「ニンテンドー3DS」＆「ニンテンドー3DS LL」本体の修理受付を3月に終了 - GAME Watch” https://t.co/RXn4QubiQP'
終了,'#コーヒーフレンズ ep8\nEXOセフンがバイトくん。店頭売上の最高記録で伝説となる😙\nいよいよ明日は営業最終日。ドラマ撮影終了し(たぶんSKYキャッスル)帰ってきたチョ・ジェユンさん😆\nさらにバイト経験豊富なナム・ジュヒョクが加… https://t.co/I0cyrQ9e6F'
終了,'フッ。監察官、アンジュの教育過程は終了。本日付けで第一中隊へ配属する。'
終了,'●録画結果:録画終了 【ＢＳ１１イレブン】 ゆるキャン△ SEASON 2\u3000第８話「ひとりのキャンプ」\u3000録画時間 00:30\u3000ドロップ数:0'
終了,'母がブチ切れてインファイト中にヘッドホン外しにきたので今日は終了'
終了,'●録画終了：日テレプラス 2021/2/25 23:30 ～ 0:0 録画終了 Drops:0 Scrambles:0 ザ・カセットテープ・ミュージック #17 「80年代山下達郎特集」'
終了,'@IUc86 ありがとうございます☺️\n\n修理受付終了についてはこちらの記事を見て知りましたよ！\nhttps://t.co/71j2V8Y7kj'
終了,'ゆるキャン視聴終了。うなぎおいし浜松〜♪\n\nなでしこソロキャン編。コミュニケーションモンスターなでしこ（笑）\nすぐに仲良くなれるのはすごいなー。\n\nりんちゃんとお姉ちゃんがなでしこを心配して様子を見に来たところも二人らしいなーって思った。なでしこ愛されてるなー^_^'
終了,'録画終了 ゆるキャン△ SEASON 2\u3000第8話「ひとりのキャンプ」 twrd31e66'
終了,'デュランダルも限突終了した。\nこれでティルフィングもデュランダルも出力上げ限突終わって、あとは特性上げだけね。ティルフィングがLv.9、デュランダルがLv.5だから、完成まで先は長そう。 https://t.co/XjvgGrqV4k'
終了,'本日分終了★\n腰が辛いのでベントオーバーをリストラして、代わりに舟のポーズを倍にしてみましたw\n\n腹筋が死ぬ。。。\n\n #リングフィットアドベンチャー #RingFitAdventure #NintendoSwitch https://t.co/bd9p7qJd4t'
終了,'選択をミスったら取り返せない😂\n初めての冒険終了だー！\n\n(ここは理性の消費が無いので、何度でも繰り返して報酬を獲得すればいい。遠くまで行けば一度に貰える報酬が増えるけど、基本的にはみんな全報酬を獲得できる) https://t.co/hkvDDNUmsa'
終了,'スケジュール見てると、DRは4月でサービス終了したら9月までストーリーは更新なく開くこともできず、9月になってアップデートされたら一気にEDまでのストーリーが入った状態で開けるようになるってことかな？'
終了,'楽しみにしてた配信がグルってて見れなかったり、好きなvtuberさんが今月いっぱいで活動終了するのを知ったり。心がウッ…！ってなってるけどなんとか私は生きてます。'
終了,'撮影終了後、劇場内で自主稽古をしている下級生の方に声をかけたり、静謐なホワイエをぐるりと愛おしそうに眺めていらっしゃる様子にも、望海さんの優しく包容力のある人柄が窺え、編集部はとにかく号泣でした（心の中で）'
終了,'●録画終了：ＴＯＫＹＯ\u3000ＭＸ１ 2021/2/25 23:30 ～ 0:0 録画終了 Drops:0 Scrambles:0 ゆるキャン△\u3000ＳＥＡＳＯＮ２\u3000＃８「ひとりのキャンプ」'
終了,'梅田とか行くと相互の方結構見かけるんだけどうぜえよキモオタって思われるのが怖くて相当仲良い人以外自分から話しかけられない👈分かりすぎて終了してしまった'
終了,'ん。\nねむい。\n心を決めて放置終了にする。\n光素材周回セットして寝ゆ。\n光素材枯渇でユニット進化できなーい。'
終了,'Nevaeh配信終了しました。ご視聴ありがとうございました。\n謎解きアクションの名前に恥じぬいい感じでした。ラストダンジョンらしきところまで来たので次回でクリアできそうです。難易度難しいに上げてもいいかもしれない。\n次回は3月2日火曜日の21:00からの予定です。'
終了,'二人は幸せなキスをして終了エンド'
終了,'BricQをしれっと発表したと思ったらEV3が間もなく販売終了だって。速すぎてツイテイケナイ。'
終了,'セール終了致しました！！！\nありがとうございました！！！'
終了,'このメンツになるとファンカジの低血圧黎弥くんとは大違い、ぺちゃくちゃおしゃべりちゃんになる挙句、強制終了させられちゃうの可愛い🥺このメンツだと気が緩みすぎちゃうんだろうな🥺可愛い🥺ﾄｩｷ🥺… https://t.co/iqD6ToyBgC'
終了,'プレバンの呪術廻戦一番くじ、もうすぐ販売終了と知り勢いで5回引いてみた！ななななんとA賞出たぁー！！✨\n #一番くじ #呪術廻戦 https://t.co/ZZr1Jw1DOr'
終了,'終了のお知らせ\n\n#北斗リバイブ https://t.co/GLkz6GHiTe'
終了,'紅蘭先生が待機終了しました。\n02月25日 23:59'
終了,'3DSも完全終了か'
終了,'らみ先生が待機終了しました。\n02月25日 23:59'
終了,'Twitterにいる方たちはホントに優しい方ばかりですね😭\nいろんなコメントを頂いておりますがめちゃくちゃ嬉しいです！\n\n第2弾オリパ残り27口となりました。\nありがとうございます😭😭\n完売したい👏👏👏\n28日に販売終了する予定ですので！\n\nよろしくお願い致します✨'
終了,'神寿先生が待機終了しました。\n02月25日 23:59'
終了,'リジョラ先生が待機終了しました。\n02月25日 23:59'
終了,'夏乃先生が待機終了しました。\n02月25日 23:59'
終了,'CM挟むのと集中できないから、放送終了を待ってFODでみる。'
終了,'環希先生が待機終了しました。\n02月25日 23:59'
終了,'02月25日 23:59\n金魚先生の待機が終了しました。\nhttps://t.co/1WiCQOU672'
終了,'ゆるキャンタイム終了'
終了,'02月25日 23:59\n秋流先生の待機が終了しました。\nhttps://t.co/WSX5DABHg2'
終了,'02月25日 23:59\n舞雛先生の待機が終了しました。\nhttps://t.co/FdrqGxiZFx'
終了,'02月25日 23:59\n吟千代すもも先生の待機が終了しました。\nhttps://t.co/JO7j4m2Kdz'
終了,'配信終了しました！\nご視聴してくださった方ありがとうございます！\n今日も色々収穫のある配信になった！'
終了,'イベント後半は前半で燃え尽きたのか弱冠飽きてしまって4120位で終了。\n強闘タワーラウンド１は６位でなんとか降格免れた(;´д｀)\n#D2メガテン https://t.co/JqYgt7ut9p'
終了,'よし先生が待機終了しました。\n02月25日 23:59'
終了,'02月25日 23:59\n璃々加先生の待機が終了しました。\nhttps://t.co/I90cO8cVoQ'
終了,'02月25日 23:59\n樹愛先生の待機が終了しました。\nhttps://t.co/3i59tanB0s'
終了,'私のブログで「偏差値40からでも偏差値を70まであげる勉強法」\nの無料レポートを配布しています。\nこのレポートは30名限定です。申し込みが殺到しているのでお早めにお受け取りください。残り13名です。既定の人数に達し次第終了です。\nhttps://t.co/bJGnwY6d1U'
終了,'02月25日 23:59\nはんな來來里先生の待機が終了しました。\nhttps://t.co/CLLNA7v7mw'
終了,'02月25日 23:59\n彩紀リサ先生の待機が終了しました。\nhttps://t.co/5rdoob584o'
終了,'02月25日 23:59\n紬ひさの先生の待機が終了しました。\nhttps://t.co/VDSMvAbbX2'
終了,'カラーリングコンテスト終了か'
終了,'02月25日 23:59\nメレーネ先生の待機が終了しました。\nhttps://t.co/DrTpAEAXX3'
終了,'白龍先生が待機終了しました。\n02月25日 23:59'
終了,'02月25日 23:59\n明坂実音先生の待機が終了しました。\nhttps://t.co/MrZ1NCnDig'
終了,'連休1日目は寝て起きて終了。明日は魚を求めて海へゆくぞえ'
終了,'哀しい…極寒の季節に館内で座ってジム戦できるの市内でここだけなのに…😭😭😭(やってる人口多いから即座にジム色変わるけど…)一時期は３基あったのに…(現在は２基)\n#ポケモンGO #イオン\nイオン『ポケモンGO』コラボ終了でジム消去… https://t.co/ENZyxgRk2n'
終了,'関内デビル終了！\nいよいよ、みん旅は明日まで！！\n\n#関内デビル\n#令和三姉妹\n#間々田優\n#中村ピアノ\n#美良政次'
終了,'ダンジョンコインが30万くらいあったので専用付けて星五にしたりました\nこれでダンジョンコイン組は全員終了です・。・v https://t.co/mwV3EMwmUt'
終了,'あしゅな先生が待機終了しました。\n02月25日 23:59'
終了,'オーバークック1で食材が投げられないことに限界を感じた私はセール終了2分前にオーバークック2を買いましたとさ。めでたしめでたし'
終了,'★PPCアフィリエイト終了のお知らせ★\n\n時が来た・・・\n\nhttps://t.co/mLpFSRCZFv'
終了,'02月25日 23:59\nリーメイ先生の待機が終了しました。\nhttps://t.co/6aNzxZELkA'
終了,'02月25日 23:59\n如寿先生の待機が終了しました。\nhttps://t.co/Q6KVhqCc2L'
終了,'天音ゆかり先生が待機終了しました。\n02月25日 23:59'
終了,'02月25日 23:59\n紫川華月先生の待機が終了しました。\nhttps://t.co/tUCP43MZki'
終了,'藍田凰歌先生が待機終了しました。\n02月25日 23:59'
終了,'ニンテンドー3DSが修理受付を終了\u3000部品の確保が困難に https://t.co/lb4TicGsEO \n\n息子のNew3DSはばっちり現役だから一瞬焦ったけど、New・2DSの方はまだ修理受け付けてるのね。'
終了,'実琴先生が待機終了しました。\n02月25日 23:59'
終了,'桜結愛先生が待機終了しました。\n02月25日 23:59'
終了,'茉優華先生が待機終了しました。\n02月25日 23:59'
終了,'@happysimajiro ありがとうー！\nそろそろ終了です( ˇωˇ )'
終了,'真白るな先生が待機終了しました。\n02月25日 23:59'
終了,'Day-25\u3000課題終了💪'
終了,'泉恋先生が待機終了しました。\n02月25日 23:59'
終了,"'録画終了 ゆるキャン△ SEASON 2\u3000第8話「ひとりのキャンプ」 [Sg16.37,Br17.9,Dr0,Td+0.67,Ta+0.48,TvRock V0.9u2 twrd3 twrd31e66]'"
終了,"'録画終了 ゆるキャン△\u3000SEASON2\u3000#8「ひとりのキャンプ」 [Sg33.09,Br16.1,Dr0,Td+0.28,Ta+0.48,TvRock V0.9u2 twr5c38 twr5c381e66]'"
終了,'Rin先生が待機終了しました。\n02月25日 23:59'
終了,'配信終了しました～\nそろそろ登録者１００人行きそうかもしれないので\n記念配信の内容とか考えてみる～'
終了,'02月25日 23:59\nルーシー先生の待機が終了しました。\nhttps://t.co/QRVcYGZ1O3'
終了,'夏帆先生が待機終了しました。\n02月25日 23:59'
終了,'#YouTube  #ライブ配信\u3000#DBD\n\n本日の定期配信は終了しました🙇\u200d♂️✨\nご視聴&amp;コメントありがとございました☺️✨\n明日も定期配信やりますので良かったら覗きに来てください✨🙇\u200d♂️✨'
終了,'二基愛蕾先生が待機終了しました。\n02月25日 23:59'
終了,'舞羽莉奈先生が待機終了しました。\n02月25日 23:59'
終了,'始まりがあれば終わりが来る\nわかっていたことではあるけど、5年は早すぎた\nスレイヤーズと２回目のコラボの時に復活して約2年、サービス終了のお知らせ\n#VALKYRIEANATOMIA\n#ヴァルキリーアナトミア… https://t.co/t0fh5JxsSS'
終了,'02月25日 23:59\n蓮乃歌先生の待機が終了しました。\nhttps://t.co/ksYJ2FDH1q'
終了,'[松山]●録画終了：南海放送１ 2021/2/25 23:0 ～ 23:59 ｎｅｗｓ\u3000ｚｅｒｏ[字]\u3000大規模火災５日目\u3000避難勧告さらに…住宅に迫る▽新たな山火事 Drops:0'
終了,'銀人先生が待機終了しました。\n02月25日 23:59'
終了,'美奈子先生が待機終了しました。\n02月25日 23:59'
終了,'瑤潤嬉陽先生が待機終了しました。\n02月25日 23:59'
終了,'３日目終了\n昨日の修正入れつつ進めてたら新たな問題に遭遇。\nコンポジションをすべて10秒で作っていたら、ぜんぜんたりないことに気づいた。\n手動での変更に時間がかかりすぎて萎えたのでscriptを導入してみたら世界が開けた。scri… https://t.co/WIdjvmsXTM'
終了,'言月先生が待機終了しました。\n02月25日 23:59'
終了,'【匿名幸福論者は獨と踊る】1ロスト3継続不可で終了です！皆さん本当に最高の卓をありがとう……。はあ～～～ぁ……閉幕しちゃった……楽しかった、本当に楽しかった……。これが、とくどく、ね……しばらく余韻に浸ります。 https://t.co/J1D0e35ZCG'
終了,'ドリタン終了します✨\nマッチしてくれた方々、\nターターさんお部屋\nありがとうございました！\nまたご一緒できた時は\nよろしくお願いいたします🙇\u200d♂️'
