スケートリンク,'関空経由の訪日選手や、地域の子供たちが集まるスケートリンク建設へ！ https://t.co/JZd5tE0JVk\nこれ！羽生選手は関係ありませんから！！！！💢💢💢💢💥💥💥\n#橋本聖子の議員辞職を求めます \n#橋本聖子パワハラ'
スケートリンク,'@a_yanaka 番組、楽しかったです🤭💕\n\nスケートリンクを\n作成する作業は\n初めて観ました😅💦\n\n作業される方々が\n皆さん、楽しそうに\n丁寧に作られてて\n貴重な映像でした😊✨'
スケートリンク,'@miyumiy14512795 娘が習ってるスケートリンクで出会った人なんだ！\n基本FS全部好きだけど、羽生くんも好きで、日本のテレビもチェックしてるから結構お宝入ってそうだよ❤️'
スケートリンク,'天王寺のスケートリンク楽しかったぜよ。\n街中のスケートリンクってなかなか良いね。 https://t.co/jkAjUr5J9m'
スケートリンク,'@7yqhOkfnL8Xuvwh そそ、あそこのスケートリンクだったのよ～⛸️\nはう！ 琴しゃん痛い思い出の地💦\n\n私はもっぱら夏場のプールに当時まだ幼児だった娘を連れてってたな～'
スケートリンク,'誘われないと数年に1度しか行かない冬のスケートリンクで滑りはじめの午前はガクガクで滑れなくてだんだん滑れるようになってきて午後なって仲間とスピード競争しだすくらいなって帰る頃名残惜しくなるエモーショナルなやつしばらくやってないやりたい。'
スケートリンク,'名古屋に住んで25年経つが、一宮にスケートリンクがあるのを今日初めて知った'
スケートリンク,'@katakago777 もしかして、スケートと言ったら\n東神奈川のスケートリンク行ったクチですか？(私は行ったw)'
スケートリンク,'福岡市で唯一のスケートリンク休館へ\u3000利用者からは不安の声｜NNNニュース https://t.co/m6TJu5j1IC'
スケートリンク,'@ta1_oboe メルパルクは郵政民営化のあおりで閉館したと思っていました。らいおん丸のお陰でw(閉館当時は郵政省の持ち物)\nここの大道具搬入口と楽屋入口はすごかったことを思い出します。\n福岡県(市ではない)では常設のスケートリ… https://t.co/mGbWOGisTK'
スケートリンク,'都城の小学校に手作りスケートリンク(MRTニュース) https://t.co/JwuVDKbyKu'
スケートリンク,'スキー場のリフトやゴンドラも保守がしんどくなった所や設備を新しくできない所は廃止になってるからなあ。スケートリンクは維持するだけでも費用がかかるんだろうけど。。。ワタシ自身も遊びに行ってたリンクがなくなった民なので。。。(´・ω・｀)'
スケートリンク,'@Yui_0o0 小学校の時に冬はほぼ毎日田んぼのスケートリンクで滑ってました。センスは最低レベルになかったですが、初心者よりは滑られるはず😵'
スケートリンク,'@nemutaichan_zZ 来週もたぶんスケートリンクにいきます！(笑)'
スケートリンク,'スノボできるげんたろ〜もいいし、スケートリンクで小鹿のようになるげんたろ〜もいいし、だいすくんはスポーツ系強そう。らむちは大体卒なくこなしそう'
スケートリンク,'チコちゃんに叱られる\nなぜ昌磨さん？と思ったらスケートリンクのお話だったのね……\nわたしはチコちゃんに叱られないで済んだわ😂\n\nそして報ステの梨花ちゃんへ！✨'
スケートリンク,'そだ、今夜の「チコちゃんに叱られる！」に出てきた、夏場はプールのスケートリンク、埼玉県川口市って言ってたでしょ。そうです、ウチの近所です。仕事帰り、いつも日が落ちてるのに何やってるのかなー、と思ったら氷作ってたんですね！明日ぽかぽか陽気らしいけど、氷大丈夫なんですかね…？'
スケートリンク,'スケートリンク背景欲しかったからめちゃくちゃ嬉しい https://t.co/pyQGmDDNu3'
スケートリンク,'すごいショック…ホームリンク(スケートリンク)が来年3月末で閉鎖なんて……😭'
スケートリンク,'ちょい近所のスーパーまで徒歩で買い物。\n雪はまだ残っていますが昼間は溶けたりしてます。\n春採湖は先日の雨で湖の雪が溶け、そしたまた凍り付いたのでスケートリンク見たくなっていました。\n#釧路#春採湖 https://t.co/Ln6oA5D6p0'
スケートリンク,'スケートリンクの閉鎖は、そのリンクを拠点としていたスケーター達はもちろん、周辺リンクのスケーター達にも影響が出るのを今ひしひしと感じております。\nフィギュアスケートの人口は↑なのに、リンク数は↓なので💦⛸'
スケートリンク,'ふりりんの誕生日一緒に祝えてよかった…綺麗な夜景を､スケートリンクを背に奏でる楽曲たちは最高じゃった…わしゃ感無量じゃ  #TriptoBIRTH https://t.co/X3roZu40Bf'
スケートリンク,'まじでスクラブ舐めてた\nピピにもらってから腕に塗って風呂入ってるけど肌のすべすべがスケートリンク\nみんなまじスクラブいいよ'
スケートリンク,'スケートしたくて真剣にスケートリンク検索してたんだけど、外で滑りたくない…\n屋内で落ち着いて滑りたい…ド下手クソだけんど'
スケートリンク,'いま思うとツルツルスケートリンク張りに凍った地面の上で強風に抗うと人は風の吹くまま滑っていくというなんのためにもならない知見を得た悪天候だった'
スケートリンク,'ここ最近プラス気温で変に雪が溶けて職場の駐車場がスケートリンクみたいになってる\n砂を…砂を撒いてください…!\n絶対転んで骨折するわ\n一瞬買ってきて撒いちゃおうかと思ったけどそれはなんだか違う気がするんだよなぁ'
スケートリンク,'スケートリンクでわろち'
スケートリンク,'Skyの今回イベントクエストクリアした人々!\n\n最後のクエストエリアがどこかを教えてほしい\n夢見?陰者?スケートリンク??'
スケートリンク,'『チコちゃんに叱られる！』でスケートリンクの作り方をやってたそうなので、以前スケートリンクを取材したこちらの記事をぜひ。リンクをツルツルにするあの車の秘密にも迫っております。\n\nスケートリンクを勘で0.2mm削る「整氷」の世界… https://t.co/H2GqyTlbxf'
スケートリンク,'最初は興味があって出かけても、\n一度行けばいいかなぁ…が多い。\nなかなかまた行きたいとことか、\nリピーターになるの希少だけど\n\n【それでも、また行きたいとこ】\n・市場（新潟中央卸売市場）\n・スケートリンク（新潟アイスアリーナ）'
スケートリンク,'最近からなのか前からなのかわからんけど、どんどんスケートリンクがなくなっていってる気がして、悲しいんだが。そして我らが聖地アイスパレスも大丈夫かしら…'
スケートリンク,'@ta1_oboe スケートリンクといえば、大昔は福岡スポーツセンターにリンクがありました。今のソラリアプラザの場所です。運営はもちろん西鉄でした。体育館も九電が運営(のち福岡市へ譲渡→土地売却のため解体)してました。'
スケートリンク,'@sumi_mutta おはようございました☺\n今晩も冷えそうですね〜❄馬場はまだどろどろですが、雪が残るとスケートリンクになってしまうので解けて良かったです☀'
スケートリンク,'綺麗で強いスケートリンクを作るには、時間をかけてゆっくり氷を作るんですって。しかも途中でわざと力をかけて割るんです。それからもう一度ゆっくり何度も水をかけて密度をあげて凍らせることで、強いリンクができる、らしい。\n私が拗らせてる某… https://t.co/dEZFNHk1iN'
スケートリンク,'スケートリンクは本当にすごかったなぁ⛸❅*°\nまさかのよっしーそんとゆづゆづおそろ😂\nりゅんちゃんの顔が見切れてるのが可愛すぎた🙈💓\nみんなでお手手もつないだね。 https://t.co/4uP64Cm98W'
スケートリンク,'【動画】パピオアイスアリーナ／福岡市で唯一のスケートリンク休館へ／利用者からは不安の声 (2/18) https://t.co/6dYsX7xYIQ'
スケートリンク,'子どもの頃に少しだけ愛知県に住んでいたことがあるが、冬以外でも週末の遊び場の選択肢にスケートリンクが挙がる稀有な土地だった\n\nその後大阪に引っ越して「滑りに行かない？」と誘ってみたら「今ひらパーは水やで」と返されて泣いた'
スケートリンク,'こういうので開発してたんだ。スケートリンクの進化版か'
スケートリンク,'@Mshome6 検索したら長崎県にはスケートリンクが無い事が分かりました😂'
スケートリンク,'@46Chima こんばんは。😌\n言われればそうですね、普通に雪がありました。😚⛄\n\nこの場所はスケートリンクが出来るって話でしたが、今年の騒動の中じゃ無理だったのでしょうね～。\n\n今宵も人はまばらでしたよ。\n🚶\u200d♂️、、、🚶\u200d♂️'
スケートリンク,'うーんスケートリンクの閉鎖ニュースが次々聞こえてくる…。次々とは言い過ぎかもだけど、ポツポツより多い印象'
スケートリンク,'@Mshome6 ちなみに冷凍機取り扱いの免許を取ってるので\nスケートリンクで働けるかもしれません😇\nただし操作方法は習ってないので分かりません'
スケートリンク,'@s11yuuuuka22s それわかる！\n化粧とかしばらくしてなくてさ🥺あれ？どんなだっけか？←やばいやつwww\n同じく自分にとことん甘いwww\n溜め込むよね🥺散歩さえできない🥺雪あるし、スケートリンクだし🥺🥺\n\n春からでいいっか！←'
スケートリンク,'現パロで冬の街角スケートリンクに行く🐍と監♀ 手をつないでコートのポケットに入れたりベタ甘なデートからスケートリンクへ 🐍は滑れるけど監は滑れないからまずは両手を持ってハの字歩きから'
スケートリンク,'スケートリンク閉鎖され過ぎじゃない？\n東京\u3000神奈川\u3000愛知\u3000福岡で閉鎖されちゃったら、国内どこでなら営業できるっていうの'
スケートリンク,'夕方5時間くらい( ˘ω˘ )ｽﾔｧしてましたんや…夢を見てたけど爽快感のある夢やった気がするお陰で頭はスッキリ。寝起きにチコちゃんに叱られるを見て色々と勉強になったりしました。スケートリンクの氷はああやって凍らせてたのか…'
スケートリンク,'@HatMix8128 はたしゅんさんただいまー！！\n\nありがとね🥲\nうちの家族は爆笑だったけど、みんな心配してくれて優しい😭✨\n\n久々にスケートリンクに立った感じだったよ🤣'
スケートリンク,'チコちゃんに叱られる 動画 2021年2月19日- 210219！▽缶詰の秘密▽スケートリンクの謎▽言葉の不思議 https://t.co/TwPwybD03g https://t.co/pJsWWgCmbW'
スケートリンク,'テクノパークとかいうサーキット場、下りな上にスケートリンクみたいにツルツルで、30kmで走っててもカーブでスリップして90°回った ウケる'
スケートリンク,'スケートリンクで転んだ時、話しかけてくれたアフロの人がめっちゃ親しみやすそうな陽の人でおふうんってなった。'
スケートリンク,'今日のSixTONES、スケートリンクにいるんかってぐらい動き回るじゃん\n#Mステ #SixTONES'
スケートリンク,'@couchmimoza @ta1_oboe 西部ガスのLNG受け入れ基地は北九州です。LNGを気化させる際には多量の熱が奪われます。(LNGは－162℃以下で貯蔵します)この冷たさを利用すればスケートリンクに氷を張るコストは低い… https://t.co/eWm3Urmcr7'
スケートリンク,'山茶花：スケートに初挑戦のツグミちゃん。\nツ「スケートリンクの氷割れない？」\n山「大丈夫大丈夫！」\nツ「でも私が凄いスピードでぐるぐる回るやつしたら、丸い穴空いて水に落ちる…あ、でもそしたらワカサギ釣りすればいいのね」\nお願いだから1文に3つ以上のツッコミ所を盛り込むのはやめて。'
スケートリンク,'走り方を忘れました😅\nでも、走るってやっぱ楽しいわ🎵😍🎵\nなお、路面はスケートリンクだった模様...😵 https://t.co/YMZPbvoIaq'
スケートリンク,'@Mshome6 昔うちの会社もスケートリンクの機械を作ってたらしいです'
スケートリンク,'@yukix2x2 家族が見ているのを横目に家事してたから、いきなりで驚きました。\n紫衣装の昌磨君。自分幻みたかと思うくらい一瞬でした。\nスケートリンクの作り方❓️がクイズになってました。'
スケートリンク,'スケートリンクの作り方の仕組みは？一度割るのはなぜ？チコちゃんに叱られる\nhttps://t.co/YzFEZRdZr3'
スケートリンク,'スケートリンク閉鎖は悲しい…\n\n個人的に出来る事はホームリンクに足しげく通う事とスケート楽しい！を呟くくらいかな'
スケートリンク,'@AkiMarryjane3 スケートリンクがあるだけのことはある😳'
スケートリンク,'@saruru40 私も見ました✨\nスケートリンクはどうやって作られるかという\n質問で、NHK杯の時の天階昌磨さんが出てきましたね😊\nチコちゃんは、土曜日の朝再放送があるので\n録画しなきゃ💕'
スケートリンク,'豊田合成リンクオアシス21でLiveさせていただきました👍👍👍\n目の前がスケートリンクだったからめちゃスケートしたくなった⛸（2684%転けるからやめなさい。）（はい。）\n明日はクラブサルで15:00〜LIVEです!!明日この一本… https://t.co/KSErtLBm0E'
スケートリンク,'スケートリンクを作る為に水が欲しい？サソリさん、もしかしてプリズムショーを……？はあ…まあいいでしょう。'
スケートリンク,'📺 #チコちゃんに叱られる ！\n缶詰になる果物とならない果物があるのはなぜ？スケートリンクはどうやって凍らせている？国によって言葉が違うのはなぜ？\n岡村隆史，谷中敦，黒島結菜，塚原愛，木村祐一，森田美由紀\n#NHK総合 #録画'
スケートリンク,'スケートリンクどんどん潰れていく。怖いぐらいのペースで。これまでもそうやったんやろうけど。'
スケートリンク,'@faked_russian 企業任せですよね。\n元ツイのツリーの中にどこかに書きましたが、札幌は札幌ドームも市営、キタラもhitaruも全部市営です。地下鉄と、バスも市営路線結構あります。\n今回のスケートリンクの件も。西部ガスに… https://t.co/T3d7mqnLod'
スケートリンク,'@ikeda_yasuzake まじす\nもうなんでもありですね\nスケートリンクとコラボまでしてるし'
スケートリンク,'BMKもスケートリンクでまたLIVEやってくれんかな🥺🥺🥺'
スケートリンク,'4Fとか5F席にいた人は分かると思うけど、カーテン空いた時に見えたスケートリンクです\n合間に行こうとしたんだけど、ちょうど整氷作業が始まるとのことで断念しました… https://t.co/Gb5hKBtXzO'
スケートリンク,'番組告知 チコちゃんに叱られる！▽缶詰の秘密▽スケートリンクの謎▽言葉の不思議 2021年2月19日（金）NHK総合 午後7時57分から、再放送翌土曜日8時15分から https://t.co/9x1kiPDw0c'
スケートリンク,'またもやスケートリンクが…'
スケートリンク,'@nigaoe877 私も3カ所。遊びに行くっていったらスケートリンクだったよ。😢。なみはやまで行くのはちょっと遠い💦'
スケートリンク,'@saya_imsenri22 峡谷空→神殿→ホーム→地面でゴールしてからレースの入り口から新エリア入ってる！\nんで、そこから大キャン→イエティ→スケートリンク→温泉かな\n\n羽はイエティのところ2枚、スケートリンクエリアに3枚だよ〜'
スケートリンク,'@toshi_reori れおりしゃん、2年記念日おめでとうございます(*⌒▽⌒*)\nスケートリンクのゼロ距離告白からもう2年なんですね(〃&gt;ω&lt;〃)\nゼロ距離プロポーズの予定はまだですか？(〃&gt;ω&lt;〃)'
スケートリンク,'チコちゃんでスケートリンクの作り方を勉強したところで吉之元小学校の保護者作スケートリンクを見て…'
スケートリンク,'#チコちゃんに叱られる\n\nスケートリンクができるまでをやってましたが…屋内リンクも同じようにして仕上げるのかしら？\nV6の10周年で代々木体育館入ったとき『アリーナに氷はってあるから割らないで』って快ちゃんから言われたのを思い出した💦'
スケートリンク,'チコちゃんでシチズンのスケートリンクが😭'
スケートリンク,'つらいな…そして私は⛸ファンだからスケートリンクのこの手の話題を多く見るけど、きっといろんな施設でこういうことは起きてる気がする'
スケートリンク,'スケートリンク作りって職人技で大変なんだな'
スケートリンク,'新規スケートリンク｜株式会社パティネレジャー https://t.co/l8VNyyTHNC'
スケートリンク,'次々にスケートリンクがなくなっていく😭\n\n身近にスケートリンクがあって、気軽にスケートを楽しめる環境がなければ、フィギュアスケートの未来はない。\n\n何かできることはないのだろうか？\n人々の生活の中にスポーツが根づいていなければ、オ… https://t.co/Op6Ep4Fvwz'
スケートリンク,'スケートリンクは氷から反射した光でメッチャ盛れるってホント❓'
スケートリンク,'#チコちゃんに叱られる\u3000でスケートリンクの作り方をやってたのか。\n明日再放送見ようかな。\n\nご参考:\nスケートリンクを勘で0.2mm削る「整氷」の世界 https://t.co/HV0hGtdy3T #DPZ'
スケートリンク,'大郷剛さんの紹介で、とある事務所社長とミッドタウンのスケートリンク眺めながら会食。ミスiDのことなど初めてと思えないくらい喋りまくったけど、きっちり20時で終わり。コロナライフ。 https://t.co/PA5EkmIVBT'
スケートリンク,'スケートリンクがまた一つ閉鎖…'
スケートリンク,'@Suu_Nukodono ドリフトとかそういうの興味ないならFFがほんとおすすめ。冬にMRやRR納車するき、ほんと恐ろしい。笑\n\nうちの場合雪ふっちゃうと圧雪が溶けて固まってスケートリンクみたいだから、駆動輪は誤差みたいなもんだ… https://t.co/E9IJoaVCAj'
スケートリンク,'#チコちゃんに叱られる \n「スケートリンクの謎」で久しぶり“吹石一恵”さんがナレーションで見られて､お元気なご様子で安心しました。子育てでお忙しいとは思いますが頑張って下さいネ!!!\u3000#NHK\u3000#岡村隆史\u3000#塚原愛\u3000#チコちゃん\u3000#木村祐一\u3000#キヨエ\u3000#吹石一恵'
スケートリンク,'チコちゃんに叱られる！▽缶詰の秘密▽スケートリンクの謎▽言葉の不思議[字]…の番組内容解析まとめ https://t.co/ThqBiyi5dh チコちゃんに叱られる！ 初代・電波ログテキストマイニング'
スケートリンク,'@thrush_777 日によって刻一刻と路面状況が七変化。テラッテラのスケートリンクより滑る路面も当たり前、立っているのすらやっと、なんてことも。'
スケートリンク,'スケートリンクはどうやって凍らせる？ \n\n知りたい方はこちら👇\nhttps://t.co/jS6F32VIqD\n\n今回 #チコちゃんに叱られる! のは、女優の #黒島結菜 さんと #東京スカパラダイスオーケストラ の #谷中敦 さん。'
スケートリンク,'スケートリンクの作り方が\n地道過ぎて泣ける😭\n張り巡らせた冷却ホースに\nホースで水撒いて\n0.3mmずつ厚み作ってた💦'
スケートリンク,'[松山]●録画終了：ＮＨＫ総合１・松山 2021/2/19 19:57 ～ 20:42 チコちゃんに叱られる！▽缶詰の秘密▽スケートリンクの謎▽言葉の不思議[字] Drops:0'
スケートリンク,'●録画終了：ＮＨＫ総合１・東京 2021/2/19 19:57 ～ 20:42 録画終了 Drops:0 Scrambles:0 チコちゃんに叱られる！▽缶詰の秘密▽スケートリンクの謎▽言葉の不思議[字]'
スケートリンク,'●録画終了：ＮＨＫ総合１・水戸 2021/2/19 19:57 ～ 20:42 録画終了（空き容量不足で別フォルダへの保存が発生） Drops:0 Scrambles:0 チコちゃんに叱られる！▽缶詰の秘密▽スケートリンクの謎▽言葉の不思議[字]'
スケートリンク,'スケートリンク閉鎖案件多すぎでは……'
スケートリンク,'@Yui_0o0 人生で1回しかやったことないや\nスケートリンクじゃないところでならよく滑ってるけどね😜'
スケートリンク,'しかしスケートリンク閉鎖のニュース見てみると\n理由はみんな同じだな…\n\n施設の更新に億単位の金がかかる\n\n修繕の場合は部品がない\n\n製造していないフロンガスがいる\n\n一宮市スケート場の理由\nこれパピオと全く同じ理由やんけ…'
スケートリンク,'スケートリンクに感謝してるやなかさん可愛いかった(∩´﹏`∩)'
スケートリンク,'@shinukosan スケートリンクとしぬこさんの◯は滑るもんだろ'
スケートリンク,'え、愛知のスケートリンクが閉鎖だと、、、'
スケートリンク,'チコちゃんで、川口のグリーンセンターのスケートリンクが取材されていて、驚いた。自分は25年くらい前に2回ほど滑っただけだけど。'
スケートリンク,'これで一安心✌️\n妻子が寝た後、30分ほど近所をドライブしたら出ました。\nじごくのつかい狩りに、琴似、二十四軒方面に行こうと思ったけど、日中に溶けた雪が夜になって凍り、道路がスケートリンク状態になってたので断念😓安全第一❗\n明日か… https://t.co/Iz9lyPH0p6'
スケートリンク,'おっ！嬉しいですねぇ！\n峡谷は山賊も一番最初に詰んじゃってフレに助けてもらったところなんですが、とりあえずスケートリンクから入口方向を見上げると一人は見つかるかと、、、（続く）\n#マシュマロを投げ合おう\nhttps://t.co/0BYlSqNmAy'
スケートリンク,'@hachimitsuy21 ツルツルというより凸凹のスケートリンク？？(←やっぱり想像力の限界w)\n今年は、庭の手水鉢の水が朝起きたとき凍ってるとこ見たのが2回か3回くらいだもんで……😅💦'
スケートリンク,'【ゲスト】浅田舞\nM：舞が落ちる言葉は？？\n〜\nN：おつかれさん\n舞:お疲れ様！\nN：色んな舞見てきたけどやっぱり、スケートリンクの上で滑ってる舞が一番好き！\n〜'
スケートリンク,'2020年2月20日はオアシス21のスケートリンクでStar☆Tがライブを☺️ https://t.co/qe3FLCqHLk'
スケートリンク,'昔、今の入り口が改装される前、小さいコンビニ屋さんがあったらしいんだけど、契約更新時に怒って出ていっちゃったんだって。年間売上、見込み収入、いくら失ったかな。もったいない話だね。\n\n#皆大変\n#シチズンプラザ\n#スケートリンク\n#2021年1月閉鎖'
スケートリンク,'フラット八戸は駅前にある常設のスケートリンクだが、断熱床を敷くことでスポーツや展示会やコンサートができる仕様になっている。交通の便の良い駅前ならば遠方からもリンク利用者が恒常的に見込めるし、必要な時だけ使える大規模ホールは無駄がな… https://t.co/ojycUtte3M'
スケートリンク,'@5fEbu 峡谷はゴールした後の観客席に何人かと、峡谷ホーム？から下ってスケートリンク出たところの上の方に居る'
スケートリンク,'396大迫～遠野間スケートリンク😇'
スケートリンク,'@wormanago 戦後でも東京多摩地域で製氷業が成立したり屋外スケートリンクがあったくらいですからねぇ。あ、あくまで聞いた話ですよ(笑'
スケートリンク,'@ryochinaga こちとら雨降ってそれが凍ってスケートリンク状態だったよ'
スケートリンク,'ジャケット羽織ってない組、今にもスケートリンク滑り出しそうで可愛かったな https://t.co/vmomS3GeEX'
スケートリンク,'今日は札幌、というか全道的になまら暖かかったんだね。\nってことは明日朝は道内全域がスケートリンクになるってことか(^_^;)'
スケートリンク,'@axe_stars9 明日晴れだと今の状態はヤバいですなw\nスケートリンク作成機( ˘ω˘)ｽﾔｧ'
スケートリンク,'真央ちゃんチャーハンで調べたら出てきた！\n大須観音だし、2.43カフェとかハイキュー展のある栄から近いから行けるかな\n大須観音行くならスケートリンクも行きたいよな https://t.co/FLaD6jOhmQ'
スケートリンク,'今日、めちゃくちゃ暖かい日でしたが。。。明日は一日マイナスになるそうで。。。スケートリンク決定か⁉️\n\n車、運転したくない😭\n\nでも買い出し、行くんだよね。。。'
スケートリンク,'上品なナンパで想い出したのは キスブサでやったスケートリンクでナンパするやつ\n  たいぴのナンパは上品だったけどナンパにしては重々だった回  ナンパ向いてません\n#藤ヶ谷太輔PeacefulDays'
スケートリンク,'@9_nico_6 機会がありましたら着ぐるみきて一緒に滑りましょー！笑\n\nでもまだまだぎこちない部分があるのでまだまだです笑\n\nほんとスケートリンクにいるみたいな感じで怖いです😰笑'
スケートリンク,'銀河アリーナは日本で5本指に入ると思う素晴らしいスケートリンクだよ！相模原市民はみんなここでトリプルアクセルが出来るようになってるよ！4回転ジャンプをしにおいでよ相模原！'
スケートリンク,'車道は雪解けて無いところ多いけど\n歩道と交差点はまたスケートリンク\n怖くて歩けない https://t.co/hA8qf1FkYU'
スケートリンク,'家で揚げ物するとキッチンがスケートリンクと化して頑張れば4回転アクセルできる'
スケートリンク,'親が喧嘩してママンに長野県(？)に連れていかれてスケートリンク側のカフェでイケメンと出会いいい感じになったところでパパンが迎えに来るという夢を見ました'
スケートリンク,'@MiuSuzaki 昔よくスケートリンクに遊びに行ってたので、須﨑さんの偉大さに感服しております…💦\n\nこちらこそ、またご一緒させていただける機会がありましたらよろしくお願いします😳💕'
スケートリンク,'滑走音がやばい。シャシャシャシャシャッ！！\nFISレースの選手は人間じゃないから普通に滑ってるけど、一般人は曲がることすら出来ない。スケートリンクを傾けたような斜面。\n\nVincent Kriechmayr | Gold | Me… https://t.co/03XXBshfqo'
スケートリンク,'うちの学校スケートリンクないのにスケート部あったけど何してたんだろうな'
スケートリンク,'スケートリンクで遊ぶTDDの話は書きたい。山田家(＋末っ子のダイちゃん)を甘やかす神宮寺も欲しい'
スケートリンク,'@asgrijalva この時期は都心の池や屋外のバスケットコートも、誰かが整備するのか、ちょくちょくスケートリンクになります。本当にスケートが好きなようです。'
スケートリンク,'@nekonpasu \n無論クヴァレお兄さん峡谷のスケートリンク下手くそなのですがそちらはどうでしょうか\nクヴァレお兄さん物凄く頼ってきますけど「水は得意なんだけど氷は苦手なんですよ……先導してもらえると助かります～…」って'
スケートリンク,'買い物行って来たどぉ～\n路面水浸しだどぉ～\nこれ凍ったらスケートリンクだかんなっな日の流れ\n朝作り置きスープ🍄とサラダ🍊\n昼やきそば弁当新商品\n楽しみにしてた白湯スープにインスタントコーヒーINして泣いた😭\n夜ポトフ風←キャベツト… https://t.co/xf7mmI3RoG'
スケートリンク,'@dosankoshii SHIIちゃん、こんばんは🤗\n無事帰ってきたのね🌟\nお疲れ様💛💛\n\n雨で少し雪溶けたと思ったら、また雪みたいだね😖\nまた冷え込んでスケートリンク決定だね💦\n今日は頭痛大丈夫だったよ🥰\nもう少し様子見てみる… https://t.co/vujehU5LZk'
スケートリンク,'浪速スポーツセンターは工事でスケートリンクやってないけど'
スケートリンク,'去年は３月頭くらいからスケートリンク全滅だったんだけど今年は開いてるっぽい'
スケートリンク,'@hachimitsuy21 氷……\u3000街中がスケートリンクみたいな？？(←発想の限界w)'
スケートリンク,'@tenshi11633F 恵那のスケートリンクでな'
スケートリンク,'@jitsuha_panha 梅田駅に今年もスケートリンクがあったはず'
スケートリンク,'保護者手作りのスケートリンク\u3000初滑りに歓声\u3000宮崎県(宮崎ニュースUMK)\nhttps://t.co/tS2kAb957p'
スケートリンク,'チコちゃんがスケートリンクの氷の秘密に迫る\u3000長い時間かけてゆっくり作ると… https://t.co/YNPPMizwuS'
スケートリンク,'あとキッチンがスケートリンクになる話'
スケートリンク,'そういえば久しぶりに見た東神奈川スケートリンクが横浜銀行アイスアリーナに名称変更されてた https://t.co/vQM0jChzg1'
スケートリンク,'オアシス21での豊田合成スケートリンクのライブありがとうございました❤️優先エリア来てくれた皆さん~ありがとう🥰👏外からもたくさんのかたに見ていただけて嬉しかった☺️💕足を止めて見てもらえるって凄いことだよね✨今日のライブも、また… https://t.co/z13jTN3yxv'
スケートリンク,'なんとスケートリンクは72時間で終わらずに105時間\n\n「滑れへんのかい」\n\n吹石一恵さんに言わすNHKズルいなぁ\nやりたい放題じゃないですか笑\n\n#チコちゃんに叱られる 黒島結菜回！ https://t.co/LCWMJv18zH'
スケートリンク,'人間巻きって怖くないのよ\u3000いたる所で人間巻きは行われている\u3000体育館で\u3000スケートリンクでも\u3000横巻きに…'
スケートリンク,'#チコちゃんに叱られる の録画を視聴わず。缶詰に出来る果実と出来ない果実のネタが凄く面白かった。スケートリンクの氷の作り方や言語ネタも秀逸でありましたンゴ。'
スケートリンク,'この1月、2月はスケートリンクに関する悲しいニュースが多くて…😢\n銀河アリーナは通年化計画が出たくらいなので可能性を手放さないでほしいのです。生涯スポーツを支える大切な文化施設なのです…。相模原市へのパブコメは2/22〆!'
スケートリンク,'スケートリンクは少しずつ少しずつ水をまいていくんだね…手作り。知らなかった。根気と手間がかかるんだね。本家の『ドキュメント72時間』の吹石一恵さん。 #チコちゃんに叱られる'
スケートリンク,'ごんばんは🌟\n今日は楽しい一日だった❓\n明るい夜ンポ行ったけど歩きづらくて滑ったよ😣\nいつもより歩くの遅くでしょ😞\n\n明日は寒くなるから解けた雪が凍結して今日より歩きづらくなるよ😢\nスケートリンクがたくさん出来そう😣嫌になるよ😓… https://t.co/l4j1YHaa8f'
スケートリンク,'そうそうSSAスケートリンクだよね'
スケートリンク,"'@hosi_ookami \nム""ー""ツ""ィ""く""ん""！！！最近寒い上にスケートリンク増えたけどトリルと一緒にどうかな！！ちなみにトリルさんは滑れないので支えてもらえると嬉しいな…\n\nあとダージさん思ったより美形に弱いとのことで…良… https://t.co/3sWx1PwfGj'"
スケートリンク,'駐車場がスケートリンクになってまじつらい'
スケートリンク,'先週マイナス10度で一面真っ白+天然スケートリンク開催とかだったのはやっぱり夢か幻だったんじゃないかと思う。\n暖かいわけだ…。 https://t.co/eAPUnBtgXt'
スケートリンク,'@Z5v8SqSYBCMPCzn 上手☃️👍\nスケートリンクってビックリ💦草原のイメージしかない😅\n天草にも行ったよ🚌九州旅行はまたいつかのお楽しみ🧳💕\nyukiさんも楽しい週末をね🍻'
スケートリンク,'@oniyome37 ありがとうー😭\n近くだったらよかったですね\n最近こちらは道路がスケートリンクな場所が多くてさらに困ってます(笑'
スケートリンク,'｢見てこれうんこのスケートリンク｣\n｢なるほどね｣\n\nなるほどね？？？？'
スケートリンク,'石橋「見て！うんこのスケートリンク！」'
スケートリンク,'今チコちゃんの録画見てるんだけどグリーンセンターのスケートリンク(プール)やってたのかー！！うわ懐かしい〜！こっち側何年行ってないだろう…'
スケートリンク,'[jp] ⛸⛸⛸ 今シーズンの滑り納め！！！⛸⛸⛸\n屋外リンク終了まで、あと1週間となりました✨\nhttps://t.co/7QLJw45j2r\n#スケート ⛄\n#アイススケート\n#アイスリンク #スケートデート\n#スケートリンク… https://t.co/yyriXtj9x1'
スケートリンク,'@25ara_nori25 気温低くなって凍ったら自然スケートリンクの完成😅'
スケートリンク,'Sky、水中都市とか出来ないかなぁ…飛ぶゲームだけど水の表現めちゃくちゃ綺麗だし。\n峡谷のスケートリンクの下の感じで街。\n水没都市とかロマン…'
スケートリンク,'@_shinitaku_nai_ スケートリンクの妖精じゃん…🧚'
スケートリンク,'17時過ぎに仕事終わって、そのまま職場の同僚2人とスケートリンク行ってアイススケートしてきたｗｗ'
スケートリンク,'@chikuwa_prka わかるwwwww踏み固められてスケートリンクみたいになってるwww'
スケートリンク,'ステージがスケートリンクになるような演出。凄い。'
スケートリンク,'#懐かしの昭和芸能ニュース を見ていたら、#舟木一夫 さんのスケートリンクでのファンとの集いに、なんと #ガンバレルーヤ の #よっちゃん  がいるじゃないですか！\n#イッテQ \n#そっくり'
スケートリンク,'@donguri_mk2_2nd こっち？今日暖かかったから交通量が多い道路の雪は溶けてるのさ！\n明日冷えたらスケートリンク待ったなしって感じかなぁ。そっちはどう？'
スケートリンク,'スケートリンクにしたかった、スモークが冷気に、って演出素敵だな… さいとーぴーさすが…'
スケートリンク,'スモークをスケートリンクに見立てるための演出って凄い！\n世界観がステージ毎に異なっていていいなぁ\n\n#anisama\n#佐久間アニサマ'
スケートリンク,'スケートリンクの演出すごい\u3000#anisama'
スケートリンク,'おおお！ユーリ！\n\nダンスもすごい！\nスケートリンクに見えてきました。\n\n#佐久間アニサマ'
スケートリンク,'スケートリンクに見える！\n\n#anisama\n #佐久間アニサマ\n#佐久間大介\n#SnowMan'
スケートリンク,'「スケートリンクにしたかった」はすごい\n#佐久間アニサマ\n#anisama'
スケートリンク,'スケートリンクの氷って長い時間かけて作られてるんやなぁ 初めて知った'
スケートリンク,'昨日の番組でもオランダからのレポートで伝えいただいた話題。転んだりして怪我をした人が4万人にのぼったとか。そりゃスケートリンクはきちんと整備されてるけど、自然の氷じゃねぇ。。 https://t.co/mb0MijrsSw'
スケートリンク,'@19790825caa （大笑）アハハッ\nYES✌️☃️☃️❄❄雪だるま〜ｱﾊｯ\n\nまた、来て下さいね〜😊\n山頂には、野外、スケートリンクがありますよ〜⛷️\n\n😊✨コトリさん🎵\n\u3000\u3000楽しい週末を〜👋🍻'
スケートリンク,'@natsumeharu7286 足りなかった\nスケートリンクになってしもた'
スケートリンク,'@Niko07378130 頭の上スケートリンクよ'
スケートリンク,'怒ってるときにスケートリンクみたいな道を歩くと、矛先の照準も滑ってちょっと落ち着く。つるつる歩道もわるくない。'
スケートリンク,'なもそんがみんなに雪だるまの服を持ってきてくれて雪だるまになりきって遊んだね⛄️\n夕方のスケートリンクは影がエモかった✧︎*。 https://t.co/Tv8Pb3IGOc'
スケートリンク,'一歩外出たらスケートリンクみたいになってて心折れる'
スケートリンク,'@Petiyade33 外スケートリンク状態'
スケートリンク,'わりと道路がスケートリンク'
スケートリンク,'昨夜は雨が降ったっぽくて、路面はスケートリンクなので、スーパーの割引狙いはやめて、ご飯を炊くか、保存系を少し減らしておくかしないと'
スケートリンク,'@raul_is_no_one はいスケートリンクです😆 https://t.co/cnHg0UpuiR'
スケートリンク,'レジャー施設では入場券の転売や譲渡を嫌って途中退場させないところが非常に多いんだけど、シチズンのリンクは途中退場して外へお買い物や食事に行ったりできるので利用者には嬉しかったよね。\n\n#シチズンプラザ\n#スケートリンク\n#2021年1月閉鎖'
スケートリンク,'スケートリンクで連なって滑るTDD'
スケートリンク,'宮崎で！？知らなかった。すごい。\n氷を造られた方に拍手👏👏👏\n\n手作りスケートリンク登場\u3000都城・吉之元小 - Miyanichi e-press https://t.co/NHUpPyPKel @miyanichi'
スケートリンク,'駐車場が スケートリンク！\nおばんです！\n#おばハン'
スケートリンク,'今日は暖かい日ですけど雪溶けて道ぐちゃぐちゃで大変ですな。\nそしてまた夜凍るからスケートリンクになるのループ。'
スケートリンク,'バイト帰りの道スケートリンクみたいだからトリプルアクセルしながら帰ってたら犬の散歩してるおばさんに「織田信成かっ！！」ってつっこまれた https://t.co/9uR5q6b3jD'
スケートリンク,'チコちゃんに叱られるを久々に見た。ひどかった。「スケートリンクの氷はなぜ凍っている？」の答えが「ものすごく時間をかけて水をまいているから」だった。そんなことある？と思って番組を見ると、スケートリンクの底に、冷媒（不凍液）を通すホースを張り巡らし、スケートリンクの温度を下げ'
スケートリンク,'長野に決まってるじゃん、日本ならｗ\n\n札幌のは、屋内スピードスケートリンクがありませんｗ https://t.co/sZwClrMQv9'
スケートリンク,'@megumegu_1007 そうなんですよ😅\nありがとーございます❗頑張ります。\n昼間は春🌸の陽気でしたよ😆\nこれからまた冷えてくるかな⁉️💦\n\nそちらは雨☔でしたか。\nそちらの気温じゃスケートリンク間違いなさそうですね⛄\nトリプルアクセル決めてください！🤣⛸️🥇🏆'
スケートリンク,'まぁそのスケートリンク、中学生の時になくなってしまったのでもうン十年滑ってませんけど……スキーもン年行ってない……Mye板あるのに……くっ！'
スケートリンク,'@vvJRR9H4FDE67ut 朝から雨が降ってる💦道路に残ってる雪がスケートリンク状態😭雨でわだちは水溜まりだしね…まっ、溶けちゃうからラッキーなんだけどね✌️焦げパンです😆'
スケートリンク,'子供の頃はアイススケートも一時よくいきましたね。遠いけど自転車で行ける距離にスケートリンクあったので。\nスキーとかも母親が好きで旅行は大体スキー旅行だったな。\n\n滑るの大好きかよ。'
スケートリンク,'馴染まなすぎてスケートリンクの方がまだ走れた'
スケートリンク,'KONAMIさんに聞きたい\nペナルティーエリアって\nスケートリンクですか？ https://t.co/CJLSrW6VJW'
スケートリンク,'@Sugiura2S sugiuraさん、こんにちは🤗\n東京は☀️.°ですか？\n良いな~~~😅\nこちらは朝からずーっと雨☔\nそして雪❄️️に変わりました😱\n\n夜の路面は…スケートリンク状態でしょうね😵💦\n\n良い春🌷🐝…を迎えたいですね...♪*ﾟ\n\n良い週末を過ごしてくださいね🤗'
スケートリンク,'♪ﾃﾞﾚﾃﾞﾚｯﾃﾞﾃﾞ ﾃﾞﾚﾃﾞﾚｯﾃﾞﾃﾞ ﾃﾞﾚﾃﾞﾚｯﾃﾞﾃﾞ \n\u3000ﾃﾞﾚｯﾃﾞｯﾃﾞｯﾃﾞﾃﾞﾝ\n「先生、このスケートリンク、なんで使用中止になってるんですか？？」\n花子が転んで氷が割～れたー！'
スケートリンク,'またスケートリンク状態になるの……'
スケートリンク,'YOI♥️雑食\n\n聖地巡礼で唐津行った！！本当はロシアに行きたかったけど無理だったからガイドブックとGoogleマップで毎日自宅で聖地巡礼してたww\nそしてスケートリンクにも通ったww\n特にヴィク勇、ユリオ右が好き😘🎶\n映画まだー？！😭😭😭😭'
スケートリンク,'他界隈で嫌なことがあったから\nskyで誰もいないことを良いことに\nめちゃくちゃ発狂してたら突然雀に火を灯され即フレ申されフレンドになって強制手繋ぎされたからスケートリンクの上で2人で暴れたぜ！！！！！\n雀ちゅあん超可愛いな！！ほん… https://t.co/kP9UKru5gw'
スケートリンク,'@sweet_and_akina ほっしぃさん🙂こんばんは⭐️\nもう既に筋肉痛が…。雪国県なのでこの時期は色々な各地でスケートリンク⛸が解放しているんですよ😀今日は室内で滑って来ました😊'
スケートリンク,'その的確さでどこかのお兄さんをスケートリンクに引っ張り出して指導してくれませんかね…'
スケートリンク,'うちのガレージはスケートリンクです'
スケートリンク,'スノボやってた時も思ったけど、今日のスケートリンクでも白い肌が余計に白く映ってて綺麗だよぉ……'
スケートリンク,'ルフレ「凍った道をお湯かけて解かそうとするのは止めましょう。それスケートリンクの作り方です」'
スケートリンク,'モールにあったスケートリンクがでかい⛸️\n商场的溜冰场太大\nLapangan es terlalu besar di mall https://t.co/6ATG9nWwVR https://t.co/64qND4IYCA'
スケートリンク,'夏場の土日の東伏見\nアイスホッケーのアジアリーグ開催で占有されています。\n集客があって収益が高いからでしょうか？\nその時期の一般滑走営業は、ほぼ無いです。\n\n#皆大変\n#シチズンプラザ\n#スケートリンク'
スケートリンク,'坂田:今度初めてスケートに行く成志\n成「スケートリンクの氷割れねぇ？」\n俺「大丈夫！」\n成「でもオレが凄いスピードでぐるぐる回るやつ(スピン)したら丸い穴空いて水に落ちるだろ…あ、でもそしたらワカサギ釣りすればいいのか！」\n頼むから1文に3つ以上のツッコミ所盛り込むのやめてくれ！'
スケートリンク,'@cutsew2016 こんばんは🙇\nスケートリンク他でお会いしていたのはやはりいとしまの民様だったのですね！？ご挨拶できずにごめんなさいです🙇'
スケートリンク,'@oyaji0295 なんでこんなスケートリンクみたいになってんだよ😹'
スケートリンク,'赤レンガ倉庫は暑いくらいの日差し☀️でした🍥\n\n#赤レンガ倉庫\u3000#みなとみらい\n#スケートリンク\n#黒木ナルト\nhttps://t.co/qi3VIx8Xtx'
スケートリンク,'一昨年前のオホーツク海\u3000海がスケートリンクみたい。決して氷の上に上がってはなりません！\n#網走\u3000#オホーツク海\u3000#オホーツクブルー\u3000#北浜海岸\u3000#写真好きな人と繋がりたい https://t.co/FZh9p7mZrz'
スケートリンク,'今日は汗ばむわぁ～でした🥵\nスケートリンクへ行ったはずの娘から帰宅連絡が…\n「コスモワールド！もうすぐ帰る」てなんでそっち？と聞いたら、なんと今日暑すぎてスケートリンク臨時休業😳冗談みたいな出来事でした。写真送ってもらった🌃🌉✨ https://t.co/nXxZcKff7q'
スケートリンク,'@ipparboyrequiem あぁ〜スケートリンクありますよねぇ⛸✨ナイスパーカー🍣！今日が最接近(w)かと思いましたけど、もしかしたら万博で当時すれ違っていたかもですねwジブリパーク工事してますね、私も楽しみです(*^▽^*) https://t.co/HzED7WzvTd'
スケートリンク,'大体毎日歩道の一部がスケートリンクなんですが https://t.co/68ApQzUoP8'
スケートリンク,'改めて配信版のTrip  to BIRTH観たけど、最後のCITYの夜景は３階からは夜景とビルなんだけど、4階以上はスケートリンクも視界に入るのは上手く出来てるなと感心した'
スケートリンク,'スケートリンクから上がるときって、そろーっと減速して来るより、スピード上げて寄って来てガッてエッジきかせて止まる方がずっとらしいし、カッコいいと思うんだけどな。'
スケートリンク,'@J9LgoSoE1LgK7ZS 北陸といえど・・・ヒドいのは二県でして＾＾；\n\n神奈川・・・足柄・・・箱根やばいですねｗ\n\n急な坂が真っ白なスケートリンクでした(＠_＠;)\n\n昔・・・１２月に温泉に行ったのですが＾＾；'
スケートリンク,'そう。ドイツは割とみんな家庭でスケート靴を持っている。\nちなみにこの話を聞いて、釧路出身の父の冬の体育の授業は校庭に水を撒いた即席スケートリンクでのスケートだったと聞いたことを思い出した。'
スケートリンク,'ワトスン：スケートリンクの氷って割れないのかい？ \nホームズ：大丈夫さ\nワトスン：でも僕が凄いスピードでぐるぐる回るやつ(スピン)したら丸い穴空いて水に落ちるんじゃ…あ、でもそしたらワカサギを釣れば…\nホームズ：頼むから一度に3つ以上のツッコミ所盛り込むのやめてくれないかい？'
スケートリンク,'@wan201dm @1NYfbQ2S4qclUOn 子どもたちが小学校低学年の頃、地元のスケートリンクでカーリングの体験会があって、参加しました。\n\n子ども用だからストーンの代わりに、漬け物用の丸い重石でした。\nホームセンターで売ってる丸いプラのやつ(≧ω≦。))'
スケートリンク,'昨日焼肉してから家の中がスケートリンクのようです(拭け)'
スケートリンク,'昨日は小学生達の試合\nでした😋\n途中のゲームでは\n未就学の子供からまだ\n始めたばかりの小学生達の\nトレーニングマッチ😊\n\n試合に勝つ事も大事だけど、\n試合に参加する事と、相手を\nリスペクトできる強い選手に\n😍\n\n陸上スポーツにはな… https://t.co/KHv6mN3dhd'
スケートリンク,'今年の札幌は、雪が降る→気温が爆上がりして雪が溶ける→一気に寒くなって全部凍る、の繰り返しで、本当に歩きづらい。溶けてぐちょぐちょも嫌だし、凍ってツルツルなのはもっと嫌。今日は見事なスケートリンク状態で筋肉痛。せめてお尻と太ももが引き締まってるといいんだけど！'
スケートリンク,'@iiden_depa スケートリンクまで！？魚釣りしかやったことないです笑'
スケートリンク,'夢見の町のあの人、スケート靴であのダンジョンみたいなヤベー雪山コースを制するような強者に成長したのだし、小さなスケートリンクだけで滑ってもらうのはもったいない気がする'
スケートリンク,'ホームのスケートリンクで滑ってるときにアクション入るようになってた(さっきやったらできなかったけど) https://t.co/colAuNIj8o'
スケートリンク,'夕方ノキ散歩はツルツルのガリガリで歩くだけで精一杯でした…😭路面がスケートリンクのように光ってました…。りんちゃん、こむぎ姉さんに会いましたが、飼い主さんみんな必死！かろうじて広場はツルツルではなかったので少しだけボール投げしまし… https://t.co/y9IXik0LL1'
スケートリンク,'@takemimimimi いいなぁ～。\n生まれてから私は12歳まで北海道の苫小牧でしたからスケートリンクが庭でしたw\n3歳から22歳までアイスホッケーでした。'
スケートリンク,'@luckilyhappily さらにちなみに、向かい側の\u3000いちい\u3000は\u3000かつて屋内スケートリンク（アミューズメントパーク）でした。'
スケートリンク,'臨海スポーツセンター支援の会\n\n&gt;松井大阪府知事に直談判をして頂き、知事から「工事費の半額を寄付してもらえれば大阪府も残り半分を支出します」と言う言質を引き出して下さいました。\n\n#高橋大輔\n現役選手でありながらスケートリンクの存… https://t.co/Oyn3ktLJVr'
スケートリンク,'街全体がスケートリンクになってて危険が危ない⚠️'
スケートリンク,'@mariko15kattun スケートリンクでぐるぐるしたり、浜辺で一人キャッキャウフフもしました！'
スケートリンク,'@26feiroon スケートリンクとの相性が最悪だと考えれば普通のスキーはきっと大丈夫！！！ただの雪だから！！！多分！！！！！服装さえまともでポーズもスキーらしいポーズなら！！！！！'
スケートリンク,'スケートリンクとの相性が悪い男 ユースタス・キッド'
スケートリンク,'@Olympics @namnamnoodle 地球の力はすごい\u3000スケートリンクを作るのにも膨大なエネルギーが必要なので川や湖が氷りそこで滑れるのはすごいね\u3000ダウケミカルやドュポンも子供の教育のためレプリカの恐竜の標本寄贈ありがと… https://t.co/kTu1G6WtY0'
スケートリンク,'久々のドッグラン🐕💨\nお天気良くて気持ちー😆✨✨\n空気が綺麗だったね。\n\nザクザク、ボコボコ、ツルツルスケートリンク状態でなかなかのコンディション❄️\n\n#ボストンテリア\n\n立ってるー。\nそのボール私に下さいなって言ってるのかな😎 https://t.co/Ttze7ghFb7'
スケートリンク,'そもそもココ、スケートリンクだからメッセージボート浮かないんですけどね😂'
スケートリンク,'ほんとだ\n\n&gt;&gt;３年前の五輪の時は（リンク利用の）通年化の実現へという動きもあったのに\n\n相模原・銀河アリーナ、廃止検討に「スケート続けられない」神奈川新聞 https://t.co/tIlJWgQyEv\n\n2020/4に民設民営… https://t.co/3V9SayszwZ'
スケートリンク,'トムジェリは部屋の中をスケートリンクにしちゃうお話が好きでしたね〜'
スケートリンク,'@sentu_zunda 平成５年頃に老舗の広瀬蒲鉾というところがありまして、当時専務だった広瀬さん（閉店後、ロケット広瀬というディスクジョッキーになられてます）が、こんなもの作って売りたいとおっしゃってたのが、具が蒲鉾で表がアメ… https://t.co/c4CCDOXCG4'
スケートリンク,'スケートリンクの氷を溶かして、リゾートプールにしました✨\nさらに通路を作って行き来できるように！やった！これで梯子使わなくて済む！🤣\n左はパーリーしたい人用、右はまったりしたい人用✨水面もパーリーっぽい方にしてみました🤭… https://t.co/h7OvZALcWF'
スケートリンク,'この人…氷水のお風呂に天然スケートリンク…！極寒の生活を楽しむ人々「見てるだけで冷えてきたww」「ヤバすぎる寒さ！」海外の反応\nhttps://t.co/eMO4nAESO6 https://t.co/Gmfpw9jcat'
スケートリンク,'一緒にお勉強するとき椅子びったりくっつけてないとやだ！おしゃんなドリンク一口頂戴やってくんないとやだ！スケートリンクでギャアギャア叫びながら掴まりあって派手にすっころんでくれないとやだーー！！'
スケートリンク,'この人…氷水のお風呂に天然スケートリンク…！極寒の生活を楽しむ人々「見てるだけで冷えてきたww」「ヤバすぎる寒さ！」海外の反応 https://t.co/5vjT7GhsFg'
スケートリンク,'この人…氷水のお風呂に天然スケートリンク…！極寒の生活を楽しむ人々「見てるだけで冷えてきたww」「ヤバすぎる寒さ！」海外の反応 https://t.co/iW8rJbgkLX'
スケートリンク,'翻訳ちゃんねる | 海外の反応まとめブログ\nこの人…氷水のお風呂に天然スケートリンク…！極寒の生活を楽しむ人々「見てるだけで冷えてきたww」「ヤバすぎる寒さ！」海外の反応\n\n#翻訳ちゃんねる #海外の反応\nhttps://t.co/PSAsrVh7HG'
スケートリンク,'@U2_U2_higher 綺麗なスケートリンクですね😳\n運動神経素晴らしい😆'
スケートリンク,'@Blue_white3923 見たかったなぁ〜\n\n帰りはスケートリンクが如く凍ってる道を歩いてきたよ💦💦'
スケートリンク,'ミッドタウンのスケートリンクが今月末までなので、その前に勇んで行ってみたら気温上昇の為本日営業中止してた…\n(ホームページ確認して行かなかった自分たちのせい)\n今日ほんとにあったかかったもんな～'
スケートリンク,'みんなからの匿名質問を募集中！\n\nこんな質問に答えてるよ\n● スケートリンクでの体験や新歓の…\n● 道具はどこで買ってるんですか？…\n● アイスホッケーのゴールキーパー…\n● 男子部のマネージャーと女子部の…\n#質問箱… https://t.co/Mx5xfz0U83'
スケートリンク,'スケートリンクを勘で0.2mm削る「整氷」の世界 https://t.co/j3FMgPRgdN #DPZ'
スケートリンク,'清爽やかな朝日を浴びながら、次に目指したのは大町ダム龍神湖です☆\n巨大スケートリンクと化したダム湖を見たかったのですが、残念ながら龍神湖は凍っていませんでした（＞＜）\nでもその代わり、野口五郎の元ネタとなった野口五郎岳（左側）がき… https://t.co/LUesWGGqn0'
スケートリンク,'東神奈川のスケートリンクから六角橋に抜ける道の六角橋付近で一時停止か歩行者妨害やってるよ！\n今配達員捕まってた'
スケートリンク,'スケートリンクある内にかっこよく滑りたい星の子 https://t.co/Ny8MeM2dRo'
スケートリンク,'道がスケートリンク'
スケートリンク,'真冬のZeppとスパイスの近くは道がつるっつるでスケートリンクなんよね😇\n歩くの大変だった笑'
スケートリンク,'#wangyibo\n21/02/2021 \n19:01\n冬休みが終わりに近づいていますが、新しいスキルを習得しましたか？ 今夜スケートリンクでショートトラックスピードスケートのスキルを学び、アイススポーツを楽しんで下さい。 王先生… https://t.co/gxzrzkuEP2'
スケートリンク,'@yasuner1103 廊下に洗剤ぶちまけて、スケートリンクにする～！ﾋｬｯﾌｫｰｲ\n(*ﾟ∀ﾟ)ｱﾋｬﾋｬ'
スケートリンク,'昊然：スケートに初挑戦の新藤さん。\n新藤「スケートリンクの氷割れません？」\n昊然「大丈夫ですよ」\n新藤「でも私が凄いスピードでぐるぐる回ったら、丸い穴が空いて水に落ちる…あ、そしたらワカサギ釣りすればいいのか」\nら1つの文に3つ以上のツッコミ所を盛り込むのはやめて欲しいです'
スケートリンク,'海で家族BBQした〜😋🍖🔥\n流木でたき火するのめちゃくちゃハマる🔥ずっと火いじってた😂\n\nそして帰りに寄ったお店で、安藤美姫さんにお会いした気がした…！\n以前スケートリンク場でも会ったのできっと2回目なのである！！💓'
スケートリンク,'@FIXERSIKAKATAN 見苦しいよ。伊達みきおがスケートリンクにいるよ想像してみて。色々凍りそう'
スケートリンク,'@RIN81632988 りんちゃん、暖かくなって溶けて固まった\n氷が道にあるの😅\nスケートリンクみたいよ'
スケートリンク,'@Gyny01417 まだ誰も使ってないスケートリンクですね🥰'
スケートリンク,'どのスケートリンクでも同じような氷の状態が再現できればもっといいね～。とくに国際大会の時はな。'
スケートリンク,'#maf761\nウチの地元は昔は校庭をスケートリンクにしていたけど、今は競輪場がスケートリンクになっているどすよ。'
スケートリンク,'#高峯のあの北海道探訪\n\nジョイパックチキンの「カレーチキン」\n\nただでさえ夏も寒い釧路のスケートリンクのフードコードで食べた思い出\n冷えた体にカレーの匂いがダイレクトアタックだ！！\n\nhttps://t.co/TbR2VGjRgC https://t.co/X0ClAZFUK0'
スケートリンク,'スケートリンクかよ #Splatoon2 https://t.co/wrNax6pOPo'
スケートリンク,'@yuuzu004 😭\n駅名と信号の名前だけ残ってるけど、何もないょ〜😭\nアウトレットとかプラネタリウム…エンターテインメント施設(スケートリンク？)ができる……ってｽﾏﾎ記事は見ました。'
スケートリンク,'しずかくん:スケート初挑戦のうるさいくん。\nうるさいくん「スケートリンクの氷って割れないの？」\n僕「大丈夫だよ」\nうるさいくん「でも僕が猛スピードで回ったら穴が空いて水に落ちる…あ、そしたらワカサギ釣りすればいいんだ！」\n頼むから… https://t.co/EAtMVh3A2k'
スケートリンク,'@2020122_SnowMan ちぃちゃーん💗\nキムタクファンのスマ友とさむーい\nスケートリンクに1日いたよー🤣\n良い思い出☺️'
スケートリンク,'小学生の時、多治見のスケートリンクに毎年行ってたなー\n#maf761\n#midfm761'
スケートリンク,'@emo_1 まぁそれもスケートリンクでの楽しみのひとつだと思えば😉'
スケートリンク,'スケートは中区の大須スケートリンクでよく滑りに行きました😄👍あの浅田真央ちゃんも練習に来るスケートリンクだよ😉⛸ちなみに私の靴はスピードでした😆⛸\n #midfm761 \u3000#maf761'
スケートリンク,'1戦目\n「1週間以内で初めて知った事」→スケートリンクの作り方。\n\n実は全く知らないけど、ハッタリだけで乗り切った！ツッコまれたらマジでヤバかったw\n\n2戦目は2日目にCOしたのは英断だったと思う。\n進行上最大人数の脱出にも寄与できたのも達成感あった！'
スケートリンク,'2/28(日)「ザ！鉄腕！DASH！！」\n▷伊野尾慧\n▶︎日本テレビ系／19:00〜19:58\n\n▽【出張DASH村】城島・松岡・伊野尾の3人が向かったのはレモン畑。松岡のレモンクリームパスタに伊野尾の力作、レモンクレープも！▽【… https://t.co/5XUs4ZFsH5'
スケートリンク,'試される大地北海道…\n\n突如出現するスケートリンク…\n\n歩かせて〜😂 https://t.co/ADbsayz9Gy'
スケートリンク,'スケートリンクの「せいさく」は、\n「制作」って書くんですね。\n知らなかった。製作かと思ってた。'
スケートリンク,'@ayk_taekook なんでもありなんや！初めて聞いた！笑\nスケートリンクが道に！すごいなぁー！'
スケートリンク,'@noyz_gamer 専業主婦でお天気悪い時は運転しなくていいとかならいいんですが通勤は大雪でも台風でも道路がスケートリンクでも前がよく見えなくても運転するのはいやです🥺車が完全自動運転になったり事故る確率がぐっと減るなら乗りたいです🚗！！田舎の縁側でのんびりしたいです！！'
スケートリンク,'ユーリオンアイス一気見してしまった…。面白すぎる…。来世はスケート選手かスケートリンクの氷になりたい。'
スケートリンク,'仕事帰りに近くに野外スケートリンクがあったのだけど、鬼滅の炎が流れてて草生えた\nスケートリンクで流す曲なんかそれはw'
スケートリンク,'みんなからの匿名質問を募集中！\n\nこんな質問に答えてるよ\n● カービィ好きですか？…\n● 彼氏が浮気してたらどうしますか…\n● スケートリンクの氷か中国の氷で…\n● フォロワーさんで、きになる女子…\n#質問箱 #匿名質問募集中\n\nhttps://t.co/Yv1qWytZ63'
スケートリンク,'赤レンガ倉庫。スケートリンクは仕舞う準備をしてました。春の知らせ。#赤レンガ倉庫 #サモエド https://t.co/BBDlehgv6O'
スケートリンク,'川越のリンクが閉鎖されたとき、\n川越在籍のコーチの大半は、上尾か、東大和に移籍したらしい。\n\nシチズンのコーチも、別々のリンクへ。\n\n#皆大変\n#シチズンプラザ\n#スケートリンク'
スケートリンク,'@gomu_nashi_ ワロタ！あ、やべ口滑った、スケートリンクでクルクル〜テヘペロ？可愛いべ？♡'
スケートリンク,'日中溶けて、夕方になるとスケートリンク、転倒骨折しないように 恐る恐る歩きます。 https://t.co/oSKUNDzWSC'
スケートリンク,'ここはスケートリンクかってくらいマウスパッドが滑る'
スケートリンク,'おいグレンファイヤー！お前スケートリンク場出入り禁止になったんだって？'
スケートリンク,'オープニング、スケートリンクみたいだ。\n#青天を衝け'
スケートリンク,'豊洲に買い物に行ったらスケートリンクがあったので娘を支えながら40分間ひたすら周回。もうクタクタ。 https://t.co/Bghy87Fecy'
スケートリンク,'@keitter_bn_love 本当に見事なまでのスケートリンクがあちこちに😂\nえー！20℃！！\nそれはもう半袖で過ごせる初夏😄\nつくづく日本は縦長だなあと思っちゃう☀'
スケートリンク,'@pwpr_0826 今となっては海外のショッピングモールに負けてる感\n\nドバイなんか水族館やスケートリンクが👀'
スケートリンク,'こっそり作ったスケートリンクをボートで爆走！！\n氷上ボートレースで爆笑しました！！\n\n#マイクラ #Minecraft #マインクラフト\n\n氷上ボートレースで大爆笑しました！【マイクラ実況】#129\nhttps://t.co/gY8IYqULwe'
スケートリンク,'わ〜〜〜スケートリンク出来てる〜〜〜〜(※広場) https://t.co/ikDLLtG6j4'
スケートリンク,'お外がますますスケートリンクになってて泣きそう'
スケートリンク,'スケートリンクはどうやって凍らせているの？\n\nの答えに何故肝心の\n\n｢不凍液を循環させて｣\n\nが無いんだよ！\n\n#チコちゃんに叱られる'
スケートリンク,'@oitan_17yahaaaa おいでませ九州🥺🤍\nスケートリンクも行ってきたで！(滑ってはない)\nわたしもだな…オリンピック期間永遠に寝れない人🥳ちなみにあとバレーも男子ならちょっとすき、ラグビーもちょこっと見るよ🙋'
スケートリンク,'どんぐりでマルチング！？\n熱を通せば発芽しないよね、なるほど。\nうち どんぐり沢山、使えそう！\n勝手にどんぐりスケートリンク、滑って滑って危ないの。 https://t.co/Qg4o7jJm0d'
スケートリンク,'2/22 #newszero\n#つながるニュース\n校庭に現れたプレゼント\nスケートリンク\n\n(｀･3･´)保護者のみなさんも子供たちに楽しんで欲しいという思いで作ったと思いますので\n最後の子供たちの\n「楽しかったでーす」なんて言う… https://t.co/zqAidzkmEk'
スケートリンク,'#newszero \n\n自分の小学校にスケートリンクあったら楽しくてしょうがないだろうなぁ😄'
スケートリンク,'翔ちゃん❤️\nお子さんも楽しそう😊\n立派なスケートリンク⛸✨\n#櫻井翔\n#newszero\n#つながるニュース https://t.co/UwG43X5QeR'
スケートリンク,'つながるニュース\n校庭に現れたプレゼント（スケートリンク）\n\n(｀･З･´)  保護者の皆さんも子供たちに楽しんで欲しいって思いで作ったと思うので最後の子供たちが楽しかったですって姿は嬉しかっただろうなと思いますね'
スケートリンク,'校庭にスケートリンク⛸️\n小学生の頃皆で屋上に水まいて翌朝スケートして遊んでた記憶が…\n怒られたなあ😅'
スケートリンク,'６時間かけてスケートリンクを校庭に作るとはすごい\n嬉しいだろうなぁ😆\n #newszero\n#つながるニュース https://t.co/6PzZmYZZCY'
スケートリンク,'スケートリンクの話に穏やかに微笑む翔くん♡♡'
スケートリンク,'小学校にスケートリンク作った保護者の話よすぎる。。\nこうゆう温かい話題が増えていくといいな。。\n\n#newszero'
スケートリンク,'すげー学校にスケートリンク'
スケートリンク,'スケートリンクか。'
スケートリンク,'この手の本は、長方形の角が丸くなった図形を楕円と呼んだりするから嫌いだ。数学と関係ないところで使う分には文句言わないけれど(例 スケートリンクは楕円形とか)、数学の本ならば・・・・ね。'
スケートリンク,'@ryoya_bowling もうスケートリンクですね😅'
スケートリンク,'へー、もとザウスの近くにスケートリンクか。\nまぁ、東京ほど気軽にスキーに行けないからとかなのかな？\n\nhttps://t.co/qjUV7lH1pt'
スケートリンク,'・アイスバーン/路面凍結。語源となったドイツ語におけるアイスバーンの意味は「スケートリンク」である。'
スケートリンク,'小学校は冬になるとグラウンドを手作りスケートリンクに変えるよ。子供達が枠板を運んだり、先生や父母が夜な夜な水をまいたりして作る、冷たくてあったかいリンクだよ。体育の授業もほぼ全部スケートになるよ。\n\n釧路においでよ 未来のヴィクトルを育てようよ'
スケートリンク,'なぜ４時からリンクを借り切って朝練を始めるのか知ってる？\n\n東京都の条例でね、18歳未満は23時から28時までの間はリンクへの入場が禁止されているの。だから、解禁時間の４時からリンクを借り切って練習を始めることが多いんだよ。\n\n#皆大変\n#シチズンプラザ\n#スケートリンク'
スケートリンク,'@fni2vkwxkX5wgQX スケートリンクかと…😳'
スケートリンク,'@ryoya_bowling マグはスケートリンク⛸️\n次元が違うで😁'
スケートリンク,'今日散歩しに行った公園のスケートリンクは去年の3月に知らぬ間に閉まってたし、よく行くカラオケも今月末で閉まる...\n遊び場がどんどんなくなるやん'
スケートリンク,'東遊園地にスケートリンク？\u3000きらきら輝く芝生の養生シート\u3000神戸｜総合｜神戸新聞NEXT\nhttps://t.co/CMoh5M7hDv'
スケートリンク,'@hapi320 見慣れた景色も、いつもと違って見えました。トナカイは、小さなスケートリンクを解体しているところに、置いてありました。何故、トナカイなのかは不明ですが😊'
スケートリンク,'田んぼで踊るのがありなら、平均台の上やスケートリンクで踊る人がいてもおかしくないような'
スケートリンク,'ちょっとこそのコンビニに行くだけでも、あのスケートリンクと格闘しながら歩くからねｗ'
スケートリンク,'申し訳ないけど、銀河アリーナが必要なのか、スケートリンクが必要なのか、よくわからないんだよね。\nで、こんな署名が始まっちゃうって「対話」をしてきたと言ってる市長として恥ずべきことじゃない？'
スケートリンク,'いいなー向こうは雪がなくて。こっちは道路がスケートリンクなので、出かけたくてもめんどいｗ'
スケートリンク,'スケートリンク、シチズンと神宮に行って思ったけど靴履いたままゆっくりゆったり座って休むスペースがないので選手層以外に来てもらうには今のリンク周りの快適さが欲しいところ。製氷になると座るところなくなるしベンチと机のエリアは教室の子やママさんの陣地になってること多い'
スケートリンク,'@tyanmanxxx スケートリンクだね'
スケートリンク,'@tamm_0317 うちが行く時だいたい流れてる気する𐤔\nスケートリンク今やってた？\n前はそこのやつから流れてたはず！'
スケートリンク,'@K39783148 会社の駐車場がスケートリンクみたいになっててそこでこけた！'
スケートリンク,'小学校のときグラウンドにスケートリンクできてた'
スケートリンク,'試食室はスケートリンク'
スケートリンク,'@KukiyomeMattan 野球は草野球で4年ほどしてた！！\n\nアイススケートは小さい頃に近場にスケートリンクあったから良く行ってたな〜'
スケートリンク,'私、マンションの管理の仕事やってるんですが、担当物件の最上階の20階の住民がベランダにある水道の蛇口を閉め忘れて、全部水が階下に伝わって、みんなのベランダがスケートリンクになった話、誰か聞く？w'
スケートリンク,'物体が運動しているとき、物体と接しているほかの物体がその運動を妨げようとする力がはたらくの。\nこの力を摩擦力というわ。\nスケートリンクのように滑らかな面では摩擦力は小さくて、砂利道のようにざらざらした面では摩擦力は大きくなるわ。'
スケートリンク,'もしかしたら茅野市運動公園ですか？親戚が直ぐ近くにありよく行きます。ソウルオリンピックで金メダルをとった小平奈央の記念のスケートリンクがあります。何れにしても茅野は長野県内でも特に寒い場所なので暖かくして寝て下さい！ https://t.co/412LV2sVpl'
スケートリンク,'@PhotouserEx @yusukeokawa わぁっ、めっちゃ嬉しいコメントありがとうございます！\n今朝、湖が結氷しててスケートリンクのような湖面に人が居てとても美しかったんです✨'
スケートリンク,'【羽生選手の金メダル効果】\n\nオリンピックに影響されすぎてるwww\n\n羽生効果で全国にスケートリンク増えそうだね！ https://t.co/A5ObWhBvgj'
スケートリンク,'そう思うとトロントの野外スケートリンクが使用量無料なのエグいな。まぁ何もしなくても凍るからその費用は浮くけど。トロントの冬なんてスケートかソリくらいしかやること無いからな…'
スケートリンク,'トゥルソワ＆コストルナヤは限られた条件でしか練習させてもらえなかったスケートリンクから移籍して結果的によかったのでは？アウトプットがどうなるのかは知らんけど'
スケートリンク,'こちとら二度で、今日は暖かかったから霙が鬱陶しいわとか言っていたのに（笑）\u3000まぁ最低気温はこれからどんどん下がっていくので、夜中にはリズミカルなスケートリンクが完成するのが確定しています(ﾉ∀`)'
スケートリンク,'@ryoma_coolx @ryosuke_coolx @junki_coolx @daiki_coolx @mototsugu_coolx \n最後のスケートリンクライブ楽しかったよ🤗\nまた来年もあったら絶対行く🙋\u200d♀️\nひさびさ… https://t.co/xIGZAwmG2W'
スケートリンク,'トゥル様が移籍前に両親がエンジェル側にリンクを自由に使えることが条件だったと言われてたが結局新しいスケートリンクを作ることだったのか（ようやく解明）'
スケートリンク,'@ni_ku2918 このスヌーピーさん、期間限定なんですか？\n\n期間限定のスケートリンクもあったけど、今日は天気良すぎて溶け溶けでしたよ\n😅\n\nお散歩がてら、行ってみてくださいね😊'
スケートリンク,'@akarinet120 今、水道凍結注意！ってなってる。昨日までプラス7℃とかだったのに。溶けたところが凍ってスケートリンク状態よ。'
スケートリンク,'リトマ見たから元気〜とか言いつつ身体はぼろぼろだしお店めちゃくちゃ忙しいし(人員減らしてるから)途中で無理帰りたい🥲ってなった🤣しかもキッチンの床剥がれてるとこ塗装してくれたんだけどそれが滑るのなんのって。スケートリンクかな🥺？って感じで忙しくても走れないの困るし歩いてても転ぶ←'
スケートリンク,'@tomopi_71 ぷぅさんとこの駐車場、スケートリンクみたいに滑るからおいでよ‼笑'
スケートリンク,'なんで歩くんやソルなんてスケートリンクさながらに滑るぞ'
スケートリンク,'アイススケートは近くにあったスケートリンクがなくなって以来、。二十年以上滑っていないな…。 https://t.co/z6235oIZlS'
スケートリンク,'ニューヨークのアイスホッケー選手：デブラシオが前大統領のスケートリンク契約を終了「本当に動揺」'
スケートリンク,'@yasaijuice831 そのスケートリンクに江川まりあという文字があっただろう？'
スケートリンク,'@umal58785289 真ん中ツルッツルなの。\nでもね、昨日のランは一部スケートリンク並みのとこあったよ😆\n私は上がらなかったけど、ピリは平気😂'
スケートリンク,'@hiroshi40over 火曜日行くんですか？\nゲレンデはカリカリのスケートリンク状態かな😅'
スケートリンク,'ガール・イン・ザ・ミラーという映画を見た。 内気で冴えないヒロインに鏡の中にいるもう一人の自分が成り変わり、掠奪と復讐を実行していく話。\nスケートリンクでプロムなんて初めて見た\n( ﾟдﾟ) 自分をバカにしてた男を落とすとことか見… https://t.co/R9FdOEwkYu'
スケートリンク,'@NAGIHsk8 どうにかして欲しいですねぇ切実に。\n\nどっかの自治体がふるさと納税で「スケートリンクの維持費」として使ってくれるとことかあればそこに札束ぶん投げたいんですけどね💴笑'
スケートリンク,'スケートを知って、僕にとっての心休まる場所がスケートリンクになりつつある。以前はスポーツジムだった。なぜだろうと考えてたけど、やはりリンクの上には、より多くの笑顔があるから、だな、きっと。'
スケートリンク,"'全国各地のスケートリンクは毎日,毎月,毎年出血を伴う運営をしてるとこがほとんど。スケートリンクなんてバケモンみたいな維持費もかかるしなぁ'"
スケートリンク,'バイト帰りの道スケートリンクみたいだからトリプルアクセルしながら帰ってたら犬の散歩してるおばさんに「織田信成かっ！！」ってつっこまれた https://t.co/9uR5q6b3jD'
スケートリンク,'@fkfkhanpen アカシアが活休する前の仙台が最後で、それがパレードんときで2014年だった😂時間の流れ早すぎてびっくりだよ……\nみこさんと最後に会ったの2015年のエイトだよ〜羽生くんのスケートリンクのとき！笑'
スケートリンク,'そういえば、昨日かなんかのチコちゃんはスケートリンクの作り方でした\u3000リンクは高床式で下は夏プールなの\n一通り出来てから一回ザンボで氷を割るのが見所'
スケートリンク,'lets_PR_NAGOYA: 【大須】\n中の人が名古屋でいちばん好きな大須商店街。世界一のピザ屋チェザリや古くから続くみたらし団子の新雀、浅田真央ちゃんが親しんだスケートリンクなどなど、おすすめスポットがたくさん。ごちゃごちゃし… https://t.co/OJTAMkon2e'
スケートリンク,'おいでよ仙台、羽生選手や荒川選手の通ったスケートリンクがあるよ'
スケートリンク,'スキーは苦手で好きじゃないです😭\nスケートは得意ではないですけど好きです⛸\n小さい頃、近所の校庭が冬休み期間になると氷を張って無料のスケートリンク状態になってたんです！なのでよく行ってました！\nまたス…\n\n続きは質問箱へ… https://t.co/uBWxGZbkeO'
スケートリンク,'スケートリンク作りってメッチャ大変なんやな。'
スケートリンク,'@rlvrlvasa せやでー！！！\nスケートリンク今年はないのかな😅'
スケートリンク,'スケートリンクは解体中でした。'
スケートリンク,'スケートリンク\n#千歳市\n#千歳\n#千歳神社\n#ツルツル路面\n#ツルツル'
スケートリンク,'むかし千住かどこかにあった東京スタジアムは、冬になると外野がスケートリンクになってたんだとか。\nスタジアムとスケートリンクっていう選択肢、日本でもあながち突飛な話でもないかも。'
スケートリンク,'まじ道路スケートリンク'
スケートリンク,'@Miawang36682488 少し寂しいですが、スケートリンクもじき無くなりますね☺️'
スケートリンク,'はじめの一歩 #同題ffTB\n\n「3人で初めてスケートリンクに行った日ははじめの一歩で転んで泣いて、滑るどころじゃなかったのに」\n大きな大会で初めて勝ち取った金メダルを誇らしげに胸に光らせて表彰される楓ちゃん。彼女を見つめながら、虎徹さんは目を潤ませた。'
スケートリンク,'キルフェボンのクッキーを買いたくてグランフロントに行ったら、スケートリンクが有って喜んだ！\n今日の気温でリンクはびしょびしょだな。\n店頭でせっかく列に並んだのでクッキーだけじゃなく苺🍓のタルトも買ってしまった☺️美味しかったにゃお… https://t.co/AmKaZLVoBc'
スケートリンク,'@shinry_gtgt 夏のアミ会はスケートリンクで笑'
スケートリンク,'@i1skate スケートリンクも児童図書館も尾西市民プールもです。一宮市長は子育て支援を公約に掲げているのに、やっていることは真逆‼️未来を想像する能力に欠けている❗️'
スケートリンク,'シチズンが閉鎖した後、各リンクに通えない子達はやめるみたいだけど。移籍できた子供達は歓迎してあげてね。\n\n#皆大変\n#シチズンプラザ\n#スケートリンク\n#閉鎖'
スケートリンク,'スケートリンクな地面に粉雪は悪魔、ペンタの気持ち🐧❄️'
スケートリンク,'＃京都\u3000＃京都アクアリーナ\u3000＃西京極総合運動公園\n＃スケート\u3000＃スケートリンク\u3000＃フィギュアスケート\u3000＃アイススケート\n＃スケート教室\u3000＃スケート延長\u3000＃特別営業'
スケートリンク,'スケートリンクを守るのは金ではなく利用者。金があっても利用者がいなければプライオリティは下がる。逆に利用者がいれば予算確保しなければならなくなる。黄色信号が灯った施設を守るには、まず収支表より利用者数推移を見ておいた方が良いです。'
スケートリンク,'@sakurami_azuki ミッドタウンのスケートリンクなら割引券持ってるので、必要なら贈呈しますよ？ https://t.co/kf1WCcudVB'
スケートリンク,'@to_saku0623 ありがとうございます😣\n少し寒さが緩んで溶けたところが夜にまた冷えて凍ってしまうんですよね…\n裏道とか日の当たらないところが\nスケートリンクになってます💧'
スケートリンク,'今頃？\nキャンプ場のスケートリンクが陽気で溶けてきたので、今さら和風です\n(トキオの家具一度も使ってないので)\n\n#ポケ森 #ポケ森ニンドリ https://t.co/abxF4fM1E1'
スケートリンク,'娘、4歳でアイススケートデビュー。\nうっかりペネロペのアニメで観てからずっとやりたがってたけど、屋内スケートリンクは軒並み閉鎖中。\nようやく屋外の臨時施設に巡り合う。\nたった20分で引率の大人と2人、4100yenはちょっと痛いけ… https://t.co/UqekMN5fqY'
スケートリンク,'うーん六本木が2500円で豊洲だと1500円かー期間限定スケートリンク⛸\n\nどっちゃでもええっちゃええんだよなぁ。'
スケートリンク,'@IJSyRFWkm1z9eGr ほんとにスケートリンクやわ🤣🤣'
スケートリンク,'神戸の公園にスケートリンク？\u3000きらきら輝く芝生の養生シート（神戸新聞NEXT） https://t.co/uDo7CZWa4a'
スケートリンク,'雪かきは確かにめんどくさいけど、ツルツルのスケートリンク状態になるくらいなら雪が積もってくれてた方が断然安全だよね笑'
スケートリンク,'車の横が川になってた🤣\n朝はスケートリンクだったのに笑 https://t.co/UWInqWYuK7'
スケートリンク,'スケートリンクっていいなあ☺️\n大好き🍀😌🍀'
スケートリンク,'今回はホームで前日に引き続きスケートリンクで引き摺り回されました。まあ、彼女が楽しそうなのでいいんだけどね。\n#sky星を紡ぐ子どもたち #sky実録 https://t.co/wMji5AaK0X'
スケートリンク,'#散歩だより\n国立競技場の最上階の植え込みに桜🌸が咲いていた😃愛でる人のいない🌸に罪はなし😢目を引く外観三井ガーデンホテル、神宮外苑スケートリンクの外観の色プラふたの舞台セットと重なるわ💕 https://t.co/XHY0FtNC0f'
スケートリンク,'今日は在宅勤務日ですが先週仕事が終わらず時差出勤😓\n週末暖かくなって雪も溶けると喜んでいたら今日は冷え込んで凸凹のスケートリンク😅\nどこに足を着いても滑る😵\nみんな小走り(笑) https://t.co/PVcrbwnnQX'
スケートリンク,'@riuriuporo ありがとうございます😊\nスケートリンク道路は怖いですね😅大人が転ぶと、ダメージが大きいですもね😅\n行きは無事にたどり着けました～帰り道も気をつけて帰りまーす😆'
スケートリンク,'此方はまだまだ冬の真っ只中ー\u3000ニューヨーク市立図書館の裏がわ\u3000冬の間はスケートリンクになってます。⛸靴を持っていればタダで滑れます！- 久しぶりにスケートでもしようかなと〜でも寒いーー😵☃️ https://t.co/6wSZreqvQH'
スケートリンク,'@akio_iimori 残念😇札幌はまだ雪道で、滑るよ⛸一晩で道路がスケートリンクみたいになるよ🥶'
スケートリンク,'新潟市のアイスアリーナでの聖火展示は今日限り。屋外の行列はトーチを持って写真を撮るエリアで、聖火観覧は屋内で受付。３０分くらい並びました。待つ場所はスケートリンクの観覧席なのですごく寒いです。コート着ていって本当によかったー。受付… https://t.co/6wJgIzfP43'
スケートリンク,'@CBR1000RRSC57kk 屋外のスケートリンクやってました？\nスケートリンクで手をつないで滑走とかも良いですよー'
スケートリンク,'汚らわしい気が浄化されていく おれのこころは整備したばかりのスケートリンクのように綺麗だ'
スケートリンク,'@miyusayu みゆさゆさんこんにちは！\nだんだん雨に変わって行くのですが朝はスケートリンクですw\nもう少しで春ですね🌸\nがんばって行きましょう(*´﹀`*)'
スケートリンク,'@tai_akashiya スケートリンクに見えて、4回転頑張って下さいって書くところでした😅'
スケートリンク,'日陰がスケートリンク状態\n札幌市民なので、\nスケートは初心者ですが、\nそれっぽく楽しみました。\n\nもちろん、\n単なる冬靴で滑って、\n楽しんだだけです。 https://t.co/Oqn6ERT2oY'
スケートリンク,'神戸の公園にスケートリンク？\u3000きらきら輝く芝生の養生シート #SmartNews \n\n https://t.co/co6Xert38S'
スケートリンク,'@MarikoHamano2 スケートリンク新設する案が出るなら、その時は私は「スケートリンクより給食」を訴えなきゃならないので、今のまま存続でお願いします。'
スケートリンク,'豊平区の道路は、スケートリンク！\n北区に入ったら激しい地吹雪！\n今日の帰路は、ヤバかった～😖'
スケートリンク,'スケートリンク作っただろ https://t.co/WrrfN0mIaM'
スケートリンク,'スケートリンク🧊🧊🧊 https://t.co/OnhdseQlyC'
スケートリンク,'スケートリンク🧊🧊🧊 https://t.co/54B0klLUVI'
スケートリンク,'@san_daro_ ほんっっとの良くあるちゃんとしたスケートリンクだった。'
スケートリンク,'道路スケートリンクぐらいツルツルして危ないwww'
スケートリンク,'車道がスケートリンクで走りながら滑るFF車'
スケートリンク,"'""トランプ財団VSニューヨーク市\u3000どうなるのスケートリンク＋テキサスの脅威の電気代"" を YouTube で見る https://t.co/PEFSBZkAnT'"
スケートリンク,'今札幌のすすきの道路本当に危ないわ、スケートリンクの上走ってるみたい。 https://t.co/4mvQSobDd0'
スケートリンク,'やはり、日中にスケートリンクの見学とかいってみたいな…。'
スケートリンク,'スケートリンク走ってるみたい、止まらない。 https://t.co/uVpdJ7GHRO'
スケートリンク,'なして道路どこもかしこもスケートリンクみたいになってますの？？？？？'
スケートリンク,'道完全に凍ってスケートリンクだし、反対車線の歩道に車突き刺さってるし、今日の国道12号激アツすぎた'
スケートリンク,'日本で有数を誇る繁華街がスケートリンクに✨\n\nコレはヤバイですね…\nもはや、スケートシューズ⛸はいて通勤した方が早いのではw\n\nみなさん気をつけてくださいね(＞人＜;)\n#すすきの\u3000#アイスバーン\u3000#ノルベサ https://t.co/3KNcaPa6SD'
スケートリンク,'道路がスケートリンクになりました\nみんな法定速度50kmのところを40kmで走ってる https://t.co/2oZoHCn4og'
スケートリンク,'道路ツルツル。スケートリンクみたい‼️ https://t.co/Du7uLrCLey'
スケートリンク,'道路スケートリンクなんだが？'
スケートリンク,'転ぶと危ないつるつるして滑る路面\n子供にとっては、天然のスケートリンクになる\n＃子育て'
スケートリンク,'友達ここのスケートリンクで毎日必ず遊ぶんだよね…w\n#sky星を紡ぐ子どもたち https://t.co/F3Pg4sMvNZ'
スケートリンク,'中途半端に日中気温上がるせいで毎晩毎晩足元スケートリンクやねんけど'
スケートリンク,'お店の前が…スケートリンク！\nと思いきや\n札幌市内全部こんな感じでした。\n\n少しずつお客様いらっしゃって下さり\n大変ありがたいのですが\nどうか事故や怪我には\nお気をつけ下さい！\n\n明日もランチから営業してます😉\n\n#ひげのうし… https://t.co/NDuqac6nGG'
スケートリンク,'お恥ずかしながら、今日初めてSABONのボディスクラブ買った🎶使うの楽しみ🎶お肌つるつるすぎてスケートリンクになっちゃうかも🎶'
スケートリンク,'@DTl7SOS8I0qaLT3 お前の画面だけスケートリンクにでもしてろ'
スケートリンク,'排雪後の道路がスケートリンクみたいだけど見た目よりは滑らない\nと油断したところ https://t.co/EaoMTPirW5'
スケートリンク,'路面がスケートリンク！こわっ！'
スケートリンク,'@Mac99EMS 何年経ってもスケートリンク道路はイヤですな😭'
スケートリンク,'というか今日は積雪より殺人スケートリンク路面がやばすぎてな…'
スケートリンク,'@mimiichimaru ひょえ〜〜\nアイスバーン⁉︎\nスケートリンクじゃなくて道路？\n私には歩くことすら出来ないよ'
スケートリンク,'今日の高鷲はガラガラ。\n強風でゴンドラも動かず。\nスケートリンクのようなカチカチバーンも好きやなぁ😊 場所: 高鷲スノーパーク https://t.co/caReaACnjr'
スケートリンク,'めちゃくちゃスケートリンク並みにツルツルで車飛んできたなう(2021/02/23 23:00:36)'
スケートリンク,'引きこもりで知らなかったけど、道路めっちゃツルツルピカピカ！\nスケートリンク状態とはこういう事だよね。私はスケート出来ないんだけど。'
スケートリンク,'路面がスケートリンクレベルで凍っててびっくりした'
スケートリンク,'路面ツルッツルすぎてわやなんだが？？？？？？？？スケートリンクか？？？？？？？'
スケートリンク,'この間遊びに行った公園にスケートリンクがあった！滑りたかったな〜。シューズはまだ愛知だよ😭冬に愛知行ったら持ってくる予定が、春になってしまう…。'
スケートリンク,'そういえば、道がスケートリンクみたくなってた\n\nてか暇すぎやびぃ https://t.co/t7AppNis7S'
スケートリンク,'十勝のスケートリンクかな? https://t.co/p6YB7fnn0f'
スケートリンク,'@owc_kanetatsu 本当にスケートリンク💦\n北海道の冬はレベルが違うね💦'
スケートリンク,'@ancha_n314 ホンマにスケートリンクやな…'
スケートリンク,'@tsumu_osanpo 凄くツルツルだよね😨\nスケートリンクみたいだね😓'
スケートリンク,'#さ行に人生で1番要らない人物がいる\n\nさき\nしました\nスケートリンク\n製糖工場\nそうとう\n\n私…((((；ﾟДﾟ))))ｶﾞｸｶﾞｸﾌﾞﾙﾌﾞﾙ'
スケートリンク,'アイラビ #渋谷クアトロワンマンから1年 まだ一年。もう一年。な気分。こんなにライブハウスも劇場もスケートリンクも行かない一年は今後一生ないよ。全部が恋しい。 https://t.co/RcT3a4vnjf'
スケートリンク,'銀河アリーナは日本で5本指に入ると思う素晴らしいスケートリンクだよ！相模原市民はみんなここでトリプルアクセルが出来るようになってるよ！4回転ジャンプをしにおいでよ相模原！'
スケートリンク,'道スケートリンクだし風強いし台風の日の飛ばされてる鳥みたいになってる'
スケートリンク,'この時期家の前がタチの悪いスケートリンク(轍と足跡がそのまま凍る)になるけどここ数年ずっと転んだことなかったのね、\n\nそして今日家まであと少しの所でギャグかってレベルで一瞬宙に浮いて全身仰向けでひっくり返って氷路面に叩きつけられて\n\n痛すぎて数十秒動けなかったｗｗｗ'
スケートリンク,'札幌の皆さま、\n羊ヶ丘通(特に札幌ドーム⇄国際大の間)と、中島公園周辺の道路、\nスケートリンク⛸となっております。運転には、十分ご注意下さい⚠️\n早目に寝よう😌'
スケートリンク,'てかってかの道路❄️\n一面凍りついてて、スケートリンクだった。トリプルアクセルできそう⛸\n\n危ないので気をつけてください！\nあしたは氷点下のままなのでこのままの可能性あります！ https://t.co/ejiBsmbjXO'
スケートリンク,'道路がスケートリンクになってる…！\n\n下回転サーブしても戻ってこなさそう！笑 https://t.co/H9fwvJouFC'
スケートリンク,'@WILDSTUNTS1988 わわわわわわ💦\u3000\nえ？天然のスケートリンク💦\n北海道ってこれが日常に近いんですか？やっぱり雪国なんですね( ⊙_⊙)'
スケートリンク,'ストリートスケートリンク\n#札幌\u3000#スケート\u3000#スケートリンク https://t.co/PRSV0PJ4JK'
スケートリンク,'娘の習い事から家まで50分の道路、ぜーーっんぶ、スケートリンク状態…。\n無事に帰ってこれて良かった…。'
スケートリンク,'スケートリンクもいいんだけどやっぱ海好きだから戻ってほし～！！'
スケートリンク,'今日の道はヤバイな、2020年度一スケートリンクだ'
スケートリンク,'@FLOWERandHOME スケートリンクだ'
スケートリンク,'スケートリンクかよ…'
スケートリンク,'@gucciysan スケートリンク⭐️(´口`)\n我が家アスファルト敷いてるんで玄関出たらオワッテマースww'
スケートリンク,'初めてゲーミングモニター買いました✋ (本年度ﾓﾆﾀｰ3台目…)\nBenQのEX2510！\nどこにも在庫無くて探しまくりました💦 \nまだ初期設定のままだけど画像や色がとても綺麗✨たきむらさんに聞いたら太鼓判頂いたので更に大満足w… https://t.co/sEsaWH0TDU'
スケートリンク,'道路がスーパースケートリンクでおしり振ってる車何台か見た……こわい…… https://t.co/ax669z5D7v'
スケートリンク,"""@WILDSTUNTS1988 わ〜スケートリンクのようにつるつる\nですね(┛'-')┛=❄❄❄"""
スケートリンク,'もはやスケートリンクw'
スケートリンク,'@dmc292929 スケートリンク(((・Д・)))'
スケートリンク,'道路、更にアイスバーン化すすむ。スケートリンクです。'
スケートリンク,'海に呼び出しのお返事の前に、みんなには内緒の朝のスケートリンクでのトライアウトがあったんだよねー'
スケートリンク,'@WILDSTUNTS1988 スケートリンクのようですね👀⛸️'
スケートリンク,'札幌市内の道路がスケートリンクになっています。スケート靴着用をおすすめします。 https://t.co/ecK5EZKRIV'
スケートリンク,'@mp_nrt 車でスケートリンクって💦アトラクションで一番乗りたくない笑'
スケートリンク,'みごとなスケートリンクだな⛸すすきのつるつる。'
スケートリンク,'@504_beethoven @youko87255420 もしもツアーズ！！！それだ!!✨\nありがとう～😊\n天然スケートリンクにも行ってたやつだよね💗'
スケートリンク,'ワイパーがガチガチに凍って動かなくても\u3000\u3000道路が摩擦係数ゼロのすべすべスケートリンクでも\u3000\u3000外気マイナス20℃でも\u3000\u3000\u3000しごとにはいかなければならない\u3000\u3000人権ないんか？'
スケートリンク,'しごおわ。\n\n今日の道路はスケートリンクでしかない'
スケートリンク,'@ancha_n314 サムネ開いたら思ったよりスケートリンクでした！お気をつけて！！'
スケートリンク,'スケートリンクだな https://t.co/xETOk9tZcL'
スケートリンク,'帰り道がスケートリンク😇😇 https://t.co/4mb9SKLc63'
スケートリンク,'久々に車道がスケートリンク状態。北国の春はまだまだだねぇ。'
スケートリンク,'マジモンのスケートリンク https://t.co/JNgJPKjlls'
スケートリンク,'@zerorey93 スケートリンクのくるくるも手に入れました！！！めちゃかわ！！！！ありがとうございます！'
スケートリンク,'道やばすぎる\n\nスケートリンクや'
スケートリンク,'札幌市内路面状態がスケートリンクばりにてかてかです。事故多発しそうな感じ…'
スケートリンク,'スケートリンクか？ https://t.co/NosRA1WxVg'
スケートリンク,'スケートリンクみたいな道路を長時間運転してハゲた'
スケートリンク,'@hu_dango スケートリンクかち割りそう(主に脚力で)'
スケートリンク,'スケートリンクの安心感やべええ'
スケートリンク,'街全体スケートリンクじゃったわい'
スケートリンク,'路面スケートリンクやんこれ\n明日の通勤ヤバそう😇'
スケートリンク,'スタッドレスを履いた原チャで、スケートリンクみたいな東北道の下道を走ったの思い出す。10年以上前の話だけど'
スケートリンク,'今夜は暖かいですよ。\nでも路面はつるつるスケートリンク！ https://t.co/BEhM7y4FE4'
スケートリンク,'No.2 スケートリンク×新雪カバー\nNo.3 曲がり角直後の死角ブラックアイスバーン'
スケートリンク,'この路面のヤバさ伝わるかな？？\nみんな事故してないのが奇跡ぐらいスケートリンク https://t.co/7PCU88zvcO'
スケートリンク,'今日の帰りはスケートリンクかと思った。\n事故らずホッ。'
スケートリンク,'スケートリンク出来上がってた https://t.co/ZiNvxS1Ol9'
スケートリンク,'スケートリンクじゃん\n:( ;´꒳`;):'
スケートリンク,'浜松にスケートリンクとクラブチームがあったのか…\n\n片道3時間は草'
スケートリンク,'慣れない台車とスケートリンクの国道怖すぎた'
スケートリンク,'新千歳空港から札幌へ帰る時の道。。。さすがの北海道的にもMAXレベルでやべー道でした💦完全にスケートリンク状態で、4駆の車もお尻を振りながら走ってましたね😱\n\n私の車はFFですがマニュアルなのでESPオフにしてクラッチミートで微調… https://t.co/qyRv1bR2Rz'
スケートリンク,'真央ちゃん\u3000３０歳\u3000夢は？\n\n真央ちゃんと言えば浅田真央ですね。\nもう３０歳になったんですね。\n\nでも、自然と誰でも真央ちゃんと呼んでしまうのではないでしょうか\n\n本人曰く「嬉しい」そうです\n\nそんな真央ちゃん\n夢は古民家探しとの… https://t.co/ANG8vKDQAQ'
スケートリンク,'道路はスケートリンクみたくなっているところが多いですね。道内のドライバーのみなさん、くれぐれも安全運転で。'
スケートリンク,'@gucciysan スケートリンク❄\nお気をつけて！'
スケートリンク,'スケートリンクで剣道する夢見てた'
スケートリンク,'初めてこんなにやばいスケートリンクに出会った。\n\nマジでやばい。生きて帰れんのかこれ。 https://t.co/YkTExYkf3r'
スケートリンク,'疲れた。よれよれー。\n道路がスケートリンクみたいになってる'
