観察,'あなたを絵文字に例えると…\n【うるうるの顔🥺】です。\n\n✔️人間観察が趣味\n✔️あざとい\n✔️欲望に忠実\n✔️意外とガッツある\n\n#あなたを絵文字に例えてみた診断 #ホイミー\n\nhttps://t.co/NvS0PIeswr\n\nぴえん🥺🥺🥺'
観察,'@turuturu0120 本当に良かったです😭肝臓にEzの影響出ることないとする見方もあるそうなのですが、出てる可能性をかかりつけの先生が疑って下さり早い内に対応出来て良かったです🍀ママさんの言う通り肝臓は症状が凄く分かりづらい… https://t.co/L5cpXZ5Qwo'
観察,'バイキングの配膳で人となり観察するのよく分かる、ってか自分もやってる'
観察,'観察ができるようになった'
観察,'日頃の観察が足りないと感じる･･･'
観察,'「スカイフィッシュ」を「大蛇の岩穴」で観察中です。 #けものフレンズぱびりおん https://t.co/QHqZhGUCCy https://t.co/wpuNsYdimz'
観察,'@_0anu0_ そうなんですか？！槙には冷たいとは感じなかったみたいですよ🤭未知との遭遇的な。。。\n人間観察～！観察されていた😂それでいうなら確かに分かりやすい言動してるのかもしれないです🤔'
観察,'2/19 ③\n\n②の続き…\n\n新人でも、経験に関わらず\n患者さんの命を預かっています。\n\n何人も患者さんを受け持ち\nそれぞれの疾患に合わせた\n観察やケアを行います。\nその日、その場、その時間に\n合わせた優先順位の見極め\u3000⏩\n\n#MODECON #ミクチャ #RT拡散希望'
観察,'「ヤンバルクイナ」を「トロピカルな鳥の置時計」で観察中です。 #けものフレンズぱびりおん https://t.co/EGJ0KCXZ2c https://t.co/GIUcPkSl68'
観察,'冬の道東❤️\u3000＃２\u3000鶴見台\n\n特別天然記念物に指定されたタンチョウを\n\n間近で観察できます\n\n北海道鶴居村\n定期観光バス\u3000ホワイトピリカ号：阿寒バス https://t.co/ewQG3E6GmI'
観察,'@lunpappa07 ありがとうございます🥰💕\n観察してください🥺(ボロが沢山でたらごめんなさい笑)'
観察,'@hashiru_pengin ペンギンさんは「小林まこと」好きなんですね😳(前にホワッツマイケルが写真に載っていたので)私も小林先生大好きです！！小林先生の独特な笑いのセンスと、あのなんとも言えない顔の表情と、猫の観察！！素晴ら… https://t.co/vFpb5gZZRY'
観察,'@sky_zs00 観察日記になっていませんか？(*´艸`)\n可愛らしいお二人の写真ですね'
観察,'私はパトリシアよ。常にヒュウさんの動きを観察してるわ…'
観察,'出来ない…そんな鋭い観察眼私は持ってない…'
観察,'@Lilalicht_8 自宅は駅から徒歩5分でした。\n本当に恐怖を感じたとき、声はおろかSOSのサインすら出せないのだと身を持って知りました。\n学生で一人暮らしを始めたばかりで浮かれていたのだと思います。\n私は大丈夫なんて思わず… https://t.co/JxPFC9FkWY'
観察,'もっとたくさん素敵で上手なカメラマンさんたちの設定とかこだわりとか常に観察したい。みんな何食って何飲んで何見てそんな素敵な発想になるの⁇\n単調で単純な人間だから複雑なこと考えられないよん。(俗に言うアホ)'
観察,'@shu321go_mcz この治験が問題なかったとしても、それはあくまで観察期間7-10ヵ月は大した副反応が出なかったということにすぎず、そのあと発覚したものへの影響については検証してないのですからね…\nそこを理解した上で希望するんならいいですが。'
観察,'@Black_Bee3 自分の絵とかのタグを見ると意識してなかった要素なども細かく観察されていて若干の恥ずかしさがありますね（笑）ただ好みのタグに出会えるワクワク感もあってとても良きです…😭'
観察,'という訳で改善点がぽこじゃか出てくる出てくる\u3000いろんな本や資料を読んで観察してみるのも方法だな'
観察,'お兄ちゃん観察日記、最近ちょっと太ってきたので近所の河川敷までお散歩しました！おむつで膨れたお兄ちゃんのお尻を見た女子高生に「ちょｗあいつ歩き方ヘンｗｗｗおむつしてんじゃねｗｗｗ」って笑われてました！他人のふりしてて正解でした！'
観察,'初回は感情荒ぶって表情や仕草を細かく観察したり分析するどころではなかったので、明日は落ち着いて凝視していきたい'
観察,"'歪みは色々あるにせよ、BTC,ETH共に素直な動きだと思う。\nETHのフィアット建の評価は正直計りづらいので状況を観察していくしかない感じ？\n\nETHUSD＝BTCUSD×ETHBTC https://t.co/G9FtkAjAgj'"
観察,"'After observing and suppressing bad feelings, think about what to do after first feeling it in order to reduce prej… https://t.co/PYsVVfkXf7'"
観察,'@Kangoneko_genba カルフォルニアの78才の女性はPfizer社のワクチンを接種後、経過観察エリアで（15分間程度）着席している最中に違和感を訴え、気を失って死亡\n\n女性がワクチン接種後「ほぼ即死」したという事例https://t.co/LtUP4VpoRB'
観察,'最近こういう輩が増えた。少し観察してからブロックしてる。 https://t.co/OdjB5yxyHV'
観察,'#黒弁護士キャンペーン \n飛び上がりました😆✨\nバッグや車のメーカー、筆記用具…ect!!  なんといっても宗一さんのスマホ♥️\nじっくり観察させていただきました😊✨\n\n素敵なプレゼントキャンペーンの開催本当にありがとうございます… https://t.co/JdfkIimzvE'
観察,'普通に経過観察面白そうだから自分がもう一人欲しい'
観察,'あんスタのアイドルの表向きのキラキラした部分はMVだったり楽曲で十分摂取出来るしね。自分の中ではあんスタのストーリーを読むことは現実のアイドルの生活を観察するくらい生々しい感覚。'
観察,'リモート推奨派であることに変わらず変化ないが、職場環境に身を置いて他人の仕事ぶりを観察したり、直接対面で議論することが、自身の思考の強化に繋がったりすることも否定できない。でもそれはたまにで良い。'
観察,'@yukawareiko 金山➡ネコカフェ出店推奨\n\nセブンで売っていた GODIVA蒸しケーキ➡スーパーに薦める\n\n牛乳パン ノーマルを置かない➡他のものを買わせるため 他の売れ筋が知りたいから\n\n追尾の目的って これなのですね。ネコ観察ありがとうございます。'
観察,'@LJGlS805fbKBZsC 人間観察洞察ばっかしてんねんw'
観察,'「ない。…でも意外と楽しいよ、書くこと探すの」「探してるんだ」「当番の日は人間観察日みたいなもん」彼はふうんと呟いた。会話は終わった筈なのに彼が机に手を置いたままなのが気になった。「…何？」「いや？何も」じっと見られたままなのが妙に居心地が悪かった。放課後を伝えるチャイムが鳴る。'
観察,'有都「おや、もうこんな時間か・・・。観察結果をまとめていると、一日があっという間だ」'
観察,'EJ 2017 APRIL\n\n【observe】(動詞）①観察する②～と述べる\n\nObserve and enjoy your natural breath.(自然な呼吸を観察して、たのしんでください。）'
観察,'総理の中身もちょっとだけ期待してたけど  細胞を観察してがっかりしたよ  平凡でありきたりな人間しか見えてこない'
観察,'今朝の駅前玉縄桜\n長く楽しめる反面、早くに開いた花には傷みも見られ始めて…\n目で見ている時は感じていないのに、じっくり観察できてしまう記録（写真）の辛いところではあります https://t.co/1GxYYUzg05'
観察,'原発問題に対して、自然災害による被災地の人々の現実に関してウガウガのレポートはこの１０年間ずっと定点観察してきた政府と原発の施策と報道メディアが流してきたプロパガンダの実態がわかる。何のために復興五輪が準備されてきたのか、全てわかってしまう。'
観察,'第46回午後\n30 細隙灯顕微鏡で樹枝状角膜炎を観察するのに最も適した方法はどれか。\n1.強膜散乱法\n2.鏡面反射法\n3.虹彩反帰光線法\n4.広汎照明法\n5.直接焦点照明法\n\n答え：4'
観察,'観察者を獲得'
観察,'@denim_tky もういっそのことこのまま育てましょう\n観察日記つけましょう'
観察,'ショーゴが裏社会の住人だったら…\n【情報屋】です！\n\n✔️観察力に優れ、めざとい\n✔️読み合いや駆け引きが得意\n✔️取り繕うのが上手い\n\n#裏社会の住人だったら診断 #ホイミー\n\nhttps://t.co/1z92Wll1Zp'
観察,'@keibade3000man 観察対象説ありえそうですね🤔\nドラゴンボール超のビルスさま的な人が指示出して観察してそうです🤭\n\n月の石！ニュースで見たので知ってます！\n感触はどないでしたか？？'
観察,'虫をデコピンの風で殺したら形が綺麗に残ったから観察してたくそきめえ'
観察,'@kamaboko_umasi 2時間おきだねwお散歩楽しいよ～🦑🐙クラゲちゃんとか観察してた笑'
観察,'そういえば、狙った獲物は逃がさない系女子とつるんでいた時に、相手の興味があるものを否定して議論をふっかけるという手法や、手作り弁当で畳みかけるといった手法がすごく有効なのを身近で観察して、恋愛の意味が全然わからなくなったっけな。\nあいつ元気にしてるかな。'
観察,'女の子に聞いた話。セックスが上手い男ってどんな男だと思う？大切にされてるなって女の子に思わせる男が一番。タッチが優しくて、コミュニケーションとってくれて、相手をちゃんと観察している男。共感と肯定で心を緩めてくれて、さりげなく褒めてくれたら最高なんだって。道は遠いなあ。(^_^;)'
観察,'今日じゃないんだけど、先日サウナ入りたくて深夜にお風呂行ったら、お仲間複数いて、ノンケがサウナから居なくなったタイミングで超デカ◯ラの人が隣に来たので抜き合いしたり、複数で抜き合いしてるのを観察できたりして血圧上がった笑\n興奮しすぎてすぐ暴発した笑'
観察,'【無音】銀食器のぶつかる音がする。咀嚼する音がする。喉が鳴る。筋肉が軋む。目隠しをされた青年は気配だけで少女の行動を観察する。監禁されてどのくらいたったのだろう。いまだに声すらかけてくれない少女は、三日目に檻の中で静かに目隠しをして、それから——二人の関係は、少しずつ壊れていく。'
観察,'なりきりを始めたいと思う方は他のなりきりさんを観察したりネットで「Twitter\u3000なりきり」と調べてからなりきりを始めると失敗が少なくなりますよ！'
観察,'赤ちゃんの足の動き可愛すぎるから見てほしい\n【ホッキョクグマ】お母さんを観察？【54日齢】Polar Bear Baby Growth Record(Day 54) https://t.co/dFCSTIxs7t @YouTubeより'
観察,'Day119-4.5h-計224h\n\n怒りをコントロールする方法に、\n怒りを止めようとするのではなく、\nただ観察するという手法がありますが、\nモチベ維持にも使えそう🤔\n\nどういう時にやる気が落ちるのか観察して自分を完全に操りたい。… https://t.co/4SZ2D7R1Xf'
観察,'「リョコウバト」を「竹灯籠」で観察中です。 #けものフレンズぱびりおん https://t.co/gUAiHGpm84 https://t.co/wY6kTQjIru'
観察,'@akaikaminokeda マジで観察楽しいよ^_^'
観察,'iドルとかの衣装観察大好きなので三ュ衣装はマジに凝視してしまうしすげ…となるメチャかわいい'
観察,'元気なフォロワー様方が観察できれば当方は満足です'
観察,"'When something that shakes your emotions happens.\xa0 Observing yourself at the time of training,\n\n感情が揺さぶられるようなことが起きた時… https://t.co/VUH80Kliqv'"
観察,'拉致され、人体実験の被験体に回される🎹。拘束された無防備な体は、様々な刺激に対する反応を観察される。責めを止めて様子を見ると、熱に浮かされたように浅い呼吸を繰り返している。\n気の遠くなる程の時間の後、助け出される。… https://t.co/S7Dr8k996E'
観察,'彼は自殺の真似ごとをやってみせたつもりだろうか？報告しに来たのは助けを求めるためだろうか？私の動悸は止まらなかった。\n彼が飲んだ薬は命に何ら別状のない量であることはすぐにわかった。しかし私は暗くなって彼が目覚めるまで、彼の呼吸や脈拍、顔色、全てをずっと観察していた。怖かった。'
観察,'きらきらした目で宇宙モルモットを観察するスカファに「ほんと最悪だよな、こんな薄汚え有機生物の解剖結果を明日までにまとめなきゃいけないんだぜ？」と溜め息混じりに言うスタスクと、それを聞いて凍り付くスカファ。'
観察,'睡眠優先の生活始めて５日目くらいですかね。寝る時間が伸びているのは何故だろう？睡眠負債ってまだあるの？\nまだまだ経過観察が必要ですね。\n\nぐう。'
観察,'@mar_0rork 観察力えぐ///くろまるちゅわわわんのサブもフォローしても良いでしょうか？'
観察,'選手たちの印象を言語してみせる観察眼と分析力は、見事の一言⚽️🐢✨\nそして、さんぺーへの感謝と哀惜はこれ以上にない程トリサポの気持ちの代弁でした⚽️🐢✨\n\nちなみに、にしだ君の一番凄いところは、解ってる人にも全く分からない人にも、… https://t.co/Taegyu9M79'
観察,'@jaimaru0319 気が向いた時に上からなぞって丸写しするだけでも観察して手癖を盗んだりできるで\nコツはちょっとずつ自分でできることに置き換えていくこと'
観察,'@twinkle__ss 「たいがこそ泣いてるじゃん😭」『なんでだろ🤣あれ🤣』ちょっと、待って、、はあ、青春だぁ（泣）かげたいがはマブの権化🎶ほんとに存在してたなら私は陰ながら観察するモブだ………'
観察,'一日のおしまい。雑記を書いている。何気ない一日も、こうして記録にしてしまえば後々思い出へと変貌する。まぁ、細かな観察が思わぬ報酬や解決策を呼ぶことだってあるからな...半分くらい娘の成長記録だが...'
観察,'@brbrmoe 思い付かないのばっかりで、本当にすごいと思いました✨\nせにゃちゃんが観察してるやつとか、シュールすぎて笑いました😆'
観察,'写真出る度オタクがドアップにしながら推しのこと観察して探偵レベルの考察という名のツイート残してくのめっちゃすき'
観察,'@Otb0221 「えーーっと、じゃあこれ書かなきゃいけないから、質問に答えてくれ。」って利用カードをペラペラしながらいくつか質問していきますね…「じゃあ、学年クラスと名前、教えてくれるか？」とか言いながらヤマグチくんを観察してたり…🤔'
観察,'ナズーリン観察日記EX日目\n\n自慰行為を撮影しながら行わせる。紅潮した顔で泣いているが、笑顔を作るように命令する。「記録は仲間の下へ届ける」と言うと、自慰を続けながら途端に助けを求めだした。笑顔と泣き顔と恥辱、屈辱、嫌悪、様々な表情が混じった顔がそそる。勿論届けるというのは嘘だ。'
観察,'仕事上色んな人に会うけど本当に考え方とか十人十色。ついつい人間観察をしちゃう'
観察,'生徒に送るメッセージで僕が書いた一番重要な部分の要約\n\n周りをよく観察しろ\n好奇心を抱け\n調べろ\n\nそこで得られたものは知識です\n知識は教養でもあります\nそれがあるだけで人生楽しくなります\n\n何よりそれらは奪われない財産です\n何か… https://t.co/s91tZhLVAJ'
観察,'すなわち、僕がいかにして人生社会を観察し研究するかの方法が、これによって、漠然ながらも察知し得られるのだ。僕の社会観は、社会事実の主観的および客観的観察と、平面的および立体的考察とに立脚する。（1915年「史的社会論」1-7/14）'
観察,"'@sakai_kazuyoshi 観察をして良いところを大いに取り入れて自分の功績に称えるそれが酒井なんでふ( ᐢ. ̫ .ᐢ )❤︎""'"
観察,'何か新しいものを初めて観察することではなく、古いもの、古くから知られていたもの、あるいは誰の目にもふれていたが見逃されていたものを、新しいもののように観察することが、真に独創的な頭脳の証拠である。'
観察,'興奮は雰囲気作りが大切。二人に鏡の前に立ってバックハグをしながら顎を掴んで振り向かせてキス。服の上から胸をまさぐり胸元から直接オッパイへと近づく。もう片方の手はスカートの中へと侵入し、パンティの上からアソコをまさぐる。段々と女からメスへと変貌する表情を鏡越しに観察する。'
観察,'今日もギリになってしまった💦\n健康観察⭕️'
観察,'風俗あと20時間\n\nキンタマをよく観察すると\n\nぬるぬる動いてる'
観察,'冒険かラブコメかに偏ってるな。人情劇、人間観察が好きなのかも。そりゃ無職転生にハマるのはしょうがなかったか。'
観察,'17.手と足を見ること\nある意味人間観察かな。\n手と脚フェチなので…へへ、'
観察,'オープン率:すでに意識はしているが、相手にしっかり見てもらえる位置取りをする。\n\n感情拾い:相手の表情、発言をしっかり観察する。\n\n恋愛感:早い段階で恋人感出せるワード、動きを研究する。\n\nワード微調整:連れ出し時、「デート」とい… https://t.co/uT2qbR3TB8'
観察,'２０１２年の日本では、金環日食が見られました！！\n日本の陸地に限ると、金環日食が観察できたのは、\n１９８７年９月２３日に沖縄本島などで見られた金環日食以来のことで、\n次回も２０３０年６月１日に北海道で見られる金環日食まで、\n１８年間起こらない貴重な経験となるでしょう！'
観察,'@baseball__f18 Kさんの観察眼がスゴイよー👀✨\nあんなんぜったい識別不可能😂'
観察,'質問力を上げよう✏️\n観察力とスタッフさん・利用者さん含めて見守る事・自分から信頼して\n声かけを頻回にする😌'
観察,'@yuzakaff ほんとだwwそこ言われるまで気づかなかったですー🤣🤣🤣ざっかーさんの観察力さすがw\nスクエニに期待しましょ🥺✨\n叫んでたら願いは届くはず〜😇'
観察,'ここが動物園。でも、あなたが見ていると思っている動物は、もしかしたらあなたのことを観察しているのかもしれない'
観察,'@kogumapapapa マックさん、ありがとうございます。\n\n出ない時は、お腹をさすったりしてみるのと、ぐったりしてないかなどの観察はやっていきたいと思います！'
観察,'明日の中継楽しみだ明日の映画は北斗くん観察だ\n今日は純粋にラブストーリーを味わったからﾈ(北斗くん出てきて大号泣した人より)'
観察,'一目均衡表の検証。\nしばらく観察してみる。\n\nドル円、豪、ポンドの日足も逆だが一方向に流れてる https://t.co/zGscmFjhzN'
観察,'優しい。\n\n目当ての女性に対してだけでなく、\n\n他の女性、男性、同僚、子供、動物など\n\n全てに優しく接するのが魅力的な男性の特徴です。\n\n女性は、優しい男性の姿をよく観察しています。'
観察,'日向といこらぶのMVガン見して前髪の形、髪型、髪色を観察してしまった'
観察,'眉毛の永久脱毛の経過観察のために自撮り用ライト買いたいんだけど、探すの面倒くさくて｢瀬戸弘司 ライト｣｢カズチャンネル\nライト｣でググればいいと思ってる。'
観察,'観察力高いスガさん好き'
観察,'一方的に喋るかひたすら聞くかなら意識すればできるかも知れない。\nが、\n①投げられた球を受ける←訓練を要する\n②受けた球を利用して投げ返す←学習と訓練を要する\n③相手が受け取れる球を投げる←学習と訓練と観察と判断を要する\n④相手が投… https://t.co/pJ51urqXtb'
観察,'スタバで観察したりはしないですかね金かかるので\nいやでもそうですね人間観察はしますね\n分かります\n会話も聞いちゃうタイプなので(なんでやねん)とかつい… \n\n#Peing #質問箱 https://t.co/bXmgVxhL1M'
観察,'@Saba_Canned 運営「下々のものがなにかほざいとりますわ。」ギスギス要素ﾄﾞｰｰｰﾝｯ\n\nやだ……興奮の仕方がプロの変態のそれよ……\n意外と種類豊富でクソダサも合わせたら案外ええやん♪みたいのあるから侮れんぞ……ロビーに歩いてるイケてる男をよく観察するんや…'
観察,'ついこの間。\n\n冬の星座と月の観察で娘と午後8時～9時空を見上げた時は\n東の空にオリオンがいたのに。\n\nいま。\n空を見上げたら、もう、西の空に沈んでいくオリオンがいた。\n\n冬はもう終わり？\n\nいやいやいや。\nまだ寒いんですけどｗ'
観察,'まだまだ考えが足りない… \n身体が不自然になりがち。\n\nもう少し観察せねば'
観察,'洗練されたクリエーションに出会うには、旅をすることに限る、と言っても過言ではないんじゃないかと最近思う。国内外に限らず、自分の生活圏から少し離れた場所で周りを観察＆体験する、それだけでも良い。\n…と旅先で出会ったジュエリーを見て思… https://t.co/f8egw4GL9f'
観察,'仕事より人間観察ですか😅きっしょ'
観察,'【わいるどらいふっ！\u3000身近な生きもの観察図鑑/一日一種】を読んだ本に追加 → https://t.co/Ael9Ck8rCv #bookmeter'
観察,'ヒロアカとか登場人物多いの、どうやって設定してるん？？難しすぎ人間観察が足りていない'
観察,'[Chapter1] direct observation / 直接観察'
観察,'【高等学校学習指導要領＜総合的な学習の時間＞】\n自然体験や就業体験活動、ボランティア活動などの社会体験、ものづくり、生産活動などの体験活動，観察・実験・実習、調査・研究、発表や討論などの学習活動を積極的に取り入れること。'
観察,'ネームタグがあるので気付いている人もいたと思うけど、こう言う感じで融合して観察している時ありました\n\nかくれんぼみたいで楽しかった https://t.co/ci51K5eeJB'
観察,'@moonzomoon 確かに！\nちゃんと毎日観察して水をあげるようにしなければ'
観察,'クルミ:お嬢様が九頭竜京摩のことしか言わなくなった時期があり、心配になって九頭竜京摩という存在を観察して記録していた時期がありました。今でもたまに癖でやってしまいます。'
観察,'@ZgIf7j326GRoct3あなたのことを理性的に観察しているみたい。ミステリアスな魅力もいいけどもう少し相手に自分のことを教えてあげてね。'
観察,'@nekomanma_rain 🤣🤣🤣絵文字がまた\nてんこ盛りで🤣🤣🤣\n観察力🕵🔎恐れ入ります'
観察,'こないだ上司に怒られてああん？と思って上司の非を心の中で非難していたのだけど、その心の動きを観察して自分の考え方と行動のパターンを認識できたのでよかった。それはそれとして上司めんどい。'
観察,'@758Ownertaxi あるんですね！\n関西では未だ見かけたことがないので\n名古屋行った時に観察してみます。'
観察,'「生きている人間などというものは、どうも仕方のない代物だな。何を考えているのやら、何を言い出すのやら、仕出来すのやら、自分の事にせよ他人事にせよ、解った例しがあったのか。鑑賞にも観察にも堪えない。…'
観察,'まぁなんだ、下2人を好きすぎて観察が足りないんだろうよ'
観察,'「オーロックス」を「ラッキーお雑煮」で観察中です。 #けものフレンズぱびりおん https://t.co/Wcia7iC5qr https://t.co/J3RmJXC0k4'
観察,'----\n投資で失敗するパターンは、 ジリジリ上がって行くのを見て、「リスクが高い」なんか言ってずっと観察。 結局ドカーンと上がり「オレも行かなくちゃ」と飛び込み、落ちる分だけ付き合ってしまう。\n#Yahooニュースのコメント… https://t.co/v66V5oA2wL'
観察,'バブルの予兆を知る方法は、株式投資と最も縁遠いと思われる人たちの言動を観察することである。大恐慌の時代のウォール街なら靴磨きの少年、現代の日本なら、さしずめ女子大生や若いＯＬだろう。普段はおしゃれやグルメにしか興味がない彼女たちがマネー誌を読み始めたら「危ない」\u3000by広木隆'
観察,'ちょっと遠くの公園行った。優しいお兄さんお姉さんが遊んでくれたから、私はベンチに座ってコーヒー飲んでた😘\n人が多い公園は色んなお母さんの子供に対する叱り方やら褒め方、遊び方とか勉強出来るなぁ👍\n\n＊人見知りやのに人間観察大好き。 https://t.co/PZku9BmX4L'
観察,'Nexusまた人増えたー(✧д✧)\nてことはまた、観察タイム突入ー'
観察,'職場の年下上司の一人称が僕なんだけど、怒りのボルテージが振り切れると俺に変わるのなかなかエモい。そしてすぐに僕に変わるのもエモいなぁと思いながら観察している'
観察,'@kijitorashiros 僕と目が合った鼻だしマスクは、必ず鼻だしやめますよ、それ見ていつも笑ってます😆\n\nその後、それらに凄い観察されるんですが、動き見てる限り、ノーマスクの人とは違うんだってヘッドギア(マスク)つけてる信… https://t.co/UDg7gMssCp'
観察,'@rikolish7 このもずやんなんかポーズがかわいいですね✨永藤市長の表情も微妙に違いますね🤣ハニワ部長の中の人明らかにおっさんwww\n元ゆるキャラマニアな私、最近またいい歳してゆるキャラ観察に目覚めてきました😅'
観察,'@haribin82925 付着物観察😂😂😂\n付着物はあっても誰かが気付いて取ってそうですが、指紋探しはいいかもー！見つかりました？🤭\n自転車、官舎村のセットで野ざらしだったのかな😂\n大阪もいよいよあと二週間で楽しみです🥰'
観察,'@pokotaegamyer 今日もとっても楽しかったよ！OPPからゆるうさぎの鼻の話しまで（笑）ぽこちゃんの観察力はいつも凄いですね！見るところが違う⸜(* ॑  ॑* )⸝ゆるうさぎとうさまるは良く見るとやっぱり違いましたw… https://t.co/hgkiBHeR86'
観察,'いや そりゃ当然飲むんだろうけど、これまで人前で水飲んでる姿を全く見せなかったから、水入からお水を直接ゴクゴク飲んでる姿を目撃して感動してしまった…\n見てるのに気付かれると止めちゃうから遠くから横目で観察する'
観察,'ブログを更新しました。日本では珍しいラウンドアバウトが2つもある飯田市の現場を観察。いい意味で日本離れした交通システムがそこにありました＞素晴らしき飯田市ラウンドアバウト - THINK MOBILITY https://t.co/WQJ3EBwAlI'
観察,'@ADK56544558 生物観察感覚の域まで来てる'
観察,'@WVIyBGdNk4ccYxp 本当に疲れた😅\n入院にでもなったら、えらいこっちゃと思ってたけど、そこまでではなかったからひと安心。\nあとはかかりつけの病院で経過観察するように言われたから様子見だよ'
観察,'お兄ちゃん観察日記、椅子に拘束して離乳食を食べさせてみました。お口開けてくれなくてヤダヤダ言ってたけど、暴れてお腹空いたのかちゃんと全部食べてくれました。粉ミルクも500ml飲んだよ！でもご褒美のぴゅっぴゅは無しです！'
観察,'@tabasa9b 特に何か述べたりもせずただ観察笑'
観察,'東京で新たに327人感染、27人死亡 - 日刊スポーツ\n\n死亡の27人は50代から90代で、1月11日から今月19日の間に亡くなった。50代の女性は自宅療養中に容体が急変し、搬送先で死亡。無症状で、保健所などが実施する健康観察に対… https://t.co/IAJKidl1RK'
観察,'観察日記を付けねば…！ https://t.co/ZjXJ3YtsyP'
観察,'今日は5年目の結婚記念日👰\u200d♀️💒🤵\u200d♂️\n🐕はまだ今日まで健康観察期間だから外出できず私だけ博多に買い出し行きおうちでおとなしく🤟🍓どこもいけないのでおいしいものを阪急地下で♪肉寿司美味しかった〜♪（本当はフォアグラ寿司食べたか… https://t.co/cB8mKhD7Lg'
観察,'自治体に取り入って資材を売り付けることや、いい加減な講座を開催して受講料を得るのが目的、という連中もいますので、自治体職員がしっかりしないと現場は回らず、被災者や自治体がカモられます。\n日頃から、冷静に現場の様子を観察できる支援者… https://t.co/hEnJA9GTcQ'
観察,'@kedamono_popee 我の強いゴリラの鏡って感じだから、何か言われた程度じゃ１ミリも変わらないだろうなと\n芯の部分でブレずに目標達成させる行動力は凄いから今後も楽しく観察や'
観察,'【閲覧数：5401回！！】キャンギャル観察6-6「フラガール」https://t.co/FmQdfzAMnX  #キャンギャル #ボディコン #ミニスカート #相互フォロー https://t.co/YfwJJC7bNW'
観察,'有都「おや、もうこんな時間か・・・。観察結果をまとめていると、一日があっという間だ」'
観察,'気まずそうにしているねるちゃんを観察したいそやさん、お泊まりの頃から全く変わってなくて本当草 #らんそやコラボ'
観察,'@tennensyoujyo_5 模写ができるって言うのは観察力があるってことだと思うので凄いことですよ！ฅ^•ω•^ฅ'
観察,'@Siro_kuro__0 いえいえ、私も遊戯だったので気にしないでください。\n(ニコッと微笑みながらあなたを観察しているもやはり様子が少し違うと思ったのか首を傾げながら見つめてしまい)'
観察,'2000ピースのジグソーパズルをみんなとやってるけどいかんせん細かいので皆マテリアルの観察力が高まってる'
観察,'ベクターとかⅣを好きなのも変な生き物の観察をしたいからっていうのが大きい\u3000さすがにⅣには共感・同情もしてるけど'
観察,'@ringetukageto かっこいい、スピードと噛み付く力と爪攻撃が凄そう……(じー観察中'
観察,'@shiori_aiba2 こちらこそ、今日はありがとうございました♪\n山の上では天候に恵まれて、とても神秘的な樹氷観察になりました😊 \n参加者の皆さんと往復圧雪車で移動するのも貴重な体験で、とても楽しいイベントでした♪'
観察,'ノリノリのドMを「気持ち悪」って思いながら観察する系も嫌いじゃない'
観察,'オンラインクレーンゲームで他人がやってるやつ観察してときどき無料分で漁夫の利狙うのが日課なんだけど、このタイプのクレーンゲームってどうなるのが正解なの？ https://t.co/MFXfxKIR8P'
観察,'健康診断の結果、胸部X線がC判定だった。経過観察だけど小さい影があるって言われて怖い😭 https://t.co/L6MVAcQGyt'
観察,'スゴい解決策でした🤣\n読書猿さんは愛があるんだろうな。\n比古なら\n\n「毒親要素がありますね。関連を学んで自身でご両親を観察してみてください。そうすれば、あなたなら正しい判断ができるでしょう」\n\nで終わり😅\nお節介すると「もし、抑圧… https://t.co/i8OkUQLN83'
観察,'@CloySaj 服やスカーフの髪の毛探し、コーヒーセットの指紋探しとか、多くの人が映像に気をとられてる中で、小物の付着物観察に忙しかったですw😂\n自転車のさび具合もなかなかのものでした笑'
観察,'でも悲しいときすぐ泣けるようになったのはほんとに進歩！\nで、自分の気持ちはとりあえず無視しない！否定しない！受け入れる！観察する！それを根気よくゆっくりじっくり出てくる度に続けたらちょっと後に落ち着く。'
観察,'タルタリヤが好きな理由、3番目だな\u3000変な生き物の観察をするの楽しい'
観察,'（でも考えたら観察してるゴリラに認知されるのって怖いですね、すみませんでした）'
観察,'一昨日の朝はこんなに寒くて雪が積もってたのに、この春みたいな気候\n夫は今晩泊まりで真夜中のリビング掃除機がけスッキリ～\nで、せっかく暖かい夜なので星空観察を満喫しぐっすり寝て明日に備えよう https://t.co/RUwzzVapc4'
観察,'誰かと同じくらいの成功を手に入れたいなら、ノウハウだけを求めるのではなく、その人の行動量や生活ぶりを観察してみましょう。同じ行動量、同じ生活に近づけていけば、必然的に結果は出ます。ノウハウを追い求めるばかりでは、いつまで経ってもそこから抜け出すことはできませんよ。'
観察,'誰かと同じくらいの成功を手に入れたいなら、ノウハウだけを求めるのではなく、その人の行動量や生活ぶりを観察してみましょう。同じ行動量、同じ生活に近づけていけば、必然的に結果は出ます。ノウハウを追い求めるばかりでは、いつまで経ってもそこから抜け出すことはできませんよ。'
観察,'@naokima_ 他の人の絵をひたすた観察すると勉強になりますよ。\n凹んだら外部の情報を遮断してイラストに打ち込むといいかもしれません。'
観察,'今日の東京都の死亡者27名の内の50代女性が、自宅療養中に症状が急変して亡くなりました。相も変わらず、自宅療養❓自宅放置じゃないのか💢保健所では経過観察中だと、発表しているが💢こんな状態で、オリパラ開催❓冗談じゃ無い💢毎日毎日、死亡者数が高止まり、命とオリパラ天秤に賭けるな💢'
観察,'エアリプ失礼します。\n鍵垢承認ありがとうございました😊\n（全員フォロバできる訳ではないし事前告知とかいいかと思ったんですが、びっくりさせたのならごめんなさい…）（ふぉろわさんは私というゴリラの生態をふらっと観察しに来ているお客さんだと思ってるんで…）'
観察,'会社の後輩が中国行くときに2万円ちょい分の人民元貸したけどいまだに返ってこないというか自発的に言ってこないから観察してる'
観察,'〔ぱたぱた&amp;からまる観察日記〕\n5週目&amp;1週目\nからまるが来て1週間。水草の上がお気に入りみたい😍\nぱたぱたはいつもどうりです(笑) https://t.co/dzikSJi5D5'
観察,'こんなでかいビルディングタイプだけを見て「もともと」と言い包めるのもだいぶ無理のある話ではある\nあと、「そもそも」っていう文脈だったり原理に立ち戻るような態度ってあんまり設計に意味がない気がしてきた。あくまで事例として観察するだけで良くって、そこに立ち戻る必要性ないよな'
観察,'経過観察16日目🦭\n元気◎食欲◎便◎体重3.8kg\nおでぶちゃんになってきました🐖💕 https://t.co/Ml6xfEyuU1'
観察,'「シカ型」(ISFJ)タイプでした\n\n👉かなり高い人間洞察力\n👉かなり凄い習慣力\n👉優れた観察力\n\n#性格診断 #16TEST #相性診断 #恋愛診断 https://t.co/EXs9aYRf92'
観察,'@KobutaSuper 多分その子はオスですかね(*^ω^*)\nお互い今後どうなるか共に観察していきましょう(*´ω｀*)（笑）'
観察,'@maaaa_sandesu 観察されちゃう🥺'
観察,'何らかの障害ある奴って\n普通じゃないのを\n「見せたがる」けど。\n\nちょっと\n観察力あれば\n気づけるんだよなー🤔\n簡単にバレるのに\nなんで無駄な事をやりたがるのか。'
観察,'@R3QAebUxTzFnmYP ですです、世界観画像のいっちゃん細長いやつのQAにありますよ〜\n政府は「保護」を盾にしてますが、本来の目的は観察と情報収集ですからね…善良組織！って訳じゃあないので… 監視下に置かれるならその代わ… https://t.co/Jed5CmGstg'
観察,'北朝鮮のような国でも新型戦車を開発\nむむむ・・・？\n\nどこまで本気？ 観察者を悩ませる北朝鮮の新型戦車M-2020 映像から見て取れることは(乗りものニュース)\n#Yahooニュース\nhttps://t.co/BMVCSrDYKu'
観察,'誰も居ないのでホコ観察しマース https://t.co/cdQk7I86Lt'
観察,'［会社法］会社の能力と目的の範囲：定款に記載された目的自体に包含されない行為であっても、目的遂行に必要な行為は、社団の目的の範囲に属するものと解すべき～その目的に必要か否やは～定款の記載自体から観察して、客観的に抽象的に必要かで判断する。∵取引の安全の要請。'
観察,'@mami____3 こういうオッサン自信満々で指摘する気失せるしされても3歩歩いたらまた露出してそう(偏見という名の確かな観察眼)'
観察,'@fanfan13272762 ダイソーで買ってきました😏\n明日は旦那以外休みなので今夜はゆっくり観察します😆😆'
観察,'@Fate_D_H 何でオアンネス君尻あんの・・・・・・？(人外厨の観察眼'
観察,'@mamajun222 今更ながらのコメントですみません🙇\u200d♀️大共感です💦我が家も1歳息子がおりますが、TV&amp;DVD観てる時ぼーっとしています…目がすわっているというかつまらなそうな顔というか、、心配してしまいますよね💦\n一緒に… https://t.co/3eP6temciS'
観察,'今日は息子の11ヶ月記念日なので、すき焼き食べに行ってきましたぁ🎶子供連れやと個室案内してくれるから、ありがたい♥\n今帰宅して、きょうチャン観察中〜。。'
観察,'@y_u_k_i_1233 そう、ただ観察するのみ'
観察,'今日外で食事していろんな人々を観察してたけど、義父義母にいいように操られて人生が台無しになるパターンって少なくないと思った。得てしてそういうタイプはモヤシだがしっかり首輪は付けられてる。責任をそいつに全部括りつけて、のうのうと孫とじいじばあばタイムを満喫したいエゴが丸出しだった。'
観察,'わいは今から友達の女の子がマッチングアプリで引っ掛けた男を友達の店に連れていくらしいからそれを観察に行く。'
観察,'@fuji_Photograph すごい！！！！目元も涙袋もいつもと違うの！観察力✨\n綺麗って言われること少ないから嬉しい🥰🥰ありがとう〜♡♡'
観察,'がま口もマスクも他の人の素晴らしい作品を観察しますし！'
観察,'友人に言われて気づいたのは、自分は観察力すごいらしいし変わった人生送ってたらしい'
観察,'補足ですが【フォトRF】は1回お試し+5回コース+5回コースの計11回。\nフォトRFと一緒に【イオン導入】を6回。\n経過観察で、あまり効果が見られないので、【ベビースキン】を勧められ、フォトRFと一緒に5回やりました。\nそばかすは… https://t.co/IOwFGA4xZc'
観察,'皆さんも自分の肌の状態を観察すればわかりますが、便秘のときほどニキビなどの肌荒れを起こしているのが分かります。美肌のためには、\n\n腸内環境を整えることがちょーーーーーーー重要なんです。\n#美肌\u3000#スキンケア'
観察,'ナズーリン観察日記EX日目\n\n檻に閉じ込める。立ち上がることさえ出来ないほど狭い檻に閉じ込められ、部屋に監禁されるより精神を消耗するらしい。今まで声をあまり出さなかった彼女には珍しく檻の柵を掴んで激しく暴れている。首輪の鎖を引っ張り柵に顔をぶつけると大人しくなる。小さな、賢将だ。'
観察,'夫婦でご来店されるお客さんが多かった。\n\n観察していると、\n本当に夫婦のあり方って色々あることが分かる。\n\n旦那さんが面倒くさい人で、奥さんは優しく見守っている夫婦\n\n旦那さんが奥さんの話をしっかりと聞いてあげている夫婦\n\nおそらく５０歳くらいなのに、付き合いたてのような夫婦'
観察,'【動画】大阪・和泉でワクチン接種訓練\u3000経過観察時の密解消が課題 https://t.co/Qgnm1lBtBT @Sankei_newsより'
観察,'そういうわかったようなことを真面目に聞いていたら、人生終わりますよ。\n私はそれ。身内を観察して痛感しているので、年寄の儒教道徳みたいなものは真面目に聞く価値がないと思ってますね。\n現代はあまりにも年寄りが増えすぎました。儒教道徳じみたものは全く役に立たない時代です。'
観察,'下書きが溜まってしまい、ちょっと整理した。Twitterの使い方は、今でも難しいと思う時がある。吐露出来ない事は沢山あり、下書きこそが本音の場になってるようなところがあるなと…その下書きを整理する事は、心の内を掃除するようでもあり… https://t.co/s0qNsW2rAm'
観察,'【観察日記】イイ事いってるけど、誰も聞いてない。(Mr.しまじろう)'
観察,'@RED__TL \n主にぺーたは上空から観察(夢見からの命令)\n夢見は町内で聞き込み(半分サボり)'
観察,'@tabasa9b 宇宙科学観察員www'
観察,'このネタを数年おきに呟いて共感する世代がどんどん高齢化する様を経過観察してほしい https://t.co/Xeb0ya4ubN'
観察,'@yuridaisuki_ フクロウにも観察された🦉'
観察,'@clane_2015 お役に立てて何よりです。今後はより注意深く様々な物を観察したいと思います。'
観察,'人間観察系ショート動画シリーズ\n#仲良くなって欲しい人\n#知り合い同士が仲良くなるのを見るのが好き\n#幹事とか任せると上手いタイプ\n#あるある https://t.co/ueQLbswlqD'
観察,'うちのハチワレ猫が家に転がり込んできてからの初むぎ（猫）ちゃんだったのと、映画館みたいに？映画館？でのライブだったので、上からむぎちゃん見る感じで、全身よく見れたから、うちの子とどこがちがうかなー。ってめっちゃ観察してた。笑\nうち… https://t.co/1edlQYCQJq'
観察,'@CturboCarz プリニキ氏のSYの足元観察してようやくわかりました（）。Y30ワゴンにクラシックのキャップはけっこう見ますが、セダンはさすがに見ないんで、430についてたらどうなったかなあと興味はありますね（'
観察,'プレソン観察日記再び'
観察,'小学生の健康観察か'
観察,'心が気づく度に不善心は成長できず、新しい善業の種を蒔くことになる。心が気づく度、点が線になっていくように、悟るための情報を収集する。通常、私たちは煩悩に抵抗せず、心に二重の痛みを引き起こすが、気づく事で体験をありのままに観察し、２本目の矢を放つ事を止める。\n\nウ・テジャニヤ長老'
観察,'夢をかなえるゾウ\n\n聞き上手っていうのはな、\n相手をよう観察して、しっかり情報を集めて、\n相手のことを考えて、初めてなれるもんやろが。'
観察,'確証バイアスのなせる技。自分がこうあってほしいという観察者効果。\n創れてしまう...'
観察,'観て覚える能力バカ高いのがﾖﾛｽﾞﾔ1⃣の才能だと思ってるから…。🐴様が連れ回した店で観察した結果、飾り包丁めちゃくちゃ上手くなった1⃣とかよいよね。タコさんウインナーがバイクになって弁当に入ってるﾔﾏﾀﾞ家。'
観察,'しお子の膕を観察したい'
観察,'観察はわからなく無いけど\nうろちょろはしたくない\n疲れるから← \n\n#Peing #質問箱 https://t.co/U6pjaxQzFo'
観察,'@Lost_dinner 素早い観察力と言うか…\nそれと判るので、凄いと思います！！'
観察,'@hammylove86 Lancetの方なんですけど、\n非介入の観察研究で過去の事象に対して見た場合、マスクが効果ありまでは言えても、\n「そのコミュニティのマスク率が高く感染者がマスクをしていたのか」、「着用者の防御能によるものなのか」は検証しようがないんですよねぇ'
観察,'30分残ってたのでD問題も一応取り組んだのですが問題の意味を理解するのに時間かかったし、サイズの小さな例を書き出して観察して「こゆこと？」って実装してみたけどサンプルすら合わなかったので全然ダメでしたねー'
観察,'花粉実況者あっきーは割とクソゲーとかの実況もしてそうだからリスナーのコメも草生えてたり可愛い〜とかのコメント多いけど、RPGゲームとか脱出ゲームした時の頭の良さとゲームの腕の凄さ、鋭い観察力のギャップでリスナーはどんどんハマっていくタイプのやつ'
観察,'「ダチョウ」を「大きな巻物」で観察中です。 #けものフレンズぱびりおん https://t.co/czLXCp60JA https://t.co/yyBkmiE1ef'
観察,'@fuu_kenken 襲おう（え）ドサッ･･･🔞\n\n観察日記www'
観察,'@g_taraDsO ( ﾟдﾟ)ﾊｯ!確かに！！www\n\nわたわたしてるのがユウさんでしょ？←\n\nいえーいまた観察させてもらうぜ(ㆆωㆆ)www'
観察,'綺麗な湖畔の家でアリの巣が二つあるどでかい水槽を用意してアリの巣1の周辺だけを肥やして経過を観察するなどしたい'
観察,'@toma_shindan 折角なので見ていきたいです！虚無〔助力〕！\n\n「リカさ～ん？……ふぉっ！」\n沢山の妖精の姿に戦慄するも、気づかれぬよう機嫌を損ねぬようそーっとその場に座り、観察する……'
観察,'@nobita4989 今晩は。\n数値が高めで経過観察している状態は、肝疾患ではないですが、肝臓で代謝されない薬の方が無難だと思います。\n腎臓で排泄されるアレグラやビラノア、タリオン、ザジテン、ニポラジンあたりを選ぶのが無難かと思… https://t.co/7mjNZYq1LM'
観察,'術後1年116日目、経過観察316\n日目。\n左足かかと、股関節、太もも裏、肩痛い。手と爪先に強ばり。\n重い腰を上げて、気になってた台車の簡単なDIYと植木鉢に生えた苔取り‥。\nホンの１時間しゃがんでたら、リンパの流れが悪くなったの… https://t.co/OGbNZQ4KyT'
観察,'ひたすら観察型のヲタクなので本当に細かいところなんだけど、れおさん一期の台詞の語尾とか言葉尻の涼やかさや柔らかさがとっても好きだし、りょうさん加州の座ったときの足の組み方とかそのまま笑ったときの首の傾げ方が「うーーーーわーーーーーッ！！！！」って叫びたくなるくらい好き。細かい。'
観察,'本当に大好きだから\n貴方の好きな曲も\n好きなものも\n嫌いなものでさえも\n知ろうとした\n\nこれめちゃくちゃ大事！✨\nリサーチなしには、上手くいきません。\n貴方の観察力が試されますよ？？笑'
観察,'バルゼィも艶のある口調を教育できるほど女を知ってるし、観察眼もあった上で気遣い上手な話上手だし、芸術家だから風来坊なとこもまた魅力になるんだが本気になる一歩手前でするっとどっか行きそう'
観察,"'@hirarimau_yoru Oh…予想以上の徹底っぷり。いつも人々の為にありがとう。ヒーローだ何だと呼ばれる我々よりも、遥かにヒーローだよ。\n病院に？No,No！(首を左右にぶんぶん振って)行かないよ！定期検診以外で医療従事者… https://t.co/VhWxwyyQBb'"
観察,'1990円で売り出\n1歩遅い？まだ+値なので様子を見べきたったか？2/22の動きを観察'
観察,'お兄ちゃん観察日記、昨日おねしょしたのでおしめを10枚増量しました。パパやママに見つからないようよちよち歩きでベッドに向かうお兄ちゃん、やっぱり可愛いです♡'
観察,'観察日記かよw'
観察,'@ura_gami_san こういうイメージだったのか〜\nカッコいいな！\n街中にいたら物影からチラチラ観察する。'
観察,'@m0gmog_go9n 落語解説したりバイアグラ飲んだり精子観察キットでかんだJrを観察する配信をしたりもしてるよ'
観察,'寝ましょう💤\n\n「すべてのニューロンが一時的に発火をやめるため、必要とされる酸素量が減少する。これは脳への血流量が少なくなることを意味する。そして、その空白を埋めるように、脳脊髄液が大量に流れ込む様子が観察された。」\n\n睡眠中には… https://t.co/pZ0wpMvUZu'
観察,'@amanekanatach おつかなた～！かなたんの観察眼、推理が冴え渡る配信だった…！'
観察,'いやいやまた油断したらだめだぞしっかり観察しないととは思いつつ、今日はインコがしっかりご飯食べてくれたのでめちゃくちゃ嬉しい……しっかり食べてると場所によってはお腹の中（そのう）が透けて見えるんだけど、こんなにミチミチなの久々に見たよ……毎日これだと食べすぎかもしれないけど'
観察,'まだ初日だから何とも言えないけど、使ってみた感想としてはコスパ最強って言われる意味が分かったかも。\n\n個人的には、匂いが好きだし\n艶は高いシャンプーには流石に勝てないけど\n指通りやサラサラ感は値段以上な物でした。\n\n後は日にちが計… https://t.co/LQ6XvHiCkY'
観察,'@ayn_lOO4 観察力やばすぎどこまでみてんの尊敬する'
観察,'【閲覧数：5365回！！】キャンギャル観察8-18「目力・細身」https://t.co/TVxJBtD8AY  #キャンギャル #ボディコン #ミニスカート #相互フォロー https://t.co/VOy5P9GOCA'
観察,'靴の観察をしていたけれど上官ともぐたんの靴はかわらずかな'
観察,'@H_April_Mi フフフめっちゃ弄んじゃいますよ🔄😁好きと言ってもらえると嬉しい限りです❣️みさっくさまさんを弄ぶような物語をまた描けたらいいなっ💪💪💕愛💕は人間に観察可能な力なので、愛には特別な意味があるのですよっ🥰✨だからまた会えます☺️✌️'
観察,'有都「おや、もうこんな時間か・・・。観察結果をまとめていると、一日があっという間だ」'
観察,'今日も終わりやね、明日も御堂筋の観察頑張ろな…。'
観察,'タイミングホールキャップからのオイル漏れはこの機種の持病ですかね…\n\nオイルラインが今までと全然違うからなぁ…\n\nいくらホンダ製品とは言えども、まぁスーパーバイクだからしゃーないなと可愛く思います✨\n\n私なりに対策してみましたが。… https://t.co/xUqunfAJsv'
観察,'@naho2142 ありがとうございます。\n座ってからの歩き出しや\n止まってから歩き出すときに\n一歩目で少しびっこを引く感じなのがちょっと気になります😢\n\nお喋りできないから\nちゃんと観察して察してあげないといけないのですが\n隠すのはすごく上手ですよね😔'
観察,'風呂場のシャンプーボトルが大変興味深い1歳児さん、親の使う様子をしげしげと観察しては洗い場で持ち上げたりつついたりと大変熱心に励むのでとても静か\u3000ありがたく洗わせていただきます'
観察,'@arjuna33373021 じゃあ何この文言は。右派をフォローするのは冷やかしで観察目的と書いてるだろ？浅ましい逃げ口上書くんじゃないよ。最後の切り札の言葉が宗教？宗教に失礼だ。自分のやってることが謙虚？他人は違う？その視点が… https://t.co/N3pR6nn3jf'
観察,'普通に爪の形とかてきにじょんかなぁ思ってじょんにいれたけどみんなTwitter for Android見つけてたのね。決定的証拠すぎ。\nオタクの観察力に拍手👏🏻👏🏻👏🏻 https://t.co/J4xTBBLpVu'
観察,'夫くんがずーっとPC画面見てるのを横目に👶の様子を観察して、🍼の合間かつちょうど起きそうな頃合を見計らってお風呂の支度して、ベビーバスにお湯張ったところでノコノコと「もうそんな時間？」て言いながらお風呂に入れるだけしに来て、ちょっとイラッとした'
観察,'@lyrical_mjkt たいした観察眼ないやつが木目描くと破綻するからワイは絶対やらんのや（＾ν＾）'
観察,'【イベント中止のお知らせ】\nお問い合わせありがとうございます。\n\n2月～3月に開催予定だった観察会はすべて中止となりました。\n\n4月3日㈯から開催予定です。\n\n個人で、少人数でのご依頼は承っておりますので、ご興味があればこちらにご… https://t.co/A2vqCfLP77'
観察,'めっちゃいいな…模倣ができるのは観察眼のいい使い方'
観察,'ショートブレードは相手の観察をする時とかサポート中心の立ち回りの時によく使ったな'
観察,'@mine_shijimi すごく参考になりました！\nありがとう！！！✨✨\n行くべきか迷ってたけど、今のところそこまで心配する事柄も無いから気楽に考えようかな😌\nしじみんの言うように、経過観察がてらロキソニン貰って来ようかな🏃\u200d♀️🏥'
観察,'@araifuhaha これの持ち主に、手足を縛ったジェーンちゃん本人を与えたらどうなるか観察したい'
観察,'観察日記・３日目\n大きく咲き始めた。葉は窄まった気がする。もう一つ芽があった。 https://t.co/t3mUJBuqZu'
観察,'@megm_enst 上腕の真ん中でぽっこりと出てくるあのフォルム、最高っス……\nあと一番良く使ってるんでは無いかってくらいものもって腕曲げたりすると働くからとてつもなく観察したくなる……たまらないわ(〃ﾉωﾉ)'
観察,'あくえりちゃまの描く「勃起表現」めちゃ「勃起テント」でまじまじと観察したあと「ウス、勉強になるっす」つってオナニーがはかどる。'
観察,'@Yuri_juscka_R もふもふになる推し。可愛い。\nんー私は常に自分さえも観察対象にして生きてるから、自分の操作を相手に受け渡す(スペース)ってのがなんかいいなぁって。内容は置いといても“命令された”という大義名分がもてる。間違わない。'
観察,'わたしの彼と似ててわらった😂\n\n久しぶりの連休もらうと何していいか分からなくてパチンコ興味ないのにパチンコしてる人たちを観察するという訳わからない過ごし方してたことある\n\n基本スタイルは家で寝る https://t.co/Z5dwFKBOXD'
観察,'セルトレ2016-05\n再灌流後のnarrowQRSとwideQRS：ST上昇が残存してるだけ？若しくは変行伝導または一過性脚ブロックと読むか、slow VTと読むか？アミオダロンか経過観察＞心電図のwide QRSをAIVRと診断すると、迷わず経過観察'
観察,'【定期】CPリクエスト等御座いましたらお気軽にどうぞ！良く観察してつぶやきます！'
観察,'リサーチとは、商品を売る前に、雑談しながら相手の性格を観察すること！\n\n【リサーチする理由④】\n相手の断る理由を探るため\n\n雑談しながらお客様の断る理由(忙しい、金欠など)を探ろう\n金欠なら安いプランを提示したり、忙しいなら予め予定を聞いておくと、断る理由を減らせる'
観察,'夕飯に食べたペヤング極激辛カレーの影響が出始めた。お腹がグルグルいってる。これは確実に腹を下したっぽい。\n\nなに、この毒を服用した後の経過観察みたいなツイート......'
観察,'「観察する」「意識に上げる」「視点を置く」ということ自体が瞑想です。\n\n何かに「観察する」「意識に上げる」「視点を置く」ということをしてから、徐々に、自分が注意を払いたいことに対して、意識を広げていくと、注意を払いたいものと一体になるという感覚になれます。'
観察,'帰納的アプローチとは、まず最初に実際に行われている会計処理の諸方法を観察し、その中からよりいっそう一般的または共通的なものを抽出することによって会計基準を設定する方法である。'
観察,'何も観察眼がないのだろうな。周囲がみんな自分と同じ人間だと思っていそう（彼女はかなり健康体）'
観察,'久々の野鳥観察\n\n鳥の世界もやはり奥が深いです。縄張りを持つものや、ペアで行動しているもの、採餌をしているものなど様々。素人の私には、生態を知る上でいい経験になりました。\n\nヤマセミ\nジョウビタキ\nカヤクグリ\nアトリ https://t.co/GF4tB4WiMC'
観察,'@kanjr_2522 キャーっ！襲われるぅ～(アウト)\n\n明日はストーリー観察日記つけるか...'
観察,'@gp8_pixy 最初の頃は、激痛と神経伝達が遮断されていて、症状に気づかないっていうのがありますね。\n肺炎は、ウイルスがおさまってから、免疫過剰で出る場合もあるようです。\n私は、毎日症状を観察し、主治医に詳細に報告しています。… https://t.co/h6bhNuri69'
観察,'@sousakuTL 名前呼ばない人間が呼ばざるを得ない環境でどうなるのか影から観察してたい'
観察,'@ume_oriika そうだね～、これからお通じ良くなるかもしれないし、地道によく観察していくしかないね🙄\nDMいいよ～いつでもどうぞ！'
観察,'普段から相手を観察しましょう。話しながらキャッチボールのポーズを取る人、着信音がアニメソングの人。何に興味があるか、わかりやすいでしょう？ #コミュニケーション'
観察,'@ffliving__ 相手は今、色々とあなたを分析中。冷静に観察されているよ。その上で、ここがいいな、と理性的に思っているみたい。素直になれないみたいだから、感情の部分に訴えるといいかも！'
観察,'3年前の総会後に旧知の大学院生と話してたら、年配の方に声をかけてもらった…というのが、定期的に参加してる観察会にでむくきっかけになったものね。2年前と去年は大学入試直前期だったので顔を出せなかったんだけど。\n私が出向いたのは何年前だろ…思い出せないｗ'
観察,'るんさんのステルス特化が強い。\n観察してスキルを習得したいところ。\n\nあとは会議時間、だいぶ削ったのがよかったなー\n\n狼側は地味に嘘を通しやすい。'
観察,'(8)古市憲寿『大田舎・東京; 都バスから見つけた日本』\n\n小さい頃からバス好きだった著者が都バスの車窓から東京の街を観察する短編集\n単純な印象だけでなく各路線ごとに都市問題や社会問題に関連づけたコメントが出てくるのはさすが社会学… https://t.co/PljKZIPnw9'
観察,'日頃観察の癖をつけろ、ログとかを見て相手の癖を探せってお達しが隊長から出たので律儀にまもり観察結果を見てもらおうと通りすがった後輩が荒…さんかっこいいよな～って言った時の荒…のマネを披露した結果誰が俺を観察しろと言ったってヘッドロックをくらう穂'
観察,'遠くの景色指さされて「あの赤い看板あるやろ？」って言われても全然見つけられないくらい観察眼？無いので……'
観察,'公共施設に来る50歳ぐらいのオバサン3人組がいつも、誰が不倫したやら学歴はどうで会社はどこでとか、いつも下世話な話ばかりしている\n\nただ前はそう言う人を見ると不快な気持ちになってたけど、最近は寧ろおもしろいなぁーと思い勉強の傍ら話… https://t.co/l6hzbORWNF'
観察,'春待が強制とはいえ悪事に加担してたことと救出作戦時に個性を暴走させたことでしばらくざわ先生に保護観察される春待はいるかもしれない\u3000実家に戻らないのは確定なんだよその先が来い'
観察,'最近は外出すると皆さんどこのベビーカー使ってるのか観察してしまう。見た目だけだとサイベックスのミオスがすごく好き'
観察,'マッサージガン買ったんだけど、今年度のPS的買ってよかった大賞のヘルスケア部門で１位に輝いたよ。\n\n体めちゃくちゃ軽くなるし、関節もよく動くようになるからデスクワークの人にもいいし、筋トレする人にもオススメなのだ。\n\nこれでパイスラ観察が捗ること間違いないね。そうだよね。'
観察,'前回行った美容院の人が観察力と、話題をストックする為の日頃のセンサーが敏感な上、思わず笑ってツッコんじゃう程の希望的観測をぽんぽん言ってくれる人だったから、占い行かなくてもその美容院に行けばいいような…、まぁ引っ越すからもう行かないと思うけど'
観察,'「ネコ型」(ISTP)タイプでした\n\n👉優れた論理的戦略\n👉優れた観察力\n👉決断力がある\n\n#性格診断 #16TEST #相性診断 #恋愛診断 https://t.co/EDnzijlQOQ'
観察,'ニーアの黒い鳥を退治した回数がえげつないやつは一体どんな観察眼もっとんや！？！？\n#リィンカネ'
観察,'【定期】\nあたいは、あんたの保育士さんでも保護観察官でもないんだ。\nなら･･･どういう名目で、あんたの無茶に付き合えばって良いのか、テぇ話だよ。\n成り行きはもう御免だ。'
観察,'平日走れず1週間振りのランは水元公園夕陽ラン17キロ。日没前森のバードサンクチャアリで二羽のカワセミを間近で観察できました。数名の年配カメラマンの方々が興奮してるのが微笑ましかった。夕陽に染まる公園いいですね。ランは間があいたので… https://t.co/POkEGLOCvn'
観察,'一日のおしまい。雑記を書いている。何気ない一日も、こうして記録にしてしまえば後々思い出へと変貌する。まぁ、細かな観察が思わぬ報酬や解決策を呼ぶことだってあるからな...半分くらい娘の成長記録だが...'
観察,'エルネア\n\nストーキングして観察したらまたこの2人で会話しとるやんけ。やめれ😩 https://t.co/MJiCTZuLDz'
観察,'@mahir0n コンプレックスを無理に聞き出したりはしませんが、僕が監督である以上、内容の責任は僕にあるので、「よい！」と思えば相手の意思関係なく「ここが良いんだよ！」言いながら撮ります。\n胸が売りの女優さんでも尻がいいと思えば… https://t.co/d9PEhtPZ7O'
観察,'運の良さはそうでもないけど観察力と洞察力がえぐいので誰にババがあるかとかすぐわかるのが槐'
観察,'@Hina_1225Neko_i うん！！( `〃¬〃)/ちゃんと診てもらう！！\n\n触診が嫌で少し躊躇ってたけど\nひなさんのおかげで少し勇気湧いた！！( *´｀)ありがとう！！\n\n慢性腸炎の経過観察かもだけど\n治す為に行くぞ！！(… https://t.co/EcjbxQTWou'
観察,'@fromTOtoU 私は静かに人間観察&amp;勉強放置www'
観察,'oodaか…観察、方向性の決定、判断、行動かな？間違ってたらごめんなさい…'
観察,'昨日は三浦半島の東海岸に行ってきました🌊\nこの時期にしては暖かかったためにけっこうな人出で、後方に腰掛けてしばし人間観察です。\nなお私は変質者ではありません😅\n\n一人で海を見に来てるとか、友人たちと写真撮り合うとか、やはり海には女… https://t.co/v2JbMZqcdb'
観察,'ついさっきまで湖畔で植物の種子拾って薄氷踏んでヤギが草食べながら同時にうんこしてるの観察してた気がするのに今じゃすっかり現実に戻ってる'
観察,'つゆちゃん(魔性の女)に指を吸われるがまさんを観察したい'
観察,'あとホテルの食事会場に夜ずっといてずっと何かしら食べてるってタレコミが良かった。定点カメラで観察したい。'
観察,'@sirosiam 相手のpoker歴にも寄るので、ハンドレンジを読む前の人間観察がライブの魅力でも有り厄介なところ。\n\nなお自分はそれ以前で草'
観察,'クソリプクソDM観察のためにエロ垢を作って24時間ほど経ちますが、ひとつわかったことは「再会さんのことがやっぱりサイコーに好き」ということ。そして「嫌われるかもしれないリスクを犯してまでエロ垢で会う相手はきっといない」こともわかった。\n\nでももう少し遊ぶ。'
観察,'好奇心で一袋開けて観察する王子可愛いし、そういう流れになったとき未開封じゃないことにいち早く気付いて脳味噌パンクしてトイレに駆け込みゲロする姫ちゃんも可愛い'
観察,'@oyapungin 楽しい方だなぁと…。\nこれからも陰ながら観察…いや、見守っております(⌯︎¤̴̶̷̀ω¤̴̶̷́)✧︎'
観察,'@masakun7974 まじ？ドリブルはまじでボール触ってたらできるようになる\n触れば触るだけだぞ\n俺はひたすらボール触ってる\n体の使い方下手だからキックだけ下手\n駆け引きと足元は得意だ\n相手をよく観察して次に出てくる足を予測し… https://t.co/nnzJYbqhdN'
観察,'休日の子どもを利用した早朝の馬鹿騒ぎが通用しなくなってきたことに気づいたモ。さてどうするのかと観察していると、「無駄にデカい声で話す」「子どもにデカい声で(後でもいいことを)注意する」「無駄にデカい生活音」という作戦に変更したらし… https://t.co/qMDtVdFqc2'
観察,'多分一度試着して後にはタンスかスーツケースに仕舞われて年に一度眺める洋服でも手元に置いておきたいモノは存在します。\n\n見たい（観察したい）\n触れたい（素材感を確認したい）\n着たい（時々パターンを確認したい）\n\n50歳を過ぎてからも好奇心は抑えられない汗'
観察,'もしも自分自身の生き方を観察するなら、あなたは人に従う以外の何もしていないことがわかるでしょう。この従属システムが、私たちが「生きること」と呼んでいるものです。人生は今、何の意味も持たないのです。意味はあなたがこうした権威をすべて脇にどけてしまう時にのみやってきます。'
観察,'📷上部消化管内視鏡（胃カメラ）\n口あるいは鼻から内視鏡を挿入して、食道・胃・十二指腸の内部を観察。\n潰瘍、ポリープ、がん、胃炎（ピロリ菌感染症）などの病気が見つけられます。'
観察,'『『宇宙人観察日記』鑑賞会』\n⇒ https://t.co/DanNZb5RV3 #アメブロ @ameba_officialより'
観察,'ワン治療にエサ変更チャレンジ＋新しい薬の投薬反応観察など実施により\n\nようやく先ほどからワシ飯を開始\n\nむん聴きながら煮た水炊き風鍋を食べるのに新しいぽん酢（右）を開けたが\n\n食べ始めて改めて冷蔵庫を見たら味違い同種（左）がまだ半… https://t.co/3sN6q3LAVJ'
観察,'二宮くんの白菜もどうなってるか気になるから磁石で観察日記でも始めて'
観察,'@akazato_2 周りの観察眼が凄いのかざとちゃんが出やすいタイプなのか'
観察,'@lapipi_0321 蜘蛛の観察'
観察,'まじでいぐろさんめちゃくちゃ実弥のほう見てるよなぁ…流石は蛇柱、観察眼鋭いなぁぁ\nあと面が良い。綺麗な顔…'
観察,'2.22は年に1度の #にゃんにゃんにゃんの日 \nそんな本日､休みやったんで～\n雅とゆっくり過ごしました❤︎\n(´ΦωΦ)´ー｀)\n\nてか雅…経過観察の尿検査､今日受けさせたかったのに～\n病院連れてかれるの察知したかのようにオシッ… https://t.co/WPjDsLLNqe'
観察,'@kate98700 上下に分けてるのはご飯で喧嘩しないように\u3000デンスケが上でアキラが下と決まってるそうです。ちゃんと\u3000デンスケがアキラにご挨拶して失礼しまーす\u3000みたいな感じで密林の上にいくので\u3000観察すると面白いです。'
観察,'Vtuber、台中dox戦争を観戦したり英語圏の気持ち悪いオタクを観察したり運営と絵師のバトルをトトカルチョできるのでかなり最高のコンテンツです。'
観察,'【ドル円】定期観測\n今朝の初めは上がりそうな雰囲気だったので、数時間単位の取引を意識してトレールで波乗り🏄\u200d♀️🏄\u200d♂️🌊\n\nヨーロッパが開いてからは\n日足の流れの継続\n\nとりあえずいまレジラインかと思ってるが、時間足でダブルトッ… https://t.co/e0eIzEGZy6'
観察,'@sheela_2509 へぇ？\nまぁ普通に部屋の中に蜘蛛とか入ったりしたときも観察したりしてるもん(これはガチ)\nなんならネタとかキャラとか抜きで虫を調理して食べてみたいとまで考えてるからね'
観察,'@rr13blades メンツが揃ってしまった！ハイエナ枠にアニキ…最の高👍ででにーもビックリのにゃいおんキングが始まってしまう…！豹kさんの真似っこしてにゃルルル唸りを上げてるyちゃんを遠巻きに双眼鏡で観察してきばゆニャンの詳しい生態を学会に発表します🙌'
観察,'明日は午前中フリータイムをどうにか捻出😊\n武川の観察から始めますかね◇💡 https://t.co/81ywFfHBmM'
観察,'細胞はコルクを観察して見つかった。細胞というのは、小さな部屋で仕切られているという意味なので、生きていなくても細胞と言えるものが沢山存在する。'
観察,'「……」\n「何？」\n「◯◯年振りにお前の笑顔を見たからな。観察していた」'
観察,'@konotarogomame もうそんなにも多くの者に投与したのか？\n『2千人程度で経過をしばらく観察する』と言う選択肢はなかったのか？'
観察,'波の多いとこはどこか(空間認識)→実力に合った波か(資金管理)→入水(為替参加)→波待ち(様子観察)→波がくる→パドリング開始(エントリー開始)→波に乗る(トレンドに乗る)→アクション(指値&amp;逆指値)→次の波へ\n#fx #サーフィン\u3000#ベタ凪もあるのだぞ'
観察,'【今黒】今「黒子」黒「これですか？はい、どうぞ」今「なんでワシが欲しいもん分かったん？」黒「僕の趣味は人間観察です。些細なことも逃がしませんよ。それに」今「それに？」黒「ずっと一緒にいるのに気づかないわけないじゃないですか。自分が好きな人なら尚更です」'
観察,'観葉植物デビューですか！！\nんじゃ来月のオトノハから写真撮って観葉植物観察してほしいよ翔ちゃん！！！！！！'
観察,'@kou_toharu 「はい！ この子が人？が多い方が得意なのか苦手なのか見極められたらいいんですが……というかそういう個性みたいなやつってあるんでしょうか。ちゃんと観察しないとだ〜」'
観察,'$MAR $DAL あたり出動したい。 $DIS も注目してるけど、織り込まれてるような気がする。とりあえず観察。'
観察,'とうとう翔ちゃんが観葉植物に手を出したぞ、、、、、\nやばい状態にしてあわあわしてるところでが観たいのでオトノハで観察日記よろしくお願いしたい！！！！！！'
観察,'「スカイフィッシュ」を「ネズミのおもちゃ」で観察中です。 #けものフレンズぱびりおん https://t.co/czLXCp60JA https://t.co/VLgNJLhni4'
観察,'アオグロセンショウグモ Ero cambridgei Kulczynski 1911 。2020年10月、新潟県の湿地にて。主に湿地や草地の地表付近で採集され、餌もそのような環境に生息するヒメグモやコサラグモ類を利用していると思わ… https://t.co/mZYOWEOwEX'
観察,'@kaziyakanemasa 周りの人達がみんなすごいので背伸びするのに必死です🤦\u200d♂️\nでもありがとうございます！\nところで僕は兼正さんの作品の、特に足回りの関節の大ファンです。じっくり見れば見るほどあれもこれも本当に素晴らし… https://t.co/P70LdmUett'
観察,'「サーバル」を「さふぁりのくるま」で観察中です。 #けものフレンズぱびりおん https://t.co/czLXCp60JA https://t.co/ZLXySfkBAL'
観察,'人間にとってバランスをとるのが難しいパワー因子に「叡智」のパワーがあります。「真の叡智とは、すべての人の物の見方や考え方を冷静に観察し、受け入れる能力である」ということを理解することです。すべての人はその人自身の見方に基づいた独自の真実を表現していることを心から納得することです。'
観察,'@oneheart_hkri 人材業界に革命起こして欲しいな〜〜！！！心理的要素の観察考察を是非俺でしてくれ、喜怒哀楽豊富だから🤔'
観察,'ワクチン、どうなるかなぁ私\n循環器の主治医は私の薬アレルギーを心配しそう\nリウマチの主治医は「やる事はやりましょう」というタイプ\n\n私の薬アレルギーは\n検査入院の時、5時間後に出た\n\nとすると、朝一に受けて夕方まで経過観察できるといいのに'
観察,'趣味を聞かれたときにフォロワー観察って返して許される世界に行きたい'
観察,'お互いに頭良くて、察し力と観察力もバリバリに優れてるから回し裏回しの天才コンビ\n#マシュマロを投げ合おう\nhttps://t.co/mXPfjQFUb2 https://t.co/fuc6DSpeBF'
観察,'人間観察するときに初めに身長を見るのが私の良くないところなんですよ\n\nあの背の小っちゃい子！とか背高い人！って覚えちゃうの'
観察,'嘘のサイン。\n\n鼻や口の周辺、髪の毛、耳たぶなど自分自身の体を手で触る回数が多くなると嘘を言っているサイン。\n\nよく顔は正直と言われることがあるが間違い。顔は演技することができる。\nしかし、体は演技できない。正直である。\n\nしっか… https://t.co/mCEKNAGmI2'
観察,'#私がGを発見したときの第一声\nほぅ………(観察)'
観察,'@odecomaru 私たちの犬のためにも頑張って、ちゃんと観察して、知識をつけて、守ってあげたいですね😊💕'
観察,'@213BE 周りにハムを置いてどうなるか観察する。'
観察,'『法句経』からの抜粋\n\nまことであるものを見極めるには、ありのままの姿を観察する必要があるのです。\n\n周りに流されず、自ら事象を見ていきませう。'
観察,'一日一回rabbitdjam観察日記'
観察,'@ocharuri おちゃるさん!こんばんわ＼(^o^)／\nはい☆良く観察すると逃げられちゃいますよね(^o^)\n撮影頑張ってください☆'
観察,'@kmt_kkk こちらこそ遅ればせながら定員オーバーしていたのに答えていただきありがとうございました🙇🏿\u200d♀️中村くんにとって志帆は観察対象なのかな？と思いました。ヤモリとか窓にくっついてたらずっと見ていたくなるし…あとスーパー… https://t.co/yKMi2UD1f2'
観察,'りおさぶ合宿したい\n軽めの山を登山したり、川釣りして焼き魚食べたり、宿泊所でボードゲーム、りさぶならどう動くんだろうって考えながら。そして定番の星空観察。コーヒーとココアを添えて\n街の散策もいいと思う。ボドゲカフェに行ったりパソコ… https://t.co/KFA9FadgyF'
観察,'@nodokasolon 公式でもちょくちょくネコ化するので幻覚じゃないもん！もん！！(強気) わかるーー！その謎の生命体の観察だけで一日つぶせる自信ある！猫は正義🐈\u200d⬛'
観察,'#天羽のメッセージ\n\nじっくり観察することも必要だよ。思い込みで行動してつっぱしるとあまりよろしくない。'
観察,'別に読書は好きでもなかったので、大概の時間は窓辺にあるソファーを独占して\n雑誌を読んだり人間観察をしたりしていました\nというか、図書館に通う中学生の私って文学少女みたい☆なんか異端でかっこいい☆とか厨二病こじらせてました'
観察,'そらちゃんのやばさ見抜いてたネキすごいなっておもった。\n私繋がってちょっとして薄々……確信に至ったのこの間だった\n観察眼…！'
観察,'私にとって絶望的だった機関きたんをリスナー様のお力でクリアが出来ました♬本当にありがたい｡ﾟ(ﾟ´Д｀ﾟ)ﾟ｡観察係みたいになってたけど許してね(*ﾉω・*)ﾃﾍ\n今日も配信来てくれてありがとうございました🌸'
観察,'@shoulder_sweets 毎日観察されますね┃ω・๑)ｼﾞｨｰ🔎✨'
観察,'なんか観察してたからそっとしといた。\n\n#原神 \n#原神写真部 \n#原神勢と繋がりたい https://t.co/BK9HoKsl2R'
観察,'@ryokuhei 「マウスやアカゲザルを使った動物実験の結果が査読前論文として5月13日に公開され、ワクチンで免疫応答が誘発され、肺炎は観察されなかったと報告されています」とあります。\nなんか変な引用ツイートされてますよ…\nお気… https://t.co/YYTfnEtESr'
観察,'@yazumiyazumi ねこぽんちょ用意したのお前なんじゃね真生……ぷぅぷぅ…起こしたら嫌なので入らないですね…隙間風も入らないよう頭だけ突っ込んで観察しときます……'
観察,'冷静に観察するとほんまいけっちムーブすぎて……'
観察,'【きょうの良かった探し】お勉強楽しかった！！タイミング良くテレビで見たいものが見られた。そして久しぶりの友人に連絡できた。わたしの観察眼、合ってた😏\n#いつまで続くかな\n#良かった探し'
観察,'@Nqxz0x 保護観察官、きちんと昼イベにもいますからね…\nひょんな所で急に現れるので腹筋持ってかれます…0(:3 _ )～ https://t.co/Rn1hnebLq9'
観察,'ペット増えてくると同じエリアに多種ジャンルのケージまとめて置くと観察しにくくなってくるんだよね\nこれは部屋の両サイドにエリアを設けるべきかな…\nシェア友の布団横に移動してもらうか…🙂'
観察,'@zero_ichi_3710 経過観察が必要'
観察,'@missivrradiol 今更な感ですが、おはようございます！今日は昼間から午後９時くらいまで、札幌医大の整形外科へ左足首の骨折部位の定期観察を行って来ました。その後、遅い昼食・夕食を買いに行くまで時間が余ったから、適当にウロ… https://t.co/BoS2cthHr4'
観察,'イスラエルの新規感染者減少は喜ばしい、60万組を比較したデータは慎重に観察されるべきかな。\n\n今日の #wbs は良い内容\n\n「コロナに思う、再び」\n諸澄邦彦氏\n\n福島放射線風評被害と #新型コロナ 千葉受け入れ他風評被害はテレビ… https://t.co/2bwLmMjsHM'
観察,'圧倒的にネコチャンの資料(と観察眼)が足りてない。とりさんならたくさんあるんじゃがな…動物むつかしい…にんげんもむつかしい…お絵かきむつかしい…でもたのしい…'
観察,'@Se__nA_zZ 体M字開脚で固定、目隠し状態で身体中に媚薬撒かれて疼いてる状態で放置される→その状態をおっさん共に局部とかまじまじと観察される、からの全身(クリ重点的に)責められイキ地獄乱行パーティー'
観察,'【千萱 子々太】大正学生探索者。頭がよく観察眼に優れており、本を読むのが趣味。知識を披露出来る場面では目を爛々と輝かせる。しかし基本的に小心者であり、口喧嘩なら兎も角体を張っての喧嘩はあまり得意ではない。もし喧嘩を吹っ掛けられたら… https://t.co/jid3ei1EuS'
観察,'天国と地獄を見たら、もう寝れん😂😂考察観察がとまりません。'
観察,'「ジョフロイネコ」を「おさかなトンネル」で観察中です。 #けものフレンズぱびりおん https://t.co/7KCUeLDNKq https://t.co/ejlbBKgzgo'
観察,'髄膜炎の疑いやって。とりあえず経過観察'
観察,'友達の生き方を観察して楽しんでる人初めて見た'
観察,'@hasu_hasu_2 単に数をこなすより一つ一つをじっくり観察することが近道ですね！\nやっぱり漫然と見てるだけでは身につかないですから'
観察,'南光自然観察村にフィンランド式サウナがあると知り調べていたが、なんかツリーハウスのサイトもあるようでなにこれめっちゃ素敵やん…。 https://t.co/TvKMe5O6Wa'
観察,'一日のおしまい。雑記を書いている。何気ない一日も、こうして記録にしてしまえば後々思い出へと変貌する。まぁ、細かな観察が思わぬ報酬や解決策を呼ぶことだってあるからな...半分くらい娘の成長記録だが...'
観察,"'@kidarake はい(^^)ご近所様が継続検査のご依頼で入庫です。精一杯シャフトドライブを観察しつつ「素通し」行って参りますꉂ( ᵔ̴̶̤᷄∇⃚⃘⃙̮ ᵔ̴̶̤᷅ )ｷ""ｬ′‵′‵'"
観察,'@petrichor83 観察？？？？？？？きょろちゃんの霊圧感じときます…（？？？）'
観察,'@svt_junjunp 観察するの楽しいよね🤣❤️\n表情筋が崩壊しちゃうからwww\n本当愛しい…チャイナがチャイナしてると聖母マリアみたいな顔になる🤱\n可愛い連呼することしか出来ない自分が不甲斐ないです！！'
観察,'抱っこされた天王寺さんを観察する会'
観察,'もし急激にステージを上げて成功したいと思うなら、メンターを見つけてその人の側に付きっきりで居ることがオススメです。常に側で観察する事が出来るならメンターの思考を完コピする事が出来るし、99%くらいの可能性で成功出来ます。'
観察,'じゅじゅつ？の人気すごいですな…\n妹がかなり前に0巻買ってきてたんで読んでますが、難しくてわからんかったのと、夏油？がいいなぁなんて思ってたら死んでしまって「いや推し候補が爆速で死んでしまったが？？？？」と不完全燃焼で終わってる( ´ ▽ ` )\n周りが凄すぎるのでまったり観察勢'
観察,'@qzBpWAQht892Y53 はい、そうなんですよ。\n長年やってるのと数日後に診察予約は入ってるので、何かきっかけがあるのか自己観察中です。'
観察,'「次男くんって大人を選別してるよね！信じていい人と悪い人ちゃんと見てるなって感じる。大人になった時そのスキル絶対役に立つ！｣\n\nってママ友に言われた。\n\n次男の目が単純に好き嫌いじゃなさそうだなって思うから、どこで人を見ているのか観察しに我々は奥地へと向かった.....'
観察,'@slow_motionK 全てにおいてガチ観察してそうで怖いなあって思いながら描いてた😎🐍\n従者癖抜けなくて頼まれてもないのに色々思考張り巡らせて欲しい…………そして愛が重い………ありがとう🥰'
観察,'他の子(過去のビビりたち)はだいたい咥えてしまえばよほどの事がない限り飲み込んでくれるけれども、柚星は喉奥に行ってからも胃まで送るのがとても慎重で、周囲を警戒しながら、時に送るのをやめて長らく静止したり、とにかく長い(笑)\n\nでも… https://t.co/35q9ZmRn3x'
観察,'【観察】別のアカウントに空デの新入生らしきアカウント(人)からフォローされDMが来た。\n新しく作ったアカウントのようで、フォロワーとリツイートからまぁオタク(ラブライブ系とエロ方面)の気質が見えるので歓迎しつつも気をつけてやりとりをすることにしよう。'
観察,'ナズーリン観察日記EX日目\n\n檻の中で大人しくしている。暴れれば折檻というのがわかっているので懇願の眼差しだけを向けてくる。解放するつもりはないので仲間として蛇を入れてみる。元々天敵だからか無害な蛇なのに檻の中で悲鳴を挙げてまた暴れ出し、纏わりつかれて泡を吹いて気絶した。面白い。'
観察,'@dm_trpg\nあの猫腹立つ顔してるんだけど\n猫になれば少しは可愛げがあ…………………………いや愉快な猫として観察できるな'
観察,'明日休みだからちょっと夜更かししてタルタリヤさん練習しようかな…服とか装飾観察しないと何もわからん🤭'
観察,'むむ、地味に混んでるぞ(｀Д´)→じ～(@_@)観察'
観察,'@ahiruyarou250 わたしもその疑いがあるって言われてるんですが眼圧が高いと緑内障になって放置進行すれば失明に繋がりかねません\u3000定期的に眼科にいって経過を観察したほうが良いかもです'
観察,'@dddzdddz 鋭い観察力❗🤣🤣🤣'
観察,'もっとラディカルな話ですよ、科学の宗教性というのは。\n実験観察、実証、再現可能性などが神に比べて信頼できるというのは、それこそ妄想なのです。どこにもそんな保証はない。'
観察,'僕はお酒が飲めません。でもお酒って美味しそうで楽しそうです。笑点の歌丸師匠もお酒が飲めなかったそうです。噺家が酒を飲めなくてどうするとよく言われたそうですが、ある時気づいたそうです。酒が飲めない方が酒飲みの演技が上手くなれると。な… https://t.co/UWjHH4K4Q9'
観察,'【生態観察】みなさんはこの生き物をご存知ですか？ https://t.co/cQD7T8LLVd @YouTubeより'
観察,'@nagi_cos123 意外とズレるんだよね🥺\n\nベルトの付け方はアフターライブとかMVのやつでじっくり観察してようやくわかったからな〜あの子めちゃくちゃオシャレな付け方してるんだよね…その方がやる気出るからよし!!\n\n楽しみにしてて(∩´∀`∩)💕'
観察,'ウヨンくんが難くて力尽きた\nまじまじと観察したらウヨンくん骨格が素晴らしいね https://t.co/Zz8Z6PRqVN'
観察,'昆虫には、危険が迫るとあおむけになって死んだフリをするものもいる。よくよく観察をしてみると、足の位置が、本当に死んでいる時とは違うらしい'
観察,'@hi_ro_mi711 卵を産み続けさせちゃうと、それで力尽きてしまうインコもいるので観察大事ですね😊インコは飼育は難しいことが多いけどそれ以上に学びと癒しを与えてくれます✨本当に尊敬しかないです😌'
観察,'@KOwrza07bPJaxXc サンちゃん自身でも良いのですが、子供を観察して見ても面白いかもです。\nなんか昔のことを聞いてみて、目で見たことを話すのか、それとも音が出てくるのか、\nもちろんそれだけで何かを判断することはできないですけどね。\n特徴を掴むヒントになれば。'
観察,'キタキツネ\n\n走っていたらキタキツネを発見\nしばらく観察してました\n雪は硬かったようで、顔が潜らず・\n\n#キタキツネ \n#きたきつね \n#北海道野生動物 \n#北海道自然\n#canon\n#キャノン https://t.co/HiuJFESmA3'
観察,'「ヒョウ(EX)」を「ネコ缶」で観察中です。 #けものフレンズぱびりおん https://t.co/KPlB91gyR2 https://t.co/VBBQfNSLZj'
観察,'今日は仕事でイラっとしました\nでも、深呼吸と\n自分の観察で乗り切れました\n少しずつ、穏やかをいつも持ち続けて生きていきたいと思います'
観察,'多分何人かに別の生物を見ているかのような気持ちでツイート観察されてそう。'
観察,'@mame_tannn そんなにかけてないかな。10ml全てではなく1ml～2mlをモニター変化見ながら。\n看護師も横でモニターと患者状態見ながら報告してるよ\n持続は30とか40分指示による、その後30～1h様子観察してる！'
観察,'保護観察官のログが流れると黒人様の顔思い出してにやにやしてしまう'
観察,'@Zegna_red 「ほう」\n\nと、感心の域が漏れる。\n傲慢にして不敵な笑みの中で、空駆けの瞳が怜悧に状況を観察している。\n\n「……今のは、不運の収束顕現かな？まじない師らしい手だ」\n\n物理的干渉にはやや遠く、その気配もなく。… https://t.co/mCYc4WW9nU'
観察,'@absKemomimi 今更なんだけどこうアレとかアレとかがどこにどう付いてるとか知りたいのが一番だからやっぱ撮るのは無しな気がする\nデッサン人形も一緒だわな\n想像力と観察力こそ大切だわ'
観察,'長門のチャット、情報統合思念体はハルヒが重要な観察対象で回帰を望んでいるのに、長門という個体はキョンに帰ってきて欲しいと思ってるの、改めて考えると凄いな'
観察,'俺が大事にしている『学ぶ』ということは、つまり観察し、分析するということ。\n行きつけのカフェがあったとしたら、そのカフェのどの要素が自分を惹きつけるのか。味か、店長の人柄か、店の内装か。そしてその要素の何が良いのか。本質を見極める。\n\n学びは、自分の成長へと確実に繋がっていく。'
観察,'水を挟むタイプの0ティックは観察者必要なんだよなあ…\n\n装備整えてネザー行くよりチャンクベース使ってスケスポ見つけた方がはやくね？？？'
観察,'「ケルベロス」を「あやしげな黒い扉」で観察中です。 #けものフレンズぱびりおん https://t.co/TjhoXwZ6et https://t.co/qsD9GufCtq'
観察,'えー、ただいま12日ぶんの健康観察表を捏造しております()\n地獄です()'
観察,'@ttt_Ggg_ppp157 あー？？？🥵ｗ\nなかのの情緒はこころが経過観察します🥳ｗ\n休みの日も先生してるん？😀'
観察,'いつも思うけど大悟さんって1回だけしか見てないのに一瞬でいろんなところ見てるよな〜観察力えぐい'
観察,'……記録者？\u3000ライダーを観察して記録するライダーもいるのか、俺なんかのデータなんざアギト録っとけば事足りるだろ？'
観察,'・友人との接し方\n\nどんな友人を持っているかも見るべきだが、その接し方も見るべき。筋の通らないことがあった時どうするか。恥をかかせないよう気を遣っているか。それらは表に現れないかも知れないが、どんな関係性かを観察していると見えてくるものがある。'
観察,'・大切にしている礼儀①\n\nあいさつや敬語などだけではなく、踏み込んでいいか、口出ししてよいかといった自身と相手との関係性や場の状況などを観察できているかが現れる。大切にしたい礼儀に気づいているほど、様々なわきまえ方が行動に現れる。'
観察,'熱中する推しを観察する番組、という楽しみ方'
観察,'・反応の仕方\n\nひとつを取り上げて拙速に評価・判断するのでなく、いろいろな状況でどんな反応をしているかを観察する。反応の早さを見るのも同じことだけど、何を大切にしているかが現れるポイントなので、表面的なことに囚われずどうしてそういう反応をしたのかを考えながら観察する。'
観察,'@kaburatomako @yuipon1231 @NBA ⭕ハタさんの、観察は正しい✨✨'
観察,'「リカオン」を「団子の屋台」で観察中です。 #けものフレンズぱびりおん https://t.co/czLXCp60JA https://t.co/x8CEC3iFfA'
観察,'今日は本業（医療系）の仕事がバタバタした💦\u3000この仕事は、観察力👀\u3000判断力✨\u3000行動力💪\u3000が重要。\nやりたいことがやり続ける環境づくりは大切\nバタバタ動いていたから体が疲れた\n今日はもう目が閉じそう•••'
観察,'昨日今日での観察日記\n・ミナはお腹がすくと機嫌が悪い(前からそうですが…)\n・ミナが拒否ってないのに、ショウがマウントをやめてしまう。(経験不足?)\n・本来結合状態の時のフル勃起cncn初めて見た\n・精液さらさら(2種類あるんでしたっけ?)\nでした。'
観察,'すかさず水漬けアピール、やっぱり観察垢みてるんですかね'
観察,'兵太夫！おはよう！朝から元気に兵ちゃんの寝起きを観察！あ、ちょ、怒らないで！'
観察,'クルミ:お嬢様が九頭竜京摩のことしか言わなくなった時期があり、心配になって九頭竜京摩という存在を観察して記録していた時期がありました。今でもたまに癖でやってしまいます。'
観察,'スウェーデン\u3000145人がMIS-C\n\n平均年齢8歳\n今年に入って急増\n60−75％がICUに入院必要\n国内に死者はいない\n症状が長引く子も\n2年間経過観察の予定\n\n16歳のデニスMIS-Cで11日間入院\nプレスクールの教員の母親か… https://t.co/XrYUmkObH8'
観察,'@musu_hl 私も初めての時緊張して挙動不審だった😂\n周りのハロオタを観察するべし笑'
観察,'今日も今日とて観察 https://t.co/gVcn7PhkTm #不定期配信'
観察,'人間観察が趣味なのか？と思うくらい \n人の顔や行動をずっとチェックしてる人がいる'
観察,"'大和博士の場合は""記録""係だったやつらが軒並み狂って観察対象を殺し続けるようになったので今はそういうのなくなってるパターン'"
観察,'@7x2x50 最初の元ツイあるじゃん、あれ昼に見た時普通に写真かな？レイヤーさんがやったのかな？って流してしまってたが今見たらあおちゃんだったので度肝抜かれてるとこ\u3000絵も上手いが絵自体の質感と衣装の細部までの観察力と捉え方、それ… https://t.co/9vbUr3o5IF'
観察,'自分の方向性や生き方を決めてきた過去を振り返ることで、自分の思考パターンの癖を客観的に観察することができる #孤独を楽しむ力  https://t.co/kDWyizX09R'
観察,'#MK8D #NintendoSwitch\nスナイプ観察日記11枚目 https://t.co/FNaUSG12K6'
観察,'槍ゴブよく見て気付いた事\n髪の毛生えてるぞ\nほらなー新しい発見もあるしよく観察する事は大事なんやて'
観察,'@Haruhito_BAK 一応読みましたが「30分10人ずつぐらい観察したらウイルス少ないから多分マスク効果あるわ」と「気候無視したらマスクで10万人あたり140人減ったわ」と「2020/4〜5月だけで見たら効果あるわ」です。こ… https://t.co/pueFViPnl2'
観察,'ニャンニャンミアウの猫の日②\n\n兄さんに観察されているのは\nねこかそれとも……\n\n#ことばあそび_へ夕PD https://t.co/4HywRUMkkD'
観察,'ゆーちゃんと山風と浜波を同じ部屋に入れて観察したい'
観察,'現実的、論理的、現場主義、鋭い観察力、賢い選択…のあたりでもうやばい助けて助けて助けて助けて助けてって感じ'
観察,'私もあの世界のモブになったら獣人観察する…'
観察,'先日、精密検査結果を聞いて治療方針を決める父の診察に同行。幸い転移はなく以前から経過観察していた肺がんの治療だけで済みそう。手術が可能な状況なので父は希望した。\n\n診察後、父は最悪の場合も考えていたらしくホッとしていた。\n私もいろいろと考え込んでいたせいで、前日は寝られなかった。'
観察,'電子コミック大賞2021 異世界部門受賞!「自称悪役令嬢な婚約者の観察記録。」おめでとうございます! https://t.co/CiKlQlhiNE #電子コミック大賞2021 #蓮見ナツメ #しき @comic_cmoaから'
観察,'お兄ちゃん観察日記、今日はお兄ちゃんのお尻の毛を綺麗に剃りました。暴れたら怪我するのが分かってるみたいで、お風呂マットの上でずっと赤ちゃんみたいにあんよ上げててくれました！えらいぞお兄ちゃん！'
観察,'@siki4312 「暇つぶしに怪異観察ですか。アハハ、そんなに暇ならきさらぎ駅を退治しにでも行けばいいんじゃないですカ？\nそもそも、私の方が海外でも有名なので上かと。(マウント)\n能力についてはまあ、その通りデスが…」\nって、常… https://t.co/1NQK5X3Czv'
観察,'そろそろ寝る時間じゃないですか？\n俺？俺は荒北さんの寝相観察するのに忙しいんで'
観察,'@yukihyoukai そうよね😊観察は必要なのよね‼️\n\n琥珀も腎不全になってからは、トイレのたびに観察してる😅'
観察,'毎年恒例のそろそろぎゃー為替落ちて来てる〜⁉︎ってなる場面です。（1分足だから少々オーバーリアクションに見える。）本来は、日足、週足を観察すべし。ちなみに4月くらいまでは株も為替も下がり相場になるので様子を見て、動きが落ち着いて新… https://t.co/DUmDHXIMhc'
観察,'人、人間観察が好きなのかなぁ〜。\n\nお二人、全く違うタイプだから面白い！'
観察,'観察する時間だ、やばい準備しないと'
観察,'@haa_yyyi たしかに。\n鋭い観察力(笑)'
観察,'ケモショタが弱っていくさまを観察したい'
観察,'この芸術作品が、陳述可能な芸術的特色を持つのは、一般にそれがひとつの“芸術的”かまえにおいて観察されるばあいに限られるし、またそれがある一定の芸術的特色であるのは、それがある特定のかまえによって見られるばあいに限られる。\n美術への洞察199'
観察,'有都「おや、もうこんな時間か・・・。観察結果をまとめていると、一日があっという間だ」'
観察,'珍獣観察…？珍獣ではないです珍獣度で言えばぴさんの方が'
観察,'@tamamushe 町田には「～谷戸」って場所が数ケ所も！\n記憶では、里山風になっていて、子供達の観察場のような感じでした。水路にカワニナがいて蛍の幼虫の餌になるとか…その芹ヶ谷公園なのかな？有難うございました🙇\u200d♀️'
観察,'術後の経過観察でカラーつけられて帰って来ためけ、不便そうで申し訳ないけどおもろ可愛い https://t.co/lBC2MJmuE0'
観察,'学校というのはですね、実は、昆虫の観察をするには、非常に適した場所なんですよ。小さな昆虫にとっては、校舎全体が、巨大なトラップ箱みたいなもんですしね。前には北校舎の三階で、何と、ヒメマイマイカブリを見つけたことさえありましたよ！信じられますか？だって、やつら、飛べないのに！'
観察,'自分はやたら他人を観察して色々考える癖があって、相手も同じようなことを考えてると思うと怖くて何もできなくなるんだけど分かる奴おる？'
観察,'気づく力ってみんながみんな\nあるわけではないですよね😀\n\n部活の時\n僕は比較的気づく力があったので\n一人ぼっちになっている後輩がいると\n話しかけに行って輪に入れてあげました\n\n周りの状況を判断して行動する力は\n生きていくうえで必須… https://t.co/2lGl2bbttj'
観察,'豚の観察日記スタートするの！'
観察,'みんなの話し方をよく観察することも大切だ。\nそして話の内容もよく聴くこと。そうするとおそらく気付くだろう。意外と私の方がうまいかも、と。'
観察,'事故や事件の報道を耳にすると大変気の毒に思います。星間文明の技術提供は不可なので、私はあなた方がどのようにそれらを防止するかを観察していきます。'
観察,'やっぱり、買い時だ！嬉しい！という気持ちにはとてもなれないよな。\nこのメンタリティを自己観察して今後の売買に活かしたい。'
観察,'@wanimaruwani1 こんばんは😆✨\n率直なご意見、思わず笑ってしまいました……ありがとうございますっ🤣‼️\nお耳の可動域ってすごいですよね、ついついじーっと観察してしまいます😳💡'
観察,'@mikan_no_suke とうもろこし観察'
観察,'【クリエン】シエラ「私じゃなく、マイセンを観察しなさいよ」ミハエル「してきたよ。マイセンが寝る時は大抵が隣のベッドだから、そこからじいっと観察してるんだ」 瞳孔の開いた赤い目が隣のベッドから覗いている。瞬きもせず、朝まで無言で自分の事を凝視し続ける。…踏まれるのとどっちが嫌だろう'
観察,'ここ1ヶ月くらいでそういう状態がきになり始めました\n性格は甘えた、ビビり、内弁慶なので、自分の機嫌だけ？上下関係逆転？とも考えましたが嫌がって逃げる際目に見えてガタガタ震えたりもします\n基礎疾患に門脈シャントがあるため、食事や排泄… https://t.co/Hys6sveyRH'
観察,'@0623Photonom やっと思いが届いた感じです。風でヘヤースタイルが乱れる小鳥さんを観察するのは楽しいですね😊'
観察,'春らしくなってきましたね😀\nバードリサーチの『調査研究支援プロジェクト』に参加しています。\nコロナが心配だけどなんとか #ツバメ の繁殖の調査をしたいです。\n\n🐦🐦ツバメの観察記録も募集しています！🐦🐦\n#小笠原、#伊豆諸島 の島… https://t.co/AYsGnWOTRZ'
観察,'自称悪役令嬢な婚約者の観察記録。 | 公式Web漫画 | アルファポリス\n\n最近Kindleに入れたお気に入りの漫画\nよくある乙女ゲーに転生した女の子が悪役令嬢…ってやつなんだけど、とにかくこの自称悪役令嬢が素直可愛いので愛しくて… https://t.co/mV3gE9d2c2'
観察,'なりきりを始めたいと思う方は他のなりきりさんを観察したりネットで「Twitter\u3000なりきり」と調べてからなりきりを始めると失敗が少なくなりますよ！'
観察,'珍獣観察のノリでかぷりこさんフォローしたらフォロバされてわろてる\xa0どうもよろしくおねがいします'
観察,'また息抜きに仮面ライダーの絵描きたいなと思いつつ描きたいライダーのマスクと肩の構造を何故か観察したりしている。'
観察,'@BitterCandy_LG 毎日この場所でフリーズするんですよ～😅20分くらいお互い観察しあいます🔎大人しい子で、私の過剰な愛にも忍耐強いです🤣'
観察,'そっか，明後日はバス観察をすべきなのか'
観察,'@initial33a DRZのワッシャーを用意してもらって、観察したんですが、スプラインがスプロケから飛び出してないんで、かかりません… https://t.co/9aki3F95l4'
観察,'「私たちは、何者かになんてなれない」\nこういうやたらと俯瞰してる人、いるな〜って思い浮かんじゃったりして、だけど自分もまた自分のカッコ悪い部分を認めてがむしゃらに生きてるか考えさせられたりして。\n「観察者」ぶらず他の誰でもない「自… https://t.co/P1YOiDy3V6'
観察,'@nisijou 西條さんまたもネリゴ家を描いてくださって本当にありがとうございます…！！永劫足向けて寝られません…🙏\nルアのヘッドフォンなんて特に私でさえ面倒に思ってしまうのに、丁寧に絵にしてくださって！しかもあまり詳しく描いて… https://t.co/wcAFAcckcQ'
観察,'ヤ90(15t積積付試験用試験車)\nワム50000より改造。運転、入れ替え時の荷崩れを観察するため、片側の側板が硬質塩化ビニルに変更されている。また、速度記録用に速度計（車軸発電式）もついている。'
観察,'気づく力ってみんながみんな\nあるわけではないですよね😀\n\n部活の時\n僕は比較的気づく力があったので\n一人ぼっちになっている後輩がいると\n話しかけに行って輪に入れてあげました\n\n周りの状況を判断して行動する力は\n生きていくうえで必須… https://t.co/dL4y7eIMCd'
観察,'広瀬すず、初共演の海老蔵から観察されて「恥ずかしいです(笑)」 | マイナビニュース\n#広瀬すず\n https://t.co/MvQI7dTg3k'
観察,'健康観察記録表なんて知らないんだけど何それ必要？'
観察,'木陰と母さんに隠れてこちらを観察中🐽\nhttps://t.co/5uEnpbCoKM\n#うりぼう\n#イノシシ\n#親子 https://t.co/aJpwxo2X2p'
観察,'@huwa2_himawari リーゼロッテはかわいいの一言に尽きますｗｗｗ\nオススメというか、妙にハマった漫画で、悪役令嬢（になろうとしてる令嬢）の話なんですがｗ\n「自称悪役令嬢な婚約者の観察記録」ってゆー漫画ですｗ\nちょっとベクトルはおかしいですがｗｗｗ'
観察,'2021/02/20 フラリエ\nルーマジゆなさんを観察中の📸🤦🏽\u200d♂️🤣 https://t.co/1lpbQCFE8Q'
観察,'@nalvish_03120_ @bbrightvc いやいや画質全然悪く無いし固まってるのが面白可愛いよー😂🐈🐾雛ちゃんを観察してる感じが伝わった💓\nあとフローリングぴかぴかで素敵！キレイにしてるの偉いっ🥺🙌\n\nなるほど毛糸で🏉！取って来いする子なんだね💓きゃわいいー🥳💓'
観察,'@mugitora__xxx おお！薬剤師さんでしたか。看護師はすごい相手の行動観察をして気遣いできるのですが、その分、私に求めるものが厳しいところが💦娘は1歳になったばかり、結婚してすぐに単身赴任で同居をしていなかったので、今愛… https://t.co/eS9r5UEq3m'
観察,'#旅にいけないので過去旅を振り返る\n\n奥多摩\u30002019年9月\n\n天高く広がる森\nせせらぎの小川と滝\n大スケールの鍾乳洞\n大地のねじれを観察できる岩盤\n\n奥多摩はいいぞー！\nまたみんなで行こう行こう https://t.co/RpHG0FNh3r'
観察,'毎日観察して日記つけたい'
観察,'@kuryu_96 ٩(ˊᗜˋ*)و←  やった〜！！嬉しいです💖なんと....そこが人間観察スポットですね！！！！待ち合わせ場所はそこで！！！ｸﾊｯ....(  ´ཫ`  )そのシチュ最高では！？！？考えただけで吐血が....←'
観察,'ビジネスいたーいばち江、その後極上が赤也にボール当てるところではじっと観察してて怖いんですよね'
観察,'私自身は、平畑先生に助言頂いてから休職して自宅静養を続け、だいぶ落ち着いた感じが… たまに昨日みたいに脳がヒートアップし過ぎるとダメだけど。あと亜鉛、意外と助けられてたかも。\n自分で自分の身体を観察してみて、平畑先生へその経過を伝… https://t.co/ehbwJSz6A4'
観察,'@miyainu37 興味本意で膜破って観察して見ました💩😂'
観察,'Clubhouseが如実に過疎ってきていて、自分も飽きているんですけど、士業の知り合いが増やせるのはメリットですし、何だかんだ、一つのSNSの栄枯盛衰を短期間で目にできるのが、傍観者として面白いです。\n\nまあ、ビットコインみたいに… https://t.co/5WkS51JEks'
観察,'@katchan_0812 そだねwww取り敢えず大人しく状況観察しとくwww'
観察,'1話から改めて観て思ったけどレキくんてめちゃくちゃ観察眼すごいしボードも作れるし根明コミュ強で圧倒的に光だしレキくんがいなきゃランガくんがあんなに輝けなかったわけだし、スケボーだって普通に上手い方だと思うんだけど比べる相手がレベチすぎて劣等感バリバリなの不憫すぎてつら'
観察,'何だろうねネタだから面白く見せてるが\n\n観察して、それネタにして披露して\n\nなんか上から目線的な…'
観察,'@K8Sf6 いいですね〜‼︎依頼を受けて名前を確認したときに「えっ⁈」ってなってますね😊✨知り合いからの依頼とあればより一層気合い入れます♪♪\nにこにこしながらリネスさんを観察してますね😊❤️助けを求められたら「…無理に止めなく… https://t.co/i8qyaHOfiV'
観察,'@U_KAZUYA そして野鳥観察キャンプを始めるのですね。'
観察,'帰り道に街灯近くを散歩するだけで、光を読み取る観察力が身につきそう。ただ、時間が秒で過ぎていきそう。'
観察,'@pakipaki27 @hanaikusa そうしてほしい！！！！！観察日記つけて写真まで取ってほしいです！！！'
観察,'@ryokucha_bnfk そうなのよ！！他の方の情報によると、夏夏＋玲、夏→玲←夏、あとは夏夏サンドとか色々あるみたい！ちょっとこれから皆なんて呼んでるのかよく観察したいと思います👀'
観察,'@wokashi_PON なるほど、、！すごく参考になりました🙇\u200d♀️羽衣ちゃん独特のくせのようなものかもなんですね、、\n他の具合など様々なところをしっかり観察して病院も検討しようと思います！ありがとうございます🥲✨'
観察,'にょたゆりは最高だなあァ！！！！！！！！可愛いの宝庫、すき、可愛い…………………………………………天使を観察する会会長になりました(自称) https://t.co/QcLtUK3mTr'
観察,'YouTubeのチャンネルごとの人気の違いみてて思ったけど、ルッキズムも男性女性のジェンダーバイアスみたいなものも、みんなが前もって意識してるものじゃなくて、社会のなかで暗に通底している原理なんだよねたぶん。社会をじっと観察すれば… https://t.co/eiXplDsiss'
観察,'俯瞰して自分を見ることって大事なのは間違いない一方で突き詰めれば宇宙のなかで一つの点にさえ満たないあってもなくてもよい様なもの、としての境地に辿り着くことは必ずしも必要でなく、いま生きている私を例えば二時間置いて観察してもそれは意味合いが全く異なる生であると思ったけど〜違うかも！'
観察,'漫画を描いているときの人間の脳内を観察したい\u3000何が見えてんだ'
観察,'円錐切除でとった部分が悪性ではなかったので体力回復して腹腔鏡手術で子宮全摘してもらえれば生理とも子宮ともオサラバ！やっと自分の快適な人生がこれから！と思っていたところにこのコロナ禍…\n\n経過観察出来る状態であるため全摘手術は当分延期\n5ヶ月に1回の内診、癌検査は続く。。。'
