遺跡,'今日食材捌いてたら1日終わった…別に遊んでたとかじゃない…本当に食材の買い出しと下処理だけで12時間も…12時間…??遺跡潜れる…'
遺跡,'西沼田遺跡に行きたい'
遺跡,'秘境のは嫌いだけどフィールドさまよってる遺跡守衛は好き。ダメージ見るための試し斬りに丁度いい'
遺跡,'ゼスティリア、動画で少しずつ履修してて今日見終わりました\n\nスレイとミクリオの背負わされてたもの大きすぎ…でも最後のあの決断はスレイらしかったし、待ってたミクリオも彼らしかったと思いました\n\nけっこうつらい展開が多かったので(特に… https://t.co/bPF7V5uKRv'
遺跡,'ななちゃんとたるほたび！純水精霊戦とヴィシャップ戦と遺跡守衛の群れをお手伝いしてもらって、海灯祭デートしてきたよ(*´˘`*)\n①純水精霊戦で帝君と甘雨ちゃんの共闘\n②たるほたフライトデート\n③霄灯飛ばした\n④公子様のお手並み拝見 https://t.co/avZFuoSaSR'
遺跡,'#ボードゲーム 凄く気になりつつも予約断念したアルナックの失われし遺跡。凄くクトゥルフっぽくて好みと思ってたら先輩の感想で、やはりクトゥルフっぽさあり。去年衝撃だった北海の侵略者もエンデバーもワカプレ+冒険要素が好みなので今後も出して欲しいし、ワカプレ+クトゥルフが出るのが夢！'
遺跡,'一ノ瀬「今日も、遺跡に異変は無し……と。寝よう。」'
遺跡,'あら、もうこんな時間。私は先に眠ります。今日も遺跡管理官のお勤め、ご苦労様。役立たずにしては頑張ったんじゃない？'
遺跡,'アルナックの失われし遺跡。遺跡を探索して発掘したり妖怪をどついたり研究して論文書いたりするワーカープレイスメント+デッキ構築+資源管理。馴染みのフィーチャーの組み合わせだが、むっちゃおもろい。スゲーのが出てきたなあ。 https://t.co/sDvGvX5I7F'
遺跡,'@aboaboppp ！！！！？！！！\nもう遺跡守衛でおなかいっぱいですけど？？\nさらにきつい……？？？？？！！！\nうええありがとうあぼ😭😭😭\nその時がきたら絶望のDM送ります……'
遺跡,'原神のデイリーと濃縮樹脂で遺跡……_(\u3000_*`ω､)_ﾈﾑｲ'
遺跡,"'3,4年前ぐらいに結構バズってた気がするしもう遺跡レベルだろ'"
遺跡,'（Bloody Moon Vampireの伴奏が流れる）\n🐾:あ、ぺぺちゃが死んじゃう、ギリで止めた...尊い犠牲が出るとこだった...\n🥬:トイレに遺跡？？？？？？'
遺跡,"'「わかの観戦日記」にも\n""「スカイフィールド」とはよく言ったもので、山の頂に上り、グラウンドを見下ろせばマチュピチュ遺跡の空中都市そのものである。""\nとあって腹抱えて笑った。カメラマンさんに「今度一緒に行きましょうよ」って誘ったら… https://t.co/JmM1eLh1OK'"
遺跡,'@Momiji12130 ちなみに事故物件だったりとかしない？\n元々遺跡があって…とかも'
遺跡,'ここの解釈がこうだとすると、ここに矛盾が生じるが……\n\u3000いや、ここはこの解釈で間違いないからここが……\n（遺跡の古い文書をみて考察中）'
遺跡,'DQ8「闇の遺跡」を聴きに来た\n\n#DQ10BGM https://t.co/48YnGnntvO'
遺跡,'FF15過去に戻ってきてからなんか今までに見たことのない場所がちょっとあるんだよなー。\n\n遺跡跡地っぽいところとか。\n\n宝石の人のクエストで行こうとして入り口が分からんくて諦めたんやけど、また探さんとね。'
遺跡,'青森には三内丸山遺跡とかあるから縄文の顔はめなのか、気づかなかった笑\n#柱NIGHT'
遺跡,'@kurea_707 遺跡調査ってのをやるとプリンセスハートってのが取れて(今は生放送プレゼントで100個持ってる筈)、それとメモピ50個を使って専用装備が付けれる\nなお専用装備を付けるにはランク7以上であることが条件である\n専用… https://t.co/j6AQk6xR6T'
遺跡,'古代遺跡から3dsだしてきた'
遺跡,'三内丸山遺跡は、縄文時代の前期から中期の集落遺跡で、青森市西部にあるんだよ。'
遺跡,'遺跡ハンター×５体防衛きつ・・'
遺跡,'昨日土曜は、FVTTオンセ工房さんの「竜祭」DMでした。\n遺跡の像や亡霊？と邂逅した後、ようやく目的の物を入手した一行は無事街へ帰還。\n少しだけ時間に余裕ができたのでエキストラ遭遇も楽しんでいただきました！すぐモンスター用意できる… https://t.co/2p3PUC3SM7'
遺跡,'TOZ\nミクリオ\n\nスレイの相方はお前しかいない\n陪審契約のとこ胸熱だった\nアニメ版でエピリオとスレイが再会出来たのほんとに良かったです これからも2人でいっぱい遺跡探検してくれ………………'
遺跡,'生きている遺跡巡りだな。'
遺跡,'80まで行ったんで、明日は遺跡攻略してきます……'
遺跡,'結局、遺跡に潜ることなくベアルファレス復帰初日が終わりそう。やり直し前提のお試しおざなりプレイで、序盤だけ軽く遊ぼうと思ってたんだが。\nともかく、初手はアクション勘を取り戻すのに、扱いやすい武器を選びたいから、大剣主人公選んで細剣使えるエレアノール落としにいくか'
遺跡,'推しは基本何してもかわいいけど、あたしは史跡ｦﾀなので遺跡破壊した時はさすがに「ｵｵﾝ」とはなったよ'
遺跡,'@kokeshijirou 東伏見界隈、懐かしい。旧保谷市の埼玉県との境に住んでいたけど、ピアノのレッスンに富士街道を経由して東伏見まで毎週自転車を走らせてたよ、当時この遺跡は発掘されてなかったかな…国史跡なら行ってみたい。'
遺跡,'@SACREDRUSH89 遺跡はまあ仕方ないですね😂俺も正直陰キャするほうが勝てると思ってるので‥w'
遺跡,'@setsu_fs628 やばいボスどころか遺跡守衛すら瀕死になるww'
遺跡,'帰離のお宝やり始めたけどこれって最後にあそこに居た遺跡守衛3体と戦うやつじゃない？\nやらかした。\nさすがにまだ3体調同時は無理がある。。'
遺跡,'夢島は大鷲の塔あたり、ふしぎの木の実は大地が古代の遺跡で時空が人魚の洞窟あたりで詰まったはず'
遺跡,'#柱NIGHT\n三内丸山遺跡かな'
遺跡,'デザインドライブ、ハルトマンの妖怪少女、\n感情の摩天楼目当てで鳥船遺跡買ったけど\n夜空のユーフォーロマンスばっか聴いてる\n大好き'
遺跡,'遺跡守衛と遺跡ハンター合わせて5体同時にどうぞってなんだよ💢💢💢💢💢'
遺跡,'Day4スコータイ歴史公園\u3000台は世界遺産が横たわる街、スコータイ。\n\n今回は数多くの遺跡が眠る歴史公園を舞台に…\u3000https://t.co/iKd3OQdafy'
遺跡,'@heibonta01 お疲れ様でした！また機会があればやりたいですね😊\n遺跡をゲームから消してから'
遺跡,'@nakaji0719 遺跡発掘\nイベント準備\n銭湯掃除\nホームセンター\n詰め合わせ\nバイトだけでも結構やってますね\n派遣とか合わせると10職以上いってます'
遺跡,'@kurea_707 なるほど、遺跡調査は9章からか\nまあ生放送のやつでプリンセスハート貰ってるから問題ないと思うゾ'
遺跡,'ホテルの周りにまだ建設途中の競技施設が多々あって、マジでこれどうすんだろ。できた瞬間から実質遺跡。筋金入りのレガシー。'
遺跡,'@tiro_ruru あの岩のやつで手こずったからその後遺跡ハンター来るの！？って絶望した…'
遺跡,'クエストの宝箱探しのやつ \n冒険者協会が用意したらしいけど\n遺跡ハンター準備して56しに来てるのわろける'
遺跡,'クラウザー再会QTE戦で2回死んでるので遺跡戦7回死亡で合計9回。レオンごめんよう。QTEめちゃ苦手(；´Д`A\n昨日何時間もやってできなかった（特に頂上戦）のがナイフ下段攻撃十数回で……wまあラッキーもありましたが。途中一回何故… https://t.co/CXHqRM0N2s'
遺跡,'遺跡ハンターくんだっけ'
遺跡,'💫Amazon新着情報\n\n新着🏆ランキング\n➡https://t.co/poRyVbDDw2\n\nアルナックの失われし遺跡\nhttps://t.co/Y8ehKKPnM1\n\nパレオ 人類の黎明… https://t.co/RlhzrCUa9B'
遺跡,'私原神始めたての頃、ガイアの伝説任務で初めて出会った遺跡守衛にめちゃくちゃ苦労したんだけど、今思うとあれをガイアにずっと見られてたと考えるとすっごいムカつく！'
遺跡,'蟹漁しにきただけなのに宝箱は埋まってるし遺跡守衛動くの知らなかったしで意外とやってなかった🦀🦀 https://t.co/up0EOg6y4Y'
遺跡,'今日初めてえのき様と喧嘩？ギクシャクした(´•̥ω•̥｀)\nめんどくさい女で申し訳… そんで、たぬぬほんまにごめんすぎた！！！\n\n無事仲直りというかお互いの気持ち言い合えて元通りになりました♡\nえのきたまいつもありがと〜( ˘͈… https://t.co/CAZJlzrvZe'
遺跡,'キッズぼく、冒険始まる前の遺跡がよくわかんなくて2時間かかった'
遺跡,'反重力の世界「TR-3B」と超古代文明の地下遺跡。 https://t.co/XgPbgRMZc9'
遺跡,'遺跡守衛くん昨日駆逐したわ……それでも足りなくて何回かハンターの方も倒した'
遺跡,"'44,ミュラー･セフィスを加入させるために行く遺跡の名は？'"
遺跡,'まだ数が多いから集めやすいのが救いですね、宝刀団とスライム。遺跡守衛とかトリックフラワーとかだとかなりシンドイことに。'
遺跡,'魈くんお迎えしてから、相手が風無効じゃなければ割と楽勝になってきたな。問題は遺跡ハンターの行動よ…元素爆発使ったら、なぜか空中ミサイルばかりしてきて降りてこなくなるから時間かかる…( ´･ω･`)'
遺跡,'２戦目は土地に関係したカードを使用して戦うデッキです(;￣ー￣A\n\n遺跡カニでLOを狙うか、硬鎧の大群の物量で倒すか、大群の数を利用して玄武岩の荒廃者でバーンで倒しに行くこともあります(;￣ー￣A\n\nどちらのデッキも判断が甘くて事… https://t.co/prywojjWSV'
遺跡,'@koppe_p3 ぺぱちゃん今度アイテム有りとかでやろう！\nでも幕オン2本当楽ｼｶｯﾀﾈ…遺跡ｲｷﾀｲ…ｼﾞｬｶﾞ坂ｺﾞﾏﾐｹ…ﾏﾀｲｺﾈ'
遺跡,'で、できたあ……プロフェッショナルモードの遺跡のクラウザー戦……心が折れかけてたわ……ロケラン買っちゃったわ……（当てられないので無用の長物w）Yahoo知◯袋の回答欄参考にさせて貰った……ひたすらナイフ下段攻撃せよ！これで頂上戦… https://t.co/FPkNhTaMPs'
遺跡,'@ringomusic_sf 是川遺跡博物館は映画ライアの祈りの舞台ですね\n合掌土偶展示室が映画で見た映像と同じで感動したけど当たり前か。'
遺跡,'この後すぐに世界が滅びたとして、遺跡調査したときに中心地(首都)扱いされるのってどこだろう\n案外ドバイとかじゃないか\n建物が派手だし'
遺跡,'ただし、この壺型電池が発見されたバグダッド周辺からはパルティア帝国の人々が金メッキ加工を使っていたと証明するものは発見されていません。\nしかし、パルティア帝国以前のシュメール文化の遺跡からは、金メッキ加工されているとしか思えないような工芸品が多数出土しているのです。'
遺跡,'@asaki_papa なるほど〜\n1個人の見解でしかないけど吉野ヶ里遺跡等の環濠集落から五稜郭位までが城の分類に入ると思います。（日本百名城がそうだから）\nあと、城一つ一つを世界遺産にするのではなく城という文化を世界遺産にすれば… https://t.co/wAu318fB7e'
遺跡,'@tomoxxx336 ( ˘ω˘ ) ｽﾔｧ…\n太山府っていう天賦ｩの遺跡、水が欲しいですね……………\nま！！赤い石は大歓迎ですわ！！！！'
遺跡,'ラテラルの遺跡のところとか、弟さんの好みからして。\nとはいえエネルギー問題に視点を当てた場合のザシザマって必須ではないと思うんだよな。ここでいう必須って代替不可って意味でね。抑止力はいると思うんで。そこで彼はわんわんの代わりに強いトレーナーを求めた。👑dndと、彼に匹敵するような'
遺跡,'遺跡1グレイ、一生儀式とアウトレンジベースアタックしてれば良くね？って気持ちになってきた'
遺跡,'登呂遺跡の田んぼで捕まえたカエルを学校に持ってきてみんなで育てようとするも、ランドセルロッカーの上で放置'
遺跡,'遺跡で2人がなんか知らんけど呪文分かっちゃったのホント草'
遺跡,'ホバリングになった遺跡ハンターの目ん玉届くくらいは跳べる'
遺跡,'福井県。\n県庁所在地は福井市。\n面積は4190k㎡。\n名所：東尋坊、一乗谷朝倉氏遺跡、永平寺、三方五湖など。\n福井県出身の人物：南部陽一郎、住友政友、松平春嶽など。#都道府県'
遺跡,'強くなったので遺跡守衛×4毎日狩りに来てる https://t.co/KojIKMtp2Q'
遺跡,'「カンナギ遺跡にあった壁画を覚えてる？」'
遺跡,'謎のストーンサークル・施帯文石・墳丘墓の楯築遺跡 https://t.co/rYvjX48AX5 #r_blog'
遺跡,'だんだん遺跡と森がやばげな建造物になるのこわかったね'
遺跡,'歴史と森のサウナ・廃墟のアート・お茶をセットで体験する、九州・御船山楽園の「チームラボ 廃墟と遺跡 : 淋汗茶の湯」、サウナ後の休息の時をより深いものにするEN TEA「月茶」を提供開始 - チームラボ… https://t.co/Xm5NJXjssW'
遺跡,'雪山の真ん中の遺跡に行きたいんですが迷子'
遺跡,'色アクジキングさんいきなりガラルに飛ばされて一番にあげられる姿が遺跡の支柱に引っかかって動けない姿なのは申し訳ない\n責任持ってダイマックスさせて暴れてもらうんで'
遺跡,'都市遺跡で必殺技ボーナス引いた時は号泣したけど結果的にメテオ出せてよかったﾅ〜😌🙏🏻'
遺跡,'5つ目の遺跡ボスでやられてしまったので調合またしないとな。防具まともに作ってないのと回復が少ないかな。'
遺跡,'@siu_romanofu1_6 はい！…まあ獅子王の遺跡自体択はたくさんあるので試してみてくださいな'
遺跡,'@gata0_0 最早あれは遺跡だから…やなせ推し本当笑うありがとう！アポロくんも約10周年おめでとう🍓'
遺跡,'遺跡ハンター出るって知らんくて弓連れてきてなくて詰んでるが'
遺跡,'明日マジで何億年ぶりの外出？東京が古代文明の遺跡みたいになってたりしない？'
遺跡,'んで今やってるデータがシードがヤバかったらしく\n初期地点直下付近にダイヤ7つ\n湿地帯隣接(スライム狩が楽)\n海隣接(船+遺跡発見済)\n初期地点付近に廃ネザーゲート(？)\nと中々のイージーになってるw\n\n入れてから一つ目やぞ！w\n運を大概消費した気がしてならねぇ…'
遺跡,'@C37A92wss6MKzL9 ありがとうございます🤗\n最初遺跡の方を見てました😅'
遺跡,'「富士山」\n縄文の人たちも見た富士山🗻\n三殿台遺跡@横浜市磯子区\n#ちゃらぽこTwitter散歩会 https://t.co/K9VPogcQqF'
遺跡,'モンド付近の広い遺跡辺りから見える離れ島\u3000やっとのことでたどり着いたのに\u3000風元素必要ぽくて泣いてる\u3000岩だよいま'
遺跡,'https://t.co/dyz1pfksHm\n「魔王と魔法使いはかくて勇者を殺し、世界を破滅へと導いた」更新しました！\n#narou #narouN7453GK \n\n次回から遺跡内部の話になります。冒頭で少し揉めるでしょうが。… https://t.co/u4jrZdqkQ5'
遺跡,'ロレーナと遺跡の国 ～銃と魔法のトレジャーハンター～/しめなわん https://t.co/eU2EdAFiIS #DLsite'
遺跡,"'どうして精鋭魔物は2,3分で復活するのに遺跡守衛は復活しないんですか'"
遺跡,'@ie_zukuri 家ヅクリオンは古代遺跡なんかよりもっと大事なモン、守ってンだろ‼️\nアフロにうっうーが買ってくれたマックのポテト忍ばせといたんで、帰宅したら確認してみてね'
遺跡,'今日の働きに免じて、次どこかの遺跡で会ったら、その時も私がこき使ってあげるわ'
遺跡,'プレイアブルキャラで遺跡ロボ欲しい'
遺跡,'@ogunma_soy えぇぇ〜!!? 確かに遺跡感はありましたが、まさか家とは!?'
遺跡,'地底遺跡ひたすら潜って56階まで来ちゃったけど特に用もないし帰るか'
遺跡,'@siu_romanofu1_6 うーん手元にレシピはないが確か遺跡3枚ぐらい使うレシピあったはず…ちょっと型落ちしてるかもだが'
遺跡,'@KADA_AKI アクア1→中央交通事故地帯\n\n遺跡3→たわけスイッチ\n\nからくり4→初動知らないは負け、防衛殺し、接敵約20秒\n\nパニック3→前衛殺しの超防衛有利マップ、アイテム少ない'
遺跡,'@Amagirisyoui 縄文の遺跡で、なぜか赤子だけが\nたしか13体ほど焼かれた跡地があります\n大人は女性一人\n争いの後なのか、疫病か、マジナイかは\n判別できませんが太古の時代\n何かあったのでしょうね～🍵\n\n母の愛は海より深い… https://t.co/SIXbPwMBeE'
遺跡,'氷刻晴、育成全く進んでないのに討伐懸賞の遺跡ハンター余裕で狩れるのつよい'
遺跡,'なあ、ゼノブレイドとかいうゲーム何これ。ほんまにwiiの時代でこんなゲーム作ってたん？？\n\nまだ最初の街着いて遺跡行こうってストーリーのその遺跡すらいってないくらいやのにサブクエで1時間以上遊んでるわ、フィールド駆け巡れるわめちゃくちゃおもろいやんけ。'
遺跡,'@Tai_hou_ya いえ、遺跡関連であってます。平城京の埋蔵文化財は豊富な地下水で酸素を遮断されているので腐敗が防がれているのですが、その地下水が減ると発掘する前に埋蔵物が失われる可能性が高いと言う話ですわ。'
遺跡,'ポンペイ遺跡で見つけた鍵ってもしかしてジョルカーに乗るためのキーだったのかな'
遺跡,'最後の遺跡の探究とロミィさんのシナリオが多分まだだからそれやって終了するかな。次はゼノブレイドDEだ。'
遺跡,'やっぱりお蕎麦の中で一番好きなのは朝倉氏遺跡の復原町並南側入り口にある越前朝倉そばの山菜おろしそばかなー！\n毎回具材が変わって今日は何がのってるかなって楽しみにしながら注文してます\nちなみに冬は寒いのでいつもあったかい山菜そばを食… https://t.co/OnygnJVSc8'
遺跡,'一瞬除いたけど、ドイブラン遺跡か？'
遺跡,'@rinza_touno 地下水かぁ…。\nてっきり遺跡関連かと…。'
遺跡,'21w07aマジでトライデント手に入らん\n光苔で光源ありすぎてい海底遺跡見つかんね'
遺跡,'眺めすぎて一生遺跡から出られない https://t.co/K1lywXEnnT'
遺跡,'原神一応おすすめ編成でイベント勧めらんないからその前の遺跡守ってるやつ倒そうとして最後まで行くんだけど倒しきれぬ...となる\n星五の武器がまだないのもあるけど何故か武器覚醒のとこ空いてない言われるのは何故だろう？空いてるはずだけど開けてないのかな？'
遺跡,'既知の遺跡初めてきてるんだけど、リケとミチルかわいすぎません？\nスポエピは未読'
遺跡,'@yuuzukiane 佑さんも行かれてましたか！\n結構沼津には遺跡が多いんだなーって知れて楽しかったです😆✨'
遺跡,'遺跡は全ステージで一番難易度低く設定してるつもりなんだけど多分現状意図通りにはなってない'
遺跡,'土砂で閉業になった廃ホテル。\n今でも取り残された土砂は、まるで遺跡のような演出に一役買っています。\nあと椅子が複数置かれた部屋があり、どことなく哀愁を感じる良きスポットでした。\nちょうど雪も降っており、そのせいか全体的に結構好きな… https://t.co/S4nDqvFR3B'
遺跡,'「ロレーナと遺跡の国」銃の扱い簡単だし狙うの苦手だったら近距離格闘で倒せるし魔法弾は跳ね返して遊べるしでエロ分無しでも結構楽しい(ｰωｰ'
遺跡,'NASAのクソコラ製造機を発見したので遺跡01-07を作りました\n#アッシュアームズ #アシュア https://t.co/nSvaxb6Xqs'
遺跡,'豊臣期大坂城ネタを漁ってて、以前につぶやいた別件のPDFを見つけるなど。 https://t.co/GWVesVrpkO \n\n全国遺跡報告総覧「ゆの山御てん」 （有馬温泉・湯山遺跡発掘調査の記録） https://t.co/uYrDaimanV'
遺跡,'やる気ある時に遺跡と海岸を釣りでフィーバー入れて掘ってれば、ヤーキスCOでウィークリー達成で1キャラ毎に1.2M＋肉野菜炒めの収入でそこそこ稼げたりする(つべとかブログで紹介されてるかもしれない)知らんけど。'
遺跡,'もっと遺跡でずっと冒険してんのかと思ったらカーチェイス始まった………まじか'
遺跡,'@159515yumekanau その後に中国北方系～朝鮮半島の一重瞼切れ長ツリ目遺伝子の所謂、渡来系民族が流入してきますよね。\n古墳時代。\n騎馬文化の流入と同時に。\n\n神奈川の高麗権現社や武蔵の高麗郡は高麗王若光由来の土地で、事… https://t.co/nByW3Bn2Vz'
遺跡,'獅子王の遺跡2枚しか無くて絶望してる'
遺跡,'お出かけツイートをミントに追加しました。\nあそこに出かけたのいつだっけ？っていうのを自分で振り返る用に、博物館や神社、遺跡などへ出かけた時の呟きをまとめているのですが、気になる方、いらっしゃいましたら覗いてやってくださいませ🙂\nhttps://t.co/4vtKlcgAv8'
遺跡,'魔神遺跡殺人事件'
遺跡,'熟成された肉塊無くて攻撃飯作れないお…バーニャ平原と崩れた遺跡それぞれ数時間放置周回しようかな。肉・卵・茸各500個は置いとかないと。 #グラクロ'
遺跡,'ヒューの父親って本当何してるのか解らない人で、魔法執行官に捜査協力してたりとか、南で遺跡調査に出ていたりとか、国境の無い医師団体に加盟して世界中周ったり、教鞭に立ていたり、研究機関に年単位で籠もってたり…。'
遺跡,'@sea_subwars たぶん遺跡の試合で共闘できたと思うんですが、あれは個人的にGGでした。今夜の数少ないGGではありますが😓'
遺跡,'テクマクマヤコンってアステカの遺跡かなんかにありそうな響きだ'
遺跡,'猫橋（ねこばし、ねこはし）\n猫橋は、以下に挙げる日本の橋梁または地名。\n\n埼玉県川口市を流れる竪川に架かる埼玉県道111号蕨桜町線の橋。また、橋の所在地である芝5丁目・芝新町一帯の通称。\n石川県加賀市の地名。弥生時代の集落跡「猫橋遺跡」で知られる。\n佐賀県三養基郡みやき町の橋梁'
遺跡,'俺が本物のトロイア遺跡発掘するから大学は今のうちに俺を合格にしといた方がええで'
遺跡,'ダイパのリメイクきたからBWのリメイクが来たときは海底遺跡の謎解明とレシラム、ゼクロム、キュレムが分かれる前のポケモンを教えてほしい\n英雄の為に分裂したという設定があるなら分裂する前の設定だってあのゲーフリが考えてないはずがない'
遺跡,'三つまたヶ原の遺跡、レジ系どっちも捕獲できると思ってとりあえずレジエレキから捕まえたらレジドラゴ捕まえられなくなって死んだ 2択なら後者のがよかった🥲'
遺跡,'経清「そう言えば #猫の日 か。以前、衣川の長者ヶ原廃寺遺跡の案内にこんなのがあったよ。今も猫ちゃん来るのかな？」\n義経「真面目な遺跡の説明のなかに突然のネコ」\n季春「ちなみに上の書いてある『しま模様に見える』は猫に関する説明では… https://t.co/v6Uz7vfeFh'
遺跡,'熊本の貝塚遺跡が3000年前の物だとしたら\u3000縄文晩期紀元前千年頃海水が塚原貝塚近くまで来ていた、縄文海進\n縄文遺跡が阿蘇外輪山辺り迄有るのはそのせいか?\n\n高遊原が一番気になる場所です、熊本阿蘇空港がある台地\n川が無く地下水も出な… https://t.co/MDS15BXaQb'
遺跡,'遺跡回しながらヾ(*´・ω・`*)おやすみなさぁ～ぃ\n画像はあたしじゃありません。笑 https://t.co/iWEZmuLBGr'
遺跡,'また2230コースキツイ(o´Д`)花粉もひどい🤥昨日のランチを見て元気を出すにゃ✨遺跡とかやらなきゃ(*ﾟﾛﾟ)ﾊｯ https://t.co/79oNjlUb6c'
遺跡,'@number8hiroshi 「日本の黒い霧」、1960年なんですねえ。清張の先見の明を感じますね。\n\n纒向遺跡で畿内説かと素人ながら感じてましたけど、九州説を再考しようかとｗ\u3000個人的に。'
遺跡,'遺跡ハンターはぶち犯されて掘られて野垂れ死んでほしい'
遺跡,'ハワイの海とかローマの遺跡とか、そんなの誰と行ったって楽しいでしょう。駅前の商店街で幸せが湧いてくるのはきっとあなたとだけね。'
遺跡,'遺跡ハンターやだやだ'
遺跡,'わしの住処の北側の愛鷹山麓には八兵衛洞遺跡や八兵衛屋敷遺跡などの大規模な集落遺跡がたくさんあってのう、足高尾遺跡群と呼ばれておるのじゃ。'
遺跡,'今カフェにいるんだけど目の前で面接？やってて「趣味の欄なんですけど…」って面接官が聞いたら「はい！！遺跡の発掘です！！」って答えててわたしと面接官同時にコーヒー吹いた ##おもしろ'
遺跡,'聖剣『クラウ・ソラス』、ある遺跡に眠っていた遺産。そこで出会った謎の賢者『タオファ』と出会い聖剣を授けられた。'
遺跡,'💫Amazon新着情報\n\n新着🏆ランキング\n➡https://t.co/poRyVbDDw2\n\nアルナックの失われし遺跡\nhttps://t.co/Y8ehKKPnM1\n\nパレオ 人類の黎明… https://t.co/4p1moK6eVi'
遺跡,'柿は弥生時代以降に桃や梅、杏子などとともに栽培種が大陸から伝来したものと考えられている。鎌倉時代の考古遺跡からは立木の検出事例があり、この頃には甘柿が作られ'
遺跡,'@_ymd_08 遺跡守衛がプレイアブルキャラに！？！？'
遺跡,'群馬出身の有名人\u3000相沢忠洋（考古学者・岩宿遺跡の発見者）'
遺跡,'アメリカのディズニーランドのアトラクション動画見てるんだけど、インディージョーンズは遺跡感を味わせるために空いてても無駄に歩かせるのは共通なのね😂'
遺跡,'考古学者\n・陽キャ\n・新しい遺跡が見つかったらしいんだ、良かったらおれと一緒に行かないか？\n・発掘作業等手先が器用\n・解析も好きだけど考察が好き\n・フィールドワーク大好きのフッ軽\n・遺跡は見るだけでもわくわくするんだ\n・歴史的建造物が多い峡谷が好き'
遺跡,'フライング遺跡'
遺跡,'天平時代には\n\n▪️秀工地遺跡に新たなお寺が\n\nそして\n▪️備後国分僧寺\n     一辺 180m四方の境内地\n     法起寺式伽藍配置'
遺跡,'あーあーまった馬鹿にしてんのかよ 俺にもうちょい期待しろって これほんとだから 砂漠遺跡を俺が間違えるわきゃあねーよ'
遺跡,'討伐しようと思ったら私の嫌いな遺跡ハンターだった🤯🤯'
遺跡,'@ShiroFami 石化重用してます🙇✨✨遺跡ハンター相手にとても心強い✨\nうん、法器にしよう！ありがとうまとまった！！'
遺跡,'八ヶ岳山麓に展開する縄文中期の遺跡群は、縄文王国ともいわれた。ここでは豪華絢爛な土器文化がはぐくまれ、出土した土器は有孔鍔付土器、釣手土器、香炉型土器など器種に富み、また、人や蛇、蛙などの文様が立体感溢れるように付されている。'
遺跡,'イザヤ、ハダル…私の城は遺跡じゃないんだけど…'
遺跡,'君たちが何を目的にこの遺跡にいるのかは知らない。私よりも大事な使命を持っているのかもしれない。'
遺跡,'アリーナもイベントもキツイなあ\n好きなキャラに集中して猫耳とか肉とか使ってるせいで\nアリーナ必要キャラの絆レベルも低いし遺跡低いし\n今回は4桁無理そう'
遺跡,'ショウで遺跡ハンター撃ち落とす神業見させてもらった😊ありがとう https://t.co/rduCYK5FqW'
遺跡,'看到遺跡惹！！\n #PS4share https://t.co/dJqxvNVk70'
遺跡,'右からいっつもニコニコでみんな思いなすからましゅくん✨\nオシャレが大好きでみんなに優しいしにょーらちゃん✨\n競争大好き！元気いっぱい！たるたりやくん✨\n遺跡守衛のお人形が大好きでお利口さんなどくとーるくん✨\nみんな良い子だヨ✨✨'
遺跡,'蛍術師のも揃ったしあとは明日の遺跡素材か'
遺跡,'【世界遺産】\n\n●ペルーのインカ帝国の遺跡は何か。\n\n解答：マチュ・ピチュ'
遺跡,'さっきのステージの遺跡着陸後から\n古いタイトルなので手に入るうちに入手していただければ https://t.co/AsNoflOF6k'
遺跡,'原神マルチ気になってはいるけども\n遺跡の謎を解けをクリアしてないからそもそもできない'
遺跡,'タルタルと遺跡守衛巡りを……しとうござる……'
遺跡,'全ての命は別の命と出会い、何かを生み出す\n━━ズイの遺跡\n\n全ての夢はもう一つの現実。それを忘れるべからず\n━━みなみのことう'
遺跡,'今日のあさしょーの１面が可愛かった。ネコと人間の歴史特集で、カラカミ遺跡から出た骨とか、見野古墳群からでた足跡付き土器とか、宇多天皇の日記の話とか出てくる。'
遺跡,'@eki_itsuki 遺跡とは離れますが、森林博物館は行かれましたか？'
遺跡,'フェス終わってもモチベ上がらん時大体部屋が遺跡になってんだけど、ペットボトル多頭飼15本あたりで鬱になってくるな(最高30本)'
遺跡,'EHOFのあれ、分かりづらいですよね確かに。ワームホール結合星だけを選択してればいずれ千変万化にたどり着くんですけども。（アノマリーと遺跡の研究もしなくちゃだけれども）'
遺跡,'楽しかったので各地の遺跡守衛を根絶しました https://t.co/rmsl8Tj3iy'
遺跡,'遺跡守衛の☆4素材全然集まんない(இɷஇ )'
遺跡,'せんせ〜！！！！はかせくんの遺跡ハンターが屋根壊した〜！！！'
遺跡,'チビドラも実装されてずるい〜〜〜〜〜ってなったけどリュウノツカイはやっぱり古代遺跡にいて欲しいから気長に待ちます( ˙꒳\u200b˙  )'
遺跡,'@ngongotarou1 オズが建築物好き意外でしたけど…たしかにかつて滅したメサの都も遺跡自体はほぼ原型を保った状態で砂の中に埋もれてたのを考えると…もしかしてそういうことなの？ってなりました。'
遺跡,'遺跡エリアに着手したけど森森しいの作るセンス無さすぎて萎え🌱💫 https://t.co/0TyvSM5Eaq'
遺跡,"'@yuuto0411new どっかに遺跡作って埋めて 3,000 年くらい放置してみますか (」・ω・)」'"
遺跡,'この前討伐対象が風炎元素攻撃無効遺跡ハンターでそっと引き返したけど'
遺跡,'遺跡でもホグが輝くのさ #OW #オーバーウォッチ\n\nhttps://t.co/R7o94NuUOi https://t.co/I4VmDJKYqD'
遺跡,'住民パシリの続きやろうと思ったら遺跡ハンター5体倒すクエスト終わらせないと続きできなくなっててはげるかと思った 気軽に話しかけるもんじゃない…'
遺跡,'先ほど伝えた通り、僕らもこの遺跡を調査するために訪れたんだ。君たちの役に立てると思うよ'
遺跡,'【行ったことなくて気になる&amp;弁当食べてマッタリしたい公園】ベルモント公園（梅島:足立区）・大井水神公園&amp;大森貝塚遺跡庭園（大森:品川区） #公園 #23区'
遺跡,'そろそろマリン遺跡挑戦し始めようかと思ってたらたまたまキャリーして貰えた🥺\nありがとうございました🥺🥺\n\n実力で行けるのはまだまだ先だな😭 https://t.co/Nedgj27d2F'
遺跡,'YouTubeで『アルナックの失われし遺跡』を紹介している個人の方の動画を見ていたら、『方位磁針』を『時間』と言っていた。時間をかけてジャングルを進むという解釈も分かるが、方位磁針を何度も見て進むと私は解釈した。'
遺跡,'#歴史知らない人が嘘だと思うけど本当の事言え\n\n縄文時代から、千葉県には定住遺跡が山ほどある。\n通年で週3日くらい働いたら飯が食えたらしい。'
遺跡,'9.ホラーとグ□耐性があること。（おいおい）\n\n10.怖い人を見たりすると、すぐに泣いたりなんなりすること。\n\n11.漫画・アニメ、ゲーム、面白い中華アプリを探すこと、遺跡巡り、都会散策。\n\n12.一度来た場所の行き方や道を覚える… https://t.co/cceZCKtu3A'
遺跡,'飛竜の谷とセンの古城、デーモン遺跡があるな'
遺跡,'……遺跡探索ができたのはすごくいい経験だったけど……うう……ああいうのはもう二度とごめんだわ……もっと安全な遺跡を探索したい……\n#sistine_bot'
遺跡,'遺跡の大空洞\u3000南'
遺跡,'@stella_game35 ありがとありがとー！！\nシャーマンと遺跡ハンターが嫌いになったꉂ(ˊᗜˋ*)ヶﾗヶﾗ\nでも、タワーディフェンスっていう分野が楽しかったから、ちょこちょこ空き時間に別のそういうゲーム始めたほど楽しかった！'
遺跡,'【原神攻略】遺跡守衛のコードHu暗号を解読した結果...【ドラゴンスパイン】 https://t.co/5KkfaUaPvy @YouTubeより'
遺跡,'遺跡ハンター多すぎる無理'
遺跡,'@Kaoru_9021 うん。\n聞いてた。\n遺跡とか歴史に関係するもの大好きだもんね😊\n絶対に気に入るはず😉✌️'
遺跡,'『螭の話』は遺跡守衛連戦に遺跡ハンターだから大変'
遺跡,'これでマルチは25%くらいは取れる\n御剣をイベルギ、アイリスを星3にしても20%はいくかな\n遺跡はアイリス以外ほとんど上げてない https://t.co/A2cXeKtG17'
遺跡,'『時の面影』(原題: The Dig)\n第二次世界大戦の開戦が迫る終末感が漂うイギリスで、難病を抱えた領主の未亡人がアマチュアの考古学者に、領内の遺跡発掘を依頼する。過去を知ろうとする人がいる限り、いずれ自分が消えても歴史の一部に… https://t.co/KhQ31aNXdN'
遺跡,'グリアロでL字に埋めて「これで開けるのに2手かかるぜ」って思っても、遺跡1みたいな穴だらけのリスポだと、真ん中と端っこにボム置くだけで1手で開いちゃうんだよなこれ。'
遺跡,'（さっきから遺跡のモアイがこっちを見ている気がして、、、集中できない、、、）'
遺跡,'昨日あげ忘れてたけどここ行けたのは良かった\n小学生の頃初めて覚えた遺跡です https://t.co/NBFgVmZbYa'
遺跡,'遺跡ハンターと戦ってた……(逃げてきた)。今日やる感じ？できるよー！'
遺跡,'無知蒙昧無学なポンコツ医者が寝言こいてるらしいな…私の実家福岡だけど、佐賀は唐津城、佐賀城はあるし呼子のイカは美味しいし何よりも私の大好物の竹崎蟹の産地だよ！お茶も温泉も吉野ヶ里遺跡もバルーンフェスティバルもある、世界遺産もある、… https://t.co/IPTldcJyNN'
遺跡,'軽く遺跡守衛狩りしてから寝る'
遺跡,'@higayou_rw なんかアフリカの遺跡みたいなやつ'
遺跡,'プティウォス遺跡はムリゲーすぎてギブアップし、ep.イグニス1周目クリア\nそのあとの態度まで含めて、やっぱ辛ぇわ…'
遺跡,'それでもアイスバインで遺跡重機に苦労したので欠片の解凍に行くのが億劫。あっち×2っぽいのでまだ辛そうな……。沖ノ島行ったりでちまちまモンドの評判は上がって4。イベントの機関棋譚は説明読んでもよくわからず。だいたい説明不足よね……。… https://t.co/yeotV4IlGB'
遺跡,'@Gerard_5610 佐賀何もない\nなに？吉野ヶ里遺跡デートでもすんの？'
遺跡,'＃手箱山・浦島伝説\n「猿田彦は元々は伊勢の土着太陽神」説あり。\nでは土佐の天の子との関わりは？\n東海弥生前期水田稲作は「日本海・瀬戸内ルートよりも先行した土佐を経由する太平洋ルートがもたらしたもの」である可能性が高く現状、棟持柱建… https://t.co/TJpwS4g91o'
遺跡,'甘雨ちゃん(無凸)\nかわいいかわいい大好き\nガチャでなかなか来てくれなくてノエルちゃん完凸したのはいい思い出\nいつも対遺跡守衛に大変お世話になっております\n魈くんの攻撃が通らない敵に対してアタッカーになって欲しい https://t.co/U2W7PRwgdx'
遺跡,'地脈で遺跡守衛二体同時のパターン初めて引いた！！！素材ｳﾒｪ！！！！'
遺跡,'@_Daryoon アフリカも地中海沿岸部はちょっと観て回りたいですね。\nかつて、カルタゴがあった辺りとか。\n中東といえばペトラ遺跡なんかは観てみたいものです。'
遺跡,'この面、中庭でテロリストを殴り倒すと魚肉×2を入手できるんですが、これが遺跡から戻るたびに発生するのなら寿司を量産しろってことですかね。結構いいアイテムをゲットできるので、一回限りでもおかしくはないですが。\n\n #九龍妖魔學園紀'
遺跡,'もうちょい頑張って12話の遺跡前まで進めました。\nなんか人のことをサル呼ばわりするゴリラが出てきましたね？\u3000実際には友引学園に喧嘩を売った集英組みたいな構図になっちゃってますけど。このへん少年漫画っぽいですね。\n\n #九龍妖魔學園紀'
遺跡,'【悠久の遺跡について】レベル5で手に入るスフィアの素材は全てレアです。どれも役に立つスフイアを生成できる素材なので、まとめて入手しましょう。 #ブレイブフロンティア'
遺跡,'あら、もうこんな時間。私は先に眠ります。今日も遺跡管理官のお勤め、ご苦労様。役立たずにしては頑張ったんじゃない？'
遺跡,'どうにもならなくなったらもうあれですかね？バーバラちゃん少し育てて水付与→凍結\u3000すればいいんか？素材ないが？が？？？？\n激せま洞窟内で遺跡守衛三体は普通にキツイし遺跡ハンターは死ぬし（死んだ）五体……なに……壊れかけでこい…………'
遺跡,'あと遺跡内にいくつもある鳥の形をした燭台とかも気になる。何故鳥なのかとか。リト族とゾナウ族は関係しているのかとかゾナウ族にとって鳥とはどんな存在なのかとか、はたまたスカウォに関係あるかとか謎がいっぱいで楽しい～！'
遺跡,'看板も何もないから何の遺跡か分からんのですよ…(｡･ˇ_ˇ･｡)\n石垣は沖縄でよく見るタイプのやつ〜 https://t.co/DP6fbFduXG'
遺跡,'遺跡守衛x3体からなんかのオブジェを守るクエストで詰まってたけどなんとかくりあ！(￣▽￣)ﾉ火力が低くて苦労しましたｗ\n\n暁月さんに自慢したら｢やってみる｣と言ってあっさりクリア！？Σ(・ω・)暁月さんの圧倒的火力にシットｗ https://t.co/cIoPYiVg6o'
遺跡,'やっとイベントまでたどり着く。冒険者レベルは引続き25。イベントを進めるのに世界任務を何とかする必要があり頭を抱える。ルノワールを呼び戻す事に辛くも成功。螭の話は無理でないかなぁ……。前に遺跡守衛×5見て退散放置したのだけど。辛い… https://t.co/IDVPGbmlcv'
遺跡,'ニーアリインカーネーションの６章、狂気山脈やんって思ってしまった。\n前人未到と言われたのに山頂付近にたどり着くと遺跡があるとか…家族がいるのに死亡前提とか言われてる山に挑むとか…。'
遺跡,'新しいエルリのお話を書き始めている。\n歴史教師と清掃員さんのお話なんだけど、古代遺跡のこととか詰め込みたくなってきて、気を抜くとラブ関係なくなってきちゃう；\nあくまでエルリエルリ…（言い聞かせ）'
遺跡,'ウマ娘マジで遺跡発掘感さえある'
遺跡,'△ジェイド②\n・マリルリ:好きな子だから\n\n△リフィル\n・エーフィ：見た目がぽいという理由だけで\n・ネイティ：遺跡にいたから\n\nこんなところかな？\nまだまだ募集してます'
遺跡,'小ロンドの遺跡はこれ……毎回祭祀場から行かないといけないのか？'
遺跡,'北が踊ってるとこでちっちゃく(既知の遺跡にて撮影しております)って書いてるのすき'
遺跡,'古代都市遺跡、北庭故城を訪ねて 新疆ジムサル県\nhttps://t.co/1GmscF8pRE'
遺跡,'ドイブラン遺跡、真っ暗でたいまつ持って進んで行くの遺跡探索してるみたいで楽しかった！ゾナウ族が信仰していたとされる龍をかたどった石像がたくさん壊れているところがあったけど、どうしてこうなったのかとかゾナウ族が滅んだのと関係があるのかとかいろいろ妄想しちゃうよね。'
遺跡,'@IYX14q7NeGx77iO Kvk3は遺跡しか戦闘ないのでドイツでいいと思いますよ👍'
遺跡,'離月東部にあるナントカ光の浜のワープポイントは周辺に遺跡守衛1、遺跡ハンター1、トリックフラワー1、清心3と素材の稼ぎどころでいいですね'
遺跡,'弥生時代の遺跡だったら、東京都の弥生町遺跡や静岡県の登呂遺跡、福井県の板付遺跡、奈良県の唐古・鍵遺跡とかがあるね。'
遺跡,'思いつきで地元の城と遺跡に行ったら、意外と良かった https://t.co/8CFxJMZbID'
遺跡,'せっかく関東に住み始めたんで、関東の遺跡やら史跡やら行って、フィールドワークしたいな。'
遺跡,'遺跡守衛4体目まではなんとかいけても、遺跡ハンターがガンガン上から狙ってくるからもう無理ー！ってか遺跡ハンター怖すぎる、遺跡重機にチェンジで！'
遺跡,'遺跡恐怖症になりそう'
遺跡,'これマップ更新されてからずーーーーーーーーーっと気になってるんですけど遺跡1でタワー先折する意味って何ですか？'
遺跡,'遺跡発掘のバイトはバイトルとかで検索するとマジで出ます'
遺跡,'動きがちょっと大分アレな遺跡ハンター https://t.co/dn9ye04HtU'
遺跡,'@mono_colors 水弓はいざと言う時役立ちますからね!!(遺跡守衛とか)\n私も復刻来ないかなーと願ってます\n物欲センサー働いてるとこなくないですか？'
遺跡,'しかし火星って、地球の荒廃後のイメージとそっくりよな\n地下掘ったらビルの遺跡とか出てきてほしいわ'
遺跡,'@kurosib 本島3回、座間味諸島1回行っているが退屈させない場所であるぞ。\n\nマリンスポーツはもちろんだが、泳げない時期でも城跡など遺跡巡り兼ねてドライブなんかも充分楽しめる。\n桜が1月に見れたのは衝撃だったw'
遺跡,'アメちゃんのオブリ配信アーカイブ見よ。_(:3 」∠)_オブリのBGMとかアイレイドの遺跡の方がスカイリムより実は好み。ドワーフの遺跡の金属質な感じはちょっと自分のファンタジーイメージにはあまり無いから。ドラウグルの遺跡は好きなカ… https://t.co/vbr4CBj58O'
遺跡,'残念ね…あなたたちまがどり様にあまり歓迎されてないみたい――…（宗像さつき／魔神遺跡殺人事件）'
遺跡,'このクエストクリアしないと海灯祭進まんのですがむりな匂いがしますね\n遺跡ハンター……動くな…ずっと俺のそばにいろ……そうだ……お前は今永遠を手にするんだ……'
遺跡,'遺跡ハンター無理すぎる飛ばないでくれ'
遺跡,'景色や遺跡\u3000美術品や異国\n言葉や写真で感動するのもいいが\nやはり直に触れると全然違うものだぞ'
遺跡,'おお…\n岩宿遺跡もコノドント資料館？も鍾乳洞も行きたいぜ\n群馬は最高'
遺跡,'転校生くんのすっぴん(まひるのすがた)とはどのようなものなのか？\n\nその謎を解明するため、我々は遺跡の奥地へと向かった━━'
遺跡,'Risky Adventure\nダイス振ってキャンプで装備品漁ったり遺跡漁ったり探検したりする。\nダイスの目を弄るアイテムも有るにはあるがあんまり手に入らない上、目の要求がそれなりに厳しい。\nサクサクプレイできてそれなりには面白い… https://t.co/hrpBGOG8Jw'
遺跡,'アンノーンの力でシント遺跡に行けたり、ダークライの映画の冒頭でディアパルが戦ってる空間にアンノーンが沢山いたり、シンオウにはズイの遺跡があったりと、たぶんシンオウ神話とアンノーンは深い繋がりがありそう'
遺跡,'@ruru__rrru こちらこそ〜！！遺跡ハンター出てくるの忘れてて手こずっちゃったごめんね( ᐪᐤᐪ )！！笑\n髪の匂い嗅ぎに行く魈くんwwwwwwwww'
遺跡,'明日やる気あったらランク解放遺跡やるか'
遺跡,'レジ系の遺跡の中で\n口笛吹くと響く感じ好き'
遺跡,'てかこの遺跡重機君、朝寝坊したjk並に足早くね？'
遺跡,'日向美商店街の地下に眠りしゼクトバッハ遺跡！？'
遺跡,'#東南海地震 、#富士山が噴火 した時の災害に対してDRは織り込み済みなのかな？イタリアのポンペイ遺跡にならないようにね\n#トヨタ未来都市 いよいよ着工\n#Yahooニュース\nhttps://t.co/0lDqVjjhOb'
遺跡,"'日本人のルーツを探る意味で中期旧石器時代から知るべきと思います。1万～12万年前の出雲,砂原遺跡で石器発掘(縄文の出雲王朝に発展か)北上川東,遠野市金取遺跡も石器出土,この遺跡は9万～3万5千年前(中期旧石器時代)の遺跡。記紀,和… https://t.co/CasymHWZ9B'"
遺跡,'💫Amazon新着情報\n\n新着🏆ランキング\n➡https://t.co/poRyVbm27s\n\nアルナックの失われし遺跡\nhttps://t.co/Y8ehKKxMnr\n\nパレオ 人類の黎明… https://t.co/5HJexk5qXE'
遺跡,'【並】\u3000渋川市の遺跡\n⇒金井東裏遺跡'
遺跡,'ミッションクリアできねー！\n遺跡守衛全然つれねぇ\n2体もぶっ壊しに行ったらどーしよーもないんじゃ…'
遺跡,'SO3、試練の遺跡に向けて今ヒートアップゲージ維持しつつレベル上げしてますけども\n床ペロしてる子を操作キャラにして、あとは戦闘中放置\n画面遷移だけしてればよい\nかつてのレベル上げの類の中で1番楽かも…'
遺跡,'そろそろ遺跡に行きたくなって来た。 https://t.co/9oxzriOqlI'
遺跡,'ぼくはSeason3.5のアンケートで近未来か古代遺跡やってくれってアンケート出しました 古代遺跡じゃなくていいからインディ･ジョーンズ的アドベンチャーのテーマもやって♡'
遺跡,'遺跡守衛3体は無理だ'
遺跡,'火遺跡2倍が来ないとわたしは永遠にレオニード王子を理論値にできない🥺🥺🥺🥺🥺🥺'
遺跡,'さっきマルチで機関棋譚やったら遺跡重機同士がにらめっこしあって進めないって展開があった https://t.co/fyG0u9l3iz'
遺跡,'蛇神様の遺跡と化した我が家 https://t.co/NeNrpvrfQo'
遺跡,'@sasakure101 道中遺跡守衛やアビス達が居て、無相の雷がラストに構えています👍'
遺跡,'いきなり島から放り出された時は吃驚しちゃったけど、あれって制御装置の暴走だったんでしょ？まだ遺跡は残ってるみたいだけど、やっぱり変わっちゃってるのかしら。'
遺跡,'【生放送】遺跡島２\u3000デモプレイ を開始しました。 https://t.co/WpZ3wycBsj #lv330653910'
遺跡,'洞窟じゃなくて遺跡'
遺跡,'礼文町船泊遺跡\n\nhttps://t.co/eJHATWUorJ\n\n船泊遺跡の7号人骨の胸元から長さ7.8ｃｍ、幅3.2ｃｍの大型ヒスイ大珠が出土。ヒスイの原産地は新潟県糸魚川地方と考えられる。\n\n他、南海産のイモガイ製ペンダント🐚 https://t.co/2SeTO94M77'
遺跡,'礼文（れぶん）島の遺跡も忘れていないよ😌\n\n埋葬された人骨には、ビノス貝の貝玉が沢山あり、他の遺跡と際立つ特徴がある。顔を東に向け四肢を曲げた屈葬。副葬された貝玉はネックレス・ブレスレット・アンクレットとして用いられている。 https://t.co/qPcTAKbMMq'
遺跡,'@kayaku_krn 聖邪の遺跡でも同じことが言えますか…？（震え声）'
遺跡,'昔は遺跡守衛4体いるとこ怖すぎて避けてたけど、最近は通いつめてるわ(笑)'
遺跡,'でも砦の遺跡にしかいないんだ…へぇ……'
遺跡,'@sagiri_shigure ポケモンマスターに憧れてたんやな（？\n水中遺跡「僕的には調理はインスタントのを温めたりするので、料理は食材を切ったり下準備なんたらいろいろするものって思ってる（）」'
遺跡,'おれと家族の眼前には、いまだに読んだことのない本や、見たことのない映画や、聴いたことのない音楽や、行ったことのない国が、ジャングルに分け入った果てにある黄金の遺跡のように広がっているのだ。\n\nワクワクするね。'
遺跡,'昔は遺跡守衛四体瀕死になりながら戦ってたのに今やたるしょー双騎で余裕だから成長したなぁ🤗'
遺跡,'【マンガ】遺跡発掘師は笑わない ほうらいの海翡翠 https://t.co/Sb2j2RgnFz をお気に入りしました。 #ニコニコ漫画 #ニコニコ静画'
遺跡,'聞けば聞くほどリピートしちゃう。\nI love you的flavor 君のせいだよblue and   lonlyな feeling（ ←歌詞ね）\nと合わせて縄文人の高度な文明も興味深い！\nこの曲が青森駅とか空港で流れていたらいい… https://t.co/aWODL9xyp1'
遺跡,'浜ちん大変！早ちんが北海道・北東北を中心とした縄文遺跡群になっちゃった！\n 北海道・北東北を中心とした縄文遺跡群 - Wikipedia https://t.co/wgky9Vu42F https://t.co/dJxDsgUbPZ'
遺跡,'@WTBackedRatel はい。古代遺跡が好きなもので。ン千年前に想いを馳せちゃいます。マチュピチュやナスカ、カッパドキアなどにも行きました。外国の免税店での買い物などには全く興味を示さない変なオバチャンです（笑）\nあぁ、どっか行きたいなぁ。'
遺跡,'一応見えぬ白駒の場合雷スライムは出ないっぽい？\n\nしかし強化が不充分な時遺跡重機でお手上げになってしまう。ノーミスとなるとまた厳しい事になりそう。長丁場だし周回がダルいのだが。'
遺跡,'遺跡エリア2結晶フラグ'
遺跡,'たぶん自傷かつHP50%以下という条件が付いた分、胡桃が原神内で最も火力が出るようになるとは思うけども\nTA勢は武器もキャラも完凸してHP25%直前の状態で遺跡守衛の前まで行ってスキルで強化&amp;6凸発動→爆発にモナ絡ませる構成になるんやろなあ'
遺跡,'遺跡外の交流はある意味で戦場だ。俗に『遺跡外戦争』とも称されるが、間違いではなかろうよ'
遺跡,"""配信終了！お疲れ様でした～！\n次の遺跡に行くまで１時間半も寄り道をしてしまったけど、なんとか謎解きフェーズまでこぎつける事ができた！次はこの遺跡を完全攻略してやるぜ...٩( 'ω' )و\n\n【実況】#5 いざ、水底へ！ 【ライザ… https://t.co/YiJG9BFasM"""
遺跡,'少女は廃墟が好きだった。墓が好きだった。戦場跡が好きだった。遺跡が好きだった。ミイラが好きだった。焼跡が好きだった。滅びを想起させるものが好きで好きでたまらなかった。その先に――。\n\n「――おわりのはじっこが、たべられちゃってるっすよ？」'
遺跡,'地面を掘っていた。ひたすら。それは剥いても剥いても終わりがない玉葱の皮のように限度がない。目指すものを見つけられぬまま、掘り続けた形で彼女は亡くなった。いつしか「夢の跡」という名の遺跡となった。'
遺跡,'【佐賀県】\n鳥栖に泊まってます。栖の宿は山奥の温泉でいいとこなのでまた行きたいですね。あと吉野ヶ里遺跡はもう少し回ってみたいところです。地味に戦国時代にうちの遠縁が滅亡した地ではあるんですが新鳥栖の駅から見たからいいや（いいのか）… https://t.co/WIIXYqO1rh'
遺跡,'【人気海外の世界遺産ランキング】\n\n１位\u3000マチュピチュ\n２位\u3000グランドキャニオン国立公園\n３位\u3000ヴェルサイユの宮殿と庭園 \n４位\u3000アンコール遺跡\n５位\u3000万里の長城'
遺跡,'観光にもうってつけのミャンマー♪ここ行ってみたいですねえ。\n/先取り世界遺産！ミャンマー秘境の旅 「バガン遺跡」に行きたい - NAVER まとめ https://t.co/Z4qALOzsYE'
遺跡,'@Genshin_0214 この世界ランクまで放置してたのが悪かったですね！いちおうディオナいますがアタッカー役ではないので、ラストの遺跡ハンターに絶望しました😭'
遺跡,'clubhouse獣医xデザイナートークメモ\n\n横断歩道のしましまの起源は、馬車用の道を人が渡る石という説\n\n（写真はイタリア、ポンペイ遺跡）\n\n#獣医xデザ https://t.co/SU5cdhBxiv'
遺跡,'遺跡はナショナルトラストに管理されている。当初、「野蛮なブリトン人」の遺産を保護する必要ないと反対するイングランド人も少なくなかったという。遺跡はブリトン人とは直接関係ないが、湖水地方はブリトン人の文化が長く残った場所であり、ケル… https://t.co/QHsMvfICaL'
遺跡,'辞典なんだけど、遺跡とか\u3000全部は回れないけど、遺跡の一部分だけは\n動き回れた。\u3000今は、Googleで\u3000ほぼ\n全部\u3000たどり着くじゃないですか、動き回れるけどね。'
遺跡,'去年の夏、大学院入試の準備をしている時に博多の遺跡に関する本を図書館で手に取りました。博多藤四郎の姿がふと脳裏をかすめたからです。その本で入試対策をして小説の原稿も書けたので、博多藤四郎は恩人みたいな存在です。'
遺跡,'辞書を持ってた記憶がある。\u3000Googleのように、遺跡とかを自由に動ける。'
遺跡,'【カンボジア】廃墟？いやいや神秘的な遺跡「ベンメリア」に行った時の話。 https://t.co/GW6jyIikyP'
遺跡,'・とりあえず畑耕しまーす\n・作物自動回収機やば！\n・耕すのも種まきもお早い🤭\n・幸運の⛏️で鉱石増やす\n・金と鉄は増えないのね\n・ダイヤはふわ個\n・メッキーと青馬の子供２匹目もまあまあ優秀\n・海底遺跡へ\n・宝箱だ！宝の地図！… https://t.co/q4YmZTCTyA'
遺跡,'Q67.邪馬台国の有力な候補地とされる奈良県桜井市の遺跡です\n\n【纒向遺跡】\n\nA.まきむくいせき'
遺跡,'二十四輩順拝図会\u3000親鸞聖人ゆかりの遺跡案内書。全・後編全10冊、享和三年（1803）京都菱屋孫兵衛らが出版。河内国専教寺了貞著、竹原春泉齋画。豊富な図を使用した名所史跡案内といった要素が強い。'
遺跡,'ゼネア遺跡団長に補足されたから自分で調べたの'
遺跡,'📍Wat Phra Si Sanphetch\n\nアユタヤ遺跡の中でも特にヒンヤリする場所\n\n空気が冷たくなります\n\n心が痛くなる場所があります\n\nミャンマー人もタイ人と同じ仏教徒、なんだか複雑ですね\n\nとは言え美しく、時が止まる場… https://t.co/HJWrdevDva'
遺跡,"""新緑の遺跡一に行ったら、ガーゴイルが仕事しなくて進行不可になったので( ´･ω･)解散前に皆で撮ったよ♪\nアステルのしめさばさん、メリッサのよっしー°さん、シラヌイのDearさん。\n絢ちゃん楽しかったよぉ(*'∀'*)ありがとね… https://t.co/zI09zrtZVZ"""
遺跡,'@wasurenagusa97 遺跡ガーディアンがめっちゃ出るところらしい、なんだっけ'
遺跡,'@munaita そうだね。遺跡好き過ぎて色々盗むおじさんだね。有罪\u3000最初そうしようかと思いましたけど、胡散臭さの見本みたいだから流石に思いとどまったよね…\u3000ちょっと私がお肉食べたかったので…\u3000張りきって捕まえていこう！\u3000\u3000\u3000そろそろ寝ます。お休みなさい！'
遺跡,'changetale好きなんですけど、遺跡のBGMであろう優しめのﾃﾞｽﾊﾞｲｸﾞﾗﾏｰがツボ'
遺跡,'中世遺跡から出た漆製品\n鎌倉以前の腰刀もこのような塗りだったか https://t.co/DdAaQ5EjPw'
遺跡,'あら、もうこんな時間。私は先に眠ります。今日も遺跡管理官のお勤め、ご苦労様。役立たずにしては頑張ったんじゃない？'
遺跡,'@Uo3rrGAM0E1BEFl ゴムが化石化してて、取れる所はボロボロと崩れ、遺跡発掘品のようだwww'
遺跡,'やっぱ遺跡守衛は甘雨とか距離とれるキャラないときついな。手をグルグルされると手が出せない'
遺跡,'天界神の遺跡！今回こそ攻略してやるー！ #スカイロック https://t.co/xSKScD2OfN https://t.co/9Og2puk4tH'
遺跡,'天界神の遺跡！今回こそ攻略してやるー！ #スカイロック https://t.co/za62IK4Bil https://t.co/22ZcxHjDec'
遺跡,'【No.430】シュメール人が建設した古代メソポタミアの都市遺跡(86%)ニップル'
遺跡,'天界神の遺跡！今回こそ攻略してやるー！ #スカイロック https://t.co/AYREVYoIfK https://t.co/2RlkgxuNMy'
遺跡,'『ミクリオ、ここって相当古い遺跡だよな？』『ああ、もしかすると大発見かもしれない』『う〜！興奮して体が熱くなってきた！』ロ『いやいや、ここ本当に熱いんだって』'
遺跡,'@reo_riku19 遺跡か神殿みたいなところですよね！サマナー好きで亡霊出すの好きでしたw'
遺跡,'てか、テウセルを助けようとして\nその姿を過去にテウセルに見られて\n後になって\nあー、あれは兄ちゃんの友達の独眼坊だよ。\nって流れから\nテウセルがよく覚えてない事をいいことに\n遺跡守衛達を独眼坊ってことにしてそう'
遺跡,'9/9/8/8 で34でした。\n相変わらず11層2問後半がきついのと\n12層前半の遺跡守衛がレザーじゃキツすぎる https://t.co/JdZyOCoUwK'
遺跡,'不思議な少年、印象的なエピソードがいくつもあって、そのひとつが「トム・ベイツ」\n容姿に恵まれず毒親の元で育ったトムは幼い頃から不思議な少年と美しい少女の夢を見る\nトムは「発見する力」を持っていて、遺跡発掘で認められ成功する\n最後の… https://t.co/a2xeApApHr'
遺跡,'最近ようやく遺跡ハンターたちのモーション覚えて楽して勝てるようになりました'
遺跡,'Lost Ruins of Arnak(失われたアルナックの遺跡)はここ最近で言えば個人的最高のヒット作だった\n\nワクワクする要素が多く、やりたい事がたくさんできる\n90分程で満足感が高い\n\nクランクよりも手番依存が無いし、これは持っていてとても良いゲーム'
遺跡,'@ocomrt 俺もひたすら塔？遺跡？やって好きなキャラと敵キャラ育ててましたw'
遺跡,'【静岡・古城をゆく】赤佐氏と中屋遺跡\u3000遠江で屈指の大勢力を保持 https://t.co/wNjwDvXnFq @SankeiBiz_jpから'
遺跡,'2年目春15日、ディラスが加わる前に釣り大会だけ全て優勝トロフィーにしたった😆ディラスがいると釣り大会の難易度が高くなって、優勝出来る確率が低くなると攻略サイトで見たから先に終わらせたかった😅これで水の遺跡に行ってディラス助けてス… https://t.co/zzJ3pDykPo'
遺跡,'■りんご娘「JOMON」\nhttps://t.co/4pJxbYryAu\nこれは企画物。三内丸山遺跡を始めとする青森の遺跡群CMイメージソング。楽曲もなかなかいいが、メイクと衣装と彼女たちの肢体の美しさにびびった。これ絶対海外で受ける！英語版出してプロモしようぜ！'
遺跡,'@chatto_kcz 遺跡の最後の30分の占領段階の話ではないですか？遺跡攻撃から採取のタイミングで60分集結をかけておいて、採取終わったら凸で入ると、全員シールドしたまま占領できます！'
遺跡,'【百間川遺跡群】\n所在地：岡山県岡山市\n百間川流域の東西4㎞×南北0.5㎞の範囲に縄文後期から中世まで営まれていた複合遺跡である。直線距離約3㎞にも及ぶ邪馬台国時代の広大な水田跡が発掘されており、大規模な稲作の様子が窺える。 https://t.co/Wojh7TvrgO'
遺跡,'ヨルダンのペトラ遺跡はまた壮大なスケールだ。\nもう一度行ってみたいなぁー。\n https://t.co/B7DHErGk5b'
遺跡,'〈福井を気軽に体験〉\n北陸新幹線\n大河ドラマ越前朝倉遺跡\n世界に誇る恐竜博物館\n美人の湯 芦原温泉\n美味しい海の幸\n歴史、食、新発見。\n福井に気軽にオンライン旅行！\n↓\nhttps://t.co/q03nwZRmPY\nhttps://t.co/yVnhC7pWvd\n#福井 #敦賀'
遺跡,'@696__ ふ、不審者じゃないもん！ちょっとおちゃめな遺跡大好きおじさんなだけだもん！！どこ見てるか解らないのはみとめるものとする。\u3000丸眼鏡にチャイナ服着せたら怪しいチャイニーズの出来上がりだね！\u3000上手い事片腕だけなくして生きて… https://t.co/nFbVtyEpMw'
遺跡,'このままここで朽ちて『ねこの寝床』と言う名の遺跡になる'
遺跡,'@meruhennniikiru かかりすぎワロタ。ds版は最初の遺跡石板わちゃわちゃするとこカットされてた気がする'
遺跡,'遺跡で育成すると\n特性もりもりできるね!? https://t.co/8zNFVLGlg7'
遺跡,'「#遮光器土偶ニット帽」再販、青森の縄文遺跡: 日本経済新聞\n#JOMON #JOMONAOMORI #縄文\n#RINGOMUSUME https://t.co/hNOitkhC1d'
遺跡,'りんご娘「縄文遺跡群」ＰＲソングが完成 https://t.co/1DQNyQgoHg @YouTubeより'
遺跡,'あなたが壊し回った遺跡は\n「無価の大宝」\n歴史は常に繰り返すけど\n人は過去には戻れない\nあなたには分からないのね\nロビン'
遺跡,'アウィン：エスカに飛行船の操縦を任せたら、今どこを飛んでいるかわからなくなったらしい。すると\n\nロジー『まず目印を見つけよう』\nエスカ『あそこに遺跡があります！』\nロジー『…よし！コルセイトから続く大地というところまでしぼれた！』\n\nこんなにポジティブなロジーを見たことがない'
遺跡,'こ↑こ↓は貴重な遺跡だぞ！！'
遺跡,'@ReiwaGENSHIN 遺跡守衛！丁度いい検証相手ですね！'
遺跡,'@hhboassnhlr_3rd わーい🙌\nこの中だったら①かな😃\n遺跡好き😙\nウズベキスタンかイランに行きたい🥰'
遺跡,'マナ遺跡はどうしても考察が捗るね。'
遺跡,'【ヌビアの遺跡群】－エジプト\u3000(1)(3)(6)\nアスワン・ハイ・ダムが完成すると、この遺跡群のひとつであるアブ・シンベル神殿が水没してしまうため、大規模な移築が行われた。その際に世界遺産という概念が生まれた。https://t.co/oj2AlIic7N'
遺跡,'@FuTaSuZunatsu @rebmayagmG その遺跡でしか手に入らないんじゃなかった？\n貴重品'
遺跡,'りんご娘「縄文遺跡群」ＰＲソングが完成 https://t.co/7bE0uGNErm @YouTubeより #RINGOMUSUME #RINGOMUSIC \nライブではどんな衣装、メイク、ヘアスタイルになるのだろう。期待が高まる。'
遺跡,'@yazawa_dx 遺跡平原と地底火山は許してはならない'
遺跡,'主に遺跡守衛追いかけたり遺跡ハンター追いかけたりしてました'
遺跡,'💫Amazon新着情報\n\n新着🏆ランキング\n➡https://t.co/poRyVbDDw2\n\nアルナックの失われし遺跡\nhttps://t.co/Y8ehKKPnM1\n\nパレオ 人類の黎明… https://t.co/O8bUNAMnHD'
遺跡,'#ARK 日記\n今日は、\n\nTEK洞窟戦で犠牲になったレックスたちの墓を作る。\n\n散歩に出掛けて見つけた遺跡で儀式。\n\nエクウステイムに初挑戦。\nやり方がわからず145エクウスのテイム値をどん底まで落とす。 https://t.co/OCqErQTNo9'
遺跡,'@hinami_genshin モナでダメージ出して遊んでた友達は遺跡守衛を使ってましたね'
遺跡,'賢い旅人は遺跡ハンターの残骸を\n見た時点で妙だな……って思うよ'
遺跡,'既知の遺跡ですきなとこ https://t.co/VjY0rXiB2U'
遺跡,"""@IlyyMira_ ほむ…遺跡はもう見ちゃったしエンドシティ期待ですかね\nピグリンはスケに劣るスペックを数でカバーする感じなので…上がったらえげつなさそうですね、剣持ちやブルートがいたら尚更('ω')"""
遺跡,'天界神の遺跡！今回こそ攻略してやるー！ #スカイロック https://t.co/oE6Vr4DkO1 https://t.co/7O2dBbM54U'
遺跡,'のいさんとデュオすると遺跡抜けるってま？'
遺跡,'天界神の遺跡！今回こそ攻略してやるー！ #スカイロック https://t.co/sTyfRVdg23 https://t.co/z78OyqeQpk'
遺跡,'天界神の遺跡！今回こそ攻略してやるー！ #スカイロック https://t.co/HQUYS2TnbV https://t.co/vgADUUSD3V'
遺跡,'今晩は「ダンジョンワールド」で遊んだよ。レンジャー、クレリック、シーフの3人で遺跡に入ったら、遺跡自体が動き出して大変。結果、その3人がいっしょに旅する、最後の冒険になりました。参加者各位には圧倒的感謝〜'
遺跡,'@sharuru_tocon 是非手助けして頂けたら幸いです。\n\n手助けして欲しいと思っているのは、\n画像の敵集団と遺跡守衛2体ですね。。\n１体だけでもきついのにそれを2体は無理です💦'
遺跡,'鳥船遺跡は古い方だしアレンジも沢山あるだろ！とか思ったけど全然無いでござった…'
遺跡,'@yuzu_genshin 遺跡重機とかが止まらないんです'
遺跡,'遺跡守衛4体同時を相手するのはやはりきつい( ˙꒳\u200b˙  )'
遺跡,'うーん。星蛍の洞窟の最下層の挑戦も、螭の話の密蔵で遺跡守衛＆遺跡ハンター計5体掃討もクリアできずにクエストが止まってしまった'
遺跡,'@Joukyuukokumin 果たして、ジョカ太とアサツキは遺跡の呪いを解き、スズアンを救えるのか…!?乞うご期待！\n\n入場者プレゼントは、声に反応して光るコンなもんのマスコットや。'
遺跡,'ずっと地下遺跡に引き篭っていたので久々に他ごと、ハウジングした。\n地下を植物園からギルド酒場に。\n\n100万近く飛んだが満足＆リフレッシュ出来たのでヨシ！ https://t.co/dEyHcOiTHi'
遺跡,'天界神の遺跡！今回こそ攻略してやるー！ #スカイロック https://t.co/BrTxF0flmm https://t.co/Io5FMbmHA8'
遺跡,'@kuma06707112 城郭とか遺跡だとカスタム次第では拠点間狙撃もできるらしいなｗ'
遺跡,'今更過ぎるけどヘルミーナのリザレクションって遺跡で死んだやつには無効なんだ\nオートでやってビットン死んでたw'
遺跡,'新しく作る水槽のレイアウトの構図が\nおおよそ決まりました。\n\n遺跡シリーズでいきます。\n以前作った、左は遺跡水槽で右が遺跡陸。\nという事は今回はアクアテラリウム遺跡で。 https://t.co/o0Pix5zXvf'
遺跡,'@htm_cat_ 佐賀県の吉野ヶ里遺跡説と奈良県説'
遺跡,'#小説「#アルゲノイス」211\n\n「奴の専門が古代ユキャドニアなのは、言う迄も無い…新しく発見された、遺跡。素晴らしい経験と、成ろう！」\n\n「一度魔術も学ばれて、中々の使い手でもあると伺っております」\n\n\u3000ホウカが、言葉を挟んだ。… https://t.co/JMmCPc2qha'
遺跡,'@final_tista 足引っ張らずに済んでよかったです👌\n遺跡は苦手だったんですがなんとか入れてよかった'
遺跡,'@ringomusic_sf 丸山遺跡が登録されたら南部の是川遺跡もマニアが行きそうですね。あっちも合掌土偶とか歴史マニアに堪らんでしょう。'
遺跡,'めっちゃ楽しそう\nオンライン協力プレイ対応のローグライトACT『Rogue Heroes: テイソスの遺跡』配信開始！ https://t.co/qd82dDLwKe'
遺跡,'天界神の遺跡！今回こそ攻略してやるー！ #スカイロック https://t.co/cKRaoVhQe3 https://t.co/7V4RBTAjEU'
遺跡,'自分が2ヶ月かかって作った作品を2ヶ月かけて見てくれるような作品を作れる人は凄い。\nましてやそれが数千年になれば神\nヒント・古代遺跡'
遺跡,'海灯祭がひと段落したので伝説任務消化してるけどやりごたえがすごい…塩の遺跡かっこいい…'
遺跡,'東奥日報ニュースより\nりんご娘「縄文遺跡群」ＰＲソングが完成 https://t.co/Pp5EkQc79v @YouTubeより'
遺跡,'@mapletreehealer @REl3a05LtC3RDur ダンジョンもよく固まったりしてるし、遺跡でさｶﾞｰｺﾞｲﾙがボイコットして進行できなくなったよｗｗｗ'
遺跡,'@hareruya_japan マヤ遺跡！カリブ海、いいなぁ'
遺跡,'海灯祭の遺跡ハンター生えるやつ\n絶対ろーるさんキレるよな〜\n思いながらやった、懐かしみ'
遺跡,'@manyamu5 とどのつまり…そういう事になるね👍\n\nじゃあ特別…ミステリーハンターになっちゃえる権利を😆\n\n①中南米とかの遺跡や秘境巡り\n②中世ヨーロッパを感じる寺院やルネッサンスを辿る旅\n③東南アジアのグルメ紀行\n④北欧のオーロラや極寒の生活体験\n\nさあ、お1つどうぞww'
遺跡,'……これ、『断絶の時代』の遺跡や遺物の探索と関係あんでしょーね？'
遺跡,'どんくらいいけるんかなあーっておもって試しに一人で遺跡守衛4体と対戦してきたけど先生が隕石降らせたらワールドエンドって感じだった\n螺旋9層もストレートで楽々クリア～！'
遺跡,'ルーン「今年は・いろんな #遺跡 を見て回るぞお❗けって～い😆」\nサクナ「私も行ってみたいわ🎵 #米沢 の古志田東遺跡なんてどうかしら😃」\nルーン「👀‼️雪で入り口が・」\nサクナ「ちょっと早かったかな😅まあ #公園 もあるしいい所… https://t.co/44WgagJWLh'
遺跡,'弟死んだらのりあきの魂も道連れとの事だけどさ\u3000だったらマンミラもそれが良かったな\u3000死んだ後も残る能力でもいいじゃない（持続力E）\u30004人なかよく遺跡の地縛霊やってくれよ'
遺跡,'遺跡で柱の周りぐるぐるする相手殺すにはボムや虚無。フォルツはCで弱いし、ここではダメかな。上下あるからアサルト追っかけ回しても逃げられやすいし。'
遺跡,'りんご娘「縄文遺跡群」PRソングが完成（Web東奥） https://t.co/izbbSYe6Pe'
遺跡,'@genshin_yuu 蟹歩きの遺跡守衛ならさっき遭遇した←'
遺跡,'世界任務のめちゃ強遺跡ハンターひとりじゃ無理すぎるんだが……！！？😂'
遺跡,'雪融けが近づいてきたから春先の城巡りシーズンに備えて あわてて遺跡地図からマイナー城館の位置特定を始めてる。'
遺跡,'@compares_2 無さん、ありがとぅございます😊❣️\nコロナが流行る直前の夏、2019年に念願のメキシコに行けたので、私は幸せ者です、、マヤ遺跡のピラミッドが見たくて✨観光大国でもあるので楽しかった🍕またカリブ海見たいなぁ😭🏖'
遺跡,'@next_omega_ 古代遺跡から出てきそう'
遺跡,'原神のリア友のチームやと遺跡守衛4体きつそういって言ったら「そんなこと無いよ」って言たのはいいよ…でもその後の「お前みたいにシールド貼ったりしてないからな！」とか言ってきた…シールドの何が駄目なのでしょうか？シールドって駄目なの？シールドって守るためにあるのに…(´；ω；｀)'
遺跡,'ビブラスと遺跡が抜けるという神ゲー見てる...！'
遺跡,'気になるというラブコールいただいたので\nプチ紹介しますね♡\n福岡の夫婦山。飯盛山さんと若杉山さんです♡\n飯盛山さんがすごいものを埋蔵したり遺跡や城、神社など！山全体が古くから信仰されているすごい山なんです！\n若杉山さんは巨大杉を所… https://t.co/Vyge0nGvvX'
遺跡,'明日マップ更新で嫌いな遺跡とヒエール消えるしモモコのイベント始まるからボンガやるかー'
遺跡,'遺跡島(仮)ver0.05を全然遊べてない。\nじ、時間つくらにゃ……'
遺跡,'ロマンを追いかけてたストームはかっこよかったとアジットくんは言うけど、それなら遺跡から美術品を盗むことはどう思ってたのか、そのころから一緒にいたのにロマンを追い求めてたストームはよかったとか言われてもちょっとよくわかんないんだよね'
遺跡,'風コアと遺跡ハンターにキレ散らかしてそう'
遺跡,'天界神の遺跡！今回こそ攻略してやるー！ #スカイロック https://t.co/za62IKmcGV https://t.co/pY1F0R5Ch7'
遺跡,'僕\n\nケーキも大好き、君も大好き\n銀のさじでソーサー叩けば古代魚と\n海の底の遺跡へトリップ！\n僕の事嫌いになった？って聞いたら\n頭撫でられた\u3000とある一家の御茶会議\n\nGUMI/くるりんご『とある一家の御茶会議』'
遺跡,'@tbpdrt ろーかるやってたけれども基本的には遺跡だったり湖と山が中心だったのでそもそも金属系統はあまりご縁がなかったんだよねと思いつつほんとこの辺はあちこちに点々としているんだろうな……追いかけられていないけれど追いかけたい心地半分で図録開きながら散策'
遺跡,'海底遺跡の答えが出るまで生き延びてやる'
遺跡,'青森縄文遺跡群のイメージソング歌ってるのか！片桐さんと王林ちゃんが縄文で繋がった〜🙌'
遺跡,'なんかあったっけ？、、\nいつのか忘れたけど、地下道みたいな所で遺跡？みたいなの発掘したり、秘密基地作るやつ好きだった、、いつのだっけな、、'
遺跡,'マヤ文明の遺跡チチェン・イッツァ。メキシコ https://t.co/7efOXASJtg'
遺跡,'遺跡守衛きらい'
遺跡,'ドーンスターにある闇の一党の聖域は太古の遺跡となっており、不吉なその黒い扉は街の住人たちに恐れられ、避けられている。'
遺跡,'次開くトーク部屋の種類が決まるよ\n\n🌶️→街トーク(前回同様)(レイド無し)\n🐤→ぽこラボ(道具とか買える)(ぽこと科学バトルで勝負もできる)\n🐊→都市遺跡探索(お宝探し)(モンスターの駆除数ランキングもある)'
遺跡,'あら、もうこんな時間。私は先に眠ります。今日も遺跡管理官のお勤め、ご苦労様。役立たずにしては頑張ったんじゃない？'
遺跡,'【鏡音レン】「Ruin Almanac」【オリジナル】/Maharo\u3000https://t.co/btZmbX5UGx『古い時代や遺跡は浪漫です。』'
遺跡,'アルナックの失われし遺跡もドミニオン1試合目もあと1歩が足りなかった……。特にアルナックはあと1金あったら1位タイだったんだよなぁ。うーん悔しい。'
遺跡,'@_iro8_ 遺跡選んじゃうエピソード個人的にめちゃくちゃ面白かったですお疲れ様でした🥺'
遺跡,'キャラ強化も武器強化も全然してないせいで火力が足りず遺跡守備三体相手するのキツい…'
遺跡,'四風と狼が当たったので武器強化のために近々遺跡守衛などの討伐周回をしようと思うのですが、一緒に回ってもいいよという方いませんか？\n可能であれば相互でやりたいので世界ランク同じ方だと嬉しいです☺️\n尚、世界ランクは8です！\n#原神\n#原神マルチ募集'
遺跡,'🚚駿河屋新入荷情報\n\n新入荷TOP➡https://t.co/4TpTlaYjVL\n\nニムトボードゲーム\nhttps://t.co/z7tctR83wO\n\nタペストリー ～文明の錦の御旗～… https://t.co/T1bp4p7Ppf'
遺跡,'三内丸山遺跡の板状土偶は重要文化財なので、「なぁにこれぇ」って人はこれを機に覚えてください() https://t.co/DTgFXgNGhN'
遺跡,'これ気になるな~やろうかな\n\nオンライン協力プレイ対応のローグライトACT『Rogue Heroes: テイソスの遺跡』配信開始！ https://t.co/59zxOmh5AT'
遺跡,'二刀流だったんだとか。コテンラジオの下地があったのでもしかしてと思ってたらビンゴ。どんな絵か、なぜ描いたか、気になる…\n\n「1867年に発掘された売春宿の遺跡を訪れた際、「女性観光客は生々しい壁画のために、売春宿の遺跡を避けていた… https://t.co/5ZqtKgPEg0'
遺跡,'海底遺跡めちゃくちゃ好きだった'
遺跡,'実はこの前、古い石ころをもらいましたが、それが古い遺跡と関連がある物だと言われました。信じてくれるかどうか分かりませんが、石の封印を解除したら模様が変わって、エルラリウムに行ける入口ができました。'
遺跡,'久々にｵﾄﾏﾀしたい·····\nFF15のプティウォス遺跡は１回誰かにやってほしい、、あの、最初に戻される気持ち、共有させて'
遺跡,'ここの遺跡守衛ロード楽しい！刻晴ちゃんつよつよ！\n\nhttps://t.co/LU4bzS0ZgN https://t.co/Rcqgv4J34A'
遺跡,'アルフの遺跡で映画で貰ったアルセウス連れてったら謎のイベントあったよなぁ'
遺跡,'九龍妖魔学園紀は心の底からオススメしたいゲーム\nジャズ調のBGMと遺跡探検が堪らんワクワクした。今も思い出すとワクワクする。'
遺跡,'300000000年前の写真ばかり載せる\u3000遺跡かここは'
遺跡,'遺跡守衛くん、装置2個しか落としてくれなくて泣く\nせめて回路落として……'
遺跡,'遺跡……'
遺跡,'#深夜の2時間DTM \nお題:アゴゴベルを用いた曲\n\n奥に遺跡があるジャングルのステージっぽい曲です！\nピアノロールはドラムとアゴゴベルです！\nよろしくお願いします🐻\n#damabgm #DTMer https://t.co/SqK3Bv1Cxl'
遺跡,'@shirleywomamoru 遺跡は低所と中央ポートのグランデ影響力が大きいから、フェーズ調整とグランデ処理の判断ミスで負ける事が多い。'
遺跡,'今までは遺跡守衛を甘雨ちゃんの二段チャージ3〜4回で倒せていたのに、世界ランク6になったら7回も当てないといけなくなっていて焦る。。。'
遺跡,'ひと時の歴史ロマンに酔いたくて読んだ本。砂漠に眠る巨大な仏教遺跡とそこに秘蔵されていた数多の教典がたどった数奇な運命。 https://t.co/0XvcEnfKNr'
遺跡,'@5xOOEN_A3 rin さん、こちらこそ癒やしの写真をありがとうございました🥰\n\n奈良は去年コロナ前に橿原神宮と唐古鍵遺跡（だったかな？）に行って以来訪れてないなぁ…自然と歴史がとても素敵に調和されてて大好きな県です♪\u3000\n外… https://t.co/9FwIfju7U5'
遺跡,'フィッシュルの元素爆発って無敵判定ないんすね...（遺跡守衛のミサイル回避に使おうとしたら普通に被弾してピンチの図）'
遺跡,"'遺跡から人骨が発見されていない事から人々は事前に逃げる事が出来たと考えられているが、有名な""タトゥーンダの浄化""の""神隠し""と関連づける研究報告もある。(アルカ史 下より)'"
遺跡,'🚚駿河屋新入荷情報\n\n新入荷TOP➡https://t.co/4TpTlaYjVL\n\nニムトボードゲーム\nhttps://t.co/z7tctR83wO\n\nタペストリー ～文明の錦の御旗～… https://t.co/A6dZvPKiWv'
遺跡,'未踏遺跡…。そういえば、資料にやたら大きく載ってたな。一体何なんだ？ #ロジーbot'
遺跡,'鐘離と辛炎の二重シールドのおかげで遺跡守衛４体と真っ向バトル出来るようになった'
遺跡,'ククルカンの神殿。メキシコ・マヤ文明の遺跡 https://t.co/5yrWzB5sdc'
遺跡,'ダイパリメイクは来てほしいけど、それにはめざパをなんとかしてほしい\n\nじゃないとズイの遺跡が埋もれる'
遺跡,'流行に追いつくのが遅いマンだったのでみんながポケモンDPやってた頃にようやっとエメラルドやってたよ  点字調べてレジ系の遺跡回ってたなあ  楽しかった'
遺跡,'💫Amazon新着情報\n\n新着🏆ランキング\n➡https://t.co/poRyVbDDw2\n\nアルナックの失われし遺跡\nhttps://t.co/Y8ehKKPnM1\n\nパレオ 人類の黎明… https://t.co/MUNd4KqDAC'
遺跡,'遺跡守衛とアビスしばいて突破素材確保しないとな'
遺跡,'クリスタルとダイパで合作リメイクしたら、シント遺跡の回収も出来るしなんならジョウト・カントー・シンオウの3地方を旅出来るしその上スタート地点をワカバかフタバかの選択式にしてくれたら2つのストーリーを楽しめるからとても平和的リメイク… https://t.co/SPqIoX6l53'
遺跡,'天界神の遺跡！今回こそ攻略してやるー！ #スカイロック https://t.co/N9VCAL5Z7M https://t.co/sCflUqCPIk'
遺跡,'天界神の遺跡！今回こそ攻略してやるー！ #スカイロック https://t.co/GhkiAIsLcW https://t.co/GZYPERZGdK'
遺跡,'FFめっちゃやりたなってきた\nどこかの洞窟で放置してしまってる6とブラザーズのいる遺跡の手前で放置してる8とまだSwitch版買ったものの手つけれてない12をやらねば…\n6はほんとにどこで何してたか思い出せんからやり直したい'
遺跡,'Xのカメ戦やってた時ぐらい泥沼ってる感ある。あとこれ抜けても割とすぐに遺跡でまたボス戦あるからグエエ〜〜〜！！'
遺跡,'もう遺跡守衛いない…誰で実験しよう…'
遺跡,'実際に長野岡谷市の小尾口海戸遺跡から出土した『顔面把手付深鉢形土器』や茅野市の尖石遺跡にある『蛇体把手付土器』は蛇の装飾を施した土器だな。『蛇体把手』は八ヶ岳周辺を含む中部地方で流行ったデザインとされている。蛇と関連性が高いミシャグチ。その周辺で蛇の装飾が流行った。面白い一致だね'
遺跡,'「神聖遺跡 古アムダプール市街 (Hard)」コンプリートタイム 8:25\n「稀書回収 グブラ幻想図書館 (Hard)」コンプリートタイム 8:23\n「霊峰浄化 ソーム・アル (Hard)」コンプリートタイム 8:51\n思ったより横並び'
遺跡,'メソアメリカ文明の円形ピラミッド◇◇グアチモントネス遺跡◇◇メキシコ https://t.co/tZBuVYwBMS\u3000\u3000見たい景色！！！'
遺跡,'スクロースちゃんの元素熟知実験をするために犠牲になった遺跡守衛が…'
遺跡,'…すっかりにぎやかだな。仕事を探しているというのなら、力になれないこともない。この町を訪れたのも、郊外の遺跡…巡礼地キュレーンを見ておきたいと思ってのことでな。同道してくれる腕自慢を探していたところだ。'
遺跡,'0092:日本最古の鋳造貨幣である富本銭が発見された奈良県の遺跡を何というか。【★★★】'
遺跡,'BC3000〜BC2000年頃のカラル遺跡は河谷地帯にあります。ここからはインゲンマメ、サツマイモなどが出土しており、農業に従事していたことは確かですが、大量の魚貝類が出土しているので、海産資源へより依存していたと考えられています。さらに長距離交易があった可能性もあります。'
遺跡,'🚚駿河屋新入荷情報\n\n新入荷TOP➡https://t.co/4TpTlaYjVL\n\nニムトボードゲーム\nhttps://t.co/z7tctR83wO\n\nタペストリー ～文明の錦の御旗～… https://t.co/BSYVL0PNN8'
遺跡,'いきなり島から放り出された時は吃驚しちゃったけど、あれって制御装置の暴走だったんでしょ？まだ遺跡は残ってるみたいだけど、やっぱり変わっちゃってるのかしら。'
遺跡,'PS5「Returnal」の最新トレイラーが公開。刻々と姿を変容させる惑星“アトロポス”と，世界観を感じさせる遺跡の姿を収録 https://t.co/LMnLZ1776p'
遺跡,'日本は、神武天皇のころから数えても2600年以上の積み重ねがある。三内丸山遺跡の建築技術が、法隆寺の建築様式にも見られる。法隆寺の耐震構造を、スカイツリーに応用している。是れを考えると、縄文文化が今も脈々と続いている。本当に日本は素晴らしい。'
遺跡,'仙霊ちゃんの位置言ってないな……一番下の場所、バリアはってる氷の後ろに動かない遺跡守衛が2体いるんだよな…そこあたり探したら出てくるけど…探すの面倒だし見つけにくい…いや俺の探索がガバな可能性も高いけど…'
遺跡,'天界神の遺跡！今回こそ攻略してやるー！ #スカイロック https://t.co/AYREVYGjEk https://t.co/tYRZeHbcvK'
遺跡,'早く遺跡のナンバーズを探さなくちゃ！'
遺跡,'人間に人権がなかった頃の遺跡に行くのは健康にいい。'
遺跡,'おにぎり\n弥生時代の遺跡から、米を握って食べた痕跡が見つかってはいるが、現在のおにぎりにつながる直接的な起源は平安時代の「頓食(とんじき)」という食べ物。蒸したもち米を使っていた。江戸時代中期、元禄のころに海苔を巻くようになったそう。'
遺跡,'ひじょーに面白かった\nコリンの話思い出したの心にくるなー…\nあとリフィル先生だけﾒｼﾏｽﾞとか水嫌いとか遺跡オタとか個性モリモリ過ぎじゃないですかね'
遺跡,'@chanmin_065 アルフの遺跡は最初は何もないんだけど、壁画のパズルを直していくと・・・'
遺跡,'元素爆発で火力4万のタルタリアに攻撃力バフが優秀と噂のべネット君(天賦未強化)を添えたらダメージがエグくて遺跡ハンターが瞬殺された、これは強いわ１撃12万って（・ω・｀）\n\n＃原神\n#原神勢と繋がりたい https://t.co/jYRMaU192v'
遺跡,'例えばイツキさんとアルフの遺跡を調査したいし、ワタルさんは多分ロケット団アジト関連で共闘があるはず。金銀はイベントも多いしカリンさんやシバさんキョウさんも要所要所で色々絡められそうじゃん。'
遺跡,'謎のストーンサークル・施帯文石・墳丘墓の楯築遺跡 https://t.co/rYvjX48AX5 #r_blog'
遺跡,'【岩宿遺跡】いわじゅくいせき\u3000群馬県新田(にった)郡笠懸(かさがけ)町(現，みどり市)にある旧石器文化の遺跡。1946年，相沢忠洋(←重要)によって関東ローム層中の石器が発見され，1949年の学術調査で確認され，日本旧石器文化解明の端緒(たんしょ)となった。'
遺跡,'@chanmin_065 おぉ〜進んでる！\n\nこの後、アルフの遺跡で信じられない事が起こる！\n\nアンビリバボー！'
遺跡,'@tk008_theend 友人が22日に撮影した太宰府天満宮の梅です。\n\n（ちなみに、太宰府市や太宰府天満宮は「太」、昔の遺跡・史跡である大宰府政庁跡などは「大」の漢字を使い分けるんですよ。実際あまり気にしてませんが） https://t.co/Y2MyOtDgoo'
遺跡,'@Mybus_Germany @GermanyTravelJP 10年以上前に行きました‼️予備知識なしで行ったので、ローマ時代の遺跡探しなど、宝探しみたいで楽しかったです🎵'
遺跡,'ウオトリー村とフィローネ地方の遺跡が好き #ゼルダの伝説 #BreathoftheWild #NintendoSwitch https://t.co/E6mr9vujKR'
遺跡,'@f_kurobuchi あぁ〜、誰しもが必ず通る苦戦する任務〜😭私も最初そこで詰んで色々調べたなぁ…🤔\n遺跡でのバトルで詰んでるなら攻撃力の上がる料理食べて火と氷のキャラ連れてって蒸発と溶解狙うといいかも…？\n\n自分のサーバーに… https://t.co/THigIXS4ag'
遺跡,'人間特有の”弱さ”の残った三分の二はさかむけが気に刻む感情 ヴァルル・クノスは僕の名前をしっている如くでしらず………しかし運命はかくも残酷な刻＜とき＞を刻み続けるのを僕はしっている…（──だが、こいつは──！） 主人なき地の守護スルメめだかかずのこ文明遺跡群 レモラ…許してくれ、'
遺跡,'全員レベル１で遺跡守衛狩りしてきたw\nあと行秋で遊んだ https://t.co/yqQJEr61z0'
遺跡,'パルパークはどうする？GOパークにするか？\nワイルドエリア的なオープンワールドは？\nコンテストは？\nポフィンは？\nきのみ植えられる？\n自転車はギア式？\nハンサムとプルートは？(←ギラティナエピソードで絡んでくる？)\nアルセウスが居… https://t.co/mikQ2gS8E8'
遺跡,'遺跡行かなきゃ'
遺跡,'縄文時代の重要文化財が多数展示、福島県白河市で「法正尻遺跡展1」が開催中 #SmartNews  https://t.co/2hv13ehN0P'
遺跡,'昔のジャンルにハマると、遺跡調査してる気分になる'
遺跡,'今日はグンなんとかとかいうデカイ遺跡行った後、朝までハムと語り明かしてしまった。\nまあ、昨日がんばったんだ、こんな日もあってもいいだろう。 https://t.co/T8Od1xMcJQ'
遺跡,'カンストさせなくても遺跡攻略可能な気はするんだけど、私の中の力のトレハンが「力を求めよ……」って言ってくるんだよな'
遺跡,'🚚駿河屋新入荷情報\n\n新入荷TOP➡https://t.co/4TpTlaYjVL\n\nニムトボードゲーム\nhttps://t.co/z7tctR83wO\n\nタペストリー ～文明の錦の御旗～… https://t.co/6FuexoTDZF'
遺跡,'遺跡ハンターがいやで駄々をこねはや10分'
遺跡,'#ほむらいぶ\nFF10おつほむー！\nガガゼド山登っていきもう少しで遺跡！\n誰しもが行き詰まったシーモア戦は2回目でクリア！\nその場で考えた対策やったがリフレクが活躍してくれてよかった  \n\nここからもっと深い深いほむたそでも予想出… https://t.co/buGblGRgwl'
遺跡,'社畜で帰りが遅かったので今からデイリーやって樹脂消費して寝る。あ、いや遺跡守衛とデットエージェントとアビスとトリックフラワーも狩ってねる'
遺跡,'アタッカーの聖遺物厳選に集中しすぎて七七ちゃんの聖遺物クソみたいなのしか付いてませんでした解散\n今度友達に風遺跡つきあってもらお.........乙女☆5が欲しいんじゃ........'
遺跡,'天界神の遺跡！今回こそ攻略してやるー！ #スカイロック https://t.co/ORsBm2WQsH https://t.co/dDLDkRQvtx'
遺跡,'ストーリーランが終わるというのに未だ遺跡組のちゃんとしたイラストが描けていないのダメだと思う'
遺跡,'ちなみに今日の昼過ぎ、岐阜基地への着陸機の見物ポイントにいったら、その公園と近所の遺跡の駐車場が埋まるほどの見物客がいて断念。\n\n普段からあんな混んでるのかな…？\n\nそれとも、昼前にF-35が下りるのが駅からも見えたけど、そのせい？？'
遺跡,'天界神の遺跡！今回こそ攻略してやるー！ #スカイロック https://t.co/rcHePf0dcX https://t.co/aBJpmfJtfO'
遺跡,'てかLABI1の横のとこ遺跡出できてたんや😳この前通ったときなんか看板出てたような気もしてきたけど。\n2階の入口からみえるんかなぁ'
遺跡,'あら☺️\n同じギルドのメンバーさんに\n龍、砂、雪、遺跡連れてってもらえた！！(* &gt;ω&lt;)\nありがとうございます♪'
遺跡,'「時の面影」は実話に基づく遺跡発掘の考古学者とか学芸員のお話なんですけど、母と子の物語でもあり、第二次世界大戦直前の頃の同性愛の複雑さの物語でもあり、その当時の世の中がどのような有り様だったのかというのを感じ取らせてくれる作品なので、そういうのが好きな人にはたぶん刺さります。'
遺跡,'@toonippo 縄文ってロマン満載😍もっと研究進めると嬉しいです、気がかりは北海道で遺跡壊されてるらしいよ、アイヌが先住民でないとまずいらしい、政治家ってアホダヨネ、票欲しさによく調べずに、ウポポいだから、な'
遺跡,'＃JapaneseTerrorist🇯🇵\n＃国土交通省\n\n【国土交通省の国土破壊犯】\n\n河川が洪水で氾濫するように細工しお願いした\n\nその後、プラを敷き詰めた土嚢で盛り土にして埋めておくんだ\n勿論拾い行かないよ\n面倒くさいから… https://t.co/2fmJspOD9v'
遺跡,'現地に行けば、すぐに見つかると思ってたのに。場所だって、ちゃんと覚えてる。なのに、そこへの道が消えてしまった。なぜ？一番困っているのは、「見えない巨人」が現れたせいで、遺跡のあちこちがロックアウトされてること'
