所要時間,'仕事終わって、佐賀行ってご飯食べて、終電で帰ってきた。\n博多↔︎佐賀間を新宿↔︎八王子間レベルの所要時間で実現してる特急かもめ偉大💡'
所要時間,'ガキもハジキも必要ねぇと言いつつ最終的にボールを吹っ飛ばそうとしたけど筋肉モリモリマッチョマンには勝てなかったメダマを描きました。\n\nちなみに所要時間20秒程度。 https://t.co/zsobQzR8LE'
所要時間,'平成26年秋期問2/ハードウェア\n\n所要時間30分(初回)。\nまぐれの6割当たり(～人～;)\nワテ氏のような低スペック受験者にとって、基本情報技術者の午後問題は、明らかに得意不得意の分野に差が出る！\n普通知らんやんJKフリップフロ… https://t.co/r5Pn6RlZ5U'
所要時間,'最近絵を載せていないのでメイキングメモ置いときます…🖋\n\n●描画アプリ\u3000[アイビスペイント]\n●所要時間\u3000\u3000[7時間]\n●画像編集\u3000\u3000[Lightroom]\n\n▼ https://t.co/ysCrSAeusC'
所要時間,'仕事帰りにスノボケースとスキーバッグ持った若者数人とすれ違った。\nもし目的地が #野沢温泉スキー場 なら羨ましすぎる😢\nそして自宅から野沢温泉スキー場までの所要時間調べて３時間かぁと遠い目をしながら帰路に着きました💦… https://t.co/1C55SOfWCx'
所要時間,'#マツエク #マツエクモデル #渋谷マツエクモデル #パリジェンヌラッシュリフト #まつ毛パーマ #ボリュームラッシュ #練習モデル #モデル募集 \n\n明日急募！\n【フレアボリュームラッシュ80〜100束】\n日時→2/20 17時… https://t.co/pZuHdkTzSq'
所要時間,'戦慄迷宮初めて行ったけど、所要時間50分だけど20分くらいで終わるな'
所要時間,'@MAMESHIBA_kouta そうです…笑 情報ありがとうございます🥲所要時間伸びるのでかなり焦りました💦'
所要時間,'#新クトゥルフ募集\n■タイトル:『想いは、焔を孕んで』\n■人数:2~5人ほど\n■所要時間:6時間ほど\n■開始時間:2月20日15時集合\n■形態:シティ\n■最低一人の必須技能:ドイツ語\n■ツール:ココフォリア＆Discordを用いた… https://t.co/DwgxxQlMDz'
所要時間,'曲のイメージとなんか違うけど、ブラのこと考え忘れたので急遽作る、、、\n所要時間10分ほど、、、 https://t.co/CAsLDovETY'
所要時間,'成田空港ジャンボハイヤーの鳥谷部です。\n 2月19日成田空港第1ターミナルのコロナ検疫所要時間をお知らせ致します。\nNH814(ヤンゴン)\n到着予定\u300019時05分\n実際の到着\u300019時56分\n結果判明\u300021時20分頃\n乗車 23時4… https://t.co/Wjn78ICC1j'
所要時間,'【耳コピ】人間 vs. AI\n\n「ピアノ音源→MIDI」の推定モデルと勝負してみました。\n\n緑：私の耳コピ\n赤：AIの分析結果\n橙：被ってる部分\n\n耳コピ所要時間\n私：７～１０時間くらい\nAI：２分（PCスペックによる）\n\nBGM… https://t.co/WsPtMsPDCm'
所要時間,'税理士か会計士かという選択は、難易度とか所要時間とかでなく、単純に興味関心で選択したほうが良いなと思いました。\n\n私は税理士試験は一時リタイアしましたが、理論の暗記が苦痛でしょうがなかったです。会計士の勉強は、それに比べて自分の経理実務に近く、とても楽しかったです。'
所要時間,'【内房線】千葉から主要駅までの所要時間…蘇我：約５分、浜野：約10分、五井：約17分、袖ヶ浦：約33分、木更津：約39分、上総湊：約63分、浜金谷：約73分、館山：約97分、千倉：約108分、安房鴨川：約137分'
所要時間,'2/19  D24  S谷理事長\n内診(排卵済だった)→診察→看護師さんから採卵周期の細かいスケジュール説明\n今日から12日間プラノバール服用💊\n次回はリセットきたらD3で受診🏥\n予約時間からお会計まで所要時間約2時間⏰\n今回も保… https://t.co/deTUPiEkIG'
所要時間,'なんだよあずさの所要時間351時代より増えてんのかよ新型'
所要時間,'訪問看護費は所要時間により、20分未満、30分未満、30分以上1時間未満、1時間以上1時間30分未満の4区分になっている。\n #ケアマネ'
所要時間,'下２つ合計所要時間3分(マッチング含む)'
所要時間,'@l0_0l333K 所要時間はどれぐらいですか？'
所要時間,'何度教えてやっても忘れるそこの凡骨、教えてやろう！大脳生理学的にはある事を覚えようと思ったら２０秒間集中すればいいという！目や耳から入った情報は脳の神経細胞に送られ、ある部分で神経細胞同士の結合が強くなり新しい回路ができる。この所要時間が約２０秒なのだ。いいか２０秒は噛みしめろ！'
所要時間,'ハニホリのプラットフォーム。\n所要時間は2時間程度✨楽しみー https://t.co/adwz6Z2Sil'
所要時間,'適当に作った昼ごはん\n\n所要時間10分  \n制作費40円\n給食の味。 https://t.co/6eMYzoZAjK'
所要時間,'【告知】youtubeライブ上でみんなで過去問の類題を解いてみませんか？\n問題について：１問（電験三種\u3000機械の直流機の過去問の類題）\n演習の流れ：ライブ冒頭で問題を表示、１０分で考えていただき、その後解説。\n日時：20日15時~… https://t.co/bBJXhYUgRr'
所要時間,'@lisakilizan 絵心が無くても、時間が無くても描けるんだから絵がいかに手軽であるかが……\nスイマセン板タブ使いました。（所要時間1分程度） https://t.co/9M9KC9SDX1'
所要時間,'とりま所要時間の計算、、と'
所要時間,'お気持ちすごくわかります。私の場合は税理士試験で学んだ内容を一部流用して会計士試験受けた面もあり、単純に会計士試験の方が所要時間は短くて済むという感覚はあまりありません。続きます。\n#マシュマロを投げ合おう… https://t.co/nAibP7uvcm'
所要時間,'【特急 南風】\n運行区間：岡山〜高知・中村・宿毛\n使用車両：N2000系\n標準所要時間：岡山〜宿毛 4時間59分'
所要時間,'でも京都から伊勢に行くのに明らかに寄ってから行く近鉄と名古屋まで迂回してわざわざ近鉄に乗るのとで所要時間あんまり変わんないの新幹線パワーを感じる'
所要時間,'#ノクターンブギ 本編+スピンオフの視聴所要時間 (平均は秒数の小数点第一位を四捨五入)\n\n28話公開時点\n平均：４分５８秒\n最長：９分７秒 (3話)\n最短：２分９秒 (EX1話)'
所要時間,'途中ですが、こんな感じです。\nここまで所要時間約20分です https://t.co/a9MW5Tth7p'
所要時間,'プロ直伝！野菜炒め意外と奥が深い野菜炒め！家庭でも美味しく出来ちゃいますよ♪\n所要時間:約15分\nコスト:300円前後\n続きはこちら https://t.co/prMXWV8pkP https://t.co/LZnVLVaSvk'
所要時間,'バストモデルの撮影時間は２～6時間位をみて頂けたらと思います。撮影内容によって所要時間や報酬は変わり、その間は食事付です。当社は女性カメラマンが多く楽しく撮影して頂けると思います。https://t.co/baOfDAl8YW https://t.co/0Gq42hgI5V'
所要時間,'#1日1枚 \n#絵描きさんと繋がりたい \n#イラスト好きな人と繋がりたい \n#ひだまりスケッチ \n#ゆの\n所要時間：１時間４０分\n作画BGM：『道』by EXILE https://t.co/5St4z3pErt'
所要時間,'#1日1枚 \n#絵描きさんと繋がりたい \n#イラスト好きな人と繋がりたい \n#ひだまりスケッチ \n#ゆの\n所要時間：１時間４０分\n作画BGM：『道』by EXILE https://t.co/fsHwKvEYdY'
所要時間,'【新型コロナウイルス韓国政府ワクチン輸送訓練】\nSBS  2021年2月19日\n午後2時18分城南市のソウル空港\n韓国陸軍 輸送機 C-130 が\n医薬品運搬車両（コロナ19ワクチン）を載せ\n済州国際空港へ到着 所要時間 5時間5… https://t.co/O1qZyllQeq'
所要時間,'【#LAK実績】\n《感想》\n連絡から取引完了まで盛らずに所要時間15分\nまたお願いします🤲'
所要時間,'新人育成のために、眉ワックスの無料モデルを募集しております！\n\n場所:銀座\n日時: 2/22 12:00~ 2/24 16:30~ \n所要時間:1時間半ほど\n\nご予約やお問い合わせはメッセージでお願い致します！\nご連絡お待ちしてお… https://t.co/Bie1t7cVJq'
所要時間,'新人育成のために、ラッシュリフトの無料モデルを募集しております！\n\n場所:銀座\n日時: 2/22 15:45~\n所要時間:2時間ほど\n\nご予約やお問い合わせはメッセージでお願い致します！\nご連絡お待ちしております！！… https://t.co/dq5LXd6BZP'
所要時間,'京都線新快速の最速時代の所要時間'
所要時間,'耳コピ所要時間が動画の編集時間より長い説ある'
所要時間,'宅配外貨両替マネーバンクの空港受け取りの所要時間や受け取りに必要なものなどを解説しています。https://t.co/CTQAAYo6AI'
所要時間,'裏バイト募集します \n※保証金有\n所要時間 2時間程\n運びです\n給料100-500\n\n＃お金に困ってます\n＃お金欲しい\n＃運び'
所要時間,'名阪間の移動は、快適性とか値段とか所要時間とか本数考えると、近鉄特急が1番コスパ良さそう…。\n利用者的には新幹線が1番多いだろうけど、新幹線高いから値段の面では劣る…。'
所要時間,'実は今2連戦して検証してたんですが、やっぱり20名招待で所要時間10分弱ですね。時間さえあれば１回50人はいけるんじゃないでしょうか😇❤️後不具合は多分大丈夫ですね。\n私は他の方みたいにメモで丁寧にルールとか載せませんが言いたいこ… https://t.co/Ce9abWc6GX'
所要時間,'https://t.co/cxaC3IZPHe\nこれが元動画ですが、盛岡→秋田間はJR田沢湖線や奥羽本線と在来線を通過するミニ新幹線のため速度が遅く所要時間も長いです。 https://t.co/RfLFKMoSJ0'
所要時間,'コロナ渦で利用が激減した上、地震で設備の一部が損壊するなどしたJRを支援するため、\n\nグランクラスに乗ろうと思います。いやだって所要時間が一時間増しくらいになるそうなので酒盛りしようと（殴'
所要時間,'木次線とか高速バスと勝負にすらなってないもんなぁ(所要時間も本数もそう)'
所要時間,'@torinok_hiyoko Σあっ、やってなかったのですね……とりのこさま…(やらかした感\n\n所要時間7分ってところですよ✨✨\n🦀ﾞ'
所要時間,'東北新幹線、24日全線再開\u3000仙台〜一ノ関間は22日、減便や所要時間増も https://t.co/HUH3UoOeir @traicycomより'
所要時間,'『那須塩原駅～仙台駅間の運転再開により、全線での運転再開になるが、当面の間、一部の区間で速度を落として運転する必要があるため、列車本数は通常の3分の2程度となり、通常ダイヤよりも所要時間が長くなる』 / https://t.co/9lMYYF9Dzb'
所要時間,'最近もうミックスの所要時間の9割何らかのオートメーションを書いてるんだけどこれなんとかならんかな…'
所要時間,'この知事さんは、正直どこに落とし所を持っていきたいのかわからんのだが、リニアのルート変更は絶対にあり得ないことは銘記したい。各所で工事が始まっており、後戻りできない段階にあるが、仮に静岡工区回避などしたら大幅な所要時間増になり、リ… https://t.co/1bzKceOM5c'
所要時間,'ライガーゼロ完成！所要時間80分\n惚れ惚れする程美しいデザイン✨\nアニメは勿論、バトスト・漫画・ゲーム・さらには外伝作品においても主役機を務めるポテンシャルは伊達じゃ無い…！\nまさしく新世紀の顔に相応しいゾイド‼️\n\n#ゾイド https://t.co/D1F3BPqNcs'
所要時間,'15分後、22:30に台湾飛天で【答飛所問(飛天クイズ)】が始まりますよ！所要時間：約7分'
所要時間,'吉野線直通\n各駅所要時間\u3000最速\n吉野～難波57分（現行112分）※特急利用\n吉野～天王寺49分（現行90分）'
所要時間,'@real_nagato 高知県\u3000長宗我部元親の後継者問題の時点で呪われている\n徳島県\u3000異端\n\n香川県\u3000うどん\n愛媛県\u3000天空の城ブームでミーハーが備中松山に行こうとして伊予松山に行ってしまいそこからのタクシー代や所要時間などで一般に知られそれとは別に温泉地として取り上げられる'
所要時間,"'なるほど普段「冷凍のまま沸騰したお湯に入れる」食品をあまり手に取らない人には常識ではないのかぁ🤔\n確かに、所謂社会常識では「加熱する食品」の所要時間は2、3分である、で違いないとは思うのですが、文面には「23分""間""」とあるので、… https://t.co/9ycBfLqKDF'"
所要時間,'@_Yuichi_Ito_ 修復箇所は徐行運転するらしく所要時間が1時間近く増えるとニュースで言ってたけど新幹線で移動できる安心感は絶大ですね😊'
所要時間,'@DeepForest_20th @S4W3v5zPLZygStw もうご覧になったようですが｢運転再開後も一部の区間で徐行運転を行う。列車本数は通常の3分の2程度、所要時間も東京～仙台以北で1時間程度長くなる｣そうですねぇ💦\n安全第一で～～！'
所要時間,'吉野線直通\n各駅所要時間\u3000最速\n吉野～大阪空港73分（現行133分\u3000※特急、リムジンバス利用）\u3000\u3000\u3000\u3000\u3000\u3000\u3000\u3000\n吉野～大阪空港73分（現行156分）※急行利用\u3000\u3000\n吉野～梅田60分\u3000（現行110分）※特急利用'
所要時間,'一昨年のJGFでお会いしてから使ってみたいと思ってた子❤️細すぎるかな？と悩んだけど…スムーズに交換できて所要時間5分ほどで完了♪今日レッスンに連れてって初打ち🏌️\u200d♀️悪くないかも？ウッドちゃんたちも変えよっかなぁ♪… https://t.co/18sMrX87wu'
所要時間,'さらしの反物から切り出す時に要注意！\n布おむつをちくちく手縫いしたときの\n所要時間もまとめました\n\n【布おむつの作り方】失敗しない輪おむつの縫い方!手作りと既製品のコスパ比較 https://t.co/ffgV8JQOy7… https://t.co/9EhwNT3ELV'
所要時間,'@t0120002222 あー所要時間的な問題ね'
所要時間,'移動時の歩く速度を２倍する、パソコンのタイピング速度を２倍にする、歯磨きの歯ブラシを動かす速度を２倍にする…  そんなふうにあらゆる場面での動作スピードを２倍にすれば、所要時間全体が半分になり、短縮された部分（半分）が自由時間になります。'
所要時間,'そして！！\n【自己分析コース】ご予約の方対象に\n基礎メイクレッスンオプションを\nモニター価格で受け付けます💄✨\n\nメイクを基本的なことから知りたい！という方向けのオプションです💡\n\n・所要時間：約60分\n・モニター価格：3000円… https://t.co/amA2YSFiY4'
所要時間,'所要時間14分（笑） https://t.co/zFheQYF7T6'
所要時間,'JavaScriptで@urn1o の顔描いてみた！(初心者なので所要時間2時間)\n\n#50人イラフト https://t.co/0WMgOXOyId'
所要時間,'東北新幹線、24日全線再開\u3000仙台〜一ノ関間は22日、減便や所要時間増も (Traicy) - LINE NEWS https://t.co/SJ5CTVlYXt'
所要時間,'東北新幹線、24日全線再開\u3000仙台〜一ノ関間は22日、減便や所要時間増も https://t.co/h9LVX2BiK2'
所要時間,'中学英語の苦手割り出し終わった。所要時間三日'
所要時間,'JR東日本は19日、福島県沖で13日夜発生した地震の影響で一部区間で運転を見合わせていた東北新幹線について、22日始発より仙台～一ノ関間、24日始発より那須塩原～仙台間で運転を再開すると発表。これにより全線運転が再開する。当面の間… https://t.co/0S4JGPfN8o'
所要時間,'所要時間報告\n1周目\n①15分\n②2時間\n③1時間30分\n④1時間30分\n⑤2時間30分\n⑥2時間\n⑦たぶん30秒くらい\n1周目合計:9時間45分\n\n2周目\n①15分\n②3時間\n③2時間30分\n④2時間\n⑤4時間\n⑥2時間\n⑦たぶ… https://t.co/yHgnbCdxFO'
所要時間,'@hayahaya000777 あれは、所要時間1時間以上ないと美味しく味わえませんね。'
所要時間,'東北新幹線那須塩原〜一ノ関間、24日運転再開。運転再開から1ヶ月は本数は3分の2程度、東京〜仙台で所要時間が1時間ほど長くなるとのこと\u3000#NHK #nw9 https://t.co/E1nV8fcbqq'
所要時間,'ひとまず24日に全線運転再開。\n28日は東北新幹線に乗って仙台に行こう！🚅\n#prink  \n東北新幹線\u300024日に全線再開\u3000速度減で所要時間は1時間長く／岩手(IBC岩手放送)\n#Yahooニュース\nhttps://t.co/peImF5Cprd'
所要時間,'@Ak_kO35 悩ましい。通勤の所要時間と保育園の受け渡しにかかる時間はその30分の違いで変わるのかしら？わたしならできるだけ道が空いてて通勤がスムーズで、保育園の駐車場空き待ち保育士さん待ちが少ない時間にさーっと済ませたい。'
所要時間,'東京〜仙台の所要時間が1時間延びるって、どんだけ低速で走るんだ'
所要時間,'【自己抗体吸着法】\n臨床的意義のある同種抗体の有無を確認することが困難となる温式自己抗体の存在を取り除くために用いる方法。\n・ＺＺＡＰ処理：酵素処理で失活する抗原に対する抗体は吸着されない。Ｒｈ、Ｋｉｄｄ系は患者と同型血を用いる。\n・ＰＥＧ処理：操作が簡便、所要時間が短縮。'
所要時間,'1)じゃがいもグリンピース卵のカレー\n2)タンドリーチキンティッカ風\n3)ごぼうサラダ(残り物\n4)キウイとヨーグルト\n5)とろろ昆布すきみ鱈の吸い物\n所要時間60分\n\n#男飯 #料理記録 #料理初心者 #Twitter家庭料理部… https://t.co/03kgC3H0GK'
所要時間,'311の時は、臨時は新幹線福島再開時の福島仙台間リレー号と仙台再開時の仙台一ノ関臨時快速ぐらいだったかなぁ\n\nコレらの臨時列車は429の暫定再開(所要時間+1時間)の段階で終了\n※後709の速度規制区間縮小、923の完全復帰へと進む'
所要時間,'【ポイ活日記】\n~本日のポイント獲得履歴~\n\n期間限定アンケート × 1つ → 2pt\n毎日回答アンケート(5日回答) → 3pt\n\n所要時間 : 約2分\n\n#ポイ活 #ポイ活日記'
所要時間,'今日の沼津は\n\n三島駅→さわやか函南店→伊豆長岡・古奈温泉→内浦→沼津市街地を全部レンタサイクルで周回しました！！\n\n序盤で自転車こけて左膝を負傷して、そこからめちゃくちゃキツかったですが、かなり充実しました😊\n\n超ゆっくり廻って… https://t.co/Cb6SruH0j5'
所要時間,'@Mika_Marun46812 だいだい神戸線が線形いいから早くて、実際10秒所要時間短いし、宝塚線がなぜか遅れるイメージですが、今日は珍しかったです。'
所要時間,'減速運転する分だけ所要時間伸びるから、同じ車両数でも運転出来る総距離が減って本数が減るのでは'
所要時間,'スキンケアからドライヤーして着替えでもう30分くらいかかるかなぁ。大体お風呂の所要時間1時間前後ね。今のところ風邪も引いてないし誰も体調崩してないし肌荒れもないし、髪の毛のケアもできてます。'
所要時間,'@nyks130 ごめん！！ごはん食べおわって今お風呂の順番待ちしてる！！\n所要時間って...どんなですかね'
所要時間,'しかし想像以上に豊富で、珍しいギミックの数々！\nまるでギミック試験場の様相だったよ。\n\n何とかかんとかついていってクリアには至ったが\nありゃ零式大変そうだ…ｗ\n\nあとボス多いなあ〜\nアライアンスより多いか？同じくらい？\n所要時間は… https://t.co/4ebajp9Lvb'
所要時間,'@666_miku_zun うむ！物は試しってやつ！\nリセマラ所要時間長いから辞めるなら早めにね'
所要時間,'@kiwi_1202 @TKH3D 美容室でシャンプーだけしてもらうとか、色々考えたんですけどねぇ。通勤所要時間とシフトの関係でそれすら現実的でなく…\n\n体を拭いて洗面台でシャンプーが一番やりやすかったという😂'
所要時間,'東北新幹線、24日全線再開\u3000仙台〜一ノ関間は22日、減便や所要時間増も https://t.co/M9rnXM1XDS'
所要時間,'#春キャベツ #キャベツ #5分めし\n\n材料\nキャベツ 1/4個\n干しエビ  大さじ1くらい\nニンニク  小さじ1\n塩 少々\n\n手順\n①ざく切りにしたキャベツを2〜3分蒸す\n②キャベツをボウルに取り出す\n③キャベツの上に干しエビ、ニンニク、塩を加えて混ぜる\u3000\n\n所要時間 5分'
所要時間,'東北新幹線、24日全線再開\u3000仙台〜一ノ関間は22日、減便や所要時間増も https://t.co/ezTV4wbK8k @traicycomより'
所要時間,'【公式アナウンス】\n弍章シナリオ公開日時の解禁を致します。\nシナリオ更新の所要時間は約30分程度を予定しております。 https://t.co/FfNvPPpFd2'
所要時間,'アリーナ登頂完了😊所要時間30分程でした✌️ https://t.co/VhZdlAd0O5'
所要時間,'今日はちょっとした空き時間に\nロッドホルダー制作！\n所要時間約1時間！\n製作費3500円❗️^_^\n\nまずは1枚目の部品の中から\nパイプを選択！\nだいたい15センチ位にカット！\nそのパイプを固定するステーに\n強力両面テープを付けま… https://t.co/RsWQ9wDnZK'
所要時間,'@holiday1103 デジマ！所要時間的に文庫2−4冊とかじゃないかなぁ。人によるけども〜。'
所要時間,'※更新\nクトゥルフ神話TRPG\nKP でんでん\n人数\u30002〜3人（PL人数）\n所要時間\u3000約4時間（休憩込み）\n時間は以下の時間以外も可能\n\n・21日13時〜17時〆\n・22日22時〜2時〆\n・23日13時〜17時@1\n・23日20時… https://t.co/nj4OpVjZH7'
所要時間,'@sagisawa_kouki ええ…\n一応所要時間4〜6時間です'
所要時間,'品数:4品\n所要時間:30分\n反省点:手抜きオンパレード\n\n・海鮮中華粥\n・鮭の包み焼き\n・そぼろ春雨\n・冷奴キムチのせ'
所要時間,'成田空港ジャンボハイヤードライバーの高山です。\n\n2月19日(金)の成田空港のコロナウィルス検疫所要時間をお知らせ致します。\n\n第1ターミナル\nZG042(韓国)\n\n《飛行機の到着時刻》\n15:05\n\n《ハイヤーご乗車時刻》\n16… https://t.co/Eq2YuVtiXC'
所要時間,'@kaitheduck ハードじゃなくてソフトで解決ですよ。かがやき全車指定だからかがやき料金とればいいのですよ。あと300から500円くらい高くして所要時間差にみあった適正な料金体系にすればよろしい。'
所要時間,'@homusasara まどまぎ\u3000肛門\u3000バナナ\u3000これらがキーワードでした。（所要時間5秒）'
所要時間,'@idol_is_oxygen 遊覧船に乗って琵琶湖を一周するんです。なんか湖とは思えない広さですね！エンジンが２つついてた。透明のガラス張りになっていてエンジンが２つ見えるんですよ！４０００馬力はあると思います。いや！もっとある… https://t.co/hY6oI8BBzF'
所要時間,'号数により停車駅にばらつきがあると思う特急三選\n\n・ときわ\n朝と夜は列車によってバラバラ(特に朝の上り)。昼間が統一されてるだけマシ。\n・サンダーバード\n同じ特急なのに15分以上所要時間に差がある。千鳥停車も当たり前。\n・うずしお… https://t.co/1ZNBAyQqX4'
所要時間,'プロゲートの中級編の半分で3時間もかかってしまった…今のペースじゃ所要時間を2時間くらいオーバーする！😂\u3000コードの並びがなんでそうなのかとか、考えてたら手が止まる〜'
所要時間,'今の段階で③の報酬が弱いなら、②の労力の可視化を見るといいかもしれない。つまり、イラストなら所要時間だとか、書いた枚数だとか、続けた日数だとか。ここには決して「TwitterでのFavの数」とかは入れてはいけない。それは変動するアンバランスな評価なので。'
所要時間,'北陸新幹線、上野-大宮の所要時間1分短縮を単純に乗せただけでダイヤ改正前と大差ないダイヤなんだけど、臨時かがやきの為に定期はくたかが2本上越妙高で実質エア待避のバカ停するダイヤのひどさが、需要減で臨時かがやきの運転日が減った分だけ際立つ。'
所要時間,'@monsuke_ero 遅漏て、どのくらい所要時間必要ですか？気持ちよくないのですか？\n素朴な疑問でした(*´-`)'
所要時間,'むさ急の所要時間でた。\n大宮-横浜が各停で55分、急行で47分、特急で43分。'
所要時間,'＃トレジェイ版深夜の120分一本勝負\nお題：完璧\n所要時間：1時間程\n※酷い誤字があった為上げ直しさせて頂きます。遅刻参加含め失礼しました🙇\u200d♀️\n\n腹の探り合い（IQ3）\n手練れ×手練れな2人の初夜翌日と、巻き込まれる♦️と🦈（… https://t.co/g2aqo3QC5U'
所要時間,'スクワット100回（所要時間5分）、ストレッチ等一式（3分）、掌開閉60回と踵上げ落とし30回（2分）、歯磨き中ドローイン（実質0分）完了。入浴前の日課。 #dietjp'
所要時間,'有給休暇を取得した上での在宅学会参加で、家族のヘイトが溜まるのは人類のバグ。\n同じ所要時間でも、在宅業務に比べ外で仕事してる方が、「目の前にはいない」ということをもってヘイトが溜まりにくい印象。\n目の前で遊んでる様を見せつけるゲー… https://t.co/WKltb7JUEm'
所要時間,'イオン鈴鹿店へ向かう場合、白子駅から平田町駅へ向かうバスは2系統存在するが、コミュニティバスに乗ってしまうと所要時間が1時間以上かかる(一般路線バスはほぼ寄り道せずに運転するので、所要時間は定刻通りなら25分)'
所要時間,'加藤純一BWポケセンまでの所要時間\n33時間38分(合計)\n7時間59分\n4時間45分\n4時間14分(最終回)\n3時間51分\n3時間36分\n3時間03分\n2時間31分\n2時間03分\n1時間36分'
所要時間,'Drawing Day32\n\n白黒表現を腰を据えて勉強するためにジャンプ模写。\nあと、エッセイ漫画描いてて、髪の毛・輪郭の手癖が悪すぎることに気づいたので模写で手数を増やす＆手癖を矯正していきます。\n\n#クロッキーフレンズ\u3000所要時… https://t.co/nVgWyz27Fo'
所要時間,'今日のアナデンその２。顕現武器無事終わりました。なかなかに手強かったです。あとEXステージ５を攻略しました。（所要時間９０分）耐久戦は得意なんですが！笑\n#アナザーエデン https://t.co/FcvZ4r813b'
所要時間,'返信所要時間5分くらいはかかるし5回は文章消して打ち直してるから逆に変な文章になってそう'
所要時間,'Mayaの使い方を学ぶ度にクオリティがアップして、所要時間が短くなっていく‼️'
所要時間,'#トレジェイ版深夜の120分一本勝負\nトレジェイ『愛情を与えましょう』\n弊テラシリーズの小噺になりますが、テラリウムの中に二人で入れると知っておいて頂ければ！\n少々カニバリズム的表現があるためプライベッターでの参加です。所要時間２… https://t.co/jwJ3aOlY4D'
所要時間,'1分くらいのエロ動画？(ボイロav的な劇場)が完成した(所要時間70分くらい)\n大した完成度でも無いけどお見せしていいやつかなコレ……(導入だけで力尽きた感じ)'
所要時間,'15分後、23:30に台湾飛天で【乾坤大挪移乾坤大挪移(玉揃えパズル)】が始まりますよ！所要時間：約10分'
所要時間,'故障？\n※きちんと閉店するまで所要時間6分 https://t.co/HIxd3Gy4xr'
所要時間,'@12gudemata21 所要時間が増えたことで余裕のあるダイヤになり遅延しにくく(乗務員としては)楽になったと聞きます。これはこれで良かったのかなと。\n私は運転士をしていた頃、ホームドアが付く前の銀座線は駅の所定停車時間が15秒という駅がいくつもありましたから(笑)'
所要時間,'認知症ねっと｜所要時間は約5分\u3000医師監修の認知機能チェック（無料）はこちら #介護情報\nhttps://t.co/qDbJXTytEP\n『認知症やMCI（軽度認知障害）になると、様々な原因で脳の認知機能が低下します。本チェックでは、認知症の予防を目的として、日々の生活で使われ…』'
所要時間,"'2/20(土)❹23:03\nベラジョンカジノ🃏\n\n +30㌦⏰所要時間3分\n\n本日total +154㌦\n\n3play目🃏♠️♦️♣️♥️\n今日は寝不足から競馬 +5,000,競艇 +15,000だからまぁ良しじゃな👌\n\nわしのや… https://t.co/RLHl5cjF4p'"
所要時間,'2週間、娘に自学時間を測ってもらい教科ごとの大体の所要時間を把握。\n\n認識できてきたので、自分で隙間時間に宿題を割り振る形でスケジュールしてもらったら、自分で決めて満足げ。かつ、次にやることが視覚化されて娘の行動が計画的になった。\n\n気がする。だけかも。だけじゃありませんように。'
所要時間,'例によって以前作ったサロペットの余り布で作成(´▽｀)\n製作の所要時間が2時間ちょっとにまで短縮されたので慣れてきた模様(°▽°)\n実は先日作ったものと一緒に甥と姪にあげる予定なのです←\n同じようなのをあげないとあの子達喧嘩しそう… https://t.co/aVYnOqc3wS'
所要時間,'多くの場合、成功は成功するまでの所要時間を知っているか否かにかかっている。\n\nシャルル＝ルイ・ド・モンテスキュー'
所要時間,'【外房線】千葉から主要駅までの所要時間…蘇我：約５分、大網：約26分、茂原：約38分、上総一ノ宮：約51分、大原：約70分、御宿：約81分、勝浦：約87分、安房小湊：約110分、安房鴨川：約121分'
所要時間,'父が入院中の病院は、私の職場が入居している\nビルの隣の隣のそのまた隣。信号1本渡ってすぐ。\n病院に着いてから検温や手指の消毒、2週間以内に\n海外に渡航していないか等の問診票記入が必要でしたが\n患者の家族がお呼び出しを受けてから病棟… https://t.co/tdUNfPIc6k'
所要時間,'所要時間3時間予定のところ5時間に押して拘束時間17時間で今日のお仕事フィニッシュです。死。'
所要時間,'プロ直伝！ニラともやしの卵炒めそれぞれの素材の食感をうまく活かした一品です！もやしとニラはシャッキシャキ♪卵はふわっふわっ(￣▽￣)\n所要時間:約https://t.co/f9c8gX7GeD https://t.co/VCZs7FoHlu'
所要時間,'@Kuronatto1 ホームドアやワンマン化により駅での停車時間が増え所要時間が伸びてる会社もあるみたいですね。昔はダイヤ改正で少しでも早くなれば早くなったアピールをしていましたが、遅くなったことについてはアピールしないので気づきにくいですが。'
所要時間,'✅LPスマホ版作成！\n\n⏰所要時間:5時間\n\n🌟ポイント\n・見出し部分は大きくし見やすいようにする\n\n・縦型に配置やデザインを変える\n\nスマホ版はPC版ができてるので比較的スムーズに作れますね！🤣\n\nコーディングまではいけなかった… https://t.co/Z8pYPCxmPW'
所要時間,'アボカドを再起動します\u3000所要時間は約5分です'
所要時間,'#原神\n原神が好きすぎて、トワリンみたいな髪にしてしまいました\nブリーチ2回、カラー4回、所要時間5時間半でした\n実際に見るとすごく鮮やかな青色と水色が混ざっているような感じです\n外ハネの女の子感、なんかちょっと恥ずかしい気持ちで… https://t.co/FoWRP92cdy'
所要時間,'#PL募集 #クトゥルフ募集\n『 狂気山脈\u3000～邪神の山嶺～』\n作:まだら牛さま\n\n・日時:2/23(火) 13:00-\n・募集人数:3名\n・所要時間:6h−8h\n・形式:ボイセ(Discord)＆ココフォリア\n\nまだ未踏破の方がい… https://t.co/UivJObYKWE'
所要時間,'修禅寺→三島→御殿場と電車移動して、御殿場駅から宿泊地の富士山駅までは路線バスで移動しました。所要時間1時間。\n\n電車だと三島→東京→大月→富士山駅になるけど、新幹線に乗っても3時間以上かかるので、このバスは非常にありがたいです🚌 https://t.co/79YrCFTKi8'
所要時間,'名古屋市近辺限定\n買い物代行サービススタッフ\n所要時間10分～6時間\n報酬2000円～25000円\u3000日払い\n条件：大学生以上\u3000要：身分証明書確認\n主婦様、学生様、ネットショッピング購入経験者歓迎\n詳細 #名古屋 #アルバイト #日払い'
所要時間,'制度としては知ってるけど使おうとは思わないんだよな。\n新幹線ネットワークが発達して目的地までの所要時間が少なくなった以上、真っ直ぐ行って現地でゆっくりする方が良いし、あちこち回るならフリーパス買うし… https://t.co/0PITTpwJog'
所要時間,'正直言っていい？\n言うほど蔵王、機動性良くないよね？加減速も旋回半径も悪いのに転舵所要時間、７.９秒ってだけで機動性良いですって言われても困る'
所要時間,'国道走破の旅in49号線、走破！\n所要時間は5h42mでした。 https://t.co/vqtbI7P53V'
所要時間,'よーしやるぞー、とDaigo @hexagym さんのストレッチ×ゆる筋トレ実施。PART4→PART2、最後に萩原さんの #骨チャレ 1週目のやわこでほぐして終了\n所要時間約50分ほど。チェストリフトで首にめっちゃ力入ったけど、総じて背中が気持ち良いです🎉'
所要時間,'今日のお話は、「私が栄養学を主専攻にした理由」と「幸せに生きるための考え方」\nおまけつきでちょっと長めの所要時間5分\n寝る前の5分間、少しだけいただけたら嬉しいです\nお気軽に覗きにきてください🌿\n\nhttps://t.co/N8u2KEvHWB'
所要時間,'#豆知識\u3000＃利益なツイート\u3000＃雑学\u3000＃拡散希望\n人の1日の平均まばたき回数は、およそ1万5千回。\n1回のまばたきの所要時間は、およそ0.3秒かかっている。\nつまり、寝る時間以外にも1時間15分ほどは目を閉じているという計算になる'
所要時間,'@iori_n846 試合会場までの所要時間が短縮されるかも！？😂\n\n……捕まったら辿り着けなくなるかもなので気をつけま～す😇笑'
所要時間,'はやぶさ23号にて盛岡から八戸へ移動しましたが所要時間は27分\n東北自動車道と八戸道を利用しても2時間弱はかかる距離をこの時間で移動できるというのは正直車でしか移動した事がなかった身からすると驚きで、時間を買うというのはこういう事… https://t.co/5Mr7F9kXUL'
所要時間,'ここまでの所要時間（仮）は30分以内です。\nまあ完走で2時間以内と思ってやってるので順調。\n次の目標は前回はやったウェイバー2戦目を飛ばしてセレブルマ2戦目まで。\nその次がハクノ開拓（キャス狐確保）→セレブルマ3リベンジ。'
所要時間,'分割DLってなんで容量にそこまで差がなくてもpart1だけ予測DL所要時間が長いんだ'
所要時間,'キハ120を投入した際には、新見~備後落合で30分ぐらい所要時間を短縮したのです。\n県や市町が補助した際には、津山線は岡山津山58分運転を実現したのですが、今は70分以上が基本ラインです。\n紀勢線では振り子と非振り子を同じスジにし… https://t.co/liYgEIPOkz'
所要時間,'@wolpitto_lia64 所要時間どんくらいっすか？'
所要時間,'@takeoutnisinaka 伊丹空港１７分はムリですね。\n単純に阪急とモノレールの所要時間を足しただけで駅間の移動を入れるとモノレールの待ち時間ゼロでも２０分以上はかかりそうですね。（この場合ダッシュ）\n通常は乗り継ぎの場合早くて６～７分待ちます。'
所要時間,'ようやく自宅前の道が駅方面に貫通する！\n自転車屋までの所要時間も信号待ち抜きで5分になる予定'
所要時間,'@pirosuke2011 このSIC、綾瀬民はともかく、一部の静岡民にとってスゴく喜ばしいのです。（某所までの所要時間が一時間位短縮できるのですｗ'
所要時間,'15分後、22:30に台湾飛天で【鏡王審判(常識問題○×クイズ)】が始まりますよ！所要時間：約13分'
所要時間,'@kaorurmpom キハ187に至っては、単線トンネル形状との相性が最悪過ぎて、トンネル突入時に時速７０ｋｍ程度までの徐行を強いられており、ダイヤ改正のたびに所要時間が伸びてしまいました。'
所要時間,'@kaorurmpom JR四国の徹底した高速化に対して、伯備線や因美線北部は高速化が今一つで終わってしまったことが残念です。\nあと、JR神戸線のATS-Pの整備が拠点型だったので、Sはくとが新快速と並行ダイヤになってしまい所要時間が…'
所要時間,'東北新幹線、24日全線再開\u3000仙台〜一ノ関間は22日、減便や所要時間増も (TRAICY - 02月19日 15:01) https://t.co/YPSHPZWHVk'
所要時間,'本日は、「ガーリックライス」を作りました〜☺︎🧄\n\n今日学んだこと:にんにくを刻むのは時間がかかる、バターを入れるとコクが出る\n\n所要時間:1h\n\nお母さんに「お店に出せる」と言われました🙆\u200d♀️嬉しすぎる☺️✨ https://t.co/DW8Lfl67si'
所要時間,'素朴な疑問です……\n\n(通常の)お風呂の所要時間は？'
所要時間,'【特急 くろしお】\n運行区間：京都・新大阪〜白浜・新宮\n使用車両：381系・283系・287系\n標準所要時間：京都〜新宮 4時間39分'
所要時間,'1)アジフライ、アジ骨せんべい、冷凍赤魚フライ\n2)トマトレタスサラダ\n3)とろろ昆布すきみ鱈ねぎの吸い物\n所要時間40分\n\n#男飯 #料理記録 #料理初心者 #Twitter家庭料理部 #料理好きな人と繋がりたい https://t.co/O0PkLFtnoc'
所要時間,'休みはあるのに(店内改装の為数日お休み)\n交通手段に難ありすぎて(所要時間とか💧)\n行けないのでタイムラインに上がる感想で我慢😖\n観たかった4面!!圧巻の殺陣とアクションモブ!!\n願わくば円盤に…(´；ω；｀)\n#壱劇屋\n#ブラスミ'
所要時間,'#OP版ロール60分一本勝負\nお題「いのち」1/2\n所要時間：45分程\n君さえいれば https://t.co/wJR6DpvsX2'
所要時間,'腕立て伏せしました！って言っても10回しかできないから所要時間は2分ぐらいですだはは'
所要時間,'https://t.co/7ZBVQovIMj\n&gt;再開後も当面の間、一部区間で速度を落として運行するため、列車本数は通常の３分の２程度となり、東京―仙台間や東京―盛岡間の所要時間は１時間程度長くなる\n\nもご注意。'
所要時間,'外食🍴帰りに番長3を打ったら3250枚出た❗ 投資8k\u3000所要時間2時間20分 😄👍\u3000スロット引退宣言したけど、この頃引きが良いのでもう少しだけ引退延長🍺 https://t.co/K3rgUK4Lb3'
所要時間,'ところで\n26日の石井さんのお話 6分7秒16\n\n卒業証書授与の所要時間 14.5分\n27日の石井さんのお話 9分11秒17\n\n卒業証書授与の時間より石井さんの話の方が短いだと…！？\nこれは石井さんも意識し始めたのか(違う'
所要時間,'上下マツエク・まつぱモデル募集★\n\n23日9:00〜15:00空いてます◎\n所要時間1.5h、お直しは不可\n\n上120本＋下40本\nデザインカール自由です♪👼\n2500〜3500円(フラットラッシュ)\n\n上下パーマ￥1500\n\nd… https://t.co/r407EM4075'
所要時間,'APEX代行\n爪跡/ダブハンセット専門\n3000円で受け付け致します！\npaypay支払いのみ\n\n実績がなく信用が無い為、後払いで受付致します！\n\n所要時間3日前後\n仕事のスケジュール次第で前後してしまう点、ご理解頂けますと幸いで… https://t.co/Ljqui8Nl2Q'
所要時間,'【特急 おやすみエクスプレス】\n運行区間：金沢→福井\n使用車両：681系・683系\n標準所要時間：金沢→福井 50分'
所要時間,'【ポケモンGO カビゴンの捕獲代行】\n\n・価格は1体500円からです。\n(お支払いはアマギフ)\n\n・所要時間は半日になります。\n\n・興味がある方はプロフの連絡先にご連絡下さい。\n\nhttps://t.co/0FbpuLmNtr'
所要時間,'@Syrayra ヒント：所要時間'
所要時間,'@nonon_iza 当時の状況や工事の所要時間など詳細がわからないので何とも言えないのですが、相場から考えると高すぎるかな〜と( °_° )\n何もしないよりは絶対連絡した方が良いですよ！\nもっと金額が下がりますように！'
所要時間,'行かないって決めたのに所要時間調べてんの草すぎ https://t.co/hFCV4h0c6S'
所要時間,'@_TESTMETHOD やっぱ所要時間的にはそれが一番良さげなのね\n乗り換え検索でそのあたり出てきて確かに料金抑えられるらしいけどメリットがよくわからんくなってた…特急の方が良いんやろか思ってたら1分差だったし'
所要時間,'スマホ買い替えたので再インストール。所要時間1時間50分、対戦ありがとうございました。疲れた…… https://t.co/QJbLAV2Wap'
所要時間,'@_TESTMETHOD 楽しそう\n新横浜ルートとか品川ルートでの料金とか所要時間諸々考えるのがちょっと分からなくなってきていたのでちょうどパンチが欲しかった'
所要時間,'@Bay_goya58 京都なら一応バスで行ける（なお乗り心地と所要時間）'
所要時間,'所要時間ジャスト30分でした'
所要時間,"'@WaniwaniCom 自分の場合、\n以前大阪まで\n所要時間5〜6時間\n高速料金10,000円\nでした。\n広島まで電車→新幹線で\n乗車料金？\n所要時間(乗換に1時間あり)8時間くらいでした。\n別目的ありか複数の場合以外は電車だな… https://t.co/sUZ3cwiVZW'"
所要時間,'このツイートを見て今作ったブラウニー。\nバレンタインで残ったチョコを使いたかったけど、まだ半分残ったので明日また作って職場に持ってく！\n予想以上に簡単だった！所要時間10分✌ ( ˘ω˘ ✌ )三✌ ( ˘ω˘ ) ✌三( ✌ ˘… https://t.co/UBdXoyLWF6'
所要時間,'@RIKIZOU0206 FF外から突然すみません、もしよければ「美少女戦士セーラームーン」のテレビゲーム化に関する海外ファンによるアンケートに是非ともご協力いただけないでしょうか。所要時間1分程度の短い匿名のアンケートです。アン… https://t.co/ZsjQ4EDvBE'
所要時間,'@power_yd FF外から突然すみません、もしよければ「美少女戦士セーラームーン」のテレビゲーム化に関する海外ファンによるアンケートに是非ともご協力いただけないでしょうか。所要時間1分程度の短い匿名のアンケートです。アンケート… https://t.co/J3YcgRPuqv'
所要時間,'ちょこんと座っていてかわいい♡\nお月見&amp;イースターの飾りにおすすめ♪\n\n所要時間5分半！ちょっと難しい【うさぎ】の折り方の動画はこちら！\nhttps://t.co/rRqe3fyLV1\n#折り紙 #おりがみ #Origami… https://t.co/ptJy4WUVyJ'
所要時間,'@noa_kiminozo FF外から突然すみません、もしよければ「美少女戦士セーラームーン」のテレビゲーム化に関する海外ファンによるアンケートに是非ともご協力いただけないでしょうか。所要時間1分程度の短い匿名のアンケートです。ア… https://t.co/Kr84ljF58i'
所要時間,'@0tya13 FF外から突然すみません、もしよければ「美少女戦士セーラームーン」のテレビゲーム化に関する海外ファンによるアンケートに是非ともご協力いただけないでしょうか。所要時間1分程度の短い匿名のアンケートです。アンケート -… https://t.co/NLkK8Xy3hn'
所要時間,'@ABmiltong FF外から突然すみません、もしよければ「美少女戦士セーラームーン」のテレビゲーム化に関する海外ファンによるアンケートに是非ともご協力いただけないでしょうか。所要時間1分程度の短い匿名のアンケートです。アンケー… https://t.co/iJnpl4ZBAR'
所要時間,'@hayakawaseiich2 FF外から突然すみません、もしよければ「美少女戦士セーラームーン」のテレビゲーム化に関する海外ファンによるアンケートに是非ともご協力いただけないでしょうか。所要時間1分程度の短い匿名のアンケートで… https://t.co/lcSIUTH36G'
所要時間,'@Rai_ru493 FF外から突然すみません、もしよければ「美少女戦士セーラームーン」のテレビゲーム化に関する海外ファンによるアンケートに是非ともご協力いただけないでしょうか。所要時間1分程度の短い匿名のアンケートです。アンケー… https://t.co/0vrfPRdqhr'
所要時間,'@gemunou FF外から突然すみません、もしよければ「美少女戦士セーラームーン」のテレビゲーム化に関する海外ファンによるアンケートに是非ともご協力いただけないでしょうか。所要時間1分程度の短い匿名のアンケートです。アンケート… https://t.co/Zops7cWqYq'
所要時間,'@gurimunomazyoos FF外から突然すみません、もしよければ「美少女戦士セーラームーン」のテレビゲーム化に関する海外ファンによるアンケートに是非ともご協力いただけないでしょうか。所要時間1分程度の短い匿名のアンケートで… https://t.co/4onlmH1AQL'
所要時間,'地図と、回る順序と目安の所要時間をメモした紙をもって、iPhone開けないので何か印象に残ったことはその紙に手書きで書いとくことにした。だってTwitterでレポしたい気持ちを全部は捨て切れなかったからねぇぇ…'
所要時間,'@taro_may0 FF外から突然すみません、もしよければ「美少女戦士セーラームーン」のテレビゲーム化に関する海外ファンによるアンケートに是非ともご協力いただけないでしょうか。所要時間1分程度の短い匿名のアンケートです。アンケー… https://t.co/Q3bkF0xn5i'
所要時間,'@rnaashii425 FF外から突然すみません、もしよければ「美少女戦士セーラームーン」のテレビゲーム化に関する海外ファンによるアンケートに是非ともご協力いただけないでしょうか。所要時間1分程度の短い匿名のアンケートです。アン… https://t.co/Q0CBtExWhu'
所要時間,'@yangorira51 FF外から突然すみません、もしよければ「美少女戦士セーラームーン」のテレビゲーム化に関する海外ファンによるアンケートに是非ともご協力いただけないでしょうか。所要時間1分程度の短い匿名のアンケートです。アン… https://t.co/uydHoZd0Q1'
所要時間,'@Nemoto_ FF外から突然すみません、もしよければ「美少女戦士セーラームーン」のテレビゲーム化に関する海外ファンによるアンケートに是非ともご協力いただけないでしょうか。所要時間1分程度の短い匿名のアンケートです。アンケート… https://t.co/zyyxHafJj6'
所要時間,'@Chika_A_Maragi FF外から突然すみません、もしよければ「美少女戦士セーラームーン」のテレビゲーム化に関する海外ファンによるアンケートに是非ともご協力いただけないでしょうか。所要時間1分程度の短い匿名のアンケートです… https://t.co/4buhGWlONX'
所要時間,'@furufuru19830 FF外から突然すみません、もしよければ「美少女戦士セーラームーン」のテレビゲーム化に関する海外ファンによるアンケートに是非ともご協力いただけないでしょうか。所要時間1分程度の短い匿名のアンケートです。… https://t.co/Giidf7lPSK'
所要時間,'@namidanecody FF外から突然すみません、もしよければ「美少女戦士セーラームーン」のテレビゲーム化に関する海外ファンによるアンケートに是非ともご協力いただけないでしょうか。所要時間1分程度の短い匿名のアンケートです。ア… https://t.co/f346f0OWH6'
所要時間,'二本目、大遅刻にて参加します。\n（所要時間：22:30？～23:50）\n\nお題：口実（高専灰七）\n#灰七版ワンドロワンライ https://t.co/T3CJtzx3iN'
所要時間,'【卓募集】\nクトゥルフ神話TRPG(第6版使用)\n『天隠』\n日程：3/6&amp;3/14\n募集人数：PL１人\nKP:空空さん\n所要時間：前編(3-5時間)、後編(4-6時間)\n推奨技能：〈目星〉\nシナリオ傾向：和風ホラーシナリオ\n\nFF内まで募集。'
所要時間,'所要時間2時間30分ほどでした対あり https://t.co/xaTvg0vpq7'
所要時間,'#イナイレいつでも真剣お絵描き60分一本勝負 \nお題「キャプテン」\n所要時間:60+3\n\nGEMINI STORM▼ https://t.co/tBTsCndmQO'
所要時間,'やっぱりシンプルにしたほうが良いんかなぁ…一枚目は比較用に急ぎで描いたのもあるけど所要時間5分くらいなのよね'
所要時間,'北は岩泉小本まで到達。\nあとは石浜から山田に抜ければ、みちのく潮風トレイルも宮古市内はクリア。どうやら年度内には。\n歩きやすさや面白さ、安全、所要時間は、やはり実際に歩いてみないと説明出来ないですからね。 https://t.co/SVApb4PkFW'
所要時間,'場合によっては１日所要時間減らして２日、３日かもしれないけれど、\n研修→実践って怖いわ、、、'
所要時間,'AH号に東京から拾っていただき前橋市・チャラカラへ。バンパロタがどうにも止まらなく、各種カレーと共にたっぷり4枚ほどいただいた後、さらにドーサとビリヤニを。うおお、おいしい。こんなに凄いとは。行き帰りの所要時間の長さもあり、東京へ… https://t.co/a6ndHdqqjK'
所要時間,'#イナイレいつでも真剣お絵描き60分一本勝負\n\nお題:「キャプテン」\n所要時間:45分\n\n佐久間キャプテン https://t.co/orZfBdveir'
所要時間,'@C49710 そうなんか！！井倉洞さ、所要時間30〜40分くらいって書いてあったのに出るのに1時間かかったww\nうん！絶対会おうな😭😭'
所要時間,'ピカピカになりました\n所要時間２時間 https://t.co/hMvgwnrXKC'
所要時間,'ちなみに耳コピ所要時間約15分なのでクオリティはお察し。'
所要時間,'今日の9582Mやまびこからの接続で遅れ\n一ノ関2201\n花泉2211\n石越2216-17\n瀬峰2227\n小牛田2236-36\n鹿島台2242\n松島2250\n塩釜2256\n陸前山王2258\n岩切2300\n東仙台信2302\n東仙台2… https://t.co/Lvd9JGcqDt'
所要時間,'@megane_oji_ 循環…🤣\n最近はそーゆーのしてないです😇\n旦那さんの所要時間基本10分なので🤣'
所要時間,'まとめをやめれば、所要時間も気持ちも軽くなるけど、記録に残しておきたい欲が…！'
所要時間,'スクワット100回（所要時間5分）、ストレッチ等一式（3分）、掌開閉60回と踵上げ落とし30回（2分）、歯磨き中ドローイン（実質0分）完了。入浴前の日課。 #dietjp'
所要時間,'超簡単！ツールまかせで稼ぐ FX\n\n午前中に予約をいれてほったらかし\n自動で利益を確定させる\n\n所要時間は1日たった7分\n５つの条件を確認するだけ（マニュアルあり）\n↓↓↓\nhttps://t.co/NbbwsHSS8B\nぜひフォ… https://t.co/Y2b56VfCnR'
所要時間,'未だにべよりミュが人気なの訳わからないだけど、、なんで？？べのが楽しくない？？所要時間少ないしガチャでるし頑張らなくてもポイボ☆5余裕で取れるしカードのパラメータ！！になってからアホ上がるし何がダメなの？？？動かないから？？？'
所要時間,'15分後、23:30に台湾飛天で【飛拼不可(ジグソーパズル)】が始まりますよ！所要時間：約5分'
所要時間,'お返しというほどのつもりでもなくてほんとにただの落書き（一人あたり所要時間、後戸組: 2分、その他: 30秒）だったのだけど喜んでもらえたなら何よりという感じ'
所要時間,'遅くなりましたが！\n本日は、「ボンゴレ・ビアンコ」を作りました〜☺️✨\n\n今日学んだこと:アサリは生きている\n\n所要時間:1h\n\n今日は…激薄味でした…\n何故だ…反省会…\n\nそしてこんな時間にこんな写真ごめんなさい🙇\u200d♂️笑… https://t.co/iNMDhdnXkN'
所要時間,'魔法少女水地\n髪:くるくる・橙髪\n目:水色\n変身アイテム:魔法の鏡\n変身所要時間:1分\n台詞:「私の、勝ちなんだから！」\n使い魔:狼\n#shindanmaker\nhttps://t.co/HJPu9ZGCDM\n\n次のうちの子これにしますか'
所要時間,'研修医にはその科を志望している理由とか、将来どういう人生プランを考えているのかを聞く\u3000自分が研修医の頃との違いとか、彼らの人生の考え方を教えてもらうのはおもしろい\u3000それだけ話して今日の外来見学は終了です(所要時間10分)'
所要時間,'なんでおれはグラスゴーからエディンバラへの所要時間を調べているのか'
所要時間,"""1時間圏内のDDRロケ(最短所要時間順)\n・M's PARK 刈谷(白)\u300020分\n・安城メトロ(赤)\u300030分\n・レジャ大高(金)\u300045分\n・コムテ金山(X、ジェネ)\u300045分\n・タイステ大須(黒、白)\u300050分\n・キングジョイ(金)… https://t.co/4lxdIKYINA"""
所要時間,'@DANCHO_NANJO 頑張ったけどせいぜい所要時間15分くらいだけどねw\n\n南条より上手いは無いわww'
所要時間,'(再掲)【所要1分】私の成長したとき３選です―楽しさ自由度自立するとき― https://t.co/hHodXdTj05\n自分が特に成長したとき３選を選んでみました。\n#総論\u3000#自己実現\u3000#こころ\u3000#環境\u3000#自由\u3000#時間\u3000#自立\u3000#責任 #困難'
所要時間,'実は明日33キロのウォーキングをやる予定です。\n職場からウォーキングで帰宅してみます。災害時を想定して、です。\nもちろん達成できるかはわかりません。\nしんどくなったら交通機関使ってしまうかもしれません。\n所要時間推定10時間くらい(Googleマップさんで7時間ちょっと)やし。'
所要時間,'「英単語ターゲット1900」から、30単語勉強しました！\n\n所要時間→38分\n#勉強垢さんと繋がりたい #勉強垢さんでいいねした人全員フォロー #勉強垢さんと一緒に頑張りたい #勉強垢さんフォロバします #勉強垢 https://t.co/HGZUiSIfai'
所要時間,'最高時速130km…とにかく速い！JR西「新快速」\u3000半世紀にわたり走り続けた関西のスター(まいどなニュース)\n#Yahooニュース\nhttps://t.co/KRt5wmgao4 \n\n2000年代初頭は結構飛ばしてたなぁ\n余裕のな… https://t.co/j8OErVzsBg'
所要時間,'渋谷区の、それも渋谷駅から近いとこに長年住んでたから吉祥寺に引っ越すのも割と思い切った郊外に来たつもりだったのだけど、住んでみると都心からは全然遠くないね。\n\n秋葉原までの電車移動、渋谷からも吉祥寺からも所要時間まったく同じだったし。杉並三駅を通過してくれるともっと便利だけどね。'
所要時間,'品数:4品\n所要時間:45分\n反省点:姫筍の瓶開けるの大変！\n\n・酢鶏\n・きゅうりの明太和え\n・姫筍と白滝の煮物\n・冷奴（ネギだれ）'
所要時間,'ならルートか…\n所要時間に変化が出たらおもしらいね。'
所要時間,'2/21(日)❷22:46\nベラジョンカジノ🃏\n\n +146㌦⏰所要時間13分\n\n本日total +203㌦\n\n2play目🃏♠️♦️♣️♥️\n今日は競馬負け競艇勝ち\nワシには秘技なるロジックあるコレじゃな🃏\n\n明日が早いからもう… https://t.co/S3FZF7kAU5'
所要時間,'クソ長いアンケートで160円分のポイント\n寝ながら回答はできるけど所要時間1時間前後、割に合わない？'
所要時間,'坂が無い方の道選んで普通の速度で来たけど、あんま所要時間変わらんかったわ'
所要時間,'”所要時間は10分程度”と表示されたスマホのアップデートを軽い気持ちでポチっとしたらその後数時間まともに動かなくなってしまった。画面が真っ黒なままだよ…バックアップ…取ってないよ…終わったな…(遠い目)となった(笑)時間かかったけ… https://t.co/pUbyslUaJZ'
所要時間,'【特急 スーパーまつかぜ】\n運行区間：鳥取〜米子・益田\n使用車両：キハ187系\n標準所要時間：鳥取〜益田 3時間25分'
所要時間,'都産貿浜松町館は私にとってはデビューの地だし岡谷も沼津も最寄りからは電車で一本だけど所要時間で言えば乗り換え一回の浜松町の方が近いしホントは行きたかったよ〜。早くまた安心して参加できる日が来ます様に。'
所要時間,'#FF14クガネ登山 \n本日の所要時間だいたい7分30秒\n最後の屋根にあがる直前で落ちた；； https://t.co/50Xcit2IaY'
所要時間,'~天神から帰り着くと、もう次の日~\n【2日目③】\n\n8.天神中央郵便局前23:15発\n26A 赤間営業所行き(終着0:30)\n\n順番が前後しちゃったけど、トップバッター発車の20分後にはまた発車する26A赤間営業所行き。2分後に発… https://t.co/XeH8zuHQIR'
所要時間,'皮を入れる場合、苦味が強いからスパイスを全体的に増やしてバランスさせてるっぽい気がするなぁ。ナイルレシピの方が味は優しそう。とりあえず両方作ってみよう。\ntoo much india のブログに乗ってるやつは所要時間が異常なんだが、なかなか鮮烈な味になりそうな気がする。'
所要時間,'湘南ライナーを廃止して停車駅や所要時間がほとんど変わらない中古車特急に置き換えて大幅値上げをする東日本旅客鉄道の悪徳商法'
所要時間,'話もらって秘匿貰ってCS作った(所要時間1時間以内)'
所要時間,'@mori2ta 揚げ物の所要時間も考えられないなんて、家でなんもしない人なんだろうなぁ\n上げ膳据え膳な癖に口出しもしっかり家でもやるんでしょうね'
所要時間,'@kuntara_duck FF外から突然すみません、もしよければ「美少女戦士セーラームーン」のテレビゲーム化に関する海外ファンによるアンケートに是非ともご協力いただけないでしょうか。所要時間1分程度の短い匿名のアンケートです。ア… https://t.co/JIEgyrCP7B'
所要時間,'@reiya8492 FF外から突然すみません、もしよければ「美少女戦士セーラームーン」のテレビゲーム化に関する海外ファンによるアンケートに是非ともご協力いただけないでしょうか。所要時間1分程度の短い匿名のアンケートです。アンケー… https://t.co/sihRM4QLIG'
所要時間,'作画工程。所要時間59分でした。 https://t.co/HeNmtOs1Db'
所要時間,'@Vamprevenge_T4 FF外から突然すみません、もしよければ「美少女戦士セーラームーン」のテレビゲーム化に関する海外ファンによるアンケートに是非ともご協力いただけないでしょうか。所要時間1分程度の短い匿名のアンケートです… https://t.co/YCRpgTFiJV'
所要時間,'油麩の卵とじ完成。さっき材料写真を上げてから作り始めたので、所要時間20分でした。 https://t.co/lNyzE5ut18'
所要時間,'@VixyNyan FF外から突然すみません、もしよければ「美少女戦士セーラームーン」のテレビゲーム化に関する海外ファンによるアンケートに是非ともご協力いただけないでしょうか。所要時間1分程度の短い匿名のアンケートです。アンケート… https://t.co/FH7ZCLS5vu'
所要時間,'@moonufoRoR FF外から突然すみません、もしよければ「美少女戦士セーラームーン」のテレビゲーム化に関する海外ファンによるアンケートに是非ともご協力いただけないでしょうか。所要時間1分程度の短い匿名のアンケートです。アンケ… https://t.co/jJV2N4arLZ'
所要時間,'トラペのT-28とKV-1なんですがT-28の車体と足回りが一体成形になっていて一瞬で組み上がるので、所要時間はどちらも2時間ほど。'
所要時間,'15分後、22:30に台湾飛天で【天生一對(真剣衰弱)】が始まりますよ！所要時間：約10分'
所要時間,'今の特急は生温い。止まりすぎだ。そう思っても特に急がない今と特に急ぐ昔の所要時間はさして変わらない。'
所要時間,'国道57号線開通!!\n阿蘇までの所要時間が最大30分短縮されました♪'
所要時間,'所要時間は50分でしたのでワンドロには成功しています'
所要時間,'@Love_Emachan たしかにその手もありますね🤔\nそしたら韮崎で降りて口野口経由で行くといいかもですね！\n\nけど、今回は予算的な問題と所要時間知りたかったので自転車Onlyで行きました👏'
所要時間,'根室本線、釧路～根室で所要時間バラツキがあるのは、快速通過か普通停車ではなくて、キハ40の性能とか夜間のエゾシカ衝突対策の徐行運転はあるよなぁ'
所要時間,'@now_J_G このご時世なので宿泊は無しよりですね。所要時間や距離は最西端と同じくらいなので日帰りでも大丈夫そうではあります。'
所要時間,'@ai_no_senshi99 FF外から突然すみません、もしよければ「美少女戦士セーラームーン」のテレビゲーム化に関する海外ファンによるアンケートに是非ともご協力いただけないでしょうか。所要時間1分程度の短い匿名のアンケートです… https://t.co/2l6ij2yGvt'
所要時間,'テスト前に何やってんだ\n所要時間(色塗り合わせて)7分'
所要時間,'@hinoliesse2evo 府道753号線笹瀬橋は何か通行規制があって大型車通行止めのため、村のスクールバス(中型らしい)が大河原橋まで迂回して10分ほど所要時間が伸びているとの情報が昨年末にありました。橋そのものの老朽化や被… https://t.co/nUPIUBUJkB'
所要時間,'屋久島は絶好の山登りシーズンを迎えています！もののけの森として有名な苔むす森までは約1時間の景色を楽しみながらのきつくないハイキングで到達できます！宮之浦から白谷雲水峡入り口までの所要時間は約 30 分です。#屋久島\u3000# 白谷雲水… https://t.co/LVkGxVrs3t'
所要時間,'ジュピター\n所要時間：約1.5H https://t.co/9rKZJDMgBU'
所要時間,'成田空港ジャンボハイヤードライバーの沼尾です。\n\n2月21日(日)の成田空港のコロナウィルス検疫所要時間をお知らせ致します。\n\n第2ターミナル\nQR806(カタール)\n\n《飛行機の到着時刻》\n17:21\n\n《ハイヤーご乗車時刻》… https://t.co/V9Wu8p2Nvt'
所要時間,'たぶん大丈夫、東京出張一緒に行った時に渋谷で我慢出来ず明らかにおかしい理由でちょい抜けしてエクソのポップアップ行っても(所要時間10分)疑わなかった同期ならば…！'
所要時間,'成田空港ジャンボハイヤードライバーの沼尾です。\n\n2月21日(日)の成田空港のコロナウィルス検疫所要時間をお知らせ致します。\n\n第2ターミナル\nAA61(アメリカ)\n\n《飛行機の到着時刻》\n15:17\n\n《ハイヤーご乗車時刻》\n1… https://t.co/DKbWVTgNOe'
所要時間,'３巡目の課題：影の付け方\n練習19日目\n所要時間：90分\n\nクロッキー＋調整＋影付け\n\n今日は影付けの時にイラストっぽく単純化してみました。実写風が多かったのでもっとイラスト風に落とし込む練習です。最初から３枚目くらい描けるといい… https://t.co/eHgDJYb83e'
所要時間,'プロ直伝！野菜炒め意外と奥が深い野菜炒め！家庭でも美味しく出来ちゃいますよ♪\n所要時間:約15分\nコスト:300円前後\n続きはこちら https://t.co/IENcgi4K7D https://t.co/zeAgQfrJFM'
所要時間,'プロ直伝！野菜炒め意外と奥が深い野菜炒め！家庭でも美味しく出来ちゃいますよ♪\n所要時間:約15分\nコスト:300円前後\n続きはこちら https://t.co/prMXWV8pkP https://t.co/WOBT5SqD7L'
所要時間,'仙台圏から石巻圏の\n速達行路はJR仙石東北ラインで！\n\n渋滞知らずのラクラク快適\n所要時間最速49分！'
所要時間,'やらなきゃいけないこと(所要時間10分)を1時間でやった'
所要時間,'#灰七版ワンドロワンライ\n第3回目お題：ぬくもり\n新書メーカー仕上げ含む所要時間：1時間15分\n全5ページ（1/2）\n\n都合により早い時間に書いたため、早速フライング投稿にて失礼致します🙇ごめんなさい！\n\n拙宅の灰七＝沖縄前には成… https://t.co/sZnwBZQ5py'
所要時間,'@isb_mch わーい、有難うございます🤗🎵\n目安の所要時間大幅に超えちゃいましたがお気に入りです😆🎶また伊香保温泉行きたいなぁ😢'
所要時間,'特別編の謎解きを速攻で解いていった（所要時間5分以内）旦那怖い'
所要時間,'#私小説\n夢のため、生活のため、しがらみから解放されるために自分を限界まで追い込んで無理をされている方々が多い。精神科医の樺沢紫苑氏も仰っているが一度メンタル疾患に罹患すると失病前の60〜70%くらいが仕事にあてられる所要時間の限… https://t.co/DQyxEKhkhe'
所要時間,'ただいま\n\nいつも使う道路が\n事故で通れなくて\n迂回してきたよ\nほぼ同じ所要時間で\n帰ってこられたけど\n知らない道をナビを\n頼りに運転して\nいつもより2倍も疲れた（笑）！\nこれから夕飯食べるね'
所要時間,'那須塩原ー仙台の運転再開まであと2日なので常盤･東北本線の臨時快速は引き続き走るがそれでも仙台以北の所要時間減･本数増はとても大きい。'
所要時間,'https://t.co/I07gFPEqcq\n自分の心を見つめる用に楽曲ソート作りました(所要時間10分程度)\n引き分けを多用すると、体感と結果が結構ずれるような気もします……🤔？ https://t.co/mXdsmpQtEc'
所要時間,'京都ー高知を高知ー岡山の所要時間で行くと京都ー高知を最速で行く飛行機より1時間も速いとかいうバグが起きるんだよなぁ'
所要時間,'やっと落ち着けるぜ😇\n職場までの所要時間が一時間減るのは大きいな☺️\n\n何より、夜型人間として夜が一時間長く楽しめることが嬉しい☺️ https://t.co/61kv2Wppyi'
所要時間,'@IOsenzai @isoyadaiki 遠くから\n心配して連絡をくれた方が。\n\nやっと\n入れました🤗\n所要時間30分😆\nこれから先\n👵は着いていかれるかなぁ😅'
所要時間,'https://t.co/KkxOi3Xxhf\n\n今日の肴は自家製ネギ間の焼き鳥で一杯。今日は今年初の5台で奈良の橿原名物キビ団子を買いにツーリング。車は渋滞ダダ込み、走行距離は120kmだが所要時間はなんと休憩も含めて7時間程、… https://t.co/nVQ6Jh9Aqk'
所要時間,'最寄り帰還でしゅ！\n駅メモ滋賀イベ、所要時間は７〜８時間くらい\n歩く距離が長いの https://t.co/u3jVcjG5ZG'
所要時間,'もっかいくらいaegisは回したい気持ちはあるけど所要時間がの……でも回してて楽しいんよな……'
所要時間,'#1日1枚 \n#絵描きさんと繋がりたい \n#イラスト好きな人と繋がりたい \n#ひだまりスケッチ \n#ゆの\n所要時間：４７分\n作画BGM：『あなたに会いにいこう』by 奥井亜紀 https://t.co/tHT8UvPAbq'
所要時間,'たいして距離が変わらないのに\n東京→仙台  所要時間 1時間半\n東京→新潟  所要時間 1時間半\n東京→山形  \n＿人人人人＿ \n ＞ 3時間 ＜\n￣Y^Y^Y^Y￣'
所要時間,'#1日1枚 \n#絵描きさんと繋がりたい \n#イラスト好きな人と繋がりたい \n#ひだまりスケッチ \n#ゆの\n所要時間：４７分\n作画BGM：『あなたに会いにいこう』by 奥井亜紀 https://t.co/DR8yPrAOSu'
所要時間,'本日これより新規の方ご対応します。\n所要時間長くても30分完結！\n\nまずはLINEかＤＭください\n\n#低金利\n#個人間融資\n#給付金'
所要時間,'🐰💘ギャラ飲み案件🐰💘\n\n*アプリではありません\n個人案件です！\n\n・希望女性\n年齢/20〜30歳\nランク/夜職時給1万円〜、又は知名度、フォロー数有り\n\n・所要時間2〜3時間\n\n・募集エリア\n東京・大阪\n\n気になる方DMください📥\n\n#ギャラ飲み'
所要時間,'DA17エブリィで静岡から鹿児島まで給油なしでどこまで行ける？所要時間・費用など1300km走ってみた記録\u3000 [車中泊] 2020年夏・九州クル... https://t.co/5sbFW1nSnU @YouTubeより'
所要時間,"'【小ネタ：高崎→高田馬場までの経路】\n高崎駅2,4,7,8番乗り口高崎線高崎発上野行き\n→上野駅着（所要時間：1時間45分）\n→上野駅2番乗り口山手線内回り池袋行き\n→高田馬場駅着（所要時間：20分）\n\n計所要時間：2時間5分\n料金：1,890円'"
所要時間,'青春18きっぷを使って、仙台から東京まで行ってみました！\n\n所要時間、およそ8時間の普通列車の旅…\n\nこんな体験はなかなかできませんね☺\n\n今後、青春18きっぷで旅をする予定の方など…\n\nそんな方の参考なれればと思います！\n\nhttps://t.co/TWQDRdzqaW'
所要時間,'イラストの依頼したいけど声をかけづらい……！\nそんな方の為に簡単な依頼フォームを作成しました。\n所要時間1分以下、受注の可否に関わらず回答者にはこちらからご連絡を差し上げます。お気軽にご利用ください。… https://t.co/WjnVd8EUXZ'
所要時間,'道の駅つくで手作り村 START/GOALの練習用コマ図作りました。\n明日から #美河ハム さんの売店で配布していただけるようです。\nルートはすべて舗装路で所要時間は40分くらいを想定してます。\n#こまれん\n#コマ練\n#ラリー https://t.co/gQs18EHtwP'
所要時間,'#モデル募集\n\nHP掲載用のプレイイメージ写真のモデルも募集します。うんち姿を撮影します。もちろん顔なしでOKです。\n\n上野の事務所で所要時間2～3時間程度、排便姿の撮影で一回2万円～となります。\n\n「モデルだけなら…」という方是… https://t.co/wnew6YdvYQ'
所要時間,'@ayuel0128 @5eJgOFE23NEvgsH はい、かすみん。（所要時間30秒） https://t.co/q7llHN2USX'
所要時間,'相鉄レコード、曲の長さが実際の所要時間とリンクしてるのか\u3000芸コマっすね\u3000最高すぎ'
所要時間,'お題『手紙』で書かせていただきました。所要時間30分。ちょっと遅刻のうえ短くてすみません💦でも、愛だけはたっぷり詰めてます！\n#シャーウィリ版深夜の60分1本勝負 https://t.co/1s2v3xRRdT'
所要時間,'【公式アナウンス】\n次回シナリオ更新の日時を解禁致します。参章は更新を2回に分けて行います。\n更新所要時間は約30分〜1時間ほどを予定しております。 https://t.co/fAOkK4EX8f'
所要時間,'ところでマグナHLなのですが、所要時間が火水土光&lt;&lt;&lt;闇&lt;風でした。火パには一番自信あったはずなのにね……？'
所要時間,'【地理】\u3000学校指定の地図帳を用意すること。\n１）高校から皇居までの距離を、定規を使って概算すること。\n２）高校から樹海までの最短経路を同封の白地図に記せ。\n３）２）の経路を時速６０kmの自動車で辿った場合の所要時間を算出せよ。\n４）そんな地図は破ってしまえ。お前はまだ生きられる'
所要時間,'そろそろマイナンバーカード作ったほうがいいかなと思ったけどサイト見て「申請書ID」（注．引っ越したら無効）で挫折…所要時間10分。\nこりゃ普及しないわ。なんだよ申請書IDて\n申請に手間かかり過ぎなうえにメリット皆無だもんなあ'
所要時間,'いやまじで、ネタになるからといきたい場所の位置関係と所要時間を考慮した機動戦の考案で脳がフルスロットルだった'
所要時間,'ちびっこのリクエストで煉獄さん！小学生にも大人気だね！所要時間20分弱。もっと慣れねば😵\n\nそーいや録画してたゴチの花江さん良かった‥！また枕男子やってくんないかな。。とか思ったり。\n#鬼滅の刃 \n#煉獄さんイラスト… https://t.co/azxZJXxZg8'
所要時間,'成田空港ジャンボハイヤードライバーの沼尾です。\n\n2月22日(月)の成田空港のコロナウィルス検疫所要時間をお知らせ致します。\n\n第2ターミナル\nQR806(カタール)\n\n《飛行機の到着時刻》\n17:33\n\n《ハイヤーご乗車時刻》… https://t.co/knldy1BIcb'
所要時間,'てだこ浦西駅から琉大駐車場までの所要時間はキャンパスバス24分、西原入口から琉大駐車場までが29分と5分の短縮に成功しているように見えるが、西原入口から琉大東口までの所要時間は14分、農学部と工学部以外が目的地ならこちらの方が速いのは一目瞭然である'
所要時間,'ひとりでライブエンヴィー3時間で100回叩けるので6500回達成までの所要時間は最低195時間ですね_(:3 」∠)_\n自分はこの2週間で平日200回休日500回を目標に叩き続けました。おそらく、もうそんな無茶な目標は今後立てませんヽ(´▽｀)/'
所要時間,'コインランドリーにかけて所要時間タイマーかけて取りに行ったら、丸ごと無くなってるとか… ﾅｲﾜｰ😨 フロント平謝りしてたけど、せっかちな客が居たのかね'
所要時間,'スクワット100回（所要時間5分）、ストレッチ等一式（3分）、掌開閉60回と踵上げ落とし30回（2分）、歯磨き中ドローイン（実質0分）完了。入浴前の日課。 #dietjp'
所要時間,'@kuzuha12 こちらこそありがとうございます！🙌✨ふむふむ！所要時間について承知しました！\n様々お手数お掛けしますがどうぞよろしくお願いします！🥺'
所要時間,'2/22(月)❷23:34\nベラジョンカジノ🃏\n\n +304㌦⏰所要時間35分\n\n本日total +774㌦\n\n6play目🃏♠️♦️♣️♥️\n流れがまた悪くなり、長い時間かけてヒヤッとした時間を和らげたわな😅\n\n無理したワシが悪… https://t.co/WgYkPoMfwF'
所要時間,'【ポイ活日記】\n~本日のポイント獲得履歴~\n\n期間限定アンケート × 1つ → 2pt\n\n所要時間 : 約2分\n\n#ポイ活 #ポイ活日記'
所要時間,'@bdgmgdm23 所要時間10分1軒だけなら行こうかな^ ^'
所要時間,'いやでも、車で行くと深夜＋軽自動車料金だと往復14000円＋ガス代往復で6000円＋駐車場代ぐらいなんで、3、4人で相乗りして折半したら最安だと思いますよ、ええ。\n所要時間さえ我慢できれば。'
所要時間,'「英単語ターゲット1900」から、30単語勉強しました！\n\n所要時間→39分\n#勉強垢さんと繋がりたい #勉強垢さんでいいねした人全員フォロー #勉強垢さんと一緒に頑張りたい #勉強垢さんフォロバします #勉強垢 https://t.co/rkF5OCiP4J'
所要時間,'所要時間1時間\nもうちょい時短極めたい https://t.co/9koEoIKRqF'
所要時間,'在宅勤務→三宮で所要時間約40分。\n姫路駅→三宮で乗車時間40分。\n\nつまり、仕事が終わる時間をピッタリ合わせれば、三宮で落ち合えますよマレさん！'
所要時間,'なったまごはんは飲み物です\n所要時間1分です\nｽﾞｽﾞｽﾞ'
所要時間,'#アッパレ173\n飛行機は楽だけど早めに取らなきゃだし保安検査とかあるから結局所要時間あんまり変わんないだよな、、'
所要時間,'@1986_masahiro ありがとうございます。遠いけど、自宅から熊谷ラグビー場に行くのと所要時間はあまり変わらないので力技ですけど、行く事にしました。'
所要時間,'中国用🐼講習動画撮影🎥\n\n首周りの筋肉や頸椎の強張りを弛めるセルフケアレッスン💫\n所要時間は約５分🕰\nいつでもどこでも、自分で自分を弛めることができます。\n\nあまりにも弛むメソッドがつくれたので、日本用も作ろうと検討中です💫💫 https://t.co/Wnfcn2F4P0'
所要時間,'@nt26tn もちろんサイン会もする✨みんなに所要時間は満足するまであげる😌(みんなとは？)\nえ！？みたみた？💎💎💎💎💎もぅカリスマオーナームンムンだよね？♡'
所要時間,'15分後、23:30に台湾飛天で【答飛所問(飛天クイズ)】が始まりますよ！所要時間：約7分'
所要時間,'禪.院.恵SSさ……所要時間60分くらいで書いたけど、思ってた以上に自分でも性癖にバチコリ決まってしまい、最近伏夢のことばっかり考えてる……'
所要時間,'@crimsonred11 圧雪やアイスバーン、シャーベット状の轍など\n状況を見ながら、夏場の数倍の神経を使って運転します🚗\nつるてか路面ではハンドル操作もペダルの踏み加減も\n控えめに🐌\n所要時間は夏の倍かかる事もありますので\nそのつもりで行動します💦'
所要時間,'スペシャルコーティングのガンプラ高いと思ってたけど、自分で塗装してみると所要時間とか考えてめっちゃ安い…てなった'
所要時間,'モラージュと東京の所要時間同じらしい交通の'
所要時間,'【H21春 問50 マネジメント系】時間を横軸にし，タスクを縦軸に取って所要期間に比例した長さで表した工程管理図はどれか。／(ア)E-R図 (イ)アローダイアグラム (ウ)ガントチャート (エ)状態遷移図 #jitec #ipa #ITパスポート'
所要時間,'東北新幹線、24日から全線再開なんですね！\n一部低速運転のため、東京―仙台・盛岡は所要時間が1時間位長くなるって。\n1時間プラスって結構時間長いなぁ。'
所要時間,'@geru_genshin なんて詩的な表現…もしかしてモンドで吟遊詩人って呼ばれてません…？🤔\n\nほんとにね😕てか所要時間1時間の🍒って時点で難しそうwお互い来世に期待だね💪'
所要時間,'@yamiguti_kuroki 兄弟いるなら早いのかも\n経産婦さんは初産婦の倍は早いっていうからねー\n分娩所要時間っていつ陣痛きたか本人に聞かれるから、本人が申告した時間次第でも変わっちゃうよね😓'
所要時間,'メモ\n・行き先\n・交通機関と所要時間\n・日程'
所要時間,'アイドルのイベント1、2分で一瞬の内に俺のこづかいが吹き飛ぶより、アイドルのライブで会いに行って所要時間かけてこづかいは投資したいな😃'
所要時間,'うちの本丸では打刀と太刀の編成で行う『天下泰平』あの遠征は通称｢でぇと遠征｣と俺が勝手に命名してる。もちろん編成は大倶利伽羅と燭台切光忠。所要時間は2時間30分、獲得する資材は投石兵で消耗する玉鋼と地味に消費し続ける砥石。効率の良い遠征にしてでぇと云うに値する遠征だろ？いいだろ？'
所要時間,'@memoqma_02 加えて筑肥線はほとんどが各駅停車で遅いってのもあるんですよねぇ…\n実際の所要時間は極端に遅いって程でもないのですが、(バスだと天神まで1時間15分程、筑肥線だと大体1時間半)\n唐津～天神でドアが27回開くから所要時間以上に長く感じるのもありますし…'
所要時間,'@e_mo_katasumi やっ、やさしい〜〜〜😭\nマップ算出所要時間の1/3で通路を駆け抜けた身にお茶が沁みる…お気遣い感謝です✌️'
所要時間,'【iPhoneホームボタン使えない】スマホスピタル町田ならパーツ交換で即日改善！所要時間は最短5分！\nhttps://t.co/tWcFPaXCoo https://t.co/HcsmuwXZ7G'
所要時間,'オクタンの爪ダブの依頼でした\n所要時間は1時間半ほど\nまたのご利用をお待ちしております(*^^*) https://t.co/u7V8pgOhU1'
所要時間,'完成しました〜！！！\n（所要時間:5時間45分） https://t.co/6hAuFP8vP9'
所要時間,'鎮守祭の所要時間が三時間となっていますが、修法にかかる時間が表示されているだけですので、お参りの出入りはいつも通り自由にしていただけます。\n御朱印の対応も可能です。\n\n#神谷稲荷明神社 #加東市\nhttps://t.co/lrzVGbpK8n'
所要時間,'皆さんは、日本一高い場所にあるお城をご存知ですか？\nそのお城とは→ 備中松山城\n日本一だから、本丸までの道のりって険しいの？心配、、そんな疑問にお答えするべく、実際に「備中松山城」へ行って参りました！今日は本丸までの道のりや所要時… https://t.co/p373zyZMo4'
所要時間,'東北新幹線の那須塩原～一ノ関減便ダイヤ、思った以上に所要時間かさんでるな…\n北海道新幹線との直通は1往復を除き中止。大半の列車は新青森で対面乗換可能。最終列車は東京起点で新青森・秋田へは56分、盛岡へは40分、仙台へは48分繰り上… https://t.co/e9HzYNUN6o'
所要時間,'くじかつ15分もなくて6だけやるかと思ったら見事に間に合わなくて、まあでも20分くらいでできたからいいか。（本番と大して変わらない所要時間）'
所要時間,'『ベーコンとソーセージの蒸しよだれ鷄風味🫕』\u3000\n\n所要時間:10分くらい\n材料:\nソーセージ・・1袋\n厚切りベーコン・・1袋\nよだれ鷄・・一袋\n\n・作り方\n\nソーセージ、ベーコンと蒸す。\n↓\nよだれ鷄味のスープをかける。\n↓\nたべ… https://t.co/hNpDAa8xah'
所要時間,'@yamiguti_kuroki 50分は聞いたことないから、所要時間はもしかしたら全開大から出産までの時間かも'
所要時間,'タイ観光ビザはどこで取得すれば良い？メジャーな取得先「ラオスのビエンチャン」と、「マレーシアのクアラルンプール」を、料金・所要時間・審査基準を評価軸に設定し徹底比較しました！\nhttps://t.co/twLrjTllWk'
所要時間,'@momokers 藤原の郷＋平泉は震災前に行ったんですが、観光パンフに書いてある所要時間とかじゃ全然周りきらないわ…ってなりながら予定変更しまくった思い出が…（1人旅楽しかったですw）遙か民、舐めるように見るとこ多すぎ問題。'
所要時間,'2/22(月)❷22:44\nベラジョンカジノ🃏\n\n +149㌦⏰所要時間19分\n\n本日total +471㌦\n\n5play目🃏♠️♦️♣️♥️\n流れが悪くなり一瞬、ヒヤッとしたわな😅\n\n無理したワシが悪い👎\n\nココから新規登録でき… https://t.co/tw66Q4LSSx'
所要時間,'2ゾロの日に因んで「ギャンブルを辞めて444日目の偶然」をアップしときまーす。\n\n444日目に乗り鉄したら「スカイライナー44号」にばったり会ったので、4号車4番の座席を選んだ、という話。\n\nで、上野までの所要時間が44分。\nめち… https://t.co/LPU9SQcDYJ'
所要時間,'わんだーなると\n徳島県から出る鳴門観光汽船の、渦潮を見るための観光船。鳴門駅からバスでおよそ20分。大鳴門橋の下をくぐり渦潮を見ることができる。所要時間は30分。乗り場にはお土産屋もある。他にも観光船らしき船が多数いた。 https://t.co/lDOHJbxIp9'
所要時間,'東京BRT、運行ルートを3月1日に変更。晴海～勝どき間の所要時間を1分～1分半短縮（Impress Watch）\n#Yahooニュース\nhttps://t.co/DnE7MlJdXx'
所要時間,'@d_majiiiiin 母子手帳みたら所要時間？50分の2500ちょいって書かれてたんだけど、50って早いの...？？'
所要時間,'@NextPlusAce 足から頭まで180年かかります(所要時間)'
所要時間,'私が寝かしつけの時は大体絵本2冊前後で沈むんですが(所要時間15分)、パパ相手だと1時間ほど絵本をばら撒いて片してばら撒いて本棚に登って降りて1時間暴れ倒して疲れてギャン泣きして眠るんですよね…この差激しすぎん…？'
所要時間,'またしてもやってまいりました。旦那が一心不乱にはっさくの皮を剥いてはっさくタワーを作り上げる時期が。\n(今年ははっさく5個分、所要時間50分の超大作でしたね) https://t.co/a29MMjz3kA'
所要時間,'#四ツ谷駅 #駅看板\n\n\u3000①\u3000 のりかえ案内/所要時間案内\n-中々見かけないレトロな手書き看板。主要駅のチョイスが1970年代です。 https://t.co/6WV2kN7fDS'
所要時間,'3月4日(木)\n関内駅近くのサロンで13時から、まつげパーマ無料モデル募集！\n所要時間2時間ほどみていただきます。\nキャンセルのない方でよろしくお願い致します🙇\u200d♀️\n他の日は9日にもモデル募集してます。\nリプライやDMお待ちしております！'
所要時間,'やまびこ号の所要時間短縮\n大津駅南口→乙姫ペンション村入口：3分短縮\n\n竹田温泉花水月～戸次(産交)：13分短縮\n竹田温泉花水月～戸次(大分)：5分短縮\n\n乙姫ペンション村入口→大津駅南口(産交)：2分短縮\n乙姫ペンション村入口→大津駅南口(大分)：7分短縮'
所要時間,'XR給油\n帰宅(乗り換え)\nCX給油\n帰宅(乗り換え)\nGSXR給油\n帰宅(乗り換え)\nセロー給油\n帰宅(乗り換え)\n2ダボ給油\n帰宅\n\n3回目ぐらいで顔見知りの店員に「何回来るんですか？」って言われた上、全部満タンにしたら1マソ… https://t.co/iDt3Tvcifb'
所要時間,'#1日1枚 \n#絵描きさんと繋がりたい \n#イラスト好きな人と繋がりたい \n#ひだまりスケッチ \n#ゆの\n#竹島の日 \n#竹島は日本固有の領土です \n所要時間：５０分\n作画BGM：『パプリカ』by Foorin https://t.co/Q7FdIbJYgt'
所要時間,'先日投入したツールを自分で試してみたら。\n半日くらいかかってたであろう作業ボリュームが、確認込みで30分くらいでできるようになった！所要時間の概ねは人為的な整理と確認に要する時間となったから、集中する時間を本来のものに使えるようになってほんと良かった'
所要時間,'#1日1枚 \n#絵描きさんと繋がりたい \n#イラスト好きな人と繋がりたい \n#ひだまりスケッチ \n#ゆの\n#竹島の日 \n#竹島は日本固有の領土です \n所要時間：５０分\n作画BGM：『パプリカ』by Foorin https://t.co/sefL5uW8hO'
所要時間,'@nosuke31163 4/1出発分以降ですが飛行機よりも安いですし、普通車との差額、所要時間考えるとありなんじゃないかと思ってます。ただ、今のところ行く理由がえきめもの再履修ぐらいしか…ｗ'
所要時間,'15分後、22:30に台湾飛天で【乾坤大挪移乾坤大挪移(玉揃えパズル)】が始まりますよ！所要時間：約10分'
所要時間,'@D93469128 見たまえバカ適当に描いた\nミッキーだ(所要時間10秒) https://t.co/IKWOrpdENf'
所要時間,'2月24日から東北新幹線が減速運転で全線運転再開して東京〜仙台間で所要時間が+1時間のはやぶさ号が走るけど、はやぶさの加算料金はそのままなんですかね？まさかその加算料金の申請理由を忘れてないですよね？ https://t.co/WtypdooXNE'
所要時間,'ナチュラルボーンおかんの称号を得た(所要時間10分)'
所要時間,'2/22(月)❷22:07\nベラジョンカジノ🃏\n\n +90㌦⏰所要時間11分\n\n本日total +322㌦\n\n4play目🃏♠️♦️♣️♥️\n\n電車移動6駅じゃ🚉\n無駄な時間は1mもない😎\n\nワシの実力はこれ位でええか？\n\nココか… https://t.co/sJ1xlhqP5M'
所要時間,'ゲリラクエスト４回やってスタミナなくなった。これでも探検のシューティングゲームでためたスタミナ。所要時間５分ぐらい。レベル２０だけど、そんなもんなのかなぁ。みなさんゲリラの時なにしているのだろうか？ｗ\n\n#リィンカネ'
所要時間,'というわけで何とか帰宅しました()\n\n帰宅所要時間3時間でしたね'
所要時間,'エアポートバスは3月から1000→1300円になるのか〜\n所要時間約65分\n\nとすると成田空港から京成の特急（特急料金なし）で日暮里、上野まで1000円ちょっと。所要時間70分ちょい\n\nいい勝負ね（笑）'
所要時間,'「BIG5-BASIC（ビッグファイブ・ベーシック）は無料の性格診断、心理テストです。全120問で構成され、所要時間は約15分です。この診断は、回答の「良い振り」や「悪い振り」を見抜くように構成しています」\n\n科学的性格診断 |… https://t.co/L70XYzCszk'
所要時間,'10分の動画をアップロードしようとしたら所要時間5時間って出た挙句、スマホもiPadもPS4も全部ゲロクソ重くなったのですがテレホタイムかな？\n家電掛かってきたら接続切れそう。'
所要時間,"'平成29年春期問13/表計算\n\n所要時間45分(2回目)\nあぁあぁ((～口○;))またやってもた。\nいつも間違う\n・照合一致(式,範囲,0)\u3000式の値と一致する値を探す\n・照合一致(式,範囲,1)\u3000式の値以下の最大値を探す\n・照合一… https://t.co/8kxkgrzrmo'"
所要時間,'今日3600→4350まで野良で上げました🙄所要時間4時間ちょい。\nプラチナまで450！'
所要時間,'DIVAアケで1番所要時間が短いのが1:40のみくみくにしてあげるなんやけど、エンヴィーと並ぶ短さにワンチャンなるかもやな…みくみく周回かぁ'
所要時間,'所要時間15分だな\n上出来🙋\u200d♀️'
所要時間,'那須塩原と仙台を結んで走った臨時快速の車輛、在来線の快速ということで通勤快速みたいな車輛を想像してたけど、きっちりしっかり特急列車😳\n所要時間長めの2時間半だし、新幹線からの乗り換え接続だもの、そりゃあ快適じゃないとね😅\nJRさんおもてなしのプロ。お見それしました。'
所要時間,'15km先のラーメン屋行くのに、車で出かけると途中で自転車にしとけばよかったと後悔するやつ、定期的にやらかしてしまうな。道が混んでると所要時間変わらんし、折角なら運動しときたい派'
所要時間,'診療報酬の勉強していて《鉄の肺》なるものを知ってしまい、ゆるキャラ『てつじい』にたどり着くまでのネット徘徊所要時間は2分でした\n\n↓静岡病院\nhttps://t.co/3c9Oo8Vxvx https://t.co/6juxuu5lD5'
所要時間,'換金オワタ\n終わったあとクエでちょっとGPもらっまちゃった。\n所要時間１時間くらい(｡-ω-)？ #サクラ革命 https://t.co/xgiDMC6Shm'
所要時間,'2/22(月)❷21:42\nベラジョンカジノ🃏\n\n +74㌦⏰所要時間7分\n\n本日total +232㌦\n\n4play目🃏♠️♦️♣️♥️\n電車移動5駅じゃ🚉\n\nくだらないDMきたぞぃ。確定申告？儲かりゃしろやぃ🤗\n\nココから新規… https://t.co/PIvIiS5zEC'
所要時間,'先日夕飯を作っていたら、鍋ふたの取っ手が割れて...\n\nということで本日のぷちDIYです。\n鍋ふたの取っ手修理。\n\n１．ホームセンターで買ってきた成形木材に下穴をあけ、\n２．鬼目ナットを挿入\n３．ボルトで留めなおして完成\n\n丸い取… https://t.co/3d0tRc4Cvz'
所要時間,'【明日，2月23日（火・祝）開催】\n\nワークショップ\n「ハイパー・オクトパス・レコーディング」\n\n講師：山本悠とタコ\n\n日時：1回目13:00-／2回目16:00-\n所要時間：各回とも約45—60分\n定員：各回3名（各回開始15分… https://t.co/KnSkkQ0D2f'
所要時間,'成田空港ジャンボタクシーのドライバー千々松です。\n2月22日(月)成田空港のコロナウィルス検疫所要時間をお知らせ致します。\n\n第2ターミナル  QR806\n (カタール)\n\n《飛行機の到着時刻》\n17:35\n\n《ハイヤーご乗車時刻… https://t.co/cgXTLS6lhJ'
所要時間,'上野遠いな… \nでも高円寺行くのとそんなに変わらない所要時間なの不思議'
所要時間,'断念した無強化松明カンストヨーム武器縛りチャレンジでしたが、松明に原盤ぶち込んで再挑戦！\n達成しました！!！\nリクエストは無強化だったのですがあまりにも悔しくて…😅\n所要時間は47分ほどで焼きごてより早いw\nおすすめしてくれたクル… https://t.co/EUJEs25jmN'
所要時間,'1)豆腐ステーキ\n2)茄子味噌田楽ベーコンパン粉焼き\n3)かぼちゃとクリームチーズのサラダ\n4)納豆おろし\n5)ツナとねぎのスクランブルエッグ\n6)とろろ昆布すきみ鱈ねぎの吸い物\n所要時間70分\n\n#男飯 #料理記録 #料理初心者… https://t.co/nJa3pwG86r'
所要時間,'ルーレットにメインクエストというのが追加されて、なんだろうと思って調べたら例の長すぎてトイレ行きたくなったダンジョンらしく。報酬はすごいけど、所要時間が・・・でもこのルーレットがあるおかげで私もメインストーリーを進められたはずなので、時々はやりたい。けど所要時間が（'
所要時間,'パンツァーユニット完成！所要時間30分\n元々スマートなライガーゼロに、ガッシリ無骨なアーマーがめっちゃマッチする素晴らしいデザイン！\nアニメだとほぼ固定砲台だったけど、本来の設定だと普通に最高速度285km/hとかなってて共和国驚… https://t.co/o3gEJ8GU4a'
所要時間,'CoC『カノヨ街』\nKP りいすけさん(@arakko_28) PL 僕\n日時：3月～4月すり合わせ\n募集人数：3人\n形式：ボイセ\n使用ツール：ココフォリア、Discord\n所要時間：10~15時間(何日かに分けて行います)\n\n僕… https://t.co/itIr48ajZf'
所要時間,'これは友達の猫の毛の写真から私が人差し指で錬金術にかけた\n『こんな獄門疆なら入りたい』\nと思った獄門疆。所要時間3分。\nきっとネコバス並みの乗り心地。 https://t.co/W4ux0x7Bub'
所要時間,'最近の手抜きアペタイザー．冷凍ブロッコリーをレンチンしている間にお湯を少し沸かして，加熱されたブロッコリーをスプーンで潰したところにカルビーのポテトフレークとお湯を入れて，ぐるぐるかき混ぜて，マヨネーズとマスタードを加えて出来上が… https://t.co/UXrE6h9Zi5'
所要時間,'【所要時間】簡単アンケート【1分】\n\nぜひ下記フォームよりアンケートにご協力ください！\nサービスの向上・改善にご使用させて頂きます！\n\nイベントのご要望もジャンジャン受け付けておりますので、どーぞよろしくお願い致します！！！！！\nhttps://t.co/ftHgK2t7Lt'
所要時間,'良いね！東京BRT、運行ルートを3月1日に変更。晴海～勝どき間の所要時間を1分～1分半短縮(Impress Watch)\n#Yahooニュース\nhttps://t.co/OVwowFBznX'
所要時間,'2/22(月)❷21:26\nベラジョンカジノ🃏\n\n +55㌦⏰所要時間8分\n\n本日total +158㌦\n\n3play目🃏♠️♦️♣️♥️\nバス移動7駅でサクッとじゃ\n🚌無駄な時間は1mもないわな😎\n\nわしがやってるベラジョンは… https://t.co/tlAHw4o4U3'
所要時間,'@kai_katsuki 所要時間１３時間！\n着くのに\n一日かかります。wwww'
所要時間,"'家の近くの飯屋とか飲み屋とか全然やってないのがわりと寂しい😢\nそのおかげ？で最近の趣味は""会社から家まで歩いて帰りながら酒を飲む""ことになってる（所要時間1時間半）'"
所要時間,'＃ルクフロツードロ\nお題：バレンタイン\n所要時間：90分程\n\n3日の大遅刻参加で失礼します🙇\u200d♀️\n付き合っているルクフロのバレンタイン。遠回しな恋人と乗せられやすい恋人。（1/2） https://t.co/r0WfxRk091'
所要時間,'sdPBRver2.40付属のsdPBRconfig.exeの\n設定の違いによる、動画出力時間と質感を検証してみました\n\n設定\u3000「梅」\n動画出力所要時間：4分29秒\n\nPCスペック：AMD Ryzen 5 3600\u3000+\u3000Gefor… https://t.co/CiRJKekH4b'
所要時間,'レートないGBLなんて意味ないから5セット即降参した。星の砂15500位もらえた。所要時間10分位❓️残りもそうする✋#ポケモンGO'
所要時間,'#CALM\u3000主宰\n#ITChristianNetwork\n#FaithTechJapan\n\nオンライン: https://t.co/Y6LbUxMQLK\n2021年2月20日土曜日 14:00 UTC+09〜18:00 UTC+0… https://t.co/ZYX6bL1dr4'
所要時間,'@mikan_car 通常の救急出場なども吉野街道を通っている関係で通行増による所要時間増になっているようです。\n署隊も明朝あたりから交代ですかね。'
所要時間,'テストプレイで1番ありがたいのは、所要時間がだいたいわかるところです。自分ではこれ長くない……？間延びしない……？って最初に書いたものを削っているところ多いので(´･ω･`)\n\nわーい！全然短ぇ！付け足せ付け足せぇ！ってのが現状で… https://t.co/hKZhd7LG5b'
所要時間,"'今日の地図\u3000所要時間３分\n\n【地図G4】\n詩学７個\nエーテリアル・ターコイズリング\nウォーターシャード×90\nエレクトラムインゴット×２\nグロースフォーミュラ・ガンマ×２\n1,692ギル\n\n隠された地図が出なければハズレやな！'"
所要時間,'#イナイレいつでも真剣お絵描き60分一本勝負 \nお題：ペンギン\n所要時間：60min\n\n皇帝ペンギン1号 https://t.co/Pc0RS6khOQ'
所要時間,'運営複数人\n\n予選\nラウンドロビン2グループ同時進行\n\n決勝\nシングルイリミネーションか、予選結果をふまえたステップラダーやページシステム\n\nソロ運営\n所要時間により、スイスドローやラウンドロビン\nランク差があるならページシステム… https://t.co/JuIn4xdulw'
所要時間,'2/23（火）23:45\nベラジョンカジノ🃏\n\n +1700㌦⏰所要時間60分\n\n本日total -1704㌦\n\n3play目🃏♠️♦️♣️♥️\nドマイナスじゃから少しずつ減らすしかないわの…\n\n無理にplayしないが基本じゃ🃏… https://t.co/I6tRc825fB'
所要時間,'平成29年秋期問13/表計算\n\n所要時間1.5時間(たぶん2回目)\nムズカシイ･･･！\nムズカシイよ、この期の表計算･･･(((○人○;)))\n問題作成者が「表計算ナメてない？」と言わんばかりの。\nナメてないです。\nでも、エクセル… https://t.co/7pXkgARHem'
所要時間,'だいぶ昔の話をしよう\nぼくは親父と大阪から茨木へ(所要時間16分)帰ろうと思って快速に乗ったんや\n短距離利用にも関わらず寝てもうたんや\n\n起きたら関ヶ原'
所要時間,'そのおかげもあって\n製作所要時間は二時間程度で済んでます\nそんな素体の作り方は以下にて公開中（↓）\n\nhttps://t.co/GrUS4NVrqa'
所要時間,'新幹線１時間プラスかぁ、と思って見直しをしているが、どうやら昭和の頃はその位の所要時間が通常だったようで、インフラの発達ってすごいなぁという気持ちになってます。'
所要時間,'明日11時以降用のアイコンを作った(所要時間20分)。\n\nネタを当てたやつにはレッドブル1本やるわｗ'
所要時間,'今日１日、クリスマスからの宿題だったヘクセンハウスを作って過ごした。所要時間３時間って書いてたのに、１２時間もかかった。そして何より、クッキーが固い。せっかく私には作っても食べられません…… https://t.co/WpBMf6jF7d'
所要時間,'【寝台特急 北斗星】\n運行区間：上野〜札幌\n使用車両：24系\n標準所要時間：16時間'
所要時間,'@omamemamemi @golf3606s1 女の子はお化け屋敷は苦手な人は多いよね\n富士急の戦慄迷宮は所要時間40分って提示されてるから苦手な人には勧められない🥲\n前行った時は並ぶ時間であんまり乗れなかったんだよね😂'
所要時間,'@albert_mgd72 自分は流行りと見たらとりあえず触る派だからやってみたけど、やる事と所要時間が軽いからサブゲーで回すにはちょうどいいバランスで好き。\nスケジュールも早く解放したいなー\n回数制限系はせめて確定にしてほしい。'
所要時間,'@yajidasu たぶんそんな感じ\n問題ごとの難易度も追加して、所要時間を難易度と元気の関数にしたらもう一次元追加できるかな？と思ったけどどうなんだろ。a→a_1～a_Nにしちゃうみたいな。'
所要時間,'ベッドフレーム一人で組み立てちゃう系裏垢女子です！\n所要時間4時間です！（白目） https://t.co/hOOaxe9UVX'
所要時間,'イラストの依頼したいけど声をかけづらい……！\nそんな方の為に簡単な依頼フォームを作成しました。\n所要時間1分以下、受注の可否に関わらず回答者にはこちらからご連絡を差し上げます。お気軽にご利用ください。… https://t.co/K63Z7sdO4L'
所要時間,"""サムネ作り終わりました。所要時間は15分、質は言うまでもねぇ。\n\nおやすみなさーい\n( /'ω')／ｿﾚｪ〜〜［布団］"""
所要時間,'本日は、「ポトフ」を作りました！\n\n今日学んだこと:玉ねぎの切り方、ジャガイモはずっと煮る\n\n所要時間:40分\n\n初めてスープ系作ったのですが、野菜切ってお鍋に入れるだけで、簡単でした！😆👌\n\n#クロスハタチまで あと５日！？🌼 https://t.co/sIA7YXdVcN'
所要時間,'ランカーの仲間いりぃ！！！！！！所要時間3日！！！意外とさくっと行ったwww https://t.co/EOhrACJixY'
所要時間,'@EleshNorn47 環境が整ってる所は羨ましいですよね\n自分は大阪で自然豊かな所に住んでいるんですが、近所(所要時間30分)のショップが潰れて約1時間かけないとパックが買えない環境になりました'
所要時間,'回させて欲しいシナリオ～～\n\n「エンジェル・デビル・インプロパー」\n新規限定秘匿HO制2PL\nHO:天使\nHO:悪魔\n所要時間:6時間～\nロスト率:有、後遺症有\nうちよそになる可能性有り\n\n特種設定系CoCです～。'
所要時間,'#今年の目標は何でもいいから毎日最低1枚絵を描いてツイッターに晒す\n2月23日の家老ランダムは丸亀城です。所要時間は1時間40分。パイルバンカーの槍やバックパックのパワーヅスーツ感は結構好き。描き慣れないタッチでプロポーションが把… https://t.co/py8JpipDpZ'
所要時間,'日急の場合は、相模綾瀬発渋谷行きの上り準急の折り返しを回送にすることで、ラッシュ時に2～4本増発しようと思っています。\n折り返しを準急にしなければ、退避駅でかなりの退避を繰り返すことで、下り列車の所要時間の増大を防ぎます。'
所要時間,'@dominoshiruko 所要時間は３時間ですか？ｗ'
所要時間,'名古屋市近辺限定\n買い物代行サービススタッフ\n所要時間10分～6時間\n報酬2000円～25000円\u3000日払い\n条件：大学生以上\u3000要：身分証明書確認\n主婦様、学生様、ネットショッピング購入経験者歓迎\n詳細 #名古屋 #アルバイト #日払い'
所要時間,'N個の問題について、得点P_iと消費する元気F_iが決まっているとき、制限時間T以内に解ける範囲で得点を最大化せよ。ただし各問題を解くための所要時間は、解き始めた時の元気の量fに対してa*(1/f)で、開始時の元気はFで与えられる… https://t.co/pWxt8sRlKK'
所要時間,'15分後、23:30に台湾飛天で【與NPC共舞(ダンス)】が始まりますよ！所要時間：約11分'
所要時間,'勘違いしないで欲しいんだ、僕らは何も、JR東日本に対して悪意を持っている訳じゃない \n全ては、この成田空港への所要時間を速くするためなんだ'
所要時間,'【特急 びわこエクスプレス】\n運行区間：米原〜大阪\n使用車両：681系・683系\n標準所要時間：米原〜大阪 1時間25分'
所要時間,'羽村って普通に一周するなら所要時間どれくらいですか？'
所要時間,'@cinema_lantern ありがとうございます！\n今日は往復新幹線なので所要時間短くて楽でした☺️\n(時々鈍行乗り継いで行きます…片道4時間近い)'
所要時間,'「コント：永遠の愛」←所要時間11ヶ月'
所要時間,'お題『ナズーリン』。\n現役時代の道具を取り出して久々に描いてみた。錆びついてはいるが、それなりには形になった。\n所要時間は62分。\n#深夜の真剣お絵描き60分一本勝負\n#自由突破鳳凰烈破 https://t.co/BXloy7Cb6r'
所要時間,'【spend+O+(in)~ing】\n～するのにOを費やす\n\nI spent a month reading the book.\n\n*It takes+人+所要時間+to~*'
所要時間,'コースと所要時間と距離載せてたら平均時速が規則を遥かにオーバーしてるのがわかる→下流では徐行してる、中流のサイクリングロードでは数十㎞出してる→いやだからそこもそんな速度出しちゃダメだってば。\n管理者がそう言ってる。\n#荒サイ\n#荒川緊急用河川敷道路\n#県道155号'
所要時間,'7時間睡眠\n\nこれ以下になるとパフォーマンスが落ちる\n受験の時に検証しまくった。\n\n5〜10時間睡眠をサイクルして\n起きてから問題を解く\n\n10問にかかる所要時間と\n正解率のデータを溜めた\n\n結果は以下\n✅8時間睡眠が合ってる\n✅… https://t.co/mYP1c6BZeo'
所要時間,'@wrx_tom あああ投稿時間で分かるほんの僅かなすれ違い･･･\nほんっと申し訳ないm(_ _;)m\n\n今回糸魚川までの一般道利用の所要時間がわかったので次はギリギリまで居ます･･･!!'
所要時間,'クランバトルの所要時間3分\n\nさすかシングルモード…'
所要時間,'【ポイ活日記】\n~本日のポイント獲得履歴~\n\n期間限定アンケート × 4つ → 9pt\n\n所要時間 : 約7分\n\n#ポイ活 #ポイ活日記'
所要時間,'バイトの帰りで所要時間3時間でオッ…ｵｯﾊﾟｹﾞﾄﾞﾝになった'
所要時間,'所要時間10分\n\n前より早くなった https://t.co/QXRyDpTfkk'
所要時間,'乗り換え1回、日帰りでも余裕ですね(所要時間から目を逸らしながら) https://t.co/D0LhW0Cu1y'
所要時間,'JR東海は国の融資を受け→リニアは基本自費（それは借金）\n\n元より飛行機に勝てず→うえぽん氏参照\n\n「飛ぶ自動車」の実用化→自動車会社はまともに研究すらしてない\n\nこのお金があるならローカル線を守るべき→9兆って国鉄末期の赤字7年… https://t.co/2xQ9DZcY0n'
所要時間,'これを、こうして、こうじゃ！（コンシューマーとPCを同時に聴くためのショートケーブル\n10cmのケーブル売ってないのが悪い！ので作る！（所要時間10分 https://t.co/WZYsQ4sEJS'
所要時間,'@D01Ao あ、所要時間的には4時間程あれば足りますかね？\n25:00くらいまでが良くて💦'
所要時間,'@gyoza_merc 確定連撃で8hit以上用意できるなら大丈夫〜 レベル上げも兼ねるならアビ考えるのもありかも？\n所要時間は誤差レベルだけれど、アビ&gt;素殴りだからそちらの方が楽かと！(ヾ(｡･ω･)ﾉ'
所要時間,'東武特急、複々線がある今の時代に営業列車でノンストップ便を設定して最速を目指したらどのくらい所要時間短縮出来るんだろう'
所要時間,'#イナイレいつでも真剣お絵描き60分一本勝負\n「ペンギン」所要時間60分 https://t.co/ozDIV6FpEE'
所要時間,'ディズニーシーの\nタワーオブテラー内部見学ツアーがある。\n案内できるキャストさんが\nいるか聞いてみればOK。\n所要時間は30分ほど。\n乗り物には乗れないけど\n細かいとこまで凝っててすげーと感心する'
所要時間,'【東北新幹線情報】明日24日から全線で運転再開となりますが、運転本数が減少し、所要時間が増加します。関東からだと3月6日のM-Lineに参加される方ですでに予約を取られている方はご確認をお勧めします。\n\n下り時刻表：… https://t.co/2hvTME3dSG'
所要時間,'やっと東京まで繋がる。でも「２４日以降も当面は速度を落として臨時ダイヤで運転し、東京－仙台間の所要時間は１時間ほど増える」とのこと。\n\n東北新幹線「仙台―一ノ関間」運転再開\u3000２４日に全線復旧 | 河北新報オンラインニュース\n https://t.co/cs7Ym5eqWn'
所要時間,'手軽な“シャワークリーニング”で洗ってから乾くまでの所要時間は5分！ダニ・花粉を落とすだけでなくウイルス※1も99.99%以上※2除去「毎日、洗える、ふとん。」 本日よりオンライン販売開始！(｀・∀・´)'
所要時間,'@tm_nijntje 土休日運転の季節列車でしたが、水戸までの所要時間も前後の急行に比べて、約15分遅かったようです'
所要時間,'今回の所要時間は50分でした😌'
所要時間,'銀座から長野まで所要時間はいかほど…奈未ちゃん何時間繋いだの…\n#ボス恋\n#玉森裕太\nキスマイ Kis-My-Ft2 / Luv Bias'
所要時間,'きょうのめし、所要時間5分 https://t.co/SPedYu2YvZ'
所要時間,"""百均で見かけたポンポンキーホルダーがヘイショっぽかったので！\n\nフェルトで目と口と耳作ってボンドでくっ付けただけのお手軽ヘイショ٩( 'ω' )و \n\n所要時間5分！ボンド乾燥の時間は含みません！笑\n\n#羅小黒手芸部 https://t.co/ihXXfaD8K9"""
所要時間,'レッスン後にバグース行く必要なくなるな… 受講費上がってもバグースへの移動時間と投げ代考えたら安いな。そして実家からの徒歩での所要時間が全く変わらない。ありがたや🙏 https://t.co/Dx6OEhPmpE'
所要時間,'解いた問題数と、1番時間かかった問題(難易度☆1)の所要時間ですね。\nここから、どこまで成長できるのでしょうか💪 https://t.co/PgeitUknap'
所要時間,'リセマラの所要時間10～15分ってほぼDL時間か…'
所要時間,'@kisyainu 普通に車持ってたら香東川とか所要時間1時間ぐらいらしいです()'
所要時間,'デザイン画上がった〜顔まで軽く書き込んだので所要時間1時間'
所要時間,'[娘(日本×タイ)のパスポート申請書類]\n\n①妻のIDカード\n②父親(僕)のパスポート\n③出生証明書\n④(姓の変更をした場合)姓変更証明書\n\n*写真は持参する必要なし\n*到着して申請終了まで所要時間30分\n*申請から5日後パスポート郵送→受領'
所要時間,'「治癒師と魔剣」より、ケーナ。\n所要時間、約3時間。ここいらでよし！\u3000このくらいの絵は2時間以内で描けるようになりたい。修行修行！\n#イラスト #オリジナル #絵描きさんと繋がりたい #絵師さんと繋がりたい… https://t.co/Jxwq86LhIQ'
所要時間,'所要時間15分って凄すぎる……… https://t.co/rVmYSFFFkC'
所要時間,'@Xx810xX_sit 所要時間は？'
所要時間,'お宮参りの写真撮ってきたよ！\n生後1ヶ月のお出かけは大変だけど、我が家では肝心のお宮参りを大胆にカットすることで所要時間を大幅短縮、移動含めて1時間半で帰ってこれるのだ✌\nそして毎回「抱っこはどなたが？」「じいちゃんで！」で店員さ… https://t.co/4tQpUNIVyW'
所要時間,'グラデーションカラーモデル募集中です！\n\n🚃 原宿駅徒歩3分\u3000\n\n⏰ 所要時間\u30003～4時間\n\n🗓日時\u30002/27、3/1\n\n✨3stepトリートメントをサービスさせていただきます✨\n\n気になる方はいいね、コメントよりお待ちしてます… https://t.co/et4AZeObQv'
所要時間,'家に着いたわ所要時間は1時間半くらいかな？'
所要時間,'💘まつ毛リフトカールモデル募集💘\n\n技術向上のためモデルさん募集しています！\n\nまぶたのリフトアップ効果もあるまつ毛リフトカールです✨\n美容成分もたっぷりはいってるのでまつ毛をケアしながらカールさせます😊💕\n\n場所→恵比寿\n所要時… https://t.co/98utwVlO1J'
所要時間,'💘まつ毛リフトカールモデル募集💘\n\n技術向上のためモデルさん募集しています！\n\nまぶたのリフトアップ効果もあるまつ毛リフトカールです✨\n美容成分もたっぷりはいってるのでまつ毛をケアしながらカールさせます😊💕\n\n場所→恵比寿\n所要時… https://t.co/tMRmzn46KG'
所要時間,'推し居ました(所要時間4時間･旅行券30枚) https://t.co/YlBHRD8Iw6'
所要時間,'調べたらリセマラ所要時間10～15分ってなってたが…やるならノエルとマコト揃えたいなぁ〜'
所要時間,'@kereru0ciel まぁ・・・なんとなく察しは(￣ー￣)・・・\n\n（この場合の目を見張るべき点は所要時間だと思ってる人w'
所要時間,'【マダミ募集】\n時期:3月平日夜(上旬)想定\n場所:交渉次第ですがハロミス\n人数:5名まで\n所要時間:1時間ほど\n補記:場所代はかかる\n個人開催を考えているので、ハロミスではなく個人垢での募集ですね〜\n死人出ないらしいです、恋愛も… https://t.co/DfhsT7dfgF'
所要時間,'成田空港ジャンボタクシーのドライバー高山です。\n2月23日\n成田空港のコロナウィルス検疫所要時間をお知らせ致します。\n\n第2ターミナル  \nMU593(中国)\n\n到着時刻\n12:14\n\n《ハイヤーご乗車時刻》\n14:32\n\nLIN… https://t.co/4HTqmdtTpo'
所要時間,'@hamautena キハ85は所要時間短縮のために120出せるように\nキハ8500はダイヤの構成上、高速性能がいるため\nそれぞれカミンズを（別々で）採用してた。\n\nその結果、電車並に速い気動車が誕生しましたと（）\n\n（ちなみに豊… https://t.co/5xzWi3gYaz'
所要時間,'昨日今日と体調崩している(とはいえやる気/zeroになる程度)のもあるけど所要時間が大きいイベントでもないと本来一定の時間通りに行動できない人間なんだなって感じがしてきた……'
所要時間,'娘のお絵かきに付き合う。デジタルイラスト憧れ！\nでもシャーペンかボールペンを支給され、ソッコーで描けと促される(所要時間３分以下)\n#呪術廻戦 #呪術廻戦ファンアート #伏黒恵 #お絵描き好きさんと繋がりたい… https://t.co/1MNez57Mbh'
所要時間,'所要時間15分です\n\nていうか、手癖が強すぎたな…反省💧'
所要時間,'【地理】\u3000学校指定の地図帳を用意すること。\n１）高校から皇居までの距離を、定規を使って概算すること。\n２）高校から樹海までの最短経路を同封の白地図に記せ。\n３）２）の経路を時速６０kmの自動車で辿った場合の所要時間を算出せよ。\n４）そんな地図は破ってしまえ。お前はまだ生きられる'
所要時間,'@kaisho0 得意とかってわけでは全然ないんですけどねf(^^;勾配きついとかは頑張れます\n秋川でも立川乗り換えでほぼ所要時間はかわらないですね。'
所要時間,'【#名探偵の晩餐会】オフライン版のテストプレイに参加させていただきました！\n元はオンライン用に作られた短めのシナリオだそうです。\n所要時間も、4人というプレイヤー人数も、未体験の方に勧めやすくてよいのでは！と、とても思いました。… https://t.co/S0sGho2IRc'
所要時間,'ジェットファルコン完成！所要時間30分\nとにかくデカい！バスターイーグルといい、共和国軍はサポートゾイドにロマンを詰め込む癖があるのだろうか\nでもそんな所が好き…❗️\nデカい機体にデカい武装はテンション上がるわ✨\n\n#ゾイド https://t.co/qBFwYO6dp9'
所要時間,'#1日1枚 \n#絵描きさんと繋がりたい \n#イラスト好きな人と繋がりたい \n#ひだまりスケッチ \n#ゆの\n所要時間：２８分\n作画BGM：なし https://t.co/6wgBJOMiji'
所要時間,'@syoutokutaisi_5 所要時間短ぇな…！？見つけたぞ！'
所要時間,'古いグッズばっかりだから大した額にはならないだろうし、お店までの所要時間やら待ち時間やら考えたら捨てる方が楽なんだろうけど。\n\nさすがに捨てるのは忍びないからな…🤔💦💦'
所要時間,'停車駅が同じ特急と急行を設定したら所要時間がそれぞれ16分と33分になった。客レとはいえ普通に2回抜かれるのはクソダイヤにもほどがある()'
所要時間,'【本日の積み上げ】\n・デイトラweb制作初級day8〜11完了\nday8.9の模写は所要時間3時間ほどでした。\nあしたはbootstrapで模写します。\n明日もデイトラ頑張ります👍\n\n#駆け出しエンジニアと繋がりたい \n#デイトラ'
所要時間,'特定までの所要時間、3分\nみんな気をつけようね https://t.co/a706xDNKUQ'
所要時間,'@firesen_9su358r @jyuzi_m それを言われれば確かに…。しかし、購入地までの所要時間が現状の3～4倍になるのは…。あとはオンライン店か…'
所要時間,'成田空港ジャンボハイヤードライバーの沼尾です。\n\n2月23日(火)の成田空港のコロナウィルス検疫所要時間をお知らせ致します。\n\n第2ターミナル\nEK318(ドバイ)\n\n《飛行機の到着時刻》\n17:15\n\n《ハイヤーご乗車時刻》\n1… https://t.co/YOTxaR6FCO'
所要時間,'今回は近鉄名古屋線の急行電車を紹介しました。快速みえより所要時間は少し長くかかりますが、本数も多く、全区間でICカードも利用可能と利便性が高い電車です。普通運賃も快速みえより安い金額となっています。 https://t.co/0RYv2VlnzR'
所要時間,'@fukumengasuki はーい☺️\nウチは所要時間10分、前戲3分くらいです🤣'
