天気,'天気悪いのもあって最近は頭痛いのおおい泣'
天気,'【お天気byウェザーニュース】\n北海道は雨や雪\n東北北部は雨が降りやすい天気\u3000雷雨の可能性あり\n北陸･東北南部もにわか雨の可能性。折り畳みを\n他は晴れる予想、春一番が吹く可能性あり\n花粉が多く飛散。花粉症の方は注意\n気温がとても暖かい。東京は4月並のあたたかさ。'
天気,'@ryuuzai1 今日は天気よくって暖かかったです'
天気,'今日はお洗濯乾くよい天気ですよー'
天気,'川澄くん\u3000食べるの早い…ね\u3000あ…走るのも速いよね……\u3000…………………今日…天気いいね……………'
天気,'いつも贔屓にしてる焼き鳥屋さんのおじさん、天気の話しかしないけど人柄は良いので好き。今日も美味しく頂いております。'
天気,'185系の撮影地で穴場の穴場が注目されてしまってそろそろ撮る場所無くなって来たかな？\n天気次第だけど。'
天気,'天気良いみたいだしねー。'
天気,'@Miui____ 天気情報(118分前)\n19日  晴れ -  12℃/2℃ - \n20日  晴れ -  17℃/3℃ - \n21日  晴れ -  20℃/7℃ - \n22日  晴時々曇  - 21℃/8℃ \n23日  晴時々曇… https://t.co/U5PyytOPET'
天気,'こっちはメンタル死んでるってのに。\nほんとに能天気で羨ましいわ。'
天気,'雲を見ると、これから天気がどうかわっていくかがわかるよ。かみなりがおきるかもしれないのは、どの雲かな？'
天気,'今更ながら松本はほんと天気の良い街だったと思う（気温はさておき）'
天気,'明日は天気良いみたいやしメイト行くついでに病院も行っとくかな'
天気,'いい天気なんだが何か切なくなった。。。車かな？どうなったらこの斜め具合が実現するんやろう。。。 https://t.co/7vdDl3IjOp'
天気,'明日からあったかくなって路面凍結も無くなるやろうし天気もええし鶴姫公園チャンスあるわね'
天気,'あの...天気... https://t.co/E3xZf0YipQ'
天気,'明日ポケGOやるぞぉぉぉ👏\n出掛けながらミュウツーひたすら狩りつつ頑張ろ👍\n明日の天気いいみたいだし楽しみ😆 https://t.co/zo77h9Dxcv'
天気,'@seika0705 すっごくいい天気だけど、メイドコスプレめっちゃ寒そう🥶\n案の定すっ転んだみたいだけど怪我なかった🥺'
天気,'うーん\u3000明日天気よかったら靴のメンテしよ\u3000あとマジで部屋の掃除しよ'
天気,'@CS_Asari 栃木は朝晩は冷え込むよ\n明日の昼間は良い天気みたい\n気をつけて来てね'
天気,'@MUYAMITUKI つっきーおつかれさま〜👏✨\n不安定な天気続いてるし、体調気をつけてね…😭'
天気,'最近天気悪いから外で花粉感じないのに、外から持ってきたのか練習部屋に入ると毎日目が痒くなる'
天気,'あっくん明日からがラストスパートだったね。😅昨日間違えて書いちゃったごめんね🙏\n今日はゲネロプもあったんだね。東京には見に行けないけど空の向こうから応援してます（＾Ｏ＾☆♪今日は天気良かったから冬の大三角見えたよ。\n#直感379 #空で繋がってる\n#佐藤アツヒロ'
天気,'最近疑問をなんでも知りに聞く父親\n「明日の天気は？」「お腹すいたね」\n「鶏肉を使った料理調べて」「最近お腹が緩いんだけど」 \n\nあなたの体調はSiriに聞いても分かりませんよ\nお腹が緩いのは自分の尻に聞いてください'
天気,'アニロワ出禁になったサイタマ、天気の子ロワなら採用されてた説'
天気,'#shingosradioshow\n#nightfever\n\n塩分を\n控えめにした\n目玉焼き\n\nええ天気\nヒマやし、どっかで\nメシ食おか\n\n遠慮せず\nひつまぶし御膳\n召し上がれ\n\nエイプリル\nひと月、先は\nメイ・5月\n\n恵比寿から… https://t.co/dWeANfu2Co'
天気,'渋谷からPARCOが消えそうな天気してんなぁ'
天気,'明日は久々、妹とポケ活😊\n12時からの1時間はラッキータイム🥺\nその時間は全集中でラッキー狙い😎\n天気良さそうなので街を歩きます(多分)\n\nBOX整理の交換でいい子頂きました😊\nありがとうございます\n@pokemonkoma024 https://t.co/WGfQHJkFGh'
天気,'遅くまで起きてるけど、そんなに何か頑張ってるんだねー。ところで雨彦さんに聞いたんだけど、天気雨のことを言う狐の嫁入りって元々夜に狐火が連なって見える怪異のことなんだってー。君の部屋の明かりは嫁入りの兆しかなー？違うよねー。\nじゃあ、僕はもう寝ようかなー。おやすみー。'
天気,'@jappont なんだか視野広がりますよね🤔(笑)\n最近ずっとフィリピン天気悪い印象です💔💔通信変なときはあっても、サービスが落ちたりしないので(今のところは)DMMは良いなあ...と思います😁😁'
天気,'みなさま、おやすみ！\n明日天気になりますように。みんなの心が。'
天気,'来週あたり天気良かったら🎣行きますわ\n\nテスト終わったしあとは休みだらけ！\nでも赤点あったらそんな休みも補修に染まります😭\n\n4月までにあと31日も休みあるって結構やばいねw\n👆(中3の人達の受験や面接などの関係で僕たち在校生は追… https://t.co/SORoPvcB4a'
天気,'@rakia___ 釣りは出来ませんが釣り場に行きます！\nいい天気なのに😂'
天気,'HEYはぎー、明日の天気'
天気,'先日、国家試験を終えました。\n今日は久しぶりに息抜きで友人2人とツーリングに行ってきました〜😌\n長い間受験勉強と自粛で家から出ていなかったので、良い天気の中のツーリングがめちゃくちゃ気持ちよかった！！\nやっぱり海辺を走るのは気持ち… https://t.co/3cenSIJ2Pg'
天気,'@A2828a08 決定事項になりました！！！✨\n私もミケさんとお話できた相乗効果で明日はツイている一日でしょう💖\nきっと天気は晴れ☀️時々虹🌈です！！'
天気,'天気いいしあったかいからお散歩\nどうりで半袖&amp;ショートパンツで大丈夫なわけだわ。 https://t.co/O2VjXQS10G'
天気,'@idcm_aoi 東京の天気からしたら想像つかない💦ずっと快晴で温かいし。今日は暖房つけずに過ごした💦😁'
天気,'@168yilufa168 @taiwanlabu 今日もこの辺り通ってたんですが、暖かい時期天気がいい日にこの辺散策したら最高だと思いますね😄'
天気,'https://t.co/ZgIIGjIQOd\n\n今日演奏した作品はグロボカールの変わらない一日。いい天気だなと玉川上水を歩いてきたと思ったらいきなりぶち込まれる革命と拷問の音楽。ミャンマーの件を見てこの作品を思い出した。私もまた… https://t.co/rXn8Bhi3IL'
天気,'明日は天気もいいので洗濯して作り置きのご飯作って掃除してお米炊いて月曜の授業の準備！！！！\nこの木金と山場を乗り越えた自分に拍手喝采👏👏👏\n本当によく頑張った〜！毎日えらいね、生きてるだけでえらいね、天才！'
天気,'2月19日(金)\u3000天気晴れ\n日直\u3000いご\n今日はテレビ取材があったよ🐾\nRKB毎日放送の番組【タダイマ！】にて2月22日(月)の16時台放送予定🎶\nコロナ禍での取り組みやクラウドファンディング… https://t.co/oz6FCL9aLx'
天気,'好きな人のために行動できる人って素敵よね\n\n天気の子なうです'
天気,'体がダル重なので寝たら少しは楽になってるといいな\n明日天気いいみたいだし☀️'
天気,'今日はいい天気！！'
天気,'cdvKsVPlfneZHOC\n02月20日の天気:晴天 最高気温16度 最低気温7度\nツイート数:9(前日比:+8)\nいいねされた数:4(前日比:-4)\nフォローされた数:1(前日比:+2)\nhttps://t.co/u8CeFcBTxd'
天気,'@nnsk__7 天気が晴れたらとか?(馬鹿)'
天気,'朝から晩までずっと童謡かけてるんだけど、『にじ』を聞きながら毎朝泣いてる🥺\nラララ虹が虹が空にかかって\n君の君の気分も晴れて\nきっと明日はいい天気\nきっと明日はいい天気\n痛くて泣きながら🥧吸わせたり、子育てに自信なさ過ぎて娘抱っこしてわんわん泣いてたけど、明けない夜はないよね。'
天気,'これは天気の子 https://t.co/VAl2BcFY7w'
天気,'そろそろ寝なきゃ。明日、天気がよかったら杉ノ宮にでも出かけようかな。'
天気,'天気予報、気温が夜中に上がっていくんだがどうなってるの（ ´∀`）'
天気,'この土日は天気が良さそうだけど、\n天気が良ければ良いほど花粉やＰＭ2.5が怖い。'
天気,'sibata_damz\n02月20日の天気:小雪 最高気温11度 最低気温5度\nツイート数:3\nいいねした数:7\nいいねされた数:31\nhttps://t.co/Xd83Fm1WVT'
天気,'【南大沢天気情報】★今後1時間の降雨予想★今後1時間の詳しい降雨予報が動画で表示されます(図の拡大縮小可)\u3000https://t.co/RipLiPWnKg\u3000★他の情報 → 南大沢情報 https://t.co/4rIl8b7tuq'
天気,'とりあえず天気よさそうなのと日中気温が上がりそうでめちゃくちゃ嬉しい💕帽子と日焼け止めいる??'
天気,'郁人「今名がしれてる人の殆どが異能者だよね……」\n琉樹「まあ、そうなるな」\n郁人「指名手配されちゃったけど…どうしよう生きていけるかなー」\n和馬「何とかなるっしょ！」\n大河「能天気」\n和馬「大丈夫だって！」\n一輝「楽しくなってきましたね！」\n郁人「なんないよ！！！！」'
天気,'Thor20190520\n02月20日の天気:晴天 最高気温16度 最低気温7度\nフォローした数:-1(前日比:-1)\nフォローされた数:0(前日比:+1)\nhttps://t.co/9KcrZnXlLu'
天気,'@bookoff_oonojou お疲れ様でした！\n明日はたくさんのお客様来てくださるといいですね😇\nいい天気になりますように🙏'
天気,'天気を失ってしまったのチョイス素晴らしい👏🏻'
天気,'@bujinirengouryo レ♀ちゃんを故意で無いにしろ泣かせてしまったことに謝罪に向かうも、会いたくないと寮にさえ入れてもらえない🐉。仕方がないので🍩くんに伝言をと 思うも『暫く会いたくないって聞いてます』と先に言われてし… https://t.co/omy6ESs8xR'
天気,'udonken_\n02月20日の天気:晴天 最高気温16度 最低気温7度\nツイート数:6(前日比:-2)\n送ったリプライ数:3(前日比:-4)\n\nhttps://t.co/BhOAGQxC9p'
天気,'9tbot\n02月20日の天気:小雪 最高気温2度 最低気温-4度\nツイート数:887(前日比:-57)\n送ったリプライ数:530(前日比:-9)\n受け取ったリプライ数:460(前日比:-11)\nhttps://t.co/hqimv68e6p'
天気,'@Sakura_monst18 ですね(σ≧▽≦)σ\n明日天気もいいみたいだから近くでも嬉しいです😃✨'
天気,'晴れのち雨 雨のち晴れ ココロは気紛れね コロリ 変わる天気 アメダス 迷います \n[ アメダスココロ予報！/D.U.P ]'
天気,'Nanashi__012\n02月20日の天気:晴天 最高気温16度 最低気温10度\nツイート数:10(前日比:-2)\nいいねした数:16(前日比:-30)\nいいねされた数:6(前日比:-2)\nhttps://t.co/tZEfJbbqae'
天気,'さぁ明日から忙しいぞぉ〜\n暑がりなのに外出する日に限って暖かくなるの何なんですか？\nキンキンに冷えてるぐらいがいいのに...\n\nこの前行ったみなとみらいはいい天気ながら寒かったので個人的にベストコンディションでした🚲🚲 https://t.co/S5PmcvI01g'
天気,'天気はいいですね～'
天気,'天気がいい日は自然と鼻歌がでるよな！\nまあ雨の日も家でのんびりできるから嫌いじゃねえけど'
天気,'@turuneko1 てんこさん\u3000お疲れ様です😆🎵🎵\u3000やっと仕事終わりました。\u3000今夜は熊野市で\nお泊まりです🎶\n今夜は天気がいいから\n流れ星見れるかも⁉️😁\n明日も宜しくお願いします🙇\u200d♀️⤵️'
天気,'明日は天気が良く気温も上がるそうでおしめぇです'
天気,'@nohocha 自分は朝は天気がそうなりそうとしかつぶやいてない💦'
天気,'長文の天気予報!しかも最新のwww\n #ユーミンanng'
天気,'天気という概念を描いてる…うん！可愛いぞ！'
天気,'@koicyucyu 天気良かったもんね！'
天気,'IkkoNaganoの写真日記 : 9.1℃、冷たい風の吹く良い天気の日となりました。昼前から石清水八幡宮と鏡伝池に出かけてきました。\nhttps://t.co/tlcivYZYdh'
天気,'@bun_sisters そうそう、自分でもびっくりーｗ\n鳥達による正の強化すごい！\n関東の天気は味方💪'
天気,'ユーミンの天気予報😃\n#ユーミンanng'
天気,'春よ来いのBGM\nユーミンの声で天気予報\nせいやさんゲスト\n最高 \n#ユーミンanng'
天気,'@hatimitujong 明日の天気は語彙力の晴れらしい！((殴'
天気,'dau_U3x3UzZ\n02月20日の天気:晴天 最高気温13度 最低気温7度\n受け取ったリプライ数:22(前日比:+10)\nいいねされた数:40(前日比:+20)\nフォローした数:0(前日比:-41)'
天気,'tokyodisney2020\n02月20日の天気:晴天 最高気温16度 最低気温7度\nhttps://t.co/v2o3vJUmpc'
天気,'星の見えない日々を\u3000超えるたびに\n互い照らすその意味を\u3000知るのでしょう\n愛する人よ\u3000親愛なる友よ\n遠くまで\u3000響くはエール\n\n明日はきっと\u3000いい天気\n青き春もまた\u3000そうであれ'
天気,'天気の子ロワ、白面の者とかビッグマムとかなんか散見する情報がカオス'
天気,'@anonymous_post2 @NikoNe_san_2525 「日本に住んでいる」「日本人優しくて好き」…そう言われ何度裏切られても、彼の国の人に心開く日本人の能天気さが大好き'
天気,'冬のスポーツ実技でクロスカントリースキーをやってきました！\n最高の天気でめっちゃいい写真が撮れました⛷ https://t.co/x8Ues0Vr7B'
天気,'@tetsukun_jp 難しい質問😅\n\n土曜日朝の混雑予想は難問。\nただ明日は天気良さそうなので混むと思います。\n土曜日朝オープンは何時も\n820〜830の間\n常連さん達と総帥の会話次第（笑）\n900退店目標なら10名内に入って… https://t.co/RG7aLA6P4O'
天気,'ユーミンが天気予報を読み上げるなんて贅沢✨ #ユーミンanng'
天気,'日曜日にめちゃくちゃ歩くお散歩コースを見つけたので、明日は体力温存しとこww\n\nとはいえ、良い天気ならまた歩きに行っちゃうかもだけどww'
天気,'kosodate_ooen\n02月20日の天気:晴天 最高気温15度 最低気温9度\nツイート数:76(前日比:-70)\nいいねされた数:198(前日比:-584)\nフォローされた数:24(前日比:-13)\nhttps://t.co/Eu9oy0DdsM'
天気,'Marionnette_Voi\n02月20日の天気:晴天 最高気温16度 最低気温7度\nフォローされた数:1\nhttps://t.co/ZLWp1f0t6a'
天気,'名前：しゃからーと\nコードネーム：メデューサ\n役職：情報員\n役目：主に後始末役。死体や武器の片付け、後処理。\n武器：バット\n性格：能天気\n髪色：青\n目色：桃色\n特技：ピアノの演奏\n#shindanmaker… https://t.co/GaKJ8EnFbC'
天気,'明日の練馬の天気は晴れ。昼からの撮影だけど、天気も良く気温は春の陽気で17℃🙌 https://t.co/5yueAl6W7i'
天気,'あと後輩たちもいい意味で能天気な子が多いからいざこざが起きても一瞬で解決するという'
天気,'SeiRen___fmk\n02月20日の天気:晴天 最高気温16度 最低気温7度\nいいねした数:94(前日比:+17)\nいいねされた数:117(前日比:-78)\nhttps://t.co/D32Z0TSArV'
天気,'今日も寒い夜です。\n今夜は星が綺麗です。\nしし座のレグルスがもううちの屋根の上。\nそしたら〜と少し歩いて北斗七星とうしかい座のアークトゥルスを見つけました。\n春の大曲線☆おとめ座のスピカはお預けです。\n\n明日は暖かくなる天気予報で… https://t.co/Bd5vmJG7a6'
天気,'@mokinshimeji ふふふふふふふふふふふふふふふふふふふふふふふふふふふふ最近いい天気ですねーー'
天気,'@Michinarhysm ダンボウ、レイボウ、天気予報♪ってどうですか'
天気,'1Oringo1\n02月20日の天気:晴天 最高気温16度 最低気温7度\nツイート数:18(前日比:-7)\n受け取ったリプライ数:12(前日比:-2)\nいいねされた数:77(前日比:+26)\nフォローした数:2(前日比:-2)'
天気,'【 19日（金） 与那国島（与那国島） 】 晴れ - 18℃/12℃ - Yahoo!天気・災害: 晴れ - 18℃/12℃ https://t.co/6MOo0zloXv'
天気,'運動ダメと言われ腹痛も怖く、日常生活＋食べて寝るだけの生活してるけど…太ってきた気がして焦ってる。\n明日は天気いいみたいだし、買い物ついでに軽いウォーキングしよう🚶\u200d♀️'
天気,'シンドバット乗りたくなる天気'
天気,'メディ「明日天気になーれ！」\u3000雛ちゃん「明日金平糖になぁれ」\u3000メディ「！？」\u3000～翌日～\u3000雛ちゃん「わあい金平糖の嵐」\u3000メディ「痛い痛い！」\u3000静葉「お嬢さん、金平糖が痛いでしょう。さあ、傘をどうぞ」\u3000雛ちゃん「まあありがとう」\u3000藍「ちょ、新車ボッコボコなんですけど！！」\u3000にとり「」'
天気,'ズームイン朝\u3000天気予報の歌 https://t.co/Zpps0RISs4 @YouTubeより'
天気,'今日はいい天気ですね。\n今週後半は沼地のようなぐちゃぐちゃになった敷地を歩き回りました。\n巨人族の足跡かなーこれ。 https://t.co/JK4R5rRTb2'
天気,'吉川英治曰く「晴れた日は晴れを愛し、雨の日は雨を愛す。楽しみあるところに楽しみ、楽しみなきところに楽しむ」…あなたの人生を天気にたとえると、今の天気は何ですか？どんなプロセスをも、愛し楽しめるようになりたいものですね^^'
天気,'@shirokumanankyo 何の樽までは分かりませんが\n60何年やっているそうなので\n\n換気に関しては問題無いですねw\n今のご時世、楽しめる穴場だと思います。\n海が見えて天気のいい日は景色が綺麗ですね。 https://t.co/0mTjPMEzQz'
天気,'土曜で天気が良いからか泊数が多くて帰りが遅かったけどベッドが届いてたから根性で組み立てた〜。\n疲れた…。\nでもやっとベッドで寝られる！！'
天気,'さて明日は日曜日だけど\n私は仕事( ≖_≖\u200b)\n仕方がないよね💦\n\n娘には申し訳ないけど明日の\n日曜日は我慢してもらうしかない💦\n\n泣くかな？スネルかな？(〃´o｀)\n\n明日も天気が良いから\n頑張ろっと(･∀･)\n\nお返事は明日す… https://t.co/V725XSSOV1'
天気,'クルマユはリーフガードという特性を持っている場合がある。ガードと言うと頑丈そうに聞こえるけれど、これは天気が晴れの時に状態異常にかからないという効果だから、決して防御力が上がったりするものじゃない。しかも虫・草タイプのクルマユは弱点が多いから、なるべくいたわってほしい。'
天気,'圭佑が能天気だからかろうじてコメディの体を保ってるけど、展開はわりとシビア'
天気,'今日のトレ\n\nクローズプッシュアップ 20reps x2\nプッシュアップ 10reps x3\nリバースプッシュアップ\xa010reps x3\nディップス 10reps x3\nフラットストレートレッグレイズ\xa020reps x2\nブルガリ… https://t.co/FtiOowrxSX'
天気,'ほっくん。\n不憫だ。\n天気の子ですらないやん、話し。\n #SixTONESANN\n\nライアーライアーは！！！'
天気,'大雨の降った日しか見られない、逆さシンデレラ城♪ ディズニーは天気のいい日に行きたいものですが、大雨の日もありかもしれませんね♪ ディズニー好きのみなさんで共有して下さいね♫ https://t.co/3FEZW9pJXp'
天気,'@_Hallelujah_Q ぱんちゃーん😊♥\nここんとこ寒暖差激しすぎて、\n今朝は春みたいな天気で桜🌸咲いてるし\nホンマびっくり🤣🤣🤣\n\n今年の受験生は特にコロナに翻弄されてるから、みんなにサクラ咲いて欲しいよね🙏💭💗'
天気,'あやつ天気の子見なかったクセに、ゾンビの話死ぬほどするやん(笑)\n\n#SixTONESANN'
天気,'久しぶりに益子で陶芸\n子供たちも楽しそうで良かった♪\n良い天気でしたねー✨ https://t.co/wBOmJtu12l'
天気,'今日はいい天気で夕陽も綺麗でした🌇\n#沖縄 https://t.co/YWDTBLCjhP'
天気,'こんばんは\n今日の京都南部の天気は晴天\n現在の気温8.1\n寒い日になるでしょう\nウィルス対策にフェイスシールドはいかがでしょうか\n\n#環境を考える\n#感染症対策\n#フェイスシールド\n23時58分\n\n詳しくはこちら\nhttps://t.co/dj0fFRXn2G'
天気,'天気の良い日は日向ぼっこしてる🐈\u200d⬛☀️\n\n#猫\n#黒猫\n#ねこ https://t.co/KEc8p9ttpz'
天気,'@ONGK_YuChi 明日の天気は気をつけないと'
天気,'@KOJI37317844 明日も良い天気みたいですね！'
天気,"'@nhk_pop_a @eri0126jj こんばんは☆\nお知らせありがとうございます✨\nリモート""生""出演⭐️⭐️の文字、、、\n嬉しいなあ☺️✨幸せですね✨\n天気予報は、ジェジュンの気持ちとは裏腹に\nすっごく楽しみです😂😂⭐️… https://t.co/OgmYYOc2le'"
天気,'@hafuhohihihi 初めまして。\n\n本来なら朝の便で来る予定でしたので、それでしたら天気も良かったですし、気持ちよかったでしょうね〜 \n\nでも動きやすい靴履いてないので、行っても大変だったかも？？'
天気,'てるの天気: ｢ストライクウィッチーズ｣\n譜面製作者 /\n#ジャッジ9\n\u3000   \\\u3000|\n \\Ԏ/'
天気,'かおちゃん夜のMCで天気操れるって言ってたの、声優界の天気の子がここにも！！ってなったし、誇るけれどそれがプレッシャーにもなるってライブのMCで言うのめちゃいいし、本当に操れるなら田舎で農業の副業するっていう発想めちゃ最高'
天気,'地震情報を受信しました\n[震源地] 紀伊水道 [最大震度] 震度1 (2021年2月20日 23時38分頃発生) - goo天気 / https://t.co/zQrQzSdZbK'
天気,'ﾃﾚﾋﾞはメンタル弱ってる人にとっては情報過多すぎる。よくﾈｯﾄは自分の都合のいい情報しか見ないというが、そういう取捨選択ができることこそがﾈｯﾄの最大の利点であり、正直ただ生きるだけなら明日の天気と気温さえわかればそれでいいと思っている(*´▽｀*)'
天気,'先週桜を見に行ったついでに梅も見てきました😆\n\n今週は天気もいいし、テレビでも放送されてたからきっと人多い🙄\n\n先週行っておいてよかった🥰 https://t.co/NJrAnaVUYv'
天気,'@yuukasawachi 天気がよいのでお花見🌸\n一緒どうですか？'
天気,'@merry_usagi_ 天気もよかったしね🌸'
天気,'天気の良い日は、海峡を越えて隣国の首都コペンハーゲンが見えます。そして海を渡る巨大な船が、家家の上を滑るように行くのは見ていて圧巻です。手持ちの双眼鏡に加えて多趣味な私は、60倍の単眼鏡も持っていて、スゲェーとひとり悦にいってます… https://t.co/djjSpRHhPt'
天気,'急に天気悪い'
天気,'@copepanda05 起きない時は叩き起こすから←\nまあ問題はないんだけど、赤ちゃんの時は夜中よく起きてて寝るまで安心して眠れなかったし（旦那は普通に寝落ちてる）\n旦那は元々能天気なところあるからなぁ……😓'
天気,'@znvIEK8MsQ ヒューは天気に結構関係してるので出しました\nあまりキャラも知られていないから無理もないかもです😅'
天気,'遅くまで起きてるけど、そんなに何か頑張ってるんだねー。ところで雨彦さんに聞いたんだけど、天気雨のことを言う狐の嫁入りって元々夜に狐火が連なって見える怪異のことなんだってー。君の部屋の明かりは嫁入りの兆しかなー？違うよねー。\nじゃあ、僕はもう寝ようかなー。おやすみー。'
天気,'野良カジュやる時相手を倒すってよりなんとかして混乱させてバラバラにさせようとか変な事ばっか考えてるんだけど今日頭回らなすぎて突っ込んでやられまくった、、\n今日はダメな日！明日は良い日！天気も良い日！知らんけど！！\nよっしゃあ明日は復讐じゃあああああい待っとれよおおお'
天気,'@pipipi__rm 天気良くて暖かいといいね〜🌸'
天気,'@cacao100per この天気☀️\n干しまくりますよね😂😂\nお互いにお疲れさまです！'
天気,'今日の畑！いい天気でした🌞 https://t.co/myHHbcBtdh'
天気,'@b_wmfm 朝はいい天気でした☀️\n夜は雨になったんですけどね☔️\n\n高い所を登ったり降りたりして遊んでました😊'
天気,'ありぽんが今日は晴れてていい天気だったみたいなMCを聞いていたポケモンガチ勢の私(いや？強風だったけど？)(※12時間中8時間が強風ブーストだった)'
天気,'@yori_michi_3ldk よりみちさんすっかり遅い時間なっちゃいましたがありがとう🥰\n天気良くて最高でした☀️息子がすごく楽しそうでお出かけしてよかったです！'
天気,'@shieroprof シエロ教授、よるわら＆ゆめわらです🌓\nリプが遅くなり申し訳ありません💦\n\n今日は天気もよく、暖かかったので\nほんと春が来たような一日でした😊\n凄く気持ちよかったです😆\n\n明日もっと暖かいんですね‼️\nもうこ… https://t.co/IUihudjjKh'
天気,'tokyodisney2020\n02月21日の天気:厚い雲 最高気温17度 最低気温11度\nhttps://t.co/v2o3vJUmpc'
天気,'今日は天気がいいからおにぎり作って公園へ。\n高校生の男の子3人が小さい女の子とフリスビーで遊んでて、それを女の子のお母さんが見守ってた。\n高校生たちのかける言葉も優しいし、女の子は初めましてのお兄ちゃんたちに懐いてた☺️\nこんな男… https://t.co/EqINKVcIND'
天気,'みなさま、おやすみ！\n明日天気になりますように。みんなの心が。'
天気,'[震源地] 紀伊水道 [最大震度] 震度1 (2021年2月20日 23時38分頃発生) - goo天気\n\nhttps://t.co/BLJwoEhLdX\n\n#地震速報共有ハッシュタグ'
天気,'@syokawww ほかなにのりましたか！とんでもエピソードたくさんありそうで楽しそうです 風はすごかったですが今日天気良くてわたしもうれしくなってました'
天気,'やっと就寝体制...遅っっっ💦\n明日は天気良いから動きたいなあ。。。ウチの中でね🏠 https://t.co/heA4zzQrgD'
天気,'土曜日もあっという間に終わりですね。\n\n天気がとても良かったのでお昼はプラプラ散歩しました🚶\u200d♂️🚶\u200d♀️\n\n歩きすぎて少し疲れたので、今日は Nujabes を聴きながら就寝モードに入ります💤\n\nhttps://t.co/VCS9hsWs2g'
天気,'@flopsyrabbit39 フロちゃん‼️こちらこそ見てくれてありがとう❤️\n天気良くて、最高のお散歩日和だったよ😊\n私は後をついて行っただけ〜🤣\n楽しすぎた😭'
天気,'@nozue_a8mi あきちゃん😊✨\nあるよね！凄くいい天気で綺麗な青空だとスマホでも良く撮れるね☺️\n逆光はほんと注意だよね😇\nなんか咲いてるみたいだよね💦\nトゥーンの桜も咲いてるのかな？🤔'
天気,'@occhi_6969 まねっこです😚\n\n明日は天気も良さそうだし\n美味い夕飯でも作りたいものです🍚'
天気,'丸一日ずっと頭痛いんだけど、友達が天気アプリで何回も予報確認しててうける、雨降らないよ'
天気,'SeiRen___fmk\n02月21日の天気:厚い雲 最高気温17度 最低気温11度\nいいねした数:108(前日比:+14)\nいいねされた数:288(前日比:+171)\nhttps://t.co/D32Z0TSArV'
天気,'樹くん天気の子見てないくせにゾンビに対する意識を変えないとコメント流さないってわがままかよ！！\n\n#SixTONESANN'
天気,'@BranchRoadm @kotone2199 こんばんは❤️お疲れ様です🎵ほんとにおめでとうございます🎉✨😆✨🎊土日天気いいので☀️よい週末お過ごしくださいね😌🌸💓'
天気,'sibata_damz\n02月21日の天気:小雨 最高気温14度 最低気温8度\nツイート数:2\nいいねした数:6\nいいねされた数:19\nhttps://t.co/Xd83Fm1WVT'
天気,'#yoasobi\n天気が良く、暖かい日には茅ヶ崎あたりのモーテル、じゃなくサザンビーチあたりを歩きたくなるもんだね。\n来月は「彩」あたりを、茅ヶ崎の海岸沿いを、(ソーシャルディスタンスを空けられるところなら)マスクを外して歌いたい… https://t.co/vtYGQ1jdDY'
天気,'[震源地] 紀伊水道 [最大震度] 震度1 (2021年2月20日 23時38分頃発生) - goo天気 \n \nhttps://t.co/YhrJTOocep \n \n#地震速報'
天気,'bour_bon\n02月21日の天気:厚い雲 最高気温17度 最低気温11度\nhttps://t.co/YSUIbEGDBF'
天気,'てか天気の子見てない代わりにって言ってましたよね\n #SixTONESANN'
天気,'音楽聴いて勝手にテンション上げる人間だから天気いい時に好きな音楽をデカい音で聴いて歩くのがとても好き'
天気,'1週間の疲れが出て、大好きな世界ふしぎ発見も見ずに爆睡…明日の準備も何もしてない😇\nまず天気予報の確認から😂'
天気,'1番信用しているもしくは釣り用に使っている天気予報あれば教えてください🙇\u200d♂️🙇\u200d♂️'
天気,'そろそろ寝なきゃ。明日、天気がよかったら杉ノ宮にでも出かけようかな。'
天気,'@TobeAsbe 今日はええ天気やったし、登山にはもってこいやったね！'
天気,'@beer56rie ♬春は遠く\u3000泪しても\u3000\n\u3000瞳を閉じれば\u3000薫る蕾\n\u3000青は続く\u3000生きる限り\n\u3000気付けば\u3000僕は歩き出した\n\nおーい☝️むぎり〜！晩マスター🤞\nみなとみらい個撮お疲れさま❣️\n天気良くてサイコーだったね😗\n黄色のSN… https://t.co/VTcAVjNVFx'
天気,'【南大沢天気情報】★注意報・警報★東京都の各市区町村に現在発令されているものです\u3000近隣の市区町村のものも参考にしてください\u3000https://t.co/WsHY5X9EmF\u3000★他の情報 → 南大沢情報 https://t.co/4rIl8b7tuq'
天気,'地震速報\n[震源地] 紀伊水道 [最大震度] 震度1 (2021年2月20日 23時38分頃発生) - goo天気\nhttps://t.co/oPdJse2qbV\n#EarthquakeEarlyWarning… https://t.co/b3HtTzrukF'
天気,'天国(空)へ続く赤い糸、というシーンを撮影しようと思って、風船とヘリウムガスを用意したんだけど、初夏で天気良すぎて暖かすぎて、太陽光と熱で風船が悉く破裂したの、めっちゃ良い思い出。'
天気,'@KATANAGAMI_kabe \n年齢3桁の神様同士なのに子供みたいに遊んでるの、すごい、すごいよ.....(エモいよ.....)\n多分靴飛ばしで明日の天気占ったりとかして遊ぶし、神様だから当たったりするんだ、と思ったら楽しくて… https://t.co/9L0XaZ81ro'
天気,'カントーイベントお疲れ様でした‼️\nさすがに12時間は長かった〜😅\nでも、天気が良かったので日比谷公園まで出かけて正解でした😊\n本日の色違いは19匹と、色違い運のない私にしては上出来‼️😆\n赤チームにした目的のサワムラーがゲット出… https://t.co/51AfQjXDV3'
天気,'かおり「私天気を操れるみたいだから、それが本当なら稲作とか助けたい」みたいなこと言ってたのがさすがに笑ってはいけないライブ会場ですら一番無理だった'
天気,'だよねじゅったん、1週間で天気の子観ないよね🤣🤣🤣'
天気,'シン：いくら考えても分からないもの ・キラさんの気持ち ・最終回の俺 ・山の天気 ・生きる意味 ・アスランの女性関係'
天気,'@2b72hm 今日は天気がよかったし、こういうときおててつないでお散歩したいね☺️'
天気,'天気がいい日には晒し台で思いっきり踊りたいわね…'
天気,'天気予報のとこにカサのマークあったから カサ降るに決まってんだろ'
天気,'@k_najimi おはようさん😀\n外真っ暗でいい天気やねー！'
天気,'天気の子、やばいな(;o;)'
天気,'@GRS_KURONEKO_RP 天気予報と相談します←'
天気,'@cap7000 今日は天気良くてよかったな'
天気,'【 20日（土） 石垣島（石垣島） 】 晴れ - 21℃/12℃ - Yahoo!天気・災害: 晴れ - 21℃/12℃ https://t.co/H0gWfqrO29'
天気,'[震源地] 紀伊水道 [最大震度] 震度1 (2021年2月20日 23時38分頃発生) - goo天気'
天気,'天気の良い日は本当に気分がいいなぁ'
天気,'今日はいい天気だな♪'
天気,'oroserose0207\n02月21日の天気:小雨 最高気温17度 最低気温10度\nツイート数:3(前日比:+2)\n送ったリプライ数:0(前日比:0)\n受け取ったリプライ数:0(前日比:0)\nいいねした数:-3(前日比:+5)'
天気,'アパート3棟のCATVからアンテナ受信切替を3日間行いました。\n初日は寒く風もありましたが、最終日の今日は暖かく穏やかな天気で早めに切り上げる事ができました❗️\n#共聴アンテナ\n#CATVから切替\n#4k8k\n#アンテナ工事… https://t.co/uPU2w7UxUV'
天気,'来週の天気おかしくない？今日は18℃だったんだぞ() https://t.co/5jOv0SDwLf'
天気,'今日はいい日でした！\n天気も良かったし前進した気分!\n明日は片付けをだいぶ前に進めようと思いますꪔ̤̱ꪔ̤̱ꪔ̤̱ https://t.co/Ht6IwMSmHa'
天気,'一週間後の天気なんてあてにならんよな'
天気,'cdvKsVPlfneZHOC\n02月21日の天気:厚い雲 最高気温18度 最低気温10度\nツイート数:8(前日比:-1)\nいいねされた数:1(前日比:-3)\nフォローされた数:-3(前日比:-4)\nhttps://t.co/u8CeFcBTxd'
天気,'@73_parade こちらも心地よい天気でした'
天気,'@baratieup 今日は、本当に良い天気で☺️🔆\n花粉大丈夫でしたか！？\n私も大きい公園に行こうと思っていたのに、ほぼ家にいました(๑-﹏-๑)'
天気,'天気いいから外出たいな、でも花粉が、でも天気いいしって迷ってて\nちょっと眠いから少しだけお昼寝って寝て起きたら夜になってた\n名古屋にいる夢見てた'
天気,'髙地くんは天気の子みたっていってたね〜 #SixTONESANN'
天気,'来週4連休だから旅立とうとしたけど天気悪そうどうにかしろ'
天気,'Thor20190520\n02月21日の天気:厚い雲 最高気温17度 最低気温11度\nフォローした数:2(前日比:+3)\nフォローされた数:-2(前日比:-2)\nhttps://t.co/9KcrZnXlLu'
天気,'9tbot\n02月21日の天気:厚い雲 最高気温-3度 最低気温-8度\nツイート数:764(前日比:-123)\n送ったリプライ数:403(前日比:-127)\n受け取ったリプライ数:337(前日比:-123)\nhttps://t.co/hqimv68e6p'
天気,'明日天気になるかなー'
天気,'天気の子のbgmいいですね…'
天気,'常に天気予報をチェック\n\n#テニス部あるある #共感したらRT'
天気,'明日は用事でお出掛けするから天気良くて暖かいと良いなぁ'
天気,'@Re_qyi なんや、それ天気関係なくヌクヌクやん 笑 \n\nまだ体調悪いん？'
天気,'@eruza__s2__ うろ覚え天気の子の主人公の後ろ姿に顔を描いた結果こうなった'
天気,'今日はいい天気だった。\n#夕日 https://t.co/qdEnSyw5d7'
天気,'遅くまで起きてるけど、そんなに何か頑張ってるんだねー。ところで雨彦さんに聞いたんだけど、天気雨のことを言う狐の嫁入りって元々夜に狐火が連なって見える怪異のことなんだってー。君の部屋の明かりは嫁入りの兆しかなー？違うよねー。\nじゃあ、僕はもう寝ようかなー。おやすみー。'
天気,'@yamori2967 雨は最悪ですが、天気 良すぎて気温が上がるのも雪壁のステップが崩れて一歩進んで三歩落ちるみたいになります。シュルンド越えも大変でした。\n\nyamoriさんの体力なら、条件が良い時になるべく軽装で１日で抜けた… https://t.co/uG2u5qZJWg'
天気,'佐賀県で8人陽性 有田町の医療機関でクラスター【21日】｜佐賀のニュース・天気｜サガテレビ https://t.co/dye8ESHrEh'
天気,'@devilrun0309 今日は天気良くて人多そうなのに並ばず入れてよかったですね😁'
天気,'今日は天気もよかったので奥大井の井川の方の夢の吊り橋まで行ってみた https://t.co/3khh8Gr5Om'
天気,'3月の頭に旅に行きたいのだが、今のところ天気があまりよろしくなさそう。\n日を改めるべきなのか。\n晴れればいいのだが。\nもう少し考えてみよう'
天気,'やべぇ頭痛い。\n寝てる時咳してるみたいなんだが\n覚えが無いんよな〜\n熱も平熱だし、外出して無いし\n天気も良いから久々に風邪か？'
天気,'天気の子だな'
天気,'わー、すごい\n僕も久々に引きたいけど予定が開かんし、道具持ち運ぶには天気不安定やし。\nしかも13㌔後輩に貸したままなんよな'
天気,'天気の子のBGMじゃ #サイエンスZERO'
天気,'今日天気良くて暖かかったからイッヌの散歩夕方に行けて久々に夕陽見れたから個人的3大夕暮れソングひたすら聴いてた'
天気,'@akaba__0512 いい天気すぎてずっと窓の外眺めてましたww🥺'
天気,'いや今日お持ち帰りで営業してる店の前けっこうどこも人だかりで人気店だと遊園地のアトラクションばりに大行列になってる😬（天気が良くて気温も高い日曜日）マスクしてるとはいえこれどうなんだろう…\n近所でも、庭に人集まってない!?って思っ… https://t.co/4C1pe2oWSx'
天気,'@MxIxI 確かに暑かったかも‼️そっちのほうにお気に入りのホテルあるから行きたいなぁ😆\n\nまた3月の自粛収まったら人増えそうだからこういう天気のいい日に地元満喫のチャンスだよね😁'
天気,'2月21日、8時半起床。天気が良かったので午前中に往復2時間11キロの散歩(散歩？)たっぷり有酸素運動をしたので軽く筋トレ。午後は実家の片付けをしに行くつもりが、予定が狂ってしまったのでお昼寝。夜は配信番組を3本。筋トレメニューをスッキリさせて代わりに3セット。'
天気,'@monharpo Monさん、ありがとう…戻ってくることはないと思うけどこの天気の良い日曜をどっかで気持ちよく過ごしてるかもしれない盗っ人に怒りを感じるよ。人を許す気にはまだ到底なれない…'
天気,'ラジオで聞く天気予報とか高速道路情報、何故か旅行してる気分になれて好きなのよね'
天気,'@kaoringo_dol 昨日かおりんごさんもいたんですか！？\n気付けず申し訳ない、、🤦\n昨日はいい天気でピクニックもできたから楽しかったです〜🌈\n次はぜひお声掛けを！！w'
天気,'地震情報を受信しました\n[震源地] 鹿児島県薩摩地方 [最大震度] 震度1 (2021年2月21日 23時27分頃発生) - goo天気 / https://t.co/3K88dC5SdB'
天気,'中村海人ことうみんちゅへ\n私も天気がいいだけで嬉しいでござんす😁(ござんすとは？笑)\nIWGP面白いよね～！！\n大好きなドラマだったなぁ😆\n全部見たらまた感想教えてね～💚\n#うみまる'
天気,'彼氏がせっかく車洗車して綺麗になったのに明日からまた天気悪いからすぐ汚くなるじゃん…'
天気,'併せて過去天気アプリで最近の不調日の傾向見ると最低気温と最高気温の差が10度以上ダメ、先週ほぼダメ、特に昨日は15度以上ね、というやつがよくわかった今日は13度ぐらい違うしんどい２日連続。\n\n過去の天気、気象庁以外の便利な調べ方ま… https://t.co/1AMkl7vr0I'
天気,'3月の7日天気よかったら尾道行こうかな！'
天気,'天気の子の音楽やな #サイエンスZERO'
天気,'三寒四温の\n一つ目の＂温＂と\nいったところでしょうか🌞\n\nしかしイイ天気でした👍\n\n#四季があるって素晴らしい\n\n2/21ブログ更新してまーす✋️\nhttps://t.co/UOTavFus34 https://t.co/N3f7SStA50'
天気,'天気良かったよね(^_^)'
天気,'あん？明日の天気おかしいな…最低12℃？最高21℃'
天気,'去年との比較\n去年のが写真的には良いけど天気に恵まれなかったから加工せざるを得なかった分ってのはあるけどどちらも可愛い https://t.co/hmRPtOqD7R'
天気,'[震源地] 鹿児島県薩摩地方 [最大震度] 震度1 (2021年2月21日 23時27分頃発生) - goo天気\n\nhttps://t.co/lnVLrUsBuS\n\n#地震速報共有ハッシュタグ'
天気,'天気予報 さんのコミッション「アイコンありがとうございます。\n毎日見て癒されてます。\n\n今回は羊の擬人化した女の子をお願いしたく思っています。\nお花と和風な雰囲気でお願いします。...」… https://t.co/OU93SCsB3E'
天気,'このカレンダーのせいで今日が何日か、頭バグるんだよね。普通、これからの一週間の天気が出てきてくれると思うじゃん。'
天気,'@YUYU_PARADISES 天気も良かったしいい日だったね〜☺️'
天気,'土日ずっと天気良かったけど本読んだりFlask+Firebaseの勉強したりでほぼ外出してない'
天気,'天気良すぎたので石神井公園わず。LPICの勉強？ping-t？知らねえ。聞いたこともねえ。 https://t.co/6uqVFGbmH2'
天気,'2年ほど前に行った石川県にある『千里浜なぎさドライブウェイ』\n世界でも珍しい車で走れる砂浜です。\n四駆じゃなくても大丈夫！\nあいにく雲が多かったからまた天気の良い時に行きたいなぁ☺️\n【りよーさん】\n#千里浜なぎさドライブウェイ… https://t.co/uprTtdAIKL'
天気,'@HEISEI_love_bot 天気の子'
天気,'今日は良い天気だったのでお友達とピクニックいってきたよ、！\n\n涼しい顔して微笑んでるけど花粉がやばすぎて鼻が取れそうでした🤧w https://t.co/FGhf0ftVxT'
天気,'9tbot\n02月22日の天気:厚い雲 最高気温-4度 最低気温-6度\nツイート数:996(前日比:+232)\n送ったリプライ数:612(前日比:+209)\n受け取ったリプライ数:557(前日比:+220)\nhttps://t.co/hqimv68e6p'
天気,'明日休みって最高やなぁ\n天気もいいみたいやし、景色でも眺めに林道走ろ'
天気,'日曜日\u3000勉強8時間\u3000昼間は天気に負けて畑の整備。。'
天気,'ロンは空気読めない能天気天才（いる）だと思ってたけど追放されて怒るヤイルを宥めるあたりはめちゃめちゃ大人だし成長してる。と、感じた。でも降格も不満はあれど受け入れてるしとにかく根がいいやつなんだろうな。いいね！で、結局不満が爆発したとしか思えない、、、😂'
天気,'明日天気いいらしいからお散歩したいな〜 お花とかキレイな場所ないかや'
天気,'2021年2月21日\n久しぶりに中目黒の目黒川沿いから代官山を歩いた。友達とランチをしてからいい感じのカフェやアパレルショップを探しながら散歩。天気が良く、いいお店にもたくさん出会えた。しかし、お目当ての指輪は見つからなかった。男… https://t.co/ACq9P7LFQr'
天気,'@e0vl_an_1i_R_TK 今日天気良かったね〜！ソメイヨシノとかではないんだろうけど早いよねえ春だねえ🌸着物褒めてくれてありがと🎶'
天気,'@mereizett @min_masayan ワンカップ達(*♡ᴗ♡*)\n良い天気で海綺麗だったですー！'
天気,'【⛲️学びログ】\n天気が良くて暖かったから長い時間散歩しに出かけたけど、やっぱり散歩は色んなことを考えるきっかけになるなあ。\nあと公園ってなんであんなに元気貰えるんだろうね。週1で行きたい\n\n#今日の積み上げ… https://t.co/yGEuMc8saj'
天気,'天気と気温次第だけど25日からバイト始まる😃ホタテホタテホタテ！\n体調整えなければ(๑•̀ㅂ•́)و \n\nとりあえず熱早く下がれ～！'
天気,'cdvKsVPlfneZHOC\n02月22日の天気:小雨 最高気温19度 最低気温11度\nツイート数:23(前日比:+14)\n\nhttps://t.co/u8CeFcBTxd'
天気,'@nymj15 わかる！天気もよかったから早めに起きてお布団洗って干してた😌！お天気良いと気分もいい〜🌞\nほんとそれ、、、4時とかだと朝弱すぎて起きれないけど共にいきる、、😇'
天気,'こんばんは～\n明日のあさ5時47分西から北へISSが見られます。\n天気良いから明るくて綺麗に見えると思いますよ。\n\nってそんな時間に起きれない😂😂😂 https://t.co/PVS7AMDguU'
天気,'@you20202021 天気予報みてなかってんだもんー🥴☀️💦'
天気,'長いようであっという間の1日だった\nいい天気だった🌞 https://t.co/UEXGt4u726'
天気,'明日も天気良いのでツーリングに行きたいと言いたいところだが、仕事だしそもそもバイクの免許も無え。'
天気,'@necocarcat お誕生日おめでとうございます💐誕生日が今日みたいに天気よくてお休みだと尚更嬉しくなりますよね!'
天気,'@usagitokamejp05 キックボード、うちもです…今も同じのを見ると疑ってしまいます。この怒りとかやるせなさを感じずにこの天気のいい日曜を盗人は過ごしてるのかと思うと余計に苛立ちます。'
天気,'[震源地] 鹿児島県薩摩地方 [最大震度] 震度1 (2021年2月21日 23時27分頃発生) - goo天気 \n \nhttps://t.co/U5GYnRWsLT \n \n#地震速報'
天気,'廉くんブログ更新してくれてありがとう😊\n天気もよくて、私も子供と公園に行ったよ～😆ローラー滑り台をしまくって、ズボンがやぶれてないか心配になっちゃった(笑)廉くんが鬼ごっこしたらすごく早そう(笑)寝癖もまた写真でとれたらお願いしま… https://t.co/P5Ep3vw4xe'
天気,'@amattare4690 写真は私も見つけたいので、そのうち\nでも、消しちゃったかなぁ😇\n気分や天気しだいで、行くか行かないかを決めるような旅スタイルなので、時間の決まった乗り物や宿をとることが苦手で\nこんなことになってます😋'
天気,'@dorodango_3papa 泥団子さん\nこんばんは♪\nとっても良い天気でした😆\n今日もありがとうございました😊'
天気,'昨日～今日にかけて、気温がかなり上昇したが、\n不要不急の外出に該当する行動が飛躍的に増大した。\n\n中には悪質なゲリラロケや3密になるイベントも確認された。\n\n緊急事態宣言が発令されているということを気にして欲しい。\n\n休日はもうずっと寒い雨天気で良いと感じた。'
天気,'気象予報士とかデータ収集してるとか特定の人以外は、過去の一週間の天気、そんなに気にしなくない？\n\nなんなの？アリバイ作りに天気を思い出せるようにとかなの？\nアリバイ作りしなきゃいけないことしてないよ😓'
天気,'うーん。土日も終了、明日の天気はどうだろうな？おやすみ。'
天気,'旅行に行けない状況、旅行大好きな自分にとってストレス大。昨年は伊豆で自然の中で蛍見たんだけどすげー綺麗だったよ！初めて見る自然？の蛍。感動でした。旅館泊まって温泉入って美味い料理食って…天気は今ひとつだったけどこうして今でも良かったって思えるって素晴らしい。'
天気,'昨日も入学式に向かってる時のあの感じを思い出すような天気だった'
天気,'天気予報見たし・・・おやすみなさい～'
天気,'@Akiyaza_ えら、私なんて天気予報すらみてにいのに。\nわいも頭悪いからもう東大の経済学部卒みたいな頭良い人を捕まえてくるしかない🥺🥺🥺'
天気,'素晴らし天気と素晴らし屋上と素晴らしメンバーでMV撮影をさせて頂いた日曜日でした◎\nカミング完成したらスーン！ https://t.co/wOzTzVrkhB'
天気,'pt1N2R3R3sJpinx\n02月22日の天気:厚い雲 最高気温19度 最低気温8度\nツイート数:112(前日比:+69)\n送ったリプライ数:85(前日比:+59)\n受け取ったリプライ数:54(前日比:+38)\n\nhttps://t.co/J4IUiOJzkX'
天気,'【 21日（日） 石垣島（石垣島） 】 晴れ - 23℃/15℃ - Yahoo!天気・災害: 晴れ - 23℃/15℃ https://t.co/Y1LGO3IYjj'
天気,'ちょっと聞いて。今日休みで天気良くて用も無かったから布団とか干したりシーツとタオルケットと毛布とか洗ったんだけど今布団に入ったら最高なんだけど。あとは夢をくれムラタ。おやすみ。チェキを枕の下にいやそれはできないスおやすみ。'
天気,'はー今日もいい天気 https://t.co/sFcLKzELTN'
天気,'今日の午後、図書館でYogee聴きながら勉強したの良かったな。天気がぴったりだった。'
天気,'@ap_xx_k 天気の子みたい！！！'
天気,'地震速報\n[震源地] 鹿児島県薩摩地方 [最大震度] 震度1 (2021年2月21日 23時27分頃発生) - goo天気\nhttps://t.co/TQJ2Yas2SQ\n#EarthquakeEarlyWarning… https://t.co/lxNq3tUFWj'
天気,'ykesca\n02月22日の天気:小雨 最高気温19度 最低気温13度\nツイート数:205(前日比:+101)\n受け取ったリプライ数:140(前日比:+79)\nいいねされた数:210(前日比:+83)\nフォローされた数:8(前日比… https://t.co/l0IAcAX7YI'
天気,'@ryogomatsumaru いろんな方々が仰ってるけど、天気予報は観ましょう(笑)'
天気,'今日はいい天気だった！\nさすが20度、暑かったー…🚴🏻\u200d♂️\n\n早くもケツから太腿にかけて筋肉痛…\nそして眠い…\n先生とパイセン、ありがとうございましたー！\n\n春はもうちょっと先みたい。 https://t.co/bSB4pz3la6'
天気,'Nanashi__012\n02月22日の天気:晴天 最高気温20度 最低気温11度\nツイート数:8(前日比:+6)\nいいねした数:31(前日比:+25)\nいいねされた数:6(前日比:+5)\nhttps://t.co/tZEfJbbqae'
天気,'Marionnette_Voi\n02月22日の天気:小雨 最高気温19度 最低気温12度\nフォローされた数:0\nhttps://t.co/ZLWp1f0t6a'
天気,'今日天気良かったじゃないですか。だからずっと気になってた公園行ったんすよ。そしたらめちゃくちゃオシャレなカフェがあったんで、そこでご飯食べてベンチに座ってただぼーっとしながらコーヒーを飲んでる普通の何気ない時間がとても幸せだったよ… https://t.co/3Bus5rA7KK'
天気,'kosodate_ooen\n02月22日の天気:小雨 最高気温19度 最低気温13度\nツイート数:50(前日比:-42)\nいいねされた数:138(前日比:-64)\nフォローされた数:7(前日比:+2)\nhttps://t.co/Eu9oy0DdsM'
天気,'@nitijyou222 明日も天気いいから窓空けとくつもりだったけどこれは2人の内緒ね🤫😘😘'
天気,'ニ「アー……一応聞くけど、２人で宇宙に逃げる？」\n悪魔は肩をすくめながら天気の話でもするように言った。公園は過ごしやすい気温でカモは元気にパンをつついている。世界の終わりまであと数日。\nプ「まさか。お前となら もっとイイコトができる」\n天使のお手本のような→'
天気,"'whether\n【接】～かどうか,～であろうとなかろうと\n注：weather(天気)と同音'"
天気,'＃バザー\n＃太陽超人ラー\n＃東高円寺\n＃公園\n\n「布を買った帰りにいい天気だったので、外を歩いてみたのだ。」 https://t.co/eXJFMns08b'
天気,'kouta_0154\n02月22日の天気:厚い雲 最高気温16度 最低気温6度\nツイート数:2(前日比:-2)\nいいねした数:16(前日比:-34)\nいいねされた数:1(前日比:-40)\nフォローした数:0(前日比:-1)'
天気,'@tshk1003 天気：晴れ\u3000現在の気温：20°\u3000温度：21.3°/11.4°\u3000降水：0%'
天気,'あーいい一日だった。\n\nアリス様「アイちんと月海のおかげで天気もよかったわね♡」\n\n暖かかった'
天気,'ロウバイ綺麗、天気良し https://t.co/A8bluLsM1b'
天気,'明日は早起き病院だー  天気が良ければいいな'
天気,'天気も良く散歩日和なので初めて玉城のグスクロードを歩いた。\nその起点の糸数城跡の写真。人が全くおらず完全な廃城。人を寄せ付けない静謐で峻厳な雰囲気を持っていた。500年前には人が住んでいたのだが、もはや自然のものとなっている。 場… https://t.co/3w2GeOHxwa'
天気,'今日は天気も良くて洗濯物もよく乾いてちょっと自転車で遠出して、ダイソーで素敵なものいっぱい買って、帰り道ミニストップでずっと食べたかったフォンダンショコラソフトクリーム食べて幸せいっぱいだった🥰（坊がうんこ漏らした以外は）'
天気,'まったくない婚活していないし今日はぽかぽかいい天気だった…… https://t.co/0nAp3D0TYu'
天気,'本日も天気がよく、昼間は気温高かったので昼からの草むしり作業は心地良く作業出来ました😌\nそして花粉症酷くなりましたw\n目だけ痒かったのに気付いたら顔（アトピーで元々顔は痒くなりやすい）も痒み酷くくしゃみも。\n甜茶に今年もお世話になりそうです😌'
天気,'@Copechan_ 気温と天気素晴らしく適温でしたね🙆\u200d♂️'
天気,'今日も♥をありがとうございました！とてもいい天気の休日でしたが、『卒業』からの『スケアクロウ』のアメリカン・ニューシネマ2本立てのNHKBSプレミアムシネマを観て、猫特集の番組を観てた休日でした。明日から今週の仕事の始まりです。… https://t.co/grLBSMofsQ'
天気,'父が旅立って半年経ちました…不思議な事に月命日はいつも好天気に恵まれています https://t.co/xiCBjurQe4'
天気,'来週、再来週くらいからはバイク余裕そうな天気やな、てかセローのタイヤ交換しなきゃ'
天気,'日記アプリのスクショで報告を皆さんに出来ればいいなと思っております。\n今日は天気が良かったとか、疲れたとか。\n進捗が140字で収まらないのでこれで行こうと思います。\nあと純粋にペーパーレスにしたい。\u3000\n#不知火亭二晩の報告書'
天気,'今日もいい天気☀️\n\n#黒い夢美術館 \n#画レージ https://t.co/pPqdocFL4I'
天気,'もう春かと思わせる天気でした\n⇒ https://t.co/9umZlHVs3E #アメブロ via @ameba_official'
天気,'今日は天気が良かったけど、写真を撮れる時間が無くてポーチに入ったままでした😭\nまた今度だね✨😌 https://t.co/v5IDQpueIv'
天気,'コーチに「月曜は9時から18時までね」と前もって言われていたのに、今日になって「天気が良いので散歩に行きたいから17時までにしてください」って交渉するチームメイト達つよ、、、'
天気,'おしりー！！\nなんで明日の天気が悪いんですか！！笑笑\nオフやんこれじゃ。笑 https://t.co/WTasdmBXPf'
天気,'妖精の天気予報\n明日は北よりの風。夜は冷え込む。\n北陸から北の日本海側は、雪か雨。北日本の日本海側は吹雪く。\n気温は平年より高いが、月曜より低い。\n今週は、日本海側は雲が多い。太平洋側でも、週の後半は雨の予想。\n#news23'
天気,'@22maaachi_214 ありがとう〜😊犬派なのに今日っておかしいよね笑\nすごく天気良くてTシャツでいいくらいあったかかった！コロナ落ち着いてあったかくなったらまあちゃんにまた会いたい〜☺️❤️'
天気,'@kisenra421d 大迫力の怪獣ですね…！\n天気も良くてお出かけ日和ですね⸜(*˙꒳˙*)⸝\n(室内ということは見てないことにしますw)\n\nけーぷちゃんは相変わらずおしゃれさん！\n何の映画見たのか気になります！'
天気,'天気にもよりますが、27の夜から28 にかけて角島、時間に余裕があれば志賀島行こうかと思います。\n少しお話または、ツーリングしませんか？\n2人誘ってて、自分以外に１人さんか予定です。'
天気,'@reika_nico_ もしや天気はおバカさんなのかな？😇'
天気,'@nagai_mariko 真理子さん、こんばんは🌃\nサモール京都、お疲れ様でした🍀\n昨日今日と全国的に天気も良く、京都観光も楽しまれた様で良かったです😊もう春もすぐそこまで来ている感じですね🌸\n明日は次回に向けてごゆっくりお過ご… https://t.co/T7dC4polgG'
天気,'江ノ島は最高の天気でした。 https://t.co/zxBGGWuP5I'
天気,'@spsp_puni 天気もよくてサイコーでしたーーーーーーーーﾝﾀﾞｯ✩.*˚'
天気,'@onevia515 そうよね！\n冬のうちに、天気のいい日に、車検戻しする前に、行っときたくて早起きした😂'
天気,'@AM99417 @HN_my0 @kimaguregurashi @7_Ramune_ うんこ中のハプニング。\n\n1.学校で後輩に鍵閉め忘れたドア開けられた時にテンパりすぎてうんこしながら天気の話ししてた。フルチンで。\n\n2.ト… https://t.co/QwBgndzPa5'
天気,'楽しかった。\n\nいい日\n\nいい人\n\nいい天気'
天気,'「杉内本部長は、２０１９年８月に女性では初めて県警本部長に就任しました。この時期の本部長交代は異例」→【速報】佐賀県警 杉内本部長が体調不良で異動 後任に松下氏（24日付）｜佐賀のニュース・天気｜サガテレビ https://t.co/vOpsDLKaC3'
天気,'あれ～、この辺に隠しておいたカーリーさんのぱんつが見当たらないなー。\nなんとなくでこっそり取っちゃったけどやっぱりもどｓ…\nあ、あはは…カーリーさん…今日はいい天気ですね……'
天気,'ペルソナ4\n巻き起こる事件と謎解き、天気を気にしながらのスケジュール管理などなど、すごく充実した毎日でした。\nキャラの抱えてる悩みも等身大でとても共感できました。\n地方出身者としては、田舎の空気感がなんともリアルだなと。\nみんな好きですが、りせりーがとても好き💕'
天気,'暖かくて天気良くてお出かけ日和ですが、本日は病院と施設めぐりでした。\n花粉飛んでますねえ。くしゃみ出るし、目が痒い。 https://t.co/gWI06xGYR8'
天気,'今日も一日いい天気😄'
天気,'@kae_ru43 天気と季節選ばないから水族館かな🤔'
天気,'宣伝！🙌\nこちらの天気の子合同イラスト本に参加させて頂きました✨\n到着が今から楽しみです(人*´ ∀｀*) https://t.co/00s5JwIhhy'
天気,'えっちな気象衛星ひまゎり８号です…ハチはぁ…こんな事できます///\n\n・「（都道府県名）の天気」へのお返事♡（例：東京の天気）\n・「天気図」「降水量」「気温」「雲の様子」へのお返事♡\n・「警報」や「注意報」へのお返事♡\n・「明日の… https://t.co/YKTPnrZyiz'
天気,'@kurumin_award いえいえ、でも天気予報は外れますから\n直前までTVやネットでチェックがいいね♡\nあすは暖かそうだけど雨注意なんだそうです\nでは青春を謳歌して過ごす為日付変わる頃\n寝ましょうおやすみなさい♡良い夢を😊🌷'
天気,'シェアト「いい天気だね。こんな日は気持ちが穏やかで優しい気持ちになるよね。あっ、虫だ。燃やしちゃお～♪」'
天気,'@mksnnnn 天気予報的にはやや多いなんだよね！\nまぁ発症したらしたで地獄だから私の体、花粉には気付くなよと言いたい'
天気,'天気予報で北方四島が普通に表示してあるせいで、あんな近い島がロシアと領有権で揉めてるって認識できないよね\n赤とかでわかりやすくすれば良いのに\nあれはどう見ても北海道の内側でしょ…\n#北方四島'
天気,'今更ながら\n録画していた\n「天気の子」を観た\n予想外のエンディングでしたが良かったと思う\n\nこれが原因で学園艦が建造されたとか\nブルーマーメイドが創立したとか\n勝手に妄想してみる'
天気,"""モーニング娘。'20 天気組 「すいません。佐藤優樹」\n ⇒ https://t.co/hNiB9E2lii #アメブロ @ameba_officialさんから\n\nまーちゃんお大事に"""
天気,'@TAKINO_GUMI_D 最近天気がいいから駅までの道のりは空見てPEDRO聴きながら通勤してます😊'
天気,'@yuzuki_cmore 한국도 완전히 봄 날씨 입니다! 😊😊😊\n\n韓国もすっかり春の天気です! 😊😊😊'
天気,'@usagichan_rc ぼくの休日。\n\n良い天気だったのでお酒を持って東洋ショーへ行きました☀️\n踊り子さん皆可愛くて楽しかったです😀\n\n帰りはラーメン食べて帰りました😀\n #ラーメン #ラーメン大好き… https://t.co/hw1aURNXnx'
天気,'「ヤン坊マー坊 天気予報」でおなじみのヤンマー株式会社。\n \u3000 その社名は、豊作の象徴とされているトンボの王様「ヤンマトンボ」から命名された。'
天気,'【明日天気になぁれ】\n\n今日には今日の風が吹くだろう\u3000\n全てが上手くゆくわけないさ\u3000\n突然降り出した雨に打たれても\u3000\n明日は天気になぁれ #yuzu'
天気,'@wF8TDy6r5KAY7KU 😉👍\n天気が良かったので、横になっていたこの子の前の地べたに座り込みスマホを構えていました、しばらくしたら動き出したので、伸び～のタイミングにパシャリ📸'
天気,'@nhk_kyou1 天気予報のBGMが知りたい✨'
天気,'【 22日（月） 宮古島（宮古島） 】 晴れ - 24℃/17℃ - Yahoo!天気・災害: 晴れ - 24℃/17℃ https://t.co/dTLUErZu8q'
天気,'雨音が聞こえても天気予報で傘マークを見つけても、いや〜〜〜！！ってなるので、雨の日が好きな人の好きポイントを聞いてみたい。'
天気,'@an_ito7702 ありがとうー。。。。\n早く強くなりたいなぁ。。。\nきっとこれは変な天気と気圧のせいだくそー。。。'
天気,'雷のあとはあーめー。雪じゃないからヨシ！\n雪じゃないのはまだ気温高いからか。\n今週はまだ天気不安定そうだね。'
天気,'天気どうなってんの？情緒不安定？'
天気,'明日の最高気温前日比－13度ってマジで言ってんの天気予報…'
天気,'こんにちは? \nあおいですっ！ \n\n今日も天気わるいですね。。。 \n早く晴れて欲しいです? \n\n出勤しているので お兄さん方からの \nお誘いお待ちしてますね?\n\nhttps://t.co/1tT8dsypCf'
天気,'天気の掌返しが凄まじい'
天気,'@tos @charao_bancyo ちゃらっちおつかれ様です(^^)/温かかったよね‼︎😊温かいと身体と心の余計な気がふわりと抜けるんだけど、天気に左右されずいつもこんな風にいたい🌞\nちゃらっちは天気に左右されない？\n\n今日は… https://t.co/D7QQjuhG4s'
天気,'2月ならまだ雪積もってるかなと思って描いてたわ良いけど昨日今日めちゃくちゃ天気良くて地元殆ど溶けたよねw'
天気,'9tbot\n02月23日の天気:雲 最高気温-2度 最低気温-10度\nツイート数:842(前日比:-154)\n送ったリプライ数:445(前日比:-167)\n受け取ったリプライ数:372(前日比:-185)\nhttps://t.co/hqimv5QDeR'
天気,'@nick199507 Nickさん\nこんばんは😃✨\nここ、評価高いですよね！\n天気の良い日に来るといい感じです🥰\nベッドは140なので1人がいいかなぁと🤔\n二人であればツインかクイーンのお部屋をおすすめします！😃✨'
天気,'@919Sinobu 自然の撮影だと、天気や見頃の運もあると聞きました☀️素晴らしいベストショットですね☺️✨今年も良いタイミングに恵まれますように✨\n見せていただけて本当嬉しいです〜😭💕ポージングがとっても勘ちゃんでときめきます💗これからもぜひお願いします☺️🙏💕'
天気,'@paruco0888 最高の天気でしたー\\( ᐛ )/\n河津でるころ少し風が出てきたかなぁ。\nバナナワニ園に寄って帰ってきたよ！'
天気,'今日久々にキンプリ聴いたけど天気の良さと相まってめちゃくちゃ晴れやかな気持ちになった'
天気,'@pomirin_kandora おバカでごめんね🤣\n第３の魅力のヒロイン私も無理だったな💦天気がよければは、話はゆっくりでちょっとしんどくなるよね。'
天気,'更新ありがとう💛\n\n今日も天気良かったね！\nちと風あったけど、暖かかった☀\n\n春もすぐそこかな？🌸\n\n花粉たくさん飛んでるみたいだね…🤧💦\n\n#まいにちたまもりゆうた'
天気,'カミナリなり始めたんやけど～\n天気悪いの～'
天気,'天気っていうか\n気温が上がったり下がったりで\n体調管理がしんどいわ…'
天気,'今日は天気が良かったのでマークIIでイキってました https://t.co/Ibf1Sc9iLZ'
天気,'八ヶ岳南麓の天気:晴 18℃/7.0℃ 強風\n啓蟄の頃のような陽気になり、虫がわんさか動きはじめました。色々飛んでいて口に飛び込んで来る始末😭'
天気,'cdvKsVPlfneZHOC\n02月23日の天気:晴天 最高気温13度 最低気温3度\nツイート数:18(前日比:-5)\nいいねされた数:29(前日比:+5)\nフォローされた数:1(前日比:+2)\nhttps://t.co/u8CeFcBTxd'
天気,'@enoshimasanpo めっちゃ良い天気でしたね☀最高の江ノ島日和😊'
天気,'@taiyo_315 天気に誘われて気持ちも晴れやかでした😊✨\n\n明日もがんばりましょ〜☀️'
天気,'tokyodisney2020\n02月23日の天気:晴天 最高気温13度 最低気温3度\nhttps://t.co/v2o3vJUmpc'
天気,'ニュースきょう一日の\n天気予報のBGMが知りたい✨\n\n#ニュースきょう一日\n#井上あさひ\n#NHK\n#天気予報\n#BGM'
天気,'udonken_\n02月23日の天気:晴天 最高気温13度 最低気温3度\nツイート数:23(前日比:+7)\n送ったリプライ数:14(前日比:+4)\nいいねした数:60(前日比:+13)\nいいねされた数:2(前日比:-11)\nhttps://t.co/BhOAGQxC9p'
天気,'Nanashi__012\n02月23日の天気:厚い雲 最高気温12度 最低気温7度\nツイート数:8(前日比:0)\nいいねした数:19(前日比:-12)\nいいねされた数:9(前日比:+3)\nhttps://t.co/tZEfJbbqae'
天気,'もう一つ、先週の思い出〜\nいい天気だったなぁ。\n#大洗 https://t.co/8ywKExCZOO'
天気,'千kさん推しな私が千kさん語る上で外せないのが彼が司を殺す事を「そうせねばならない」と考えてた事実なんですよね。あと初期の警戒心バリバリ。間違ってなかった訳ですが忘れられんつか、大事。つうか普通の感覚。慈愛人類愛パワーオールオッケ… https://t.co/BqWNQxy3jU'
天気,'なんだこの休日嫌がらせみたいな天気予報は… https://t.co/6UoLnooGoA'
天気,'天気：所により晴れ\u3000現在の気温：21.1°\u3000温度：22.5°/10.9°\u3000降水：1% / うにしなもんです、 https://t.co/4NNyFVTNF5'
天気,"'花粉症ってこんなに重くなるっけ。ひとまず諸悪の根源は昨日あまりにも天気が良いので昼間中ベランダの窓を開けていたことだ。。Sigh,,,, 先ほど飲んだ薬がもう切れそう。アレグラ残り2錠。木曜には通院でもらえるんだけどそこまで持ちそうにないのでもう明日市販薬買うか、、、'"
天気,'明日はいい天気かなあ〜'
天気,'火星の天気予報 https://t.co/YaPOSoiano'
天気,'taguchan1315\n02月23日の天気:厚い雲 最高気温9度 最低気温2度\nツイート数:17(前日比:+9)\n送ったリプライ数:11(前日比:+11)\nいいねした数:85(前日比:+28)\nフォローした数:-1(前日比:-2)'
天気,'@shikyosen 人生で3回も災害に遭遇して、自分の知ってる場所が被災しておまけにコロナが追い討ちかけてさ…黙って見てらんなくてな💦\nシャイな自分がまさに心を燃やしてやろうとしてるのが自分でも信じられんww\n天気、おちゃ任せたぞ👍✨'
天気,'それに天気悪くなって急に冷えてきた(  ᷄ω ᷅ )'
天気,'朝までモルックする勢いだったのに急に台風みたいな天気🌀でも3人で10ゲームして6勝できたので満足。 https://t.co/8LC1XW6qqi'
天気,'来月の天気の良い土日を狙って泊まりで滑りに行きたいな。行ったことのないゲレンデか、久しく行っていない懐しの場所を訪れたい'
天気,'@KING_115115 天気いいと花粉が大変なのかな🥲'
天気,'天気予報の後に切り替わるかと思ったら\n天気予報なくて切り替わって焦ったぁ\n\n翔くん、おかえりなさーーーい\n\n#newszero\n#櫻井翔\n#有働由美子 https://t.co/IZ5QYWxCaR'
天気,'ykesca\n02月23日の天気:晴天 最高気温15度 最低気温5度\nツイート数:149(前日比:-56)\n受け取ったリプライ数:83(前日比:-57)\nいいねされた数:143(前日比:-67)\nフォローされた数:15(前日比:+… https://t.co/GYHyUh7UXt'
天気,'明日は、今日よりも7℃も下がるのか(・・;\n柏市の今日明日の天気 - 日本気象協会 https://t.co/bSBleNToyK https://t.co/3McnvAlKff'
天気,'なんか天気悪いな～。'
天気,'明日は小野浜公園で主審。\n\n自身の休みと祝日が久しぶりに重なったので、割り当てしてもらいました。\n\n天気良さそうでなにより☀️'
天気,'待って今後こんな天気悪いん？ https://t.co/EzNkMOCQzo'
天気,'明日、明後日、明々後日は東の方へ行こうかなと思ってます。天気次第ですが…'
天気,'嫁が天草エアラインのみぞか号で熊本に帰省しました。\n天気良かったから快適なフライトだったようです。\nええなぁ・・・ https://t.co/G1GWLKVEZz'
天気,'今日夜勤で前半休憩になることわかってたから休憩で寝られるように、朝早く起きて活動しようとしてたけど、天気良くて風も良くて気温も最高やったから、窓開けて春の日差しと風を感じながらめっちゃ寝てしまったの最高に幸せやった\n案の定寝れてないけど、それでもあの昼寝は最高やったから悔いなし'
天気,'今天気予報で明日は寒くなりますと流れましたが😂😂'
天気,'今日はトランペットを吹きにお散歩へ！ぽかぽかいい天気で気持ち良く吹けました〜🎺🎶\n深呼吸と一緒で、楽器を吹くと呼吸いっぱい出来ててイイ感じ😇🤟\n\nあ、はじめまして。岐阜のあすかです😙在宅フリーランスしてます🙌仲良くしてくださーーい… https://t.co/YRgHvSjHZw'
天気,'ウォーキングに出掛けたら\nとても良い天気なのに\nとても良い天気だからか\n何故だかとても悲しくなって\n\n風の匂いか陽の光か\nどうやら米津さんは来なかった去年の仙台の地を思い出したらしく\n\nちょっと切ない気持ちの休日を過ごしてたら最後にインスタライブあって本当ありがとう😭米津さん'
天気,'@niwamasa_ また雪になるらしいですね\n\n関東は恵まれています\n\n天気には勝てませんがいい時を狙って仕事していきましょうね\nお疲れ様でした。'
天気,'明日ホントに雪降るの？？？\n今日あんなに天気良かったのに？？？'
天気,'Marionnette_Voi\n02月23日の天気:晴天 最高気温13度 最低気温3度\nフォローされた数:0\nhttps://t.co/ZLWp1f0t6a'
天気,'@t63CGEGDMQdGl3x やまちゃん、おはあり☀\nめちゃいい天気だった🥺🥺🥺'
天気,'久しぶりに天気も波も良くて\n気持ちよかった日☀\n#済州島\n#サーフィン https://t.co/3RXqrYugaJ'
天気,'お疲れさまです😃\n10kmラン行ってきました❗️\n\n今週末の天気、☔️マークが増えてますね。今週はあと20kmは走りたいので\nまきで進めたいと思います👍🏻 https://t.co/6eySs7WTBY'
天気,'【#天気予報】24日（水）の全国の天気\n\n24日は上空の寒気の影響で、 \n北日本を中心に厳しい寒さとなりそうです。 \n\n#newszero #zero天気 #河出奈都美 https://t.co/J4wMjj3qeI'
天気,'@iZLZ6zEfucXqR29 お疲れ様です♪(*´∀`*)ﾉ\n今日はすごい花粉がとんでたみたいで目、鼻、くしゃみがかなり辛い状態でした💧\n県内での天気予報でも花粉が特に酷かったみたいです\n明日も仕事頑張ります！'
天気,'天気が悪いな\u3000加納旭博'
天気,'きょうもいい天気だなー'
天気,'#今日のよかったこと3つ\n\n❤︎天気が良くて︎清々しい明けだった\n❤︎お風呂が気持ちよかった✨\n❤︎友達とのLINEが盛り上がった🌿\n\n明日は早起きして時間を有効活用しよう♩'
天気,'【 23日（火） 石垣島（石垣島） 】 曇時々晴 - 23℃/20℃ - Yahoo!天気・災害: 曇時々晴 - 23℃/20℃ https://t.co/wr2EMXzddR'
天気,'@oohanakodashi 天気情報(118分前)\n23日  曇時々晴  - 15℃/5℃ \n24日  晴れ -  11℃/3℃ - \n25日  晴のち曇  - 11℃/2℃ \n26日  曇一時雪  - 10℃/3℃ \n27日… https://t.co/jMn05ZhVi0'
天気,'天気は良いけど、冷たい風の強い１日だった。\n明日も強めの風みたい。'
天気,'金曜日の天気予報に雪マークがついてる。もう2月も終わろうとしているのに、まだ降るの？'
天気,'天気予報なんてあてにならない'
天気,'１週間ぐらいあとの事象に対して、(少し加筆した)天気図ベタ貼りで、「～～が起こる可能性があるかもしれない」とややあおる方法が最もバズる方法だと言う現状には危惧を持っています。この辺もうちょっと伝え方ってないかなぁ。'
天気,'@x6y__jh 私の方こそ！お願いします\nありがとう，うとって読むんだね 好きな天気と季節だったり？\nこちらこそお返事ありがとう．返事の通知来て幸せになりました\nナナミンでしたか，単行本もう読まれたのかな…\nアニメで声優が津田さんな事にひえってなりました．笑 すごく合ってる'
天気,'あっ、そうか。\u3000今日は祭日か。\u3000サービス業は祭日もクソもないんですよね。\u3000議員さんは全員お休みみたいです。\u3000能天気！\u3000緊急事態宣言下ですよね。\u3000菅？\u3000総理とやら！\u3000ずっと休んでない発言？\u3000休んでるじゃん！\u3000日曜、祭日、悪巧みで休んでないってことなのかな？'
天気,'明日はご近所さんとリリー🐶と10：40から散歩に行くよ🏃\u200d♀️🚶\u200d♂️🏃\u200d♂️いい天気そう、、、、、'
天気,'ダメだ…😱天気が良すぎて☀️ついダラけてしまう(天気良いのだからお部屋に引き籠らないでお庭で太陽浴びなきゃっ🌞とな😅)春夏はコレが続いて、ついつい練習が疎かになる…(下手っぴになる😨)これ毎年恒例行事😂😂😂\n#ついに春夏 #ピアノ練習せねば'
天気,'@Lifefn6GB 天気情報(118分前)\n23日  曇時々晴  - 15℃/5℃ \n24日  晴れ -  11℃/3℃ - \n25日  晴のち曇  - 11℃/2℃ \n26日  曇一時雪  - 10℃/3℃ \n27日  曇時々… https://t.co/z46d5r9OOn'
天気,'@shachi2929 シャチさん✨\nこんばんは✨\n\n今日も良い天気でしたが、花粉日和でしたね😱\n\n今日も一日お疲れ様でした😊'
天気,'やあ、おはよう。今日もいい天気だね。'
天気,'至福のお風呂チャンス終了して帰宅。\n近所で除雪車動いてる音が聞こえる。\nこんな時間まで(もしかしたらこんな時間から)お疲れ様です。\nそれにしてもスマホ開いて表示される明日の天気「雪時々止む」って…\n\n#帰宅して第二次レモンサワータイム'
天気,'タクシー運賃ダイナミックプライシング導入へ。\n天気が基準だと天気悪い日はぼったくり料金とか？\n #LiveNewsα'
天気,'天気が良かったから\nオープンにして\nお客様をお迎え^ ^ https://t.co/opiOHb596I'
天気,'今週末とてもじゃないけどバイク乗る天気じゃないな整備と家の整理しよ'
天気,'天気が良かったから\nオープンにして\nお客様をお迎え^ ^ https://t.co/qvrUDivMb2'
天気,'遅くまで起きてるけど、そんなに何か頑張ってるんだねー。ところで雨彦さんに聞いたんだけど、天気雨のことを言う狐の嫁入りって元々夜に狐火が連なって見える怪異のことなんだってー。君の部屋の明かりは嫁入りの兆しかなー？違うよねー。\nじゃあ、僕はもう寝ようかなー。おやすみー。'
天気,'天気がいいので外仕事張り切りまくり、燃料キャップを締め忘れて気付きビニールとマスクのゴムで応急、外出にはマスク必須'
天気,'風呂上り、明日の天気予報見てたら一日中雪マーク❄️❄️❄️\n\n窓開けて外見たらいつの間にか雪がうっすら積もってた\n\n取り敢えず6時起きですわ、、、'
天気,'✦ スカートが揺れる。風が舞う。あぁ、私が死んだ日もこんな天気だった。優しい風に、ぽかぽかの日差し。'
天気,'@P33620553 ウェザーニュースの横浜の週間予報では天気大丈夫そうです🤣\n良かったぁ'
天気,'今日はとても天気が良かったので豊洲へ。晴海のタワマンが綺麗だ！ https://t.co/CT98py8zAO'
天気,'天気悪くて回線悪いし味方ガチャ負けたからとりあえずポケモン'
天気,'良い天気～～～\n武器いただきましたー https://t.co/cdYzslNFKy'
天気,'旦那さんお誕生日、ロックダウンだし天気大荒れだし、おうち和定食に。\n大好物のカツ丼、どら焼き、和パフェ\n今のわたしたちにとっては超贅沢ごはん🍚😇🥢\n一時帰国できそうにないので😭 https://t.co/RdsKsYM1GU'
天気,'みなさま、おやすみ！\n明日天気になりますように。みんなの心が。'
天気,'@8S3oCi1djwJqO83 ちょびさんごめんね💦\n\nやっちまったぁ💦\n歩行訓練で疲れて、天気も良かったから外の風に当たりたくて出たのよね(&gt;&lt;)\nちょっと冒険しすぎました。\nメッチャ看護師さんに笑われた後に、温かい🍵いただきました♡♡'
天気,'天気：おおむね晴れ\u3000現在の気温：15°\u3000温度：16.1°/6.1°\u3000降水：0%'
天気,'今日は祝日！だけど天気が悪かったからバトロ日和\\( ´ω` )/\n日中はしらオヤ全員集合で夜はルムメンと〜！\nほんといつまでもやってられるw\n楽しかったありがとー♪ https://t.co/0INZb37xuX'
天気,'天気が良い日も増えてきたので明るめの曲を聴くようになったな！シャムキャッツとかシャムキャッツとかシャムキャッツとか！（完熟宣言が好き）'
天気,'みんな起きてる？天気よくても留年は留年だよ'
天気,'あるあるわかる！\n天気いいと寒い\n地名読めない\n雪降ってても傘ささない\n冬はソリ\n#どこクエ2'
天気,'天気はそこそこよかったんだけど風が冷たすぎておうちあったかい'
天気,'@16_Sn0w RADWIMPSの気分、次は天気の子行くわ'
天気,'天気が悪くなりそうでバイク拭きあげても即汚れそうでやだなぁ'
天気,"""スポットライトアワーは\nピカチュウ▼o'ᆺ'o▼⚡\n\nピカチュウがいっぱいいて…めちゃくちゃ嬉しくて楽しかった〜\n(天気は最悪だったけど…)\n終了後、ピカチュウたくさん貰いました✨✨✨\nありがとうございました♥\n今日は幸せ気分😍💕 https://t.co/w2SFnQBwqQ"""
天気,'@_maki_aiko_ もはや、東京と言っては\nいけない認識だよ(笑)\n\n都内との気温差半端ないよ？(*´艸`)\n天気予報は冬はマイナス2℃、\n夏はプラスでみてる。\n\nおいでよー！！\n高尾山一緒に登ろうよ( ´ ▽ ` )ﾉ'
天気,'受験に“カツ”！\u3000皿にも嬉しいサプライズ\u3000入試目前\u3000ホテルでユニークなサービス\u3000福岡市｜ニュース・天気｜TNC\u3000テレビ西日本 https://t.co/Y4z8qnENbv'
天気,'【2/24の天気・南関東】\n少し曇る時間もありますが，引き続き晴れます。\n北風は火曜ほどではないものの，風が冷たい1日になります。\n日中も10℃を少し上回る程度で，真冬の寒さが復活。でも花粉は飛びます。\n\n空気もカラカラの状態が続… https://t.co/zogfQfdWSA'
天気,'天気に左右されない過ごし方をしよ～\n1日がもったいないから\n\n。。。明日から\nね😝'
天気,'ほんとに？\n\nタクシー料金、天気や曜日で変動\u3000河野氏が検討要請: 日本経済新聞 https://t.co/VEGkae8sxj'
天気,'@_100495_ おんま不在のときを狙ってやろ！\n最高に優雅なおやつタイム(笑)\n天気のいい日は毎日でも開催したいね🤣\n地震突然くるもんね😭\n南海トラフとかも怖すぎる😭😭'
天気,'@MagicWandLight1 難しい天気です😸'
天気,'@kanon_vt 天気良すぎてみてて気持ちいいお写真だ☺️'
天気,'@ShunPanda_BNR34 天気予報だと崩れ気味なのでまだ確定ではないですが… 行ってみたいですね❗️'
天気,'喉のケアを全くしていない勢のビジュアルの能天気さがジワるwww\n #声優でしょ'
天気,'@SUNRISE_EXP_bot 天気情報(115分前)\n23日  曇時々晴  - 15℃/5℃ \n24日  晴れ -  11℃/3℃ - \n25日  晴のち曇  - 11℃/2℃ \n26日  曇一時雪  - 10℃/3℃ \n27… https://t.co/Wmpem0EOhO'
天気,'MarschHandwerk\n02月24日の天気:厚い雲 最高気温9度 最低気温5度\nツイート数:28(前日比:-26)\nhttps://t.co/Qd67NHLrXo'
天気,'ゆっふぃーへ \n広島の天気予報で流れるレモンチダンスです。呉氏さすがでしょ？\n本家はこれ↓\nhttps://t.co/lzZKccgt8G https://t.co/vR9imBDUue'
天気,'@nagisa_n8 9公演お疲れさまでした。\n入場前の検温も大変でしたよね。寒かったとは思いますが、全日天気が良くて良かった。\n一歩を踏み出すニコちゃんが眩しかったです。\n\nわざわざリプもくれたりしてありがとうございました。楽しい時間をありがとうございました'
天気,'人と会えないのはとても寂しいけれど、こうして家のご飯を美味しくしたり、天気に気兼ねなく洗濯が出来るこの生活はこの生活で、ありがたく楽しく享受する。'
天気,'Nanashi__012\n02月24日の天気:雲 最高気温13度 最低気温8度\nツイート数:10(前日比:+2)\nいいねした数:13(前日比:-6)\nいいねされた数:3(前日比:-6)\nhttps://t.co/tZEfJbbqae'
天気,'cdvKsVPlfneZHOC\n02月24日の天気:厚い雲 最高気温9度 最低気温3度\nツイート数:10(前日比:-8)\nいいねされた数:21(前日比:-8)\nフォローされた数:2(前日比:+1)\nhttps://t.co/u8CeFcBTxd'
天気,'@Chamakun999 今日の天気予報大荒れです。'
天気,'@kuroneco_ichigo 今日もありがとうございました！\nラーメン良かったですね！美味しかったですか？-w-w\nあとあの映画強制ですか？(一人映画はちょっと気が…)\n明日以降も天気荒れるらしいので気をつけて下さいね！！\nまたゆっくり話しましょう！\nまたお願いします！'
天気,'@POWER_x2_1033 天気情報(115分前)\n23日  曇時々晴  - 15℃/5℃ \n24日  晴れ -  11℃/3℃ - \n25日  晴のち曇  - 11℃/2℃ \n26日  曇一時雪  - 10℃/3℃ \n27日… https://t.co/6df2QeLFGQ'
天気,'全部的確やなw\n#敵に回してはいけない３人\n\u3000\n１位\n【ねこかんの神】\n能天気なみずしゃん🍁\n\n２位\n【ダメダメの天使】\nちょこサブレ\n\n３位\n【太鼓の達人の覇者】\nまる\n\u3000\n https://t.co/VJocGLUVho'
天気,'【南大沢天気情報】★雨雪判別★雨が降っているのか雪が降っているのか1時間毎に状況地図が更新されます(四国～南東北)\u3000https://t.co/2R3pe7oG2c\u3000★他の情報 → 南大沢情報 https://t.co/4rIl8b7tuq'
天気,'「今日は天気が良いから、いつもと違うお散歩コースで行こうな♪」\n\nと、ご機嫌で出掛けるも着いた先が\n病院と気づいた時の顔がコレです\n\nそんな顔するか!!笑\n\nごめんな、後でぐったりするまで遊んだるから!! https://t.co/AD5miOExsA'
天気,'@4000_0924 えっ、あ、いや、その…(ｽｯｰ)\n天気…いいっすね…'
天気,'dau_U3x3UzZ\n02月24日の天気:厚い雲 最高気温7度 最低気温1度\n受け取ったリプライ数:20(前日比:-18)\nいいねされた数:63(前日比:-20)\nフォローした数:0(前日比:-8)'
天気,'@myCfBGBdfDGzZ7J ぽんちゃん😊\n富士山めろんばん\n美味しそうだね😊\n雄輝くんが、外はパリッと\n中はふんわりと食レポ🤣\n\n山梨編はほんとに\n雄輝くんの笑顔が最高‼️\n笑顔が最高のかわりに\n天気がもうひとつでしたね😆'
天気,'@yurina_Maya 今日は天気よかった🥺🥺🥺🥺'
天気,'来月はたのしみがふえるからさらに良い春休みが来るでしょう😎(天気予報風に)'
天気,'@shirasu_rome 今日はホントに天気悪かったですよね😢\nしらすちゃんがにゃんにゃんしてる姿見たかったです🥺🥺'
天気,'頭痛いのは天気と水分不足だよな(´・ω・｀)'
天気,'更新待ってた〜🥺🤚🏻\n\n【ブログ更新】\nええ天気だったので。from 半田龍臣 | PSYCHIC FEVER MEMBER BLOG\n https://t.co/6yQ5STOXfR #PSYCHICFEVER'
天気,'@whitesand115 天気情報(114分前)\n23日  曇時々晴  - 15℃/5℃ \n24日  晴れ -  11℃/3℃ - \n25日  晴のち曇  - 11℃/2℃ \n26日  曇一時雪  - 10℃/3℃ \n27日… https://t.co/SazQRpicue'
天気,'今日は帰りも吹雪いててまた冬に逆戻りな天気だったな'
天気,'@lunacchi666 能天気😲💕\nわぁーい\n🧚🌸🧚🌸🧚'
天気,'Good evening!今日も一日お疲れ様でした〜！昨日はとっても天気が良くて暖かかったのに、今日は天気があまり良くなかったわね。まだ寒い日が続くみたいね。明日の気温も8℃だって…皆、風邪を引かないようにね？あと、乾燥には気を付… https://t.co/zBh9iw0vr5'
天気,'わくわく無人島生活 Day.341 天気:快晴\nJさんから素敵なローブが届きました！お金持ちになった気分♪ペンタにプロテインもらった…笑 お大事にね！！星が綺麗な夜でした☆彡 #まめこすとあつ森 https://t.co/NBDKca0Tqj'
天気,'こんな天気だ\n血に濡れようが雨に濡れようが\nたいして変わりゃしねーだろ\n春雨だろーが秋雨だろーが血の雨だろーが濡れて参ってやるよ\nだが女の涙に濡れんのは\nもうごめんだ #銀さんbot'
天気,'今日もありがとうございました\n明日の予定は\n後程\n天気がよくありません\n皆様お気をつけて https://t.co/y6wwi3wA1G'
天気,'【碑京無焚-ﾋｷｮｳﾑﾌﾝ-】男、25歳、11月24日生、168cm、56kg、AB型。賭博場「宵の宴」経営者の一人で、天気を操る五番目の大使者。大使者でありながら改造人間の実験を受けたため、物質の分解・構築というもう一つの能力を持つ。人生はギャンブルという思考がある。【～穹～】'
天気,'天気予報変わってるやん\n週末晴れるのかな？'
天気,'ykesca\n02月24日の天気:厚い雲 最高気温10度 最低気温4度\nツイート数:88(前日比:-61)\n受け取ったリプライ数:44(前日比:-39)\nいいねされた数:91(前日比:-52)\nフォローされた数:-3(前日比:-1… https://t.co/SIFEXcL6AY'
天気,'天気良くなってあったかいから遊びたいな\n#裏垢男子\n#裏垢女子と繋がりたい'
天気,'@fussan1001_2 天気情報(113分前)\n23日  曇時々晴  - 15℃/5℃ \n24日  晴れ -  11℃/3℃ - \n25日  晴のち曇  - 11℃/2℃ \n26日  曇一時雪  - 10℃/3℃ \n27日… https://t.co/hxjMNqx8YN'
天気,'今日天気いいから部屋の窓開けておいたんだけど、自分が去年から花粉症になったことを忘れてて今くしゃみ止まらん'
天気,'平凡な人生送ってて誰からも注目されず求められず、能天気に毎日を消化していくだけの人生を送るくらいなら死にたくなるのに、現段階から改善すべく何か案を出すでもなくふわふわとしているところ。'
天気,'めっちゃいい天気やってんよな〜〜☀\nぐれん右私左☀ https://t.co/elI47hCSox'
天気,'@TareTareSauce あら！\nいらっしゃいませー(∩´∀｀)∩\n天気悪い時にきたのねー！\n飛行機降りて良かったね～'
天気,'土日天気悪いのが残念'
天気,'SeiRen___fmk\n02月24日の天気:厚い雲 最高気温9度 最低気温4度\nいいねした数:46(前日比:-59)\nいいねされた数:143(前日比:-29)\nhttps://t.co/D32Z0TSArV'
天気,'ポジティブ過ぎる性格だから、あの1月のタイミングの増資はナイスだったなぁと考える笑\u3000能天気すぎ😂'
天気,'kosodate_ooen\n02月24日の天気:厚い雲 最高気温9度 最低気温5度\nツイート数:29(前日比:-7)\nいいねされた数:35(前日比:-60)\nフォローされた数:8(前日比:-4)\nhttps://t.co/Eu9oy0DdsM'
天気,'MgpwNez\n02月24日の天気:厚い雲 最高気温9度 最低気温4度\nツイート数:48(前日比:-47)\nいいねされた数:21(前日比:-56)\nフォローした数:2(前日比:+2)\nフォローされた数:4(前日比:+4)\nhttps://t.co/FznMsEhj6b'
天気,'自分のポートレート撮影会、及びマシュマロ撮影会デビューがスタジオabならば、まさにそこは聖地。\n\n今日は、自分の原点で撮影してきた(^.^)\n\n去年と同じくらい暑い天気で☀、\n今でも鮮明な記憶あるスタジオでした✨\n去年は、ひよっこ… https://t.co/tsQRrG0PLJ'
天気,'今日はいい天気だな٩(๑´0`๑)۶'
天気,'銀行とは、天気のよいときに傘を貸し、\n雨が降り出すと返せという所である。'
