歩み,'ゆりかとまどかの28560時間…宙組まかまどコンビの1190日に、今一度拍手を。真風涼帆さんと星風まどかさんが築いた、立派な歴史。儚い夢物語などではない、素晴らしい歩み。ずっとずっと忘れません。 https://t.co/591Ih0z7VO'
歩み,'歩み進めないでもろてw'
歩み,'下の道へ歩みを進めてますから\n\n言い方wwwwwwwwwwwwwww'
歩み,'@yutakasugamo @bun1128 歩行者優先なのが、歩道や横断歩道。「妨げ」というのは、自転車の動きや、それに乗車している人の行動で、歩行者が歩みを止めたり、行きたいと思う方向を変更しなければならなくなった状況を指すと… https://t.co/pNad7c7WLx'
歩み,'今の自分に焦りを感じている方々へ。\n『成果出てないから、やらなきゃ！』\n『達成出来てないから、早くやるなきゃ！』\nまずは、今できることに取り組んでいきましょう！\n焦りがなくなってきたら、それは次のステップに進んでます。\nゆっくり歩… https://t.co/75zVCghovy'
歩み,"'激しい嵐吹き荒れてく\u3000極限の中でも\n歩み止めず互いが信じた道を進む運命\n\nここ今まで全部計算ずくみたいに完璧だったいとうさんの声がなんていうか、""本物""だった。""独歩""として完璧だったところにいとうさんの感情を感じた。アツい。'"
歩み,'Shibuya Marble Texture、あんなに初期の曲で、今のぽっせが歌うと明るいけど切ないメロディーがより強調されて、ここまでの歩みの重さを感じた\n「「乱数ー！！」」と「世界はもっと面白いはずじゃない？」を胸いっぱいになりながら聞いた'
歩み,'@000025NikO 突然デジタル始めたし、周りに教えてくれる人いなかったからね😂\n亀の歩みで頑張ってるよ😅'
歩み,'@Fuuka_owner おふうちゃん、カイヌシさん、こんばんは〜U^ェ^U\nうわ〜やっぱり花粉いっぱい飛んでたんやね🤧\nうちのおばちゃんはきょうはまだ大丈夫やったで！\nおふうちゃんのカイヌシさん、明日も辛い1日になりそうやね😱… https://t.co/GvzErNdk02'
歩み,'誰だって眼差しはいつも前へ向けられています。 あなただって前向きに足を踏み出し、やっとでもここまで来たのです。 これからだってきっと、ゆっくりとならその伏し目がちな瞳を上げ、歩みを進めることは出来るはずなのですよ ．．．．．'
歩み,'『部下に尊敬される話💪』\n\n題名:亀の歩み\n\n亀の歩みは遅いけど、着実に前に進みます。ウサギと亀の話でもコツコツと進むことの大切さを説いています。亀の特徴は後退ができないということです。ゆっくりでも前に進むとゴールに近づきます。\n部下のモチベーションを継続させたい時に使えます。'
歩み,'@shinnosukeykt 10年の歩みを辿ると改めて知ることもあり、\nおもろい濃いバンドだなぁと。\n等身大で色々話してくれるから好きです。\nたまに ヨコタさんのコラムを思い出して\nもう無いことに寂しくなったりします🐭💭\n来週のレア音源たのしみです！'
歩み,'何をなすべきか，いかになすべきかのみを考えていたら，何もしないうちにどれだけの多くの歳月がたってしまうことだろう。いつかは目標に通じる歩みを一歩一歩運んでいくのでは足りない。その一歩一歩が目標なのだし，一歩そのものが価値あるものでなければならない。\u3000― ゲーテ（独小説家・政治家）'
歩み,'大罪同盟の育成難度は運営も亀の歩みで進めてねという暗示だと思うので、あそこらへんは気長にプレイしてたら育ってたくらいが心理的にもちょうどいいと思われ\n\nあと大罪同盟は星4以降は星一つくらい上のステータスしてるから'
歩み,'@mirrored_button そうなんですよ～……私はSSでの日和の台詞をずっと引きずってて「これからアイドルになる」茨の歩みを見届けるのがズ！！における大きな楽しみでもあるので…！'
歩み,'@gamenkurin もがけばもがくほど絡み付いてくるそれに飲み込まれる。影に溺れながら最後に見えたのは女の綺麗な笑顔だった。「…任務完了。餌を確保及び拘束し輸送完了。次の任務…母胎への接触に移行します」腕を復元し、宿へ顔を向け… https://t.co/brwGEQySda'
歩み,'@ruri_aster @JaneAndrews0129 Rubyさんとるりこさんと四旬節の歩みをご一緒できて幸せです。\n春には恵みの花を咲かせましょう🌸🌸🌸(花咲か婆さんより)'
歩み,'亀の歩みで収集中。まぁ、あせらずいこうか(＊¯∀¯＊)🍵縁があれば出逢えるさ🔥🔥\n#My386 https://t.co/uHOPxHbuHb'
歩み,'覚悟を以て惨苦に立ち向かう未だ英雄ではない勇者、その歩みは輝かしい栄光を予感させる、しかしそれは己が持つ全てを懸けた死出の旅路、崇高で頑なな信念が自らを燃やし放つ赫赫たる煌めき'
歩み,'「キオスク」見てきたよ。手練れの役者8人でナチスが台頭していくオーストリアを描く（吉田メタルさんは何役やっているの！？）。今の視点で見ると、当時の人々の歩みはとても危ういのだけど、それは今ある問題に対する我々にも通ずる態度なんだよ… https://t.co/S0Zi3oWeIr'
歩み,'@rrriii21415 心の中でハグしてくれることがめちゃくちゃ私の救いになるわ！！！😭😭😭私も思ってること文字にするのが苦手だからうまく言えないんだけど、りかちゃんはりかちゃんなりの形で優しさをくれてるのがすごく伝わるよ💗😭共に歩み共に進も〜！！！🌈🙏🏻'
歩み,'亀の歩み…'
歩み,'ファンと積み上げてきた歴史を全部無視して単に新しいもの見せたいってだけの造りだと冒頭ツイに書いたようなファンの戸惑う感情が勝っちゃうけど、真斗自身がこれまでの歩みを大切に抱えてきてて、それをじっくり眺めたり俯瞰したりして、丁寧に積み上げて生まれた曲が真愛で'
歩み,'剣を捨て、罰を求めるヒュンケルに、レオナは、\n残された人生を正義の使徒として生きること、命を賭けて戦うことを命じ、\n卑下すること、過去に囚われて歩みを止めることを禁じる。 https://t.co/tPrLbB03CQ'
歩み,'新幹線で騒いで怒られたことが歩みに入ってなかったなw'
歩み,'｢高級なものを送るな｣じゃなくてさ、｢国民の代表なんだから、国民と同じスピードで歩いて欲しい｣ってことなんだよ。今国民はコロナで歩みが遅くなって、止まってるんだよ。これを言われなきゃ分からないって、そんな人は代表やる資格なくない？'
歩み,'くすぐられるために歩みを進めるくすぐりすごろくは秀逸なゲームですね。'
歩み,'@myonosi_zatta 夢への歩み...止めるんじゃねぇぞ...\n頑張れ！応援してる！'
歩み,'亀の歩みの如く強くなるのは遅いですがよければ https://t.co/9jy0nZz5HT'
歩み,'自信があるとかないとかでなく、自分が「それをやりたいか」「大切なことはなにか」という軸をもち少しずつでも歩みを進めることができていれば、いつしかそれが自分自身に対する実感になり肯定感になる。'
歩み,'銘柄を探すときは最低限③\n\n◼️過去のニュース\n◼️大量保有状況\n◼️参考になる呟きがあるかどうか\n調べて\n\n◼️仮説\n◼️目論見と今後の想定\n◼️買付\n◼️板と歩み値を観察\n◼️銘柄の動きの意思を感じる\n◼️売却\n◼️検証\n◼️… https://t.co/mdax1o1iuw'
歩み,'@YAM4W0AISURUKA1 （最初はちょっぴり怖かったけれど。どうやら貴方は悪い人ではないみたい。ぽて。もう一歩。小さく前に歩み出た時。あっという間に目の前に並べられた美味しそうなものの数々に、ぱああ！瞳を輝かせると、おずお… https://t.co/kAWfH60RN4'
歩み,'今亀の歩みでポチポチしてる小話も相撲関係なのでお相撲さんって無条件でドラマになるなって'
歩み,'始めました。ママ友募集してますが基本ナメクジの歩みプレイです。DODコラボで本気出します https://t.co/2NXDpQ3Wfa'
歩み,'歩みのジッター値(正常値からのゆらぎの絶対値)が激しいのもレアです'
歩み,'歩みと刹那は神曲これ聞いたらがんばれる異論は認めない。'
歩み,'@carlv_309 ３月からでしたっけ？(-ω- ?)\n気候も良い時期ですし、せっかくなので楽しみましょ♪(\u3000´∀｀)b\nちゃんとあやか。さんの歩みを見守ってまーす♪(σﾟωﾟ)σ'
歩み,"""@9RucF1gscXd6XUb ふへへ、みんなとわちゃわちゃ喋りながらだと1ミリも集中しないで遊んじゃいますね( ˘ω˘)ｽﾔｧ……ｿｼﾃ歯痛……\n\nですです('ω')\nちゅん太と高人さんを交互に一人称にして、ちょっと二人の歩み… https://t.co/2NdjkSA4xi"""
歩み,'銘柄探すときは最低限②\n\n◼️自己資本比率\n◼️借入金、現金残、利益剰余金\n◼️貸借かどうか\n◼️決算短信\n◼️決算資料\n◼️中期経営計画\n◼️四半期の進捗\n◼️過去の下方、上方修正履歴\n◼️チャートと出来高\n◼️時系列と出来高… https://t.co/QUHJ0zWCN7'
歩み,'衝撃に、男の歩みが止まる。\n耳を澄ましてよく聞くと、それは昔よく聞いていた声だった。\n『若さま』\nそう嬉しそうに言いながら、自分に従順に仕えてくれた、あの……。\n\n頭の中でガンガンと警鐘が鳴り響く。\n全身の血がサッと引いて、目の前が大きくグラリと揺れた。'
歩み,'@92921753 尊さを共有できる人がいると沼への歩みが加速しますよね〜！！ついった上でゆにぞん好きの方々と沢山出会えてよかったです、、、！わたしはまだ消化途上なのでガンガン消化してゆきます💪😇\nそうなんですね！また武道館とかでデカライブもやってくれるといいですね〜！！'
歩み,'いろんな可能性を求めて、オレは歩みを進める'
歩み,'今日もお疲れ様です❗️\n生きていれば\n色んなことがあります。\n良い時も悪い時も…\n\nそんな時は少し歩みを緩くして\nまた走り出せばいいんじゃないかな？\n\n凹み過ぎると上げるの大変だから\nとにかく笑いましょ🥺\n\n俺はやったるで〜🔥🔥🔥'
歩み,'別れがあり、また新しい出会いある。このために人はある意味歩いて行けるのかな。\n沢山のことを学んで歩みを止めず歩き続けてほしいですね。\n人は一人では生きていけず周りに支えられてることを認識して、意識して進んでくださいm(__)m… https://t.co/MPwCKGYs7Z'
歩み,'デイサービス演劇活動3日目レポート4。歩く行為は、一人一人の想いが詰まっていて、何だか感慨深かった。若い人には簡単な行為でも、高齢で障害がある利用者さんにとっては、一歩一歩が意味がある歩みになる。これだけでいいお芝居を見させてもらったような心持ちだった。'
歩み,'歴史をかじる程度に勉強しただけなのに、人類の歩みが小説よりも余程ドラマチックだったんだなぁと思えてしまった'
歩み,'かわいいんだな、推しの歩みが\nかわいいんだなあかわいい'
歩み,'@2A3wJVtYSHAWTGx 歩みちゃーん♥️\nこのコラ画保存させてもらっていい？\nお写真にして飾りたい🥺✨✨✨'
歩み,'（嵐の歩みを旅にたとえると？）各駅停車の旅、なのかなぁ。10周年がひと駅めなら、今はふた駅めに向かって走り出したばかり。運転しているのが僕らかもしれないし、ただ座っているだけなのかもしれない。長い旅になれば楽しいだろうし、この先どんな景色が見えるんだろう。'
歩み,'リップル社に関しては、決して楽観視しているわけでなく、\nこれまでの歩み、世界に広がっているリップル社の技術、今後のことを考えて、かなり長期目線になるかもしれませんが、まだXRPを手放す気にはなりません。\n\nガチ下がりする時もあるかもしれませんが、正直なんとも思いません‥'
歩み,'今日は昨日より進んだ日であれ！明日もまた今日より進む歩みであれ！とあった。私も前に前に進む毎日にしたい。 https://t.co/2Oo3A3rjOL'
歩み,'有栖川の歩み\n古→新\nちょっとずつイケメンに磨きがかかっている https://t.co/SHpMpDMy6d'
歩み,'人の人生は1回しかない。\n後戻りは出来ない。\n先に進んで行くしかないんだ。\n自分の未来を決めるのは自分だけだよ。\n後悔しても、挫折しても、落ち込んでも、前を向いて1歩1歩自分が決めた歩みを歩んで生きましょう。'
歩み,'@sottovoc 亀よりも遅い歩み〜〜〜遅くとも今月末には上げたい\u3000がんばる〜〜'
歩み,'進捗…思ったより進んでいないけど歩みは止めていない… https://t.co/vlv59g0QUR'
歩み,'桜、夜空、紅葉はこれまでのシンクロニシティの歩みだもんな… https://t.co/l1LT0Qlf98'
歩み,'【クリュスタルス・イラスト】\n戦争という闇に触れ、\n差別という痛みを知った子ども達――\n\nそれでも歩みを進めたとき、\n紡ぐ未来が始まる\n\nhttps://t.co/WQqBtB9BPr'
歩み,'@Shiron_ship7 春風「なぁ、あんた、俺たちの絆が理如きで語れると思うか？」\n\nフレアを殴り飛ばし、燃え盛る炎をなぎ払い、彼らは歩き出す\nそれは希望\nそれは絆\nそれは誰にも止められない\n先程とは格が違う別の姿となり、1歩… https://t.co/cw9r8rQzmo'
歩み,'彩音「「私」と「我等」は世界を直ちに平和にする手段を持っているが、それがダンケルハイトの望む事ではない事を「私達」は知っている。だから私達はダンケルハイトと歩みながら世界を平和にしていく。」'
歩み,'実際はめっちゃそうです、隠す必要もなくうちも同じくそうですが歩みを止めることも出来ない、\nなぜならジョブであり、生き甲斐でもあるんです、愛なんです。\n\n楽しい発表あります、24時過ぎ、インスタ見てて欲しいでっす、拡散もしてほしいで… https://t.co/PSrdItKcnq'
歩み,'大阪芸術大学卒業制作展\n抽象ゼミ卒業有志展\n無事終了しました！ありがとうございました！！\n\nこれからも嫌いな日々とも憎い感情とも愛しい作品とも共に歩み、大切にし、成長していきたいです\n生まれてきてくれて、観にきてくれて、会いにきて… https://t.co/VcOkTS1zXA'
歩み,'人を救う道程を歩みながらその後ろに死体だけが残るってのめっちゃ好き\nキアラさん...'
歩み,'@movie8minutes アイランドさん、はじめまして！ブロガーの皆さんの歩みを見ていると、まずはアドセンス合格がスタートラインなのかな？と思いまして😅頑張って合格します！'
歩み,'@soraaquastream うぽありです！そして改めて、支援絵ありがとうございました！\n牛歩の歩みではありますが、また突発に作りたいですねぇ'
歩み,'プラチナ、バッジ2つ集めるまでは亀の歩みだったのに、この土日で3、4個目のバッジゲットに成功したので3月中にチャンピオンと再会も夢じゃないかもしれない'
歩み,'じわっじわ亀の歩みだけどじゅじゅ読み進めてる'
歩み,'怒りと愚行は並んで歩み、後悔が両者のかかとを踏むと転んで怪我をする。by真五'
歩み,'歩み遅いけどかかわってくれた人たちにも贈り物の準備進めてるので待っててね🙏'
歩み,'✢裁判場を出るその間際。先生はその歩みを止めて振り返り、全員に聞こえるか聞こえないかという程の声で、告げた。\n小さく会釈をして去る先生を追うも追わないも、それはあなた達の自由だ。'
歩み,'✢先生はいつの間にそれを手にしていたのか、布にくるまれた大きな荷物を抱きかかえて裁判場の出口へと歩みを進める。'
歩み,'アビーちゃんが人参争奪に負けて虚無の表情からの半泣きでとぼとぼ歩みを進めているのを観て「胸の哀しみ隠すものじゃない😭さあ這い上がれ😭」って声援おくり、優勝賞品をみんなと分け合うアビーちゃんに「微笑みあふれる世界で愛がまた芽吹いた…😭」ってむせび泣くプイプイレーシング観戦者、鳳瑛一'
歩み,'負のループから抜け出そうね、一緒に！\n短い期間で大きな結果を求めたり、努力の仕方を間違えるとゴールに着けないから。仲間たちと一緒に亀の歩みでも着実に、カラダもココロも変えていこう。 https://t.co/bAlNgdbGlO'
歩み,'「困難や精神的ハンデを抱えつつも夢に向かって歩みを始めた少女」と「核反応の推力と超伝導リニアアクチュエータによる可変機構を有する男のロマン」を同時に追いかけられるマクロスはいいぞ。'
歩み,'中国語勉強、いつもやろうとしては途中で挫ける英語と違って毎週毎週「あっがんばろ！」って気合い入れ直してもらえるから大変捗る 歩みは牛のそれだけど'
歩み,'シナモンくんはみかんとりんごを買い出しに走っている今この時にも世界のそこここで人々は飢えそして死んでいくと気付き我こそが救世主にならんとゆっくりとしかし確実に平和への歩みを進めると決意したのだった。'
歩み,'歩みを\n\u3000止めるな。\n 歩み続けた者だけが\n\u3000ゴールを決めれる。\n ＿人人人人＿\n ＞ ＢＩＴＥ！＜\n ￣^Ｙ^Ｙ^Ｙ^￣\n\u3000｜| ＝-ッ-＝ |｜\n \u3000(Ｖ ヽ･)(･ノ Ｖ)\n\u3000 ﾋ(\u3000\u3000/\u3000\u3000 )ﾉ\n\u3000\u3000ヽ\u3000 L_)\u3000/\n\u3000\u3000 (\u3000\u3000\u3000\u3000)\n\u3000\u3000 ヽ(⊂⊃)/'
歩み,'ムーナ、デビュー〜これまでの歩みをまとめた誕生日映像を見て過去イチ級の号泣【日本語翻訳/ホロライブID切り抜き/リス/イオフィ/ムーナ】 https://t.co/Ekfq3LFmwB @YouTubeより'
歩み,'@nanonavis まだまだ現役で頑張っていらっしゃって、それを応援できるのは、本当にありがたいことです☺️\n\n由貴さんもいろいろありましたが、ファンの皆様もいろいろな人生を歩み、いまこうしてファンでいられるのは、不思議な気持ちもします。長生きしないといけませんね🤗'
歩み,'@am_gamered 「そ。シムナでいいよトーコちゃん」\n真っ白なレターセットに中尉を含めた31人分。あとは、と指折々数えている。\nマスターであるサブロウに今後の事や身体を気遣う話を。\nサクヤにこれからの歩み方を心配する話を。… https://t.co/fBTzSQT3Bd'
歩み,'スーツシリーズ描きたくて宇さんから描きはじめているのだけどやっとラフが出来たくらいには亀の歩み🐢'
歩み,'@kazu06141030 まさに！です😅\n自分の都合に合わせて頂くのは本当に心苦しく、今の猟隊の方々にお世話になったお陰で巻きに参加出来るようになりました😅\n知識も経験も浅いので怖がりながら覚えております(笑)\n自分らしくて良い… https://t.co/u1KYCejDd1'
歩み,'@MISIA 23周年、心からおめでとう御座います！そして、今までの歩みに、心から有難うと申し上げます！これからも、MISIAさんのことを、真に微力、そして僭越ながら、しっかりと支えてまいりたく存じます。鶴亀になっても、歌い続けて下さい❣️🥰'
歩み,'@muriyada444 違う、結婚式っていうのはお互いに新たな道へと進む神聖な儀式だろ。。。\n自分の友人の結婚相手も直前まで浮気していた男を招待して別れのケジメにしてたし、友人もそこで浮気相手を見つけて新たな道へと歩み出してた。'
歩み,'学生時代の女友達4人のグループLINEしていた☺️\n\n奈良\u3000京都\u3000大阪\u3000と、けして近いとは言えないけど、\u3000\n\n4人で話すと\u3000自然にあの頃に戻る\n\nそれぞれに別の人生を歩み\u3000環境も違うけど、\n\n変わらないんだよね☺️'
歩み,'IZ*ONE、グループ誕生から現在までの歩み\u3000最終回：華麗なる復活……果たしてメンバーの未来は？(リアルサウンド)\n#Yahooニュース\nhttps://t.co/KIoRSjaKTy'
歩み,'花屋Ｆ『痛花』の歩み\n2019年5月 サンドリオン 会沢紗弥さん卒業ライブのフラスタ\nサンドリオンはオリオン座がモチーフ\n宇宙・オリオン座の雰囲気\n会沢紗弥さんとファンとの思い出写真を白バラに載せて、会沢紗弥さんの写真には、愛情表… https://t.co/dRChuCwXgy'
歩み,'昨年、東京国際映画祭で『スーパー戦隊の歩み』というトークショーがあった時、白倉プロデューサーから「戦隊シリーズはコン・バトラーVの流れにある合体ロボ物」という話が。思えばゼンカイジャーはこの基本コンセプトに立ち返った発想であり、こ… https://t.co/52UPqP1me5'
歩み,'@n485670 @hanaikusa 生徒という事もありますし自分よりもずっと年下の子ですからね…自分も同じとして含むのではなくやっぱり源々君個人の気持ちを気にかけてしまう事が多そうで…！少し寂しい源々君！！😭お源ちゃんみたいに… https://t.co/OIzZZcIxXg'
歩み,'*cosplay\n\nその背を追いかけ、ひたすらに、ひたむきに歩み、至った在り方。\n\n諸葛孔明 / Fate/Grand Order\nphoto by くちなし https://t.co/NcuymyVlft'
歩み,'もちろん私が先日合格した計量士の資格だって、年に300人も合格できないくらいの難関試験ではあるけど、\n司法試験なんかと比べたら足もとのさらに足もとレベルだと思う\n\n世の中には努力してる人、頑張っている人がもっともっといるし、\n私だ… https://t.co/yr1kZhEAUb'
歩み,'スローな歩みの恋愛向いてねぇ〜\nさっさと決めたい'
歩み,'【猪木語録】「人は歩みを止めた時に、そして、挑戦をあきらめた時に年老いていくのだと思います」'
歩み,'夜明け\n\n人ならぬ声の表音となるカレル文字。\n新たに刻まれた蒼いそれは「夜明け」を意味する。\n時は流れ、夜は明ける。\n\nいずれ来る未来のために歩みを止めず、この不屈の誓いを秘めるものはいずれ、世界の真理を知ることになるだろう。'
歩み,'ハマのバトル登場シーン、🐰と🐦が🐴より先に降りてくの、臣下感があって好きの極みだし、そのあときちんと🐴を待って、彼を先頭にしてから歩み出す構図が好きすぎて堪らん。'
歩み,'乗り切ったぜ...色々...。\nとそれは置いといて...きたよ！！\nメチャクチャ迷ってsabotageからはじめました。\nとりあえず はじめないとなーと、前奏まではどうにかこうにかたどり着いた(おじいちゃんの歩みだけれどw\nまだ、… https://t.co/TMDm1CMGVN'
歩み,'亀の歩みぃいい！！\n\n本日は姪ちゃんと遊んでいて時間がありませんでした泣 https://t.co/U3RxnOMekb'
歩み,'納期があったからこそ足を動かすことができたけれど\nまだ自分の気持ちに向き合って、前向きに歩みだせるかは難しいかもしれない。\nそれでも自分の持っていた好きや夢を持ち続けることだけは諦めたくはない。'
歩み,'@placo_a とてもとても心に沁みました…。リチャの戸惑いながらも正義の手を離さずに遅々とした歩みを止めない姿も、正義が生まれ変わる姿を羽化を迎える蛹に喩えるところも。「あなたに会えてとても嬉しい」はこれ以上ない愛のことばなん… https://t.co/7cXzBBGyU8'
歩み,'🌸こんにちは🎵\n\n【ポリスミュージアム】警察博物館\n\n警察の歩みや現在の様々な活動や\n事件・事故の解決の仕方や\n警備の仕方を解説してくれます\n\n体験型のミュージアムなので\n楽しみながら過ごせます\n\nお子さまなど警察に興味のある方は… https://t.co/QmwfGCLv5T'
歩み,'何故に\u3000俺の歩みを\u3000止めるのか'
歩み,'あのあいあいの言葉(4年間は〜っていうやつ)からのRinging→陽だまり→デタミは反則だよね(いい意味で)…Roseliaのあの怒涛の歩みを思いながら聴くと涙が…Roseliaは12人なんだ！って改めて実感できてとても良い\n#ラウクレ2'
歩み,'とても暖かくてしあわせな時間でしたね。。\n笑顔になれたり、もらい泣きしたりしながら、今までの歩みの大切な一部を一緒に見させてもらえて、しあわせな気持ちになれました。今日のぐるぐるカーテン、こんなしあわせな風景があるんだなぁ…って思ったよ。きっと忘れない。やっぱ乃木坂だな！最高👏'
歩み,'しかし歩みのスピードの違いで、いろんなものの相違を示唆する演出たまらないぜ'
歩み,'犬たちは、雪山にくるの楽しいのかな。ハスキーやサモエドは楽しそうに見えた。そんな中、チャウチャウ(?)から、動きたくない！という強い意志を感じた。寝転んだり、起こされても歩みを進めず...昨日イチ可愛かった、チャウさん https://t.co/7YqaRi49kA'
歩み,'完璧な！ステージを！見せた！トリコロールと！\n\n3人の！友情と！プリパラへの思いと！パラ宿プリパラでの歩みを！最大限に活かす咄嗟のみれぃの策謀を！最大限に発揮したそらみスマイルとの！\n\n勝負が！！！\n\nめちゃくちゃ！！！！\n\nいい… https://t.co/EOwyzdCAIw'
歩み,'乃木坂ちゃん9歳のお誕生日おめでとう😊👏\nこれからも素敵な道を歩み、築いていってください💕\n#乃木坂46デビュー9周年 https://t.co/37XFBB61xW'
歩み,'ヒツジさん、先日はご来場頂きありがとうございました！今回開催にあたり、小林大悟 @no_5kobayashi さんと巡回させて頂いたBOOKSHOP TRAVELLER @Bst_BSL までの歩みを振り返り、逡巡と覚悟を以って臨… https://t.co/gcItGn0a5Z'
歩み,'WOWOWで捕獲した #在りし日の歌 を鑑賞。子を亡くした夫婦の歩みが現在・過去を行き来しながら描かれる。3時間超の長尺でいっぱい泣かされたのに、隅に置けない親父のせいでラスト近くビデオ通話シーンのどきどきが印象に残ってしまった。… https://t.co/5Hlr6Gl47p'
歩み,'@satsuki55c @Hizuki43114670 歩みは遅いけど、乗せて歩いてくれそうですね。楽できそうです。'
歩み,'@yamuco やむこさんはなんとなくバッチリ料理してる方だと思っていたのでやむこ史の小麦粉と塩の歩みにワクワクが止まらない……！！！！！！！すべてかんたんに美味しく食べたいですね🤣🤣🤣料理したら火にかけるだけで光り輝く料理になれ……じぶんの飯はまずい……！！！！！！！！！！！死'
歩み,'つよつよ タグがよく使われてるなぁ。\n推してもらえるだけの人間になって、いつか夢を追いかけている人達と一緒に夢の舞台に向かいたい。自分が影響力を持ったら、いろんな人と一緒に歩みを助け合えるかな。なんて\n\n#弾き語り https://t.co/sZOpPyW2i2'
歩み,'大地に足をつけて、一歩一歩歩んでいるみたいに、君は君の人生を歩んでいるんだよ。今日も歩みを止めなかったじゃん。えらい、えらい！'
歩み,'@tomi_o_k_madoka ……!?痛っ、痛い、すり下ろすな俺は違う(引っ張る方向とは逆に歩み)'
歩み,'『本日はお日柄もよく』\n他人のスピーチ中にスープ皿へ顔を突っ込むという衝撃的な始まりから、スピーチライターとして歩み出す主人公のお仕事小説。自分も人を勇気づけるスピーチをしてみたいと思わせてくれる明るい小説でした。今のところ機会は… https://t.co/XN9W0Pu4cJ'
歩み,'心からお悔やみ申し上げます。\n事故防止のみならず、任務を遂行を、とのお言葉に、国防を担う責務の重さを感じました。\n\n辛くても歩みを止めることの許されない職務を、日々こなしてくださっている自衛官の皆様に深く感謝します。\n諸々の状況が… https://t.co/Ezm61WBbSk'
歩み,'背景とライティングちゃんとしたらマジ監獄塔でりつかちゃ導いてくれてる歩みなんだわ'
歩み,'今日はトータルで負けたけど。最後の展開がおもしろかったわ。歩み値の速度って大事だな。できれば大口が買いなのか売りなのかどっちかが見れればなおいいのだが。'
歩み,'作業がイモムシの歩み🐛'
歩み,'かしわ展すごかった。私だったら、整理術（笑）という雰囲気をぶち壊そうと変な方向に転んで軌道修正をするという葛藤を歩みそうだと思った。一定のクオリティで期待に応え続けるってほんとうにすごい。 https://t.co/yTXywaAXQ5'
歩み,'中国・四国地方の国鉄線(+おまけ)の開業の歩み https://t.co/JaJAjPamM3 #sm19928132 #ニコニコ動画\n\nこの動画を見ると山陽鉄道ｻﾏ(陽本線)すげぇ！\n山陰遅ぇ！！\n\n･･･となります。\n宇品も意外と早いよね。'
歩み,'冬雲の\u3000大きしじまに\u3000歩み入る\u3000（ふゆぐもの\u3000おおきしじまに\u3000あゆみいる）（古沢太穂\u3000ふるさわ・たいほ）'
歩み,'年頭に #アフターコロナ の中で #核なき未来 への歩みを強めたいとの記事を書きました。世界を平和にし環境を人をもっと慈しんでいくムーブメントをみなさんと広めたいです。写真は京都市東山で空間を見事にシェアしている木々たち。自然の神… https://t.co/yGx777uk9g'
歩み,'正しいと信じた\u3000歩みが全て\u3000罪なこと\u3000汚れたことだとしても #スピッツ'
歩み,'「焦ることはありません。ゆっくり成長してください、ささみさん。歩みの遅いあなたが『普通』に辿りつくまで、わたしたちが支えますから」 #bot'
歩み,'今描き進めてるイラストめっちゃ大変だしやったことないことに挑戦してるから進みが亀の歩みや'
歩み,'アナログ30分だと、やっぱり鈍足の歩みになるね～。\nコツコツは得意だから、ゆったりやってこ!'
歩み,'@kudou_tomo 朋さんの歩み、みたいな。\n自叙伝……と、いうのかな？'
歩み,'丸ちゃんとビーフシチューとのこれまでの歩みを思い出して泣きそう'
歩み,'「(そういう笑い方なのは)最初からずっとそうです」の一言に説明しなくても分かるこれまでの歩みと歴史が詰まりすぎてて笑顔になった'
歩み,'亀の肉がさまざまな肉の味わいを持っているのと同じく、 結婚もまたいろいろと変わった味を持っている。 そして、亀が歩みののろい動物であるのと同じく、 結婚もまた足取りののろいものである。'
歩み,'こんなに愛おしい時間って、あるのでしょうか、、、😭🙌\n15周年スペシャルバージョン、見ていただいた皆様、本当にありがとうございました。15年間の歩みの中、知らずに宝物を手にしていたようです。\n皆様と3人の音楽が運んでくれた友に心か… https://t.co/lRGsG98xM2'
歩み,'私はいつも己の心に負けて負けて這いつくばって殺意を訴えるしかできないしその状態で歩みは遅いが待っていてくれる人がいるならいく、神はいないがあなたがいるなら行こうと思う'
歩み,'大体のことは1歩踏み出せばなんとかなる😅\n\nでもその1歩を踏み出すのが難しい😱\n\n1歩踏み出すのも壁はある\n\nでも壁は壊さないと前に進めない→\n\nあなたが変わりたいなら\n歩み出さなければならない🤣'
歩み,'この理の中には一定の狂気がある。\n狂気は平常を掛け合わせて初めて浮かび上がる。\nこの狂気は同量の狂気を掛け合わせることで新しい平常となっている。\n私の歩みは本能のそれでしかない。\nその私が御残しを生む世界は本来、御残しありきで回っているということだ。'
歩み,'あと3人で200フォロワーさんだ⸜(*ˊᗜˋ*)⸝\n\n･･･なにかすべき？\n何すれば良いのか分からないけど･･･💦\n\n製作ペースが亀の歩みですが、フォローしてくださってる方々に感謝です(⋆ᴗ͈ˬᴗ͈)”\n\nのんびりペースですが、ま… https://t.co/IBSW4eGE8m'
歩み,"'#嵐untitled2500万回おめでとう\nSNSを解禁してくれたことで\nYouTubeでライブ映像をUPしてくれたことで\n多くの人の目に触れて\n私達も,『手元』でいつでも嵐を感じられる\n心血注ぎ作り上げ大切にしてくれている夢の世… https://t.co/WlRgjV7r3v'"
歩み,'そんな…石の騎士が使う平和の歩みくらいには平和なのに'
歩み,'夏が中学までは一般校に通っていたとして。その当時の同級生が謀反後の夏と遭遇し、彼の変化を感じつつもお互い成長したからそら変わるかと気にせず世間話をした後「またね」と告げられ、そのまま進行方向(夏の家の方向)に歩みを進めたら夏による粛清後で。変化が違和感であることに気付く話。'
歩み,'その先に進むことが、素敵ニンゲンに恩返しになるなら、進んでやる。\n例え及ばなくとも、結果意味が無くても。\nぼくにとっては歩みを進めることに意味があるのだから。'
歩み,'@hirokinanami773 お疲れ様でしたー。\nそう言えば先日、猫にリードをつけて散歩させてる方を見かけました。赤い首輪、赤いリードがよく似合うかわいいコで、その歩みはしゃなりしゃなりと実に優雅。まるで猫が人間を散歩させてい… https://t.co/DdF1KddXAO'
歩み,'フジファブリックは歩みを止めず、新しいことに挑戦しながら進んでいくんだなあ😌 未開の楽園へ✨\n\n2人の歌声とそれぞれの楽器が軽やかにぶつかり合う、みたいなコラボを期待しちゃうけど、むしろ溶け合う感じかな？かとをさんの甘くて切なく、永遠のようで刹那的な世界…❄️✨'
歩み,'突き詰めて考えると結局うちらの業界の話に留まらなくて「どうやったら少子化は食い止められたのか。日本社会の歩みは正しかったのか」みたいな話（中間は相当すっ飛ばしてるけど）になる。'
歩み,'父親と論じてた。結果、この企画はドッキリですよ、で終わったけれど人間科学を突き詰めていくことで人道的な道から外れていくのか。それとも突き詰めず、今までの人間の歩みと同じ順路で外れずに生きていくのかが怖いよねって話。(語彙力は元から無い。話がぐちゃぐちゃ)'
歩み,'俺は可愛い顔をしてるわけではないし、人から好かれたり、社交的な性格をしてるわけでもない\u3000ないものをないと嘆くより、この自分の性質を認めた上でどう人生の歩みを進めていくべきか本気で考えたい\u3000本質を変えたり、取りつくろったりするという選択肢は俺には無い\u3000自分自身のけもの道を作る'
歩み,'…こうしてみると、資料や写真を画面上でスライドとして写すんじゃなくてわざわざ紙で印刷して掲出するアナログで回りくどく思える方法も、「来てるお便りの量を紙束の分厚さで感じる」とか「これまでの歩みの蓄積を大きく広がる写真やイラストの数々で実感する」ことができていいよねエビスト運営…'
歩み,'@Chemistory3 成る程ですね。言葉は常に後から発する立場が有利と云うのは、詩のボクシングの試合で矢張り体力がいるとおもいます。言葉と云うのは永遠に続くのかもしれません。安富歩みさんは、確かにおもしろいかたですね。選挙に馬… https://t.co/XEeCnbT7zU'
歩み,'フォロワーさんの推しが描きたいは亀の歩みですが、描いてるんでもう暫くお待ちください🤢🤢🤢'
歩み,'なんかナツコイシカワだけが褒められてるみたいな感じなのがちょっとね\u3000一通りの歩みがあってこその良さやぞと言いたいんだけどまあ…まあね(支持率高い方が正義なのは現実も変わらないので)'
歩み,'おつでろーん！\n演出の拘りだけでなく、ライブへの不安や重圧を、周りの人の支えや自身の答え出して乗り切ったあなたの歩みをまざまざと聞かせて頂けました。\n何度も言うようだけど、あなたに出逢えて本当によかった。ありがとう。\nこれからも応… https://t.co/OnPYUZdjBd'
歩み,'続き)そしてそれを目立たぬ様に、演出さんが目にも止まらぬ早さで動く様にタイムシートの指示を改変(笑)。更にバシバシ画面を光らせて格好良くした。納品に間に合わせ、その上で出来る限りクオリティを維持(してる様にみせる(笑))。セル画フ… https://t.co/koTFvZotih'
歩み,'希望なんてない\nどこに向かってるかも分からない\nたどり着く場所も進むべき道もない\nそれでもまえに進まなきゃいけないのは辛いよ\nでも辛くても前に進まなきゃいけない\n自分なりの歩みで'
歩み,'#BTC オカルト投資打法だと高速歩み値で下がったら高速で戻す。'
歩み,'MA55IVEパート終わりで三柱スリボがゆっくりすり抜けて歩み出てくるところで倒れた  えっ無敵？'
歩み,'ぁぁぁあ幸せだった！！！\nそれぞれ歩み方は違えど各校眩しかったし輝いてたしときめいた！！\nいつか全校シャッフルライブとかシャッフルユニットとか見てみたいと思ってしまった…！！！！\nやっぱ好きだぁぁラブライブ大好きだ！！！って終わった後叫んでいた。'
歩み,'@makalika15 同じ道を歩みそうだわwww\n「先にイライラしてたんそっちやん💢ほぼ八つ当たりやん💢💢」って言いそう私😇😇笑'
歩み,'世俗から離れ\n誰からも期待されず\n誰にも期待せず\n何事にも依らないで\n孤高の道を歩み\n偶に外に出ては知らない人に\nはじめましてよろしく\n2時間後にはさようなら\nもう会うこともないでしょう\n誰からも覚えられず\n誰も覚えず\nそこにいて… https://t.co/iH6zRf5E1z'
歩み,'@Absinthe_1110 \n…子供を撃つ趣味無いんだよ？…でも君はそっちか！そうかそうか！自立したね…嬉しいよアブサント……でもこの歩みを止めるなら…死んで貰うよ？'
歩み,'牛の歩み🐄🍖🥩 https://t.co/WBJ38SzykF'
歩み,'歩みを止めることはないのです\u3000止めてはいけないのです'
歩み,"""A Man's walking is succession of falls. \u3000人の歩みは転ぶことの連続である。"""
歩み,'🐥氏、1歳8ヶ月おめでとう！！！\n・背負うもの(ﾘｭｯｸ)ができた乳児の歩みは止まらない…\n・ｵﾁｭｷ🌛…どこったねぇ？…いたー！👆\n・水炊きの春雨(ちゅるちゅる)が大好物\n・何でも自分でやりたい「じぶんー！」\n・遅れてきた前向き… https://t.co/4jOePGsjlj'
歩み,'プラネタリウム | morio #pixiv\nもうちょっとコンスタントに投稿できればいいんですけども。まとめるだけなのに亀の歩み(&gt;_&lt;)\n https://t.co/Mdn9hjI1GZ'
歩み,'【私にとってのキャリアコンサルティング】\n\n誰も教えてくれる人もなく自分の道を手探りで歩まなくてはならず\n\n何か道しるべが必要だと思い\n\n誰もが一筋の光を求めていると感じ\n\nそのために学ぼうと思ったのです\n\n資格を活かす、私にとっては私自身が歩みやすくなったのです。'
歩み,'世の中の出来事について、どれくらいパリィ！できるかが良い人生の歩み方だと思ってる（ロマサガ脳）'
歩み,'アズくん…………きっと育ててみせるよアズ君……亀のような歩みで申し訳ないけど………'
歩み,'@aoringogreen おぉ、ちょっと安心しました♪\n僕がII読み終わる頃にはIIIがでてそうだ☺️\n\nまぁそう焦らず笑\n平日通勤時間の楽しみにしてるので亀の歩みで後ろから追いますね🐢\n\nそろそろナノワイヤででっかいのをぶった斬るところです⚔'
歩み,'70代\u3000鈴木善幸（岩手）\n【人物】岩手県の網元の家に生まれ、水産講習所（現在の東京海洋大学）で学んだ。水産運動家として歩み、日本社会党から衆議院議員に当選した。その後民主自由党に移り、池田勇人の側近となった。党内の調整役として重用された。'
歩み,'@Ryouhey_Drunk 『魔道祖師』毎週楽しみに観てます。ドラマ『陳情令』が好きで観始めましたが、アニメならではの映像美に感動でしたし、ドラマとは違うストーリー展開もあるので毎回ワクワクハラハラです！\nこれから辛い展開になる… https://t.co/eupbDzU4nq'
歩み,'いつかは咲かす大輪の花\u3000今は泥でも\u3000ひたすら胸に手を当てがって\n「全てやれてるかい？」\u3000さあ行こう！！！\u3000君の今越えて行こう\n(歩み/GReeeeN)'
歩み,'@Zakuro60326002 その鬱展開こそが超絶神作品NieRシリーズの真骨頂であろう。\n「今回も上手くいくはずがない」\nそうは分かっていても歩みを止めることが出来ない、ジレンマと戦うことになるのだ。'
歩み,'@uranai3191 「愚者」旅吉。歩みを止めない事。賭け事は吉。選択の機会が訪れる時。重大な決断はよく考えるべきです。白色。地面からの目線が見えなかった問題の解決の糸口となるでしょう。自分で何もかもしようと思わずに今は思い切り手放してみることです。#tarot'
歩み,'神はいつでもあなたのそばに居られます。あなたが絶望の淵に立ち、道を見失い、歩みを止めるときも、神はあなたを背負い、またあなたが歩みはじめるその時まで、正しき道へみちびくのです。'
歩み,'@monogentaka 天心とは真逆の歩みですからね。\nアマチュアボクシングではかなり強い選手だったと聞きました。\nこのままRIZINのベルトまで届いたら、それはそれで面白くなりますね！'
歩み,'自分もいっぱい才能持った自分でかなたんに出会いたかった！\n羨むだけで終わりたくないから磨くぜ、歩み遅くてもな！\n#げつよる最終回'
歩み,'「人は歩みを止め闘いを忘れたときに老いていく」\n\nアントニオ猪木 #新日本プロレス #新日 #NJPW\u3000#名言'
歩み,'2020年度 オンライン活動報告会の開催について｜東日本大震災復興支援財団 https://t.co/bFDdtz5GTR @ganbarojpより\u3000\n当財団のこれまでの活動の歩み、支援を受けた方々からの声、震災から10年が経過し… https://t.co/Vb8MwjEdB4'
歩み,'鳥の海。\n\n東日本大震災\u3000復興の歩み\u3000宮城・亘理町 | 河北新報オンラインニュース\n https://t.co/gTBPRRlfYn'
歩み,'#Oclub\n #大倉忠義\n💚忠義くん♪頑張ってるって思うとﾜﾀｼも頑張ろ〜♪って思うよ〜♪\n歩みを止めない姿ｶｯｺｲｲ〜♪💚\n花粉症辛いね💦ﾜｶﾘﾏｽ💦'
歩み,'槙「僕は今のこの幸せを一生自分の心に焼き付けておきたいと思う。今まで一人だった僕の白黒な世界に色を着けてくれたのは慎也だ。そんな君には僕の総てを捧げよう。僕は君と共に人生を歩み、同じ視点から物事を観る事が出来て嬉しい。慎也もそうだろう？だからこれからもずっと一緒にいよう、慎也」'
歩み,'もしもダクソ3からダクソの世界へ物語が繋がっていたとしたら、最初の説が合っていたならば。\n\nゲールから緩やかに逃げ仰せた小人の王の奇跡的出来事が、ウォルニールの聖剣、石の大剣の魔法を経由し「緩やかな平和の歩み」という辺境の奇跡の物語となったのではないだろうか。'
歩み,'(逆に言えば石の大剣も本来は光輝く神の奇跡を宿した聖剣であった可能性がある。\nダクソにおいては魔法扱い、「緩やかな平和の歩み」も白教の知らない辺境の奇跡だそうですが。)'
歩み,'なおウォルニールの聖剣と似た剣を探したら、一番近いのはダクソの石の大剣だった。\n石の大剣は天にかざすと「緩やかな平和の歩み」(※魔法扱い)を発動するが、ウォルニールの聖剣は地に刺すことで「神の怒り」を発動する。\n\nそのように見ると… https://t.co/JhiMe9cvc0'
歩み,'文武の岐れて考えられた時は、文武ともに日本独自の歩みに乏しく、シナ文化の前に頭を下げた時であった。これは、わたしらの育った時期に、西洋文化の前に頭を下げつつ、ことばの上でのみ日本精神とかとなえていたのに近い。\n\n日本暴力考／村上一郎'
歩み,'#あんキャン\n2月の #定例会 はゲストにアクセサリーデザイナーの #objetsayoko さんをお招きしての #クリエイターズトーク でした♡\n\nsayokoさんのクリエイターとしての原点から想い、波乱万丈な歩みまでたっぷりと… https://t.co/ayKqQnhWWK'
歩み,'あなたの影は\u3000密やかに\n\n行くあての無い\u3000毒針のように\n\n私の歩みを縫いつける\n\nあなたの光は\u3000しなやかに\n\n給水塔を打つ\u3000落雷のよう\n\nに私の命の源を断つ\n\nTHE DEATHBERRY RETURNS -BLEACH18-'
歩み,'@chisato4111028 @akaiyaneaoitori @NEWS72453161 今の歩み方、3人にピッタリなんだよ、きっと‥'
歩み,'こうゆう時期だから\n稼ぎたいって思ってるけど、\n今後の生活のこともあるしで\n諦めてく人多いなぁ ...🥺💭\n勿体ないけどしょうがないのかな🥺\nどうしようもないことだけど\nやっぱり諦めて欲しくないのが\n私の本音なんだよなぁ👀💭\nせっ… https://t.co/2kghTjQSL1'
歩み,"'疲れて目を閉じる前に\n歩みを止めるその前に\nI just wanna find, My true self'"
歩み,'ずっとかっこいい大人になるって言って体現し続けてるのもそこに留まり続けるのも大変なのにさらに歩みを進めるのもすごい すごいひとたち'
歩み,"""SHE’S 10th Anniversary「From 19」\nSHE'Sのことその半分しか知らない。これからそれを超えて行けると思ったらこの先の歩みが楽しみで仕方ないです。\nSHE'Sの始まった場所で確かめれたこと幸せな時間でし… https://t.co/xQTJLxETns"""
歩み,'亀の歩み進捗。\nこの兄さんが上手く描けたと思うのー(´º∀º｀) https://t.co/7WWDHMAoJv'
歩み,'@junpiyoyo それ\nほんとそれ！\nお互い少しずつ歩みよれる相手がたぶん一番いいんだろうね。。。。'
歩み,'よっしーさんがいるのに果たして俺はjg枠としてクランに必要なのか…その秘密を調査するために我々はアマゾンの奥地に歩みを進めた…'
歩み,'「あの日からの歩み」岩手・洋野町\u3000震災１０年未来につなぐ\u3000若者が戻ってこれる浜作り https://t.co/BDt0jRyw8o'
歩み,'しんちょく\n・ふしびょーボス撃破\n\n以上です（亀の歩み'
歩み,'「自ら機会を創り出し、\n    機会によって自らを変えよ。」\n先が読めない時代だからこそ、適応することが求められる。適応するために\n①歩み出す力 \n②歩みから学び次の一歩に変える力\nの両輪を磨いていきたいものである。\n#コロナに負けるな'
歩み,'2_wEi 3周年ニコ生、お便りの読み上げとこれまでの歩みの振り返りと意気込みと…メニュー自体を書き並べてみると特別なことはないんだけど、特別に感じたのは自分も過ごした時間として組み込まれ、又のめり込んでいるという「本物の物語」が… https://t.co/Ksb5U64cXB'
歩み,'目次あり。「「小学校教員」「児童福祉司」「子ども会指導者」「教育評論家」「短大教授」として多彩な経歴から子どもと関わり、先駆的な仕事を果たした鈴木道太の歩みと業績を…」\n⇒増山均編著\n『鈴木道太研究 教育・福祉・文化を架橋した先駆… https://t.co/1EzLFUaZk6'
歩み,'それぞれの魂が選んできた\n魂のシナリオを歩みにきた\n\n93～97%不特定多数の人々\n\n人間独自の物差し\n自我\u3000執着\u3000依存\u3000執念\nエゴ\u3000傲慢\u3000強欲\u3000欲望\u3000所有欲の\n形\n型枠\n制限のある\n三次元の世界\n小我の愛を味わい尽くしに\nこの地球上にて降り立った'
歩み,'アユニ・D 歩みの中に 猫ちゃんも(五･七･五)\n#エムナイ https://t.co/su7JGoOrW8'
歩み,'あー…\nシオンはともかくハクロウとゴブタちゃんまでいかんかったか……\n\nでも次回希望ということは、ミリムの話までやって、魔王になるよ～までやってくれるのは分かったけど、会議まではやらない可能性もあるのか…な。\n\n亀の歩み…'
歩み,'くり返し言うとしよう。「第二の故里」などないのである。故里は幼年と青春の国であり、それを失った者は敗残者にとどまる──たとえ新しい国で、こころもとない歩みをしなくなったとしても。いささかの力強さでその土地を踏みつけるまでに至ったとしても。『罪と罰の彼岸』'
歩み,'３ヶ月前までは何となく未来に不安を感じていましたが、今は毎日牛歩の歩みながらも、プログラミングの学習を継続しています。センスが無いのかなと思う時もありますが、自分には努力の才能があると信じ、前に歩み続けたいですね😉\u3000#バックエンド… https://t.co/66qQvzBuPJ'
歩み,'次はもはや色々と察してしまった阿国さんルートにしようと思います。その後は連続して玄武の柳生さん、そこから直江さん、五月、真田さんの順番…の予定です。亀の歩みなのでいつ終わるかな…'
歩み,'#なのらいぶ \n姫様のこれまでの歩みを振り返りながら、幻の初配信も聴けて楽しい会議でした！振り返ってみると色々ありましたね。グッズもどうなるか今後が楽しみです！\n明日はお気をつけて～'
歩み,'#黒ウィズのココが好き \n一緒に歩んでる感があるとこ。7年越える歩みには歴史があるといえるし、それだけ長い付き合いがある。イベントで季節を感じるし、良アプデがあると純粋にうれしい。演出も洗練されて今ではすごい。各キャラもシリーズが… https://t.co/XlTGUgqCg7'
歩み,'レオが青い9番のユニフォームで代表デビューするのを楽しみにしてたから寂しさもあるけども、新たな場所でも彼の家族が幸せであることを願っている。\n地球の裏側から人生を変えるためやってきた若者の歩みがより良い方向であることを願うし、縁があればまた日本で暮らしてくれたら良いと思う。'
歩み,'trm中尉ってほんと恐ろしいほどに全てを背負ってしまう男だからこそ、自分のせいで命が一つ減ることにいちいち歩みを止めていられないと思うんですよ……あ～～～命捧げたいな～～～😭🙏😭🙏😭🙏'
歩み,'@akayas0927 お疲れ様です🙏🏻🥲！！！\nたくさんのお写真で輝いているのを拝見しました😭😭😭\nこんな素敵な舞台で着ていただいてありがとうございます…！\nこれからも素敵な歩みになりますように！！！🙏🏻'
歩み,'@korean_ma0926 @mai_tamago @kyrieeleisonC @MichaelMikaMori そう思ってくださって、とてもうれしいです☺️\n\n苦しんでいる、そのお痛みに私ができることは何か…いつも考えていま… https://t.co/QLQIfODMF6'
歩み,'STARTUP STUDIO by CrewwにAbroachのインタビュー記事を掲載いただきました✨\nhttps://t.co/kCrdEgtLh7\nAbroachのコンセプトやこれまでの歩み、今後の展開を纏めてくださっているの… https://t.co/upaQJ9W6qW'
歩み,'ロシア中央銀行から独立！日本は3月にGESARA発表\u3000新地球への歩み\u3000https://t.co/CuRjosKaBJ'
歩み,'家まで50メートル\nきっかけが欲しくて\n歩みを遅めてみたけど\n\n「雨音が止む前に」\nThe Super Ball（2018）'
歩み,'輝はどこまでだって歩みを止めないんだろうなって'
歩み,'ポジティブな逃避をしてみようぜ。壁を迂回することも間違いではないと思う。歩みをやめてしまうことが一番だめなんじゃね。'
歩み,'自分が原因で周りのものが壊れていくのを目の当たりにして加速度的に精神は不安定になる。嗚咽を漏らす少年のすぐ背後に寄り添うように、顔のない幼児のミイラがそばにいるよと歩みを共にする'
歩み,'歩みつつも語れるのだし、時の掠りといこうじゃない'
歩み,'バッタを躊躇なく手で捕まえることができなくなったときから｢大人｣への歩みを感じはじめました'
歩み,'歩みを止めなければ必ず何かが自分にやってくる'
歩み,'先輩と同じ道を歩みそうでわろてる'
歩み,'@Ryusei__Green_ ええ、ですが望んで手に入れた王冠がありますので歩みを止めることはありませんよ……☆\nそうですよね、いくらESがあると言ってもすぐ聞きたい時がたくさんです。もっと気軽に聞けると良いのですけれど\nあ、確… https://t.co/PAdeu7LraS'
歩み,'フォロワさんめちゃくちゃゲスロ観進んでる😳\n私は亀の歩みになりそうだ🐢\nそんな間に配信終わりませんように🙏'
歩み,'@rrr__09_ ニコニコ気遣ってくれるセレスティアちゃん優しい…🥰\n無理のない範囲でちょっとだけ急いで食べます！（亀の歩み）\nやった～いっぱいお話聞かせてください💞\n恋の話はまだよくわからなくて、きょとんとしながらもしっかり聞… https://t.co/TyWjeCrKOw'
歩み,'@manachichichi 最近始めました！亀の歩みなのでまだランク8です😂'
歩み,'@yuigadoksong828 @I_am_macho_74 ユーズさんをゲストに呼んでいただきありがとうございます😭\n「Beautiful World」を偶然深夜番組で観て翌日CD買いに走った事、本当に辛かった時に「歩み」が心… https://t.co/xCcs35FJdX'
歩み,'😈の戦略にはストップ狩りが必要不可欠。たくさんのストップ注文が発動すればそれを吸収し突き進んでいく。ストップと言う名の加速装置がそこに無ければ反対側を探しにいく。SHやSLを少し抜けた所にストップが多くあり、それらのポイントで歩み… https://t.co/yWdLkE3GB2'
歩み,'@arityan0524 またチャンスは来ますし、その時まで歩みを止めずに一緒に進んでいきましょ！\nもっとたくさんの人に、ありなちゃんの歌を聴いてもらえる日まで'
歩み,'@hidaka_rina0615 菅田さんの曲にのせて #ひだかくま の歩み、みたいにお2人の映像が結婚式のアレみたいにまとめられてました🤭\n最終回か次は2人の結婚式か、でした🤣🤣'
歩み,'このまま歩みを止めず、とにかく突き進む。精神が弱ったら親しい家族と友人との時間を楽しく生きる。\n\n今背負うものは、まだ軽い。このまま行けるところまでとにかく高く飛んで、壁なんかより遥か先のステージ目指して行く事を考えていこう。… https://t.co/oEbh6w9zaZ'
歩み,'間宮ブームきてる？？\n\nてか、またれいちぇるちゃんの推しが新たな道を歩みそうwww'
歩み,'オレンジブラウンルチル、クリソコラ、サファイアのかっこいいめな配色の春夏ブレスレットを作りました✨近々up予定です🙌\n\n只今家族みんな花粉にやられていて思うように制作時間がとれていません😭さらに歩みがゆっくりになっております💦なん… https://t.co/RCxtdKcLQw'
歩み,'これは母上との歩み https://t.co/YgFZP0rXao'
歩み,'@o_kotsu_ 憂太〜！（ にっこり笑顔。手を振り返し乍貴方の方へ歩みを進め ）\n久しぶり、元気してた？'
歩み,'人より歩みが遅いので読むのが遅いのは仕方ないね！！！'
歩み,'@Hikaru_0702_ これからも前へ前へコツコツとたゆまぬ歩みを進められていかれるHikaru//さんをずっと拝見してたいと思います(* ॑꒳ ॑*)\n\nHikaru//さんのリラックスタイムはおしゃれですね✨\n私の場合は…… https://t.co/n0oV2FKeYT'
歩み,'赤安未満。\n駐車場に愛車を止め、入口に向かっている途中のことだった。シュウは足元に落ちている何かに歩みを止めた。しばらく見つめ、拾い上げる。それは真っ赤な花だった。どうしてこんなところに？と疑問に思う前に、背後から声をかけられる。… https://t.co/msfZIBxqfW'
歩み,'落ちサビでこっち側に歩いてきて、ぴたっと歩みを止めてカメラが引いたら全員がポジションについて踊ってる演出すごくよかった'
歩み,'今日は何十年も放置してた課題をやっと実行出来た記念すべき日。\n私、物理的なほんと何十年も仕事と育児などで時間なかったんだなぁと判った。歩みを進めた。'
歩み,'10周年おめでとうございます！\nまだよみぃさんを知って一年程ですが、たくさんの動画でよみぃさんの10年の歩みの一部を観てきました！\nこれからもずっと応援していきます！\n\n#祝よみぃチャンネル10周年 https://t.co/hY8z231zJA'
歩み,'これは……ひだかくまの歩みを流してくるのズルいでしょ……たくさんの思い出たち…… #agqr #hdkkm #ひだかくま'
歩み,'(2-110) 人生にはカメのような一歩一歩の歩みが大切。二歩三歩いっぺんに飛ぼうとすれば失敗する。'
歩み,'人が好きだと思うコツは、自分をあまり大した人間だと思い込まないことかな。\n人が好きだなぁ。と、今は思う。日替わり定食レベルの話になってきた。明日はどうだろう。でも、何度変わってもいいのだし。無制限。知ろうとする歩みを止めなければいい。'
歩み,'ﾝｱﾞｱﾞｱﾞｱﾞｱﾞｱﾞｱﾞｱﾞ 無理 無理です\nめちゃくちゃ愛の詰まった動画だった 4分過ぎから涙が止まらないんですが\nいやこれ凄いよ幼馴染の歩み全部のせ欲張りセットすぎて 課金してきます(？)'
歩み,'「識別番号eEXM-17_Gr-V。登録名ギルバ。速やかに武装を解除し、我々について来てもらおう」\n歩き出して少し経たないくらいか、彼は連合軍のアルト2機から通信を受け、歩みを止めた。\n「……博士の遣いか？」\n彼は短く問いかけたが… https://t.co/hD18WTS4Hj'
歩み,'とても個人的な話なのですが、\nこれまでいろんなアーティストを好きになってライブに足を運んできたけど、デビュー当初からずっと見てて、確実に世界を広げていっているのを渦中で感じて、共に歩みながらついに武道館にまで連れて行ってくれたのは、フレデリックが初めてだったのです。\nありがとう。'
歩み,'彼氏が欲しいだけなのに、どんどん酒クズの道を歩みつつある'
歩み,'「……お優しいんですね、本当に。けれど──」\n\n(彼女の背中を追うように歩みを進めれば) https://t.co/ecviKAH7XQ'
歩み,'私と深緑さんと奈々さんだけ見てもゲームのやり込み具合がいろいろ（方向的にも進度的にも）なんだけど、それぞれの本丸の歩みがそこにはあって、丁寧に形作られているということだけは知ってるので、何でも許される（ポジティブな意）のは素敵だなぁっていつも思ってる。'
歩み,'ビットコは歩み値がスローになってる。完全に待ってる状態。'
歩み,'歪んでてもまっすぐ\nそれでも歩みを止めず私も進んで行きたいって励まされる歌詞なんだよなぁ\n当時すごく刺さった'
歩み,'お酒を飲むって歩みだよなあ'
歩み,'亀の歩みでニーア進めてる\nID：949283793565\n#ニーアリィンカーネーション https://t.co/PIHxF8HHbq'
歩み,'@hagizuki88 『誠考の歩み』ってタグでお願いします\nはねよみさんの配信なんで\n\nhttps://t.co/m89dBYPfLg'
歩み,'変わるわね。日本の風❗️\n社民党が奏でる歩み❗️\nさぁ、向き合いましょうね。\n平和を育む心意気を繋ぎましょう。\n\n「ママは身長100cm」コラムニスト伊是名氏、社民党常任幹事に\u3000沖縄平和運動・山城氏も(琉球新報)… https://t.co/Jta3oXYnYV'
歩み,'#春 \n\n季節が変わり 君も変わってゆく\n\n僕だけ変わらず 春をまつだけさ\n\nさぁ君は春を歩みつぎの季節へ。 https://t.co/Xh1cq0w0Z8'
歩み,'@PochisukeDQ10 人間歩みを止めたら死んだようなもんだしな。'
歩み,'唯一信じていた友人に裏切られてから少しばかり自信をなくした熱砂の富豪 。貴方の右側を好んではいるものの一歩後ろをとぼとぼと歩み、抱えた被虐嗜好は迷惑になるかと隠した儘。行為に苦手意識は無く、暴力から御都合魔法まで全て受け入れる姿勢、全ては貴方の思いの儘に。心臓は動き始め廿を越え。'
歩み,'諒さんのツイートのさ、歩みを続けない決断に対してもちゃんと認めてくれるようなところよね。\nほんとそういうところ。すき\nほんと言葉を伝えることの大切さ知ってるなぁって思う。'
歩み,'こういう時のみなみちゃんほんと好き🥺これなんよ......😭😭\nポジティブな事を言ってくれると、こっちもポジティブになれる🥳\nいつまでも同じような事を言って歩みを止めるような人の相手はしたくないもんね🥳🥳\nみなみちゃんが進んだ跡を… https://t.co/hcDvGo4mAm'
歩み,'蜘蛛！ゾンビ！ゾンビ犬！フェティッシュ！ガルガンチュア！\n『魂の歩み』＼ﾎﾟｧﾝ！／ ﾌｩ～ﾊｧ～……ﾍﾍｲｯ ＼ﾎﾟｧﾝ！／'
歩み,'人は歩みを止めた時に、そして、挑戦をあきらめた時に、年老いていくのだと思います。アントニオ猪木'
歩み,'めっちゃ亀の歩みです'
歩み,'心を燃やせ！君が歩みを止めてもコンプ勢は止まってくれない。共に寄り添って悲しんではくれない！！ https://t.co/Mc2508RjJ3'
歩み,'努力をひたすら重ねると言う能力があるから、歩みが一見遅いように見えて結果人より速いし矯めてからの一足飛びの伸びがすごい。本当すごい。いきなり結果出す。訳わからん。'
歩み,'ぽせの歩みを最初のチンチロ回から振り返るとほんと感慨深い。だって🎲は2人をカモにする気満々だったし、📚はカモにネギ背負わせる気さらさら無くてイカサマして負かしてたし。🍭と📚は腹の探り合いしてたし。'
歩み,'@Shinono_n_A_ @_______ …此方だ。( 幾ら何でも眠気に襲われてる人を一人で歩かせる訳にはいかない、と優しく腕を掴めば歩み進め眠れそうな場所へと向かい。 )'
歩み,'７年目にもなるから前への進み方もゆっくりになるのは当然だけど全く歩みを見せなかったポピパに正直ガッカリしてしまったのも事実、このままならまたサイサイにボコられるんだろうなー'
歩み,'リチャード・バルビエリはポーキュパイン・トゥリー、スティーヴ・ジャンセンは新しいバンドで活動中ですが、スティーヴがデヴィッドは引退したと述べていますね。\n\nスティーヴ・ジャンセンが語るジャパン時代、「静かに音楽を作ってきた」40年… https://t.co/27DeJaxOlI'
歩み,'🌈【黄金時代メルマガ】量子金融世界と「お金の概念が１８０度変わる」黄金時代の歩み方🌈\n｜⛩巫Note：５次元量子世界(RV/GCR/GESARA/QFS)⛩ @everyloto #巫note… https://t.co/3RFEHHcWCQ'
歩み,'大切な人はどんなスピードで日々を歩いているのでしょう。どんなときでも相手を追い抜いていかないように、置き去りにしないように相手を思いやって、歩みをそろえてあげましょう。'
歩み,'まもなく震災発生から10年\u3000復興の歩み振り返るテーマ展／岩手・盛岡市(IBC岩手放送)\n#東日本大震災から10年\n#東日本大震災\nhttps://t.co/q3LJ1Sjfto'
歩み,'個人のLINE公式アカウントの歩み🐢\n\n2016.4.25 開始\u3000決めずに配信\n2018.1〜週２回（月8回）\n2019.1〜週１回（月4回）\n2020.1〜月３回\n\n無料プランでお届けしてます💦 システム上の送信回数制限内で。… https://t.co/0WTuvd0u93'
歩み,'@KorabiTego ほんとにそう！\n文字で読んで頭にあっても、具体的にどうしていくことが良いかな、、というところを手越くんが体現してくれるから、そっか！私もそうしてみる!!って思えるのよね。\nこらびちゃんも同じように思ってくれ… https://t.co/osy1s5efni'
歩み,'さすはやが歩みを止めてしまう気配が出てきたら…と思うと……そこだけは絶対に迷うな頼むから…'
歩み,'冷たく聞こえるかもしれないけど、歴史上の名跡とか誰々の由来が云々とか、他人様の人生の歩みに興味が湧かないタチなので、旅の醍醐味とは良い景色と美味しい食べ物と良い温泉と素敵な道があれば最高だと思ってます。(興味は湧かないけど断固否定… https://t.co/LlpeznGkcx'
歩み,'一人がうつむき加減でやる気なく歩みが遅くなって、もう一人がだいぶ経ってからそれに気づいて戻って無言で会話。人間味があって切ない終わり方。なんかのペースが合わなくなったってことなのかなあ。\n\nDaft Punk - Epilogue… https://t.co/Iqb2UyXNb4'
歩み,'亀の歩みで見てる2getherはやっと8話まで来た。本気モードのサラワットかわいいじゃねえか。戸惑ってるとはいえ往生際悪いぞータイン。ところでプーコンとミル先輩はどっちが受けで攻めなんですかね？'
歩み,'キャストリア居るからスカディさまいらんかなと思うけど、うちのスカディ様から「けして歩みを止めることは許さんぞ…」みたいなあの勝利ボイスを能登麻美子の声で言われるぐだーずの表情を見たいのでほしいです'
歩み,'だが、志貴は強い男だ。ここで歩みを止めるような人間ではない。それは、母であるお前がよく知っていよう。'
歩み,'しーあわせはーあっるいてこない🎵だ〜から歩いて行くんだね〜🎶1日1歩みーいかで3歩♪3歩あっるいて2歩さっがる〜'
歩み,'なぁに。お前らはサボってる訳じゃねぇ。ちょっと休憩してるだけだ。また歩みを進めたくなったら俺に言いな！'
歩み,'こんなに地球で出会えたこと喜ぶ歌詞セラムン以外で聴いたことなくてミラクルロマンスすぎてびっくりしているけど、最初から最後までてんさんやむさんのこれまでの歩みとこれからを描いててなんだこれ……'
歩み,'Investment Outlook ⑧\n\nコアPCEが今週予想の1.4％から「1.6～1.8％」辺りへ着実な歩みを見せ、誰の目にも「2.0％行くよな」と映るまで政策は維持。\n\nインフレは高まりつつあるのに市中金利は低位抑制となる… https://t.co/kiB23Iy5Pk'
歩み,'@mai_mama43 まいさーん\nパパスもご一緒させてくださーい‼️\n歩みは遅めでーす(笑)'
歩み,'まきしまゆうすけのこと、ちょっとしったつもりになってたけど、なんもわかってなかったんだなあ、まきしまゆうすけの歩み、おねがいします(訳:彼の目の描き方誤解で大反省してますすみません)'
歩み,'今日は「歩み展」の受け付け当番でした。\n\n新作のてんとう虫を連れて行きましたよ🐞\n\n会期中に、ポメリータウンの仲間が密かに増えました。\n\n#とりで美術の歩み展\n#とりでアートギャラリー\n#伊藤園子\n#木彫\u3000#樟\u3000#油絵の具… https://t.co/TmXAz8hgIP'
歩み,'@_78_88_111 シーズン長いから途中で歩みが止まったらまた歩き出すのにそれこそ気合いがいるよね😂\nほんといろいろタイムリーすぎるね！\nそうですね・・そういえば具合悪くなるんだったね私（強くなった気でいて忘れてた）・・調子に乗らないように気をつけますドクター・・'
歩み,'アニメでカットされていたような気がするけど(目を逸らしている)また子ちゃんで歩みを止める高杉さんや、隣で戦えって万斉さん助ける高杉さんや、仲間は何人残ってるか武市さんに聞かれて｢全員いるよ｣って答える高杉さんとか、、そことても好き… https://t.co/58VNyhOcGd'
歩み,'@mi2_yes 頭が湧いておる。\nくだらぬ制限は全体主義への歩みか？'
歩み,'@Ryoga_britannia リョガさん東名阪6本ありがとうございました😊🙏\nインスト挟みながらかなりハードでしたよね💦\nRAZORの歴史、喜怒哀楽、悩んだり苦しんだりしながらも歩みを止めない姿勢。\nかっこいいですよねRAZO… https://t.co/mBkg8x0ppH'
歩み,'@FKOGA_GS 時には不安になったり、悩んだりすることもあるかもしれません。\nだけど、そういう時でも側にいて、共に歩み支えてくれる仲間がいて本当によかったですね✨\nKOGAさんのそういう想いも心に留めて、これからもGacharic Spinの曲を大切に聴かせていただきます😌'
歩み,'甘利俊一先生がまだご存命で、まだ論文を書き続けているという事実と、一昨年データサイエンティスト協会で講演をしていた際の「エッ、この人83歳なの……背中も曲がらず、歩みは力強く、声もハキハキしている……この人は間違いなく強い」って感じだったなあ'
歩み,'@kitamura_nico25 ですねー。おじさんは亀の歩みでタルコフやってますが、\n今日から20％オフセールなので人が多いかもしれません'
歩み,'もしもう一度人生歩み直せるなら、絶対イジワルな出会いの小説をハニワの入口にしない･･･ハートの主張を入口にするんだ･･･このふたつの小説を順番通りに読んで「あー！！！シバケンがアリサにはなしかけたー！やっとかーーー！！！頑張ってーー！！！」の気持ちを味わうんだ･･･'
歩み,'先程は不名誉な話題で出してしまったが、アイマス2はゲームとしても真の歩みの1つとしても好きだし、10周年も祝いたいものだ。'
歩み,'童貞は卑屈になることはないし、逆に非童貞だからといって言ってバカにしてはならない。\n彼らは意中の人の前に歩み出てその想いを伝える勇気のある人々なのだから、童貞よりも高位の人種だとする意見は、ある種的を射た意見であることは認めざるを得ない。\n――南原小太朗著『黒い春』より'
歩み,'マス、ケン、ジョ、マク\n\nドア越しにマスターとケン、ジョの声が聞こえて歩みを止めるマク。大好きなマスターがドアの向こうにいるので中に入ろうとするも先日ラヰクツーに｢お前、マスターと他のやつが話してるときに割り込んでいくの程々にしとけよ。あいつだって誰かと水入らずで話したい'
歩み,'松能不動産の話したら不動産系の人からイイネされてちょっと申し訳なさを感じている。\n\nそんな私はFE風花雪月の蒼月ルートを終え、紅花ルートへと歩みを進める……\n（5周目、紅花ルートは2回目）'
歩み,'ありがとうございました💕\n大変な中でも開催してくれたことに\n感謝の気持ちでいっぱいです✨\n洋平さんが音を奏でてくれるから、\n歌い続けてくれるから、\nその歩みに勇気づけられ、\n支えてもらっています⭐\nいつもたくさんのパワーをありがと… https://t.co/qvErHrlMdr'
歩み,'@Sankei_news 嘘と、表現の自由を混同してはいけない。\n文科省の検閲と画一化を進めようとする全体主義は、\n時代に反するどころか人間の歩みへの逆行であり冒涜。\n\n#文科省\n#文部科学省\n#共産党\n#日教組\n#日本教職員組合'
歩み,'（日本原子力産業協会）2021.02.24 FEATURE\n十年後の今も残る コミュニケーションについての多くの教訓\u3000ポール\u3000T.\u3000ディックマン／寄稿／ふくしまの今 ～復興と廃炉、10年の歩み～… https://t.co/YImtiy0joP'
歩み,'引き続き鋭意作成中\nなかなか仕事がバタバタしてて時間取れなし_(:3 」∠)_\n亀の如き歩みですがやっております！\n「G」マークがブゥンって光ってる的なのと紐とか少し描きました！まる！\n拡大すると荒さが目立ちますね！うん！\n気にし… https://t.co/g4Y7RxgieF'
歩み,'知らないんですか！？伝説のアイドル 伝説とは、各プロダクションや事務 所、学校などが限定生産を条件に歩み 寄り、古今東西の素晴らしいと思われ るアイドルを集めたDVD-BOXで、その 希少性から伝説の伝説の伝説…略して 「伝伝伝」… https://t.co/PBnnLURE8c'
歩み,'素敵な歌🎶MV✨LIVE映像✨\n日活の“歩み” 大切にしたいと🍀\n『First Love』#ジェジュン\nいよいよ あと528回で9万回です❣️\n📀LIVE 2019~Love Covers~\n\nこちらも🍀\nBREAKING DAW… https://t.co/AgpHwhFrZ0'
歩み,'@koji_maruyama4 どこかの武士からリプがきたのかな？\nあれ？それともプロポーズかな？？🙄\n\nだいぶドロップアウトした道を歩み\n振り返ると特に誰もいませんけど\n楽しく歩いております😂'
歩み,'進撃は嫌いなキャラは居ないし、納得できない設定や展開が無いからずっと読んでいられる。\n私は気難しいオタクのなのでどんなに好きな作品でも納得できない設定や展開があるとそこで歩みが止まってしまうんですが進撃はそうした展開は内ので良いと思う。'
歩み,'あと数日で3月なのに、12月6日からずっと道の歩みに思いを馳せている'
歩み,'蜂須賀虎徹「あなたの影は 密やかに行くあての無い 毒針のように 私の歩みを縫いつける あなたの光は しなやかに 給水塔を打つ 落雷のように 私の命の源を断つ」'
歩み,'くろ「王道カプに生きるのは簡単だ。逆を言うと王道カプが苦手な者は世の中で生きづらい。あえてその修羅の道を歩み生きる者もいれば、やむを得ずその道を歩む者もいる。だがみな一様にBLが好きなのだ。その事実を忘れてはいけない」'
歩み,'りくくん元々精神年齢の低い子だったんだろうけどてんくんと離れてから一度精神年齢の歩み止まってるんだよな。わかってる？てんくん'
歩み,'亀の歩みなので、スロダメようやくchapter1が終わった\n月並みな感想だけど、セッしてないのにえっちだった……\nえっ、これ大丈夫？死なない？とハラハラもさせられたけれど'
歩み,'社会は一朝一夕では変わらない。でも、黙らない人達がいるから、たとえ歩みが鈍くても、社会は変わってゆく。\n\n以前、アニータ・ヒルの逸話を連ツイしましたが☟、よければ読み直して欲しい。「黙らない」ことが目的ではない。それは単なるプロセ… https://t.co/RqBlXEKSZU'
歩み,'@not_mogami なるほど…歩みを止めたいのですね…。でも歩き続けるしかない現実に最上さんは苦しんでます…。切ないですね…。'
歩み,'最近は三人称のRAFTを楽しみに生きています。壮大なストーリーをカメの歩みで進めてほしい。\u3000#RAFT #三人称'
歩み,'人気を稼いでも信用を獲得できるとは限らない。人気は常に一時的で、長期的な利益を得るには信用が必要。信用は不確実な未来を共に歩みながら生まれるものだ。約束の能力と赦しの能力が欠かせない。特にいまのインターネットには赦しの能力が欠如しすぎている。'
歩み,'@darkR___ （相手に訪ねる為に本丸に向かい、そこの主を通して廊下を歩み、襖の縁を２回叩いて）\n清光、いるか？遅くなったが来たぜ\n（相手が襖を開けるのを待ち）'
歩み,'@madokanam 豪鬼の前ステップ連打みたいな歩み方で行って欲しい'
歩み,'@nakayudayo 失敗は人生に付き物。失敗した時にダメだと諦めるか、ここから何を学び活かせるか。この２つの違いで大きく人生は変わりますよね。僕も歩みを止めずにいきますーー！'
歩み,'「あの日からの歩み」岩手・野田村\u3000震災１０年未来につなぐ\u3000若者が集える場所に[FNN 岩手めんこいテレビ] https://t.co/wPjlxrnkTX'
歩み,'「あの日からの歩み」岩手・久慈市\u3000震災１０年未来につなぐ\u3000ランドマークとして輝き続ける[FNN 岩手めんこいテレビ] https://t.co/jbqtX9zATb'
歩み,'今日も今日とて、１日１個だけ出来ることが増えるという凡人の歩みであった。もっと努力して？？？？'
歩み,'@gensin_ripi_pi 私もゲームは亀の歩みでまだまだ弱々です…😂\n関係性…！ふたりの関係について知った上でメインをやると、違った見え方があるかもしれません🙏\nディの旦那、良いですよね～！優しくて頼りになる…まだパーソナル… https://t.co/pqgKoAvC5v'
歩み,'ミネルヴァが完全に武装を固めてジュピターの頭から生まれたとすれば、この女性は、すっかり着飾って、なにかの花から、足どりも軽く歩み出たように見えるではないか'
歩み,'DJキムは昼休憩前からレコードに息を吹きかけつつ待機している。昼休憩に女子校の生徒たちが一目散に食堂へと向かう中、キムだけは真逆の方向に歩みを進める。行き先は放送室「食欲を満たす女どもよ、この曲を聞け」と短く言って持参したレコード… https://t.co/2zblJmEiuS'
歩み,'小牧治『カント』より\n\n日本の歩みが、世界史の審判に是認されなくてはならないとして、歪んでいく方向を批判しようとした。しかしのちには、日本の歩みこそ、世界史の審判にたえるどころか、世界史の新しい方向を示すものだ、というふうに解釈されていった。'
歩み,'@maiwara32 カタツムリの歩みです(´；ω；｀)'
歩み,'@kan_0mj 英語と同じ道を歩みそうだ…'
歩み,'開催まで一週間を切りました。\n2011年の大震災後に始まった、がんばろう日本！スーパーオーケストラは、今回が最終回です。辻彩奈、實川風、山下一史。\n配信でも「特典」として当日のパンフがお読みになれます。←1日月曜から。\n主催者挨拶… https://t.co/T068veuKVp'
歩み,'アーティスト宮本浩次の歩みのすべてを収めた決定版インタビュー＆フォトブック、発売に先駆けて表紙カバーを解禁！－https://t.co/zFoDLXvEgA｜ https://t.co/iod9Gnx7Rr'
歩み,'鷹通は近いうちに最近よくドッキリかけられている某有名アイドルと同じ道歩みそう'
歩み,'さっき風呂場で滑って転んで、滑ったけれど老化への歩みは着実です。\n\u3000手洗いした時の洗剤が流せてなかったんですな。'
歩み,'露霜と 罪を照らせる 大日寺 などか歩みを 運ばざらまし（第28番札所・法界山 高照院 大日寺）'
歩み,'東大入試前最後の勉強会…！半年間の歩み、ふーみんとびーやまからの想いを届ける！【https://t.co/goQFEiaa48 2ndシーズン】#16 https://t.co/wRXpD0HY3Y @YouTubeより'
歩み,'素敵な歌🎶MV✨LIVE映像✨\n日活の“歩み” 大切に🍀\n『Beautiful Woman』\n💿Flawless Love ～\nあと120回で13万回です❣️\nこれも大好きな曲✨\n#ジェジュン🎤J-JUN\nこちらも🍀\nBREAKI… https://t.co/XtWGVUm5yy'
歩み,'#春という言葉を使わずに春を一人一個表現する物書きは見たらやる\nふわり 頬を撫でる鋭い風に微かに甘い匂いを感じる。横目に映るのは華やかしくも奥ゆかしげな薄紅梅が咲いている、歩みは止めずにぼんやりしている頭で文句を垂らす。花粉は苦手なんだ。'
歩み,'アーティスト宮本浩次の歩みのすべてを収めた決定版インタビュー＆フォトブック、発売に先駆けて表紙カバーを解禁！－https://t.co/9JEXhbzyf8｜ https://t.co/HaS27X4zFq'
歩み,'いもうとの小さき歩みいそがせて千代紙かひに行く月夜かな'
歩み,'@FXznzn ランクマでメンタルバキバキに鍛えられたみたいですね笑\n僕はぬくぬくとしたところで戦い続けてるんで成長速度が亀の歩み...\nおそらくこれ以上強くなることはないと思います笑'
歩み,'独り歩み、怠ることのない聖者、\n非難と賞讃とに心を動かさず、\n音声に驚かない獅子のように、\n網に捉えられない風にように、\n水に汚されない蓮のように、\n他人に導かれることなく、他人を導く人\n（スッタニパータ）'
歩み,'あなたの影は\u3000密やかに\n行くあての無い\u3000毒針のように\n私の歩みを縫いつける\nあなたの光は\u3000しなやかに\n給水塔を打つ\u3000落雷のように\n私の命の源を断つ'
歩み,'とりあえず、もうちょっと進みたいね原稿…カメの歩みが過ぎる…土日までで決着つけたいけど、体調とメンタルが本当にガチャみたいな博打ぶりなので、その日になってみないと書けるかわからないのが本当につらい…。心身ともに健康になりたい…'
歩み,'@kani_utu 嫌なときは歩みを止めても良いのだ\n誰もがその権利を持っているのだ'
歩み,'橋本聖子新会長の歩み 五輪に7度出場、アルベールビルで銅メダル https://t.co/vtk3nzgAL0'
歩み,'@furumero_26 ふるめろさん、こんばんは！\nこのグラフは、勇気が出ますね🥰\nこれまでの歩みが、感慨深く感じられますね！おめでとうございます🎊🐨'
歩み,'@kazu3776fi カズさんこんばんは！🧙\u200d♀️\nおっしゃる通り！！！継続命ですね！大事なのは歩みを止めない事ですね☺️🌸✨'
歩み,'ダクソ3がトレンドだったのでダクソ無印の奇跡のはなしを勝手にするね。\n\n緩やかな平和の歩みのテキストの「平和とは、つまりまったくそれでよいのだ」が好きです🕊敵を倒して平和を得るんじゃなくて、干渉しない放っておけばいいっていうメッセージ💌'
歩み,'はいふりに限界は無い\n我々の歩みは1歩に過ぎない'
歩み,'ロヒンギャの難民キャンプを支援してる友人がいて、一年前自費でいいから行きたいと伝えていた。スーチーさんに対するもやもやが少し解消された今見るべき番組でした。でも真相はもっと多角的に知見を広めないといけないし、広めても核心には近づけ… https://t.co/PimXAbh1d5'
歩み,'一歩踏み出す事はできたと思う。歩みを止めないようにする✨\n今の含み損は経験値に😓 https://t.co/cqLwD9xrXP'
歩み,'ムーナの誕生日にファンの人たちが作って贈ったらしい「ムーナのこれまでの歩み」のムービーがジーンときたのだわ。\nラピスラズリとぺこムーナ初コラボの時のサムネの見せ方がエモすぎる……海外の人にもやっぱあの2つがとても大事な瞬間だと思わ… https://t.co/eUQU57TJyz'
歩み,'これから 僕たちは自ら進んで光から闇へと歩み出る\nその道のりは暗く つらいものになるかもしれない だが\nその一歩を踏みだすのに 決してためらったりしないはずだ'
歩み,'冬雲の\u3000大きしじまに\u3000歩み入る\u3000（ふゆぐもの\u3000おおきしじまに\u3000あゆみいる）（古沢太穂\u3000ふるさわ・たいほ）'
歩み,'あぜみち歩むだけ時間経過があるし、天候もいい天気の時もあれば嵐の時もあるけど、歩みを止めると時間が止まるのも素敵なところなんだよな……進むことを止めてリタイアというカタチで途中退場するのはどういう意味合いになるんだろうな。'
歩み,'ネバラン読んでいただきありがとうございます！\nオールキャラの難しさにヒィヒィ言いつつ亀の歩みで書いてます……！待っていただいて本当にありがたいです、がんばります💪'
歩み,'いよいよ明日から\n【on BLUE10周年記念複製原画展】が #アニメイト池袋本店 で開催です。\n#onBLUE レーベル10年の歩みを振り返る、名作揃いの複製原画展示、等身大パネル、毎年好評のon BLUEコミックス性癖（！）分… https://t.co/GOGut3OC5a'
歩み,'色々あって今がある😌\nつらい思いもあった。\nでも、進むしかない！\n\n歩みを止めたら\n\nダメだ❗️\n\nって感じなんです今😊\n\n繋がった縁を大切に❗️'
歩み,'@3710U_ta 同感💦\n反省もするし、謝りもするけど、歩みを止めないことも重要だよねー。'
歩み,'歩みを\n\u3000止めるな。\n 歩み続けた者だけが\n\u3000ゴールを決めれる。\n ＿人人人人＿\n ＞ ＢＩＴＥ！＜\n ￣^Ｙ^Ｙ^Ｙ^￣\n\u3000｜| ＝-ッ-＝ |｜\n \u3000(Ｖ ヽ･)(･ノ Ｖ)\n\u3000 ﾋ(\u3000\u3000/\u3000\u3000 )ﾉ\n\u3000\u3000ヽ\u3000 L_)\u3000/\n\u3000\u3000 (\u3000\u3000\u3000\u3000)\n\u3000\u3000 ヽ(⊂⊃)/'
歩み,'今日の勉強成果☆.｡.:*・\n\n・現社ノートまとめ12ページ分\n・漢文定期テスト予想問題\n「鶏口牛後」\n\n明日の朝やること𓂃 𓈒𓏸*꒱\n・古文定期テスト予想問題\n「雪のいと高う降りたるに」\n・現社定期テスト予想問題\n「社会保障のしくみと歩み」'
歩み,'亀の歩み https://t.co/QhugjkdRnY'
歩み,'何も質問もないのに、一方的に歩みを止められそうになったのが嫌だったのかにゃ？'
歩み,'歩みが遅すぎる自分が嫌いだ…'
歩み,'世の同年代は着実に結婚という次のステップへ歩み出してるのに、彼氏を作ることさえままならない私とは、一体。'
歩み,'【中島へ①】出会ってから何度も同じ季節を過ごし、気づけば4年もたつんだな。ともに歩み、笑い、つらい思いをしたとき、つねに隣に中島がいた気がするよ。次第に個々の活動も増えて、そのたびに成長して、おたがい変わったかもしんないなあ。'
歩み,'色々と書いてはいるけど、どうしても亀の歩みになってしまうのがねぇ。\n🐢（←ちゃんと亀で出てくるんですね。あるんだ😳）'
歩み,'知り合いに占いをしてもらいました⭐️\n\n私はウサギとカメでいうところの「カメ」だそう。\n\nすご〜く歩みが遅い。一歩一歩\nでも歩みを止めない\n\n「ウサギになろうとしなくていいんです、\n\u3000カメは必ず目指したゴールに着きますから」とのこ… https://t.co/QfmWoaoEeV'
歩み,'@jSMYJwixjgKXJax 1000日おめでとうございます。\n🎉㊗🎁🎂🎊(･･||||rﾊﾟﾝﾊﾟﾝｯ\n千里の道も一歩からと言いますが、\n一歩一歩着実に歩んだ成果です。\nまた新しい1日が始まります。\n一歩一歩着実な歩みを🎊'
歩み,'@hiduru_mprsk 再度ありがとうございます。\n彰人絵名志歩みのり⇔リンレンバーチャルで\nお間違い無かったでしょうか？\n志歩みのりは1:1で構いません。\nご確認よろしくお願い致します。'
歩み,'東大入試前最後の勉強会…！半年間の歩み、ふーみんとびーやまからの想いを届ける！【https://t.co/iaZI3Ic4It 2ndシーズン】#16 https://t.co/K0S6mH54fX @YouTubeより\n\n明日、… https://t.co/p96C4V7GZJ'
歩み,'道半ばなれど\n道先永く\n我亀の歩み故に\n道先遠く\n道無き道故に\n我道に迷いけり\n故に我孤独にて\n道を行かん'
歩み,'🗓2021/2/24(水)\n#本日の積み上げ\n▪️DIETodo＆アウトプット▪️\nふりかえり③\n本日4㍉成長✨\n\n半年前の自分と比べるとその時の方が頑張っていた。でも少し無理していたかもしれないので、今の歩みでも大丈夫と自分を励… https://t.co/zqKHLxE2mX'
歩み,'@melmel_usagi 割と庭になっても\n苦手でアイテム使わないとヤバイレベルがドーナツでもあったけど\nピラミッドはないんよ…だから更にマンネリしてる気もする\n\n歩みがおそすぎるんだ分かってる\nでもルビー課金はしないつもりだから仕方ない…すすみたい…🐘'
歩み,'youtubeアルゴリズムは各々によるが「クメール語」の検索ワードで上がってきてる感あって嬉しい🇰🇭何気なく始めてからもう8ヶ月経ったのか、亀の歩みだが継続が1番大事。🐢\n【次来る言語はカンボジアだ！】第1回 超ゆるくて楽しいクメ… https://t.co/2up4RWzzSy'
歩み,'陸奥が明日修行から帰ってくるのだけど、手紙から着実に歩みを進める彼が頼もしい反面、\nこれまで知っていた彼とは違う彼になっているのでは…という一抹の不安が胸をよぎる'
歩み,'「歩む」は\n「少し、止まる」と書く。\n\n人生の歩みには\n立ち止まることも必要です。\n\n立ち止まることは\n恐れることでもなく\n恥ずかしいことでもなく\nネガティブなことでもない。\n\n必ず『意味のあること』だから。\n\n止まっている時計で… https://t.co/Jbs78V3Rtq'
歩み,'神話を日常に変えていく\n一歩ずつ石を穿つようなこの歩みで\n世界を拡げよう\nってのが最高に科学で好き。'
歩み,'ひとつ気がかりなのは、お前が霧中の歩みを得られるか否かだ。それでも、起こりうる最悪の事態はひどい後味ぐらいだと保証しよう。'
歩み,'…ポインターの人間が皆、歪んでいると思うか？\u3000逆に聞くが…歪んでいない人間が存在すると思うか？\u3000人間は誰もが悪を持ち自身の正義を掲げている…だからこそぶつかりあい傷つく……それでも歩みを止めることはできない…'
歩み,'成宮くんが勝者の歩みをしてくる'
歩み,'最近ようやく牛の歩みですがぱりフラを進めています'
歩み,'草彅 剛主演 「おなかより心を満腹にする」震災から10年、心の葛藤と復興への歩みを描く\u3000宮城発地域ドラマ「ペペロンチーノ」【２分動画】 あの日から10年。人生はシンプルで難しい。苦難があっても前向きに人生を送れるかもしれない。そん… https://t.co/B9h2kaNg5A'
歩み,'ケニアの営業マン2000人の残業をゼロにした日本人起業家、アフリカの「流通変革」に費やした5年の歩み | DIAMOND SIGNAL https://t.co/kImT6PBRvE'
歩み,'「なすべきことをなす」不安や焦り、恐れに囚われて自分を見失ってはいないか。一発逆転の妙手妙策ばかり追いかけて、なすべき事を疎かにしてはいないか。困難にあればこそなお勇気を持ってなすきことをなすべき時にきっちりとなしていく。たゆみない歩みこそが着実に成果を高め成功に至る道ではないか'
歩み,'あいつが現れると、自分と同じようにランドセル背負って同じ姿で同じスピードで進んでいるのですが、私が疲れて歩みを止めてもあいつは疲れ知らずなので同じペースでどんどん進んで行く。自分とあいつはこの世界でたったふたりきりなのに、同志だと思っていたのに、一緒に歩き出したのに。'
歩み,'なけるwww\n高田先生www\n\n東大入試前最後の勉強会…！半年間の歩み、ふーみんとびーやまからの想いを届ける！【https://t.co/LLHIlfxCPJ 2ndシーズン】#16 https://t.co/MF5dNuAZyy @YouTubeより'
歩み,'@okandesuyoda 私、白髪目立たないしまだ少ないので白髪染めすらしたことないんですが、地毛の髪色が気に入っているので染めるよりはグレーヘアを目指したいなと今は考えてます✨\nなのでオカーンさんの歩みを参考にさせていただきたいです〜😊'
歩み,'事前にあんまりエモに気持ちを持って行きすぎると泣いてしまうので、舞台はなるべくまっさらで見たいなと考えているんだけど、お風呂入りながらついついこれまでのいぶすてぷろすてでのじっくすの歩みについて考えてしまった'
歩み,'@satoshi_funada 深刻にならないようにね。歩みは遅くても続ける事が大事。また時間のある時、奈良に遊びに来て下さい。'
歩み,'心の傷を背負ったことのない人に分かれというのは無理な話か。イジメ撲滅に向けて歩みを進めます。 #mintomo0311'
歩み,'光を探せば闇も見つかるでしょう。貴方の足下には沢山の黒と白で塗り潰されていくでしょう。それでも、貴方は貴方の色を求めて歩みを止めないでしょう。'
歩み,'夢見る人わたしはdreamer\n明日の旅人さ\n月の夜も\u3000強い日差しの日も\n歩みを止めない\n忘れぬ思い出も\u3000空のこの青さも\nぜんぶぜんぶこの胸に抱きしめたい\nわたしの好きなこの世界\n「夜明けのうた」宮本浩次さん素敵だ'
歩み,'@alicoooo24 突然すみません！すごくグッと来ました🥲確かに今回のドラパで2人の新たな歩みが始まったので動き出すのも素敵ですね☺️🙏✨'
歩み,'……もう私は、歩み出してる。\u3000止まっちゃいけないっ。誰にも止めさせないっ。\u3000みんなが助け合える、同胞社会を実現するまで！！'
歩み,'これが去年の労働科目中間テストの結果ツイート。\n\n「学習方針を考え直さないと」って書いてますが、見直しの仕方がわからなかったんですよね。💦\n\n結局、中間テストの復習をして、その後はいつも通りに毎日労働1科目＋社保1科目勉強してまし… https://t.co/keSxCOuzLn'
歩み,'@takuzyouyou ありがたいお言葉…🙏こちらこそいつも素晴らすぃイラストありがとうございます〜！\nただいま亀の歩みながらレイズさん書いておりますので、手前味噌ですがもう暫くお待ちください…！'
歩み,'⑭《クラレオ》血界戦線\n諱が分からないと密封できないクラウスさんと諱が見えるレオ君は常に一緒にいないとダメなカプ。紳士が果てしなく紳士なので進展は亀の歩みより遅い。\nレオ君からモーションかけてもそれを色事だと理解して貰えずに落ち込… https://t.co/YTPqo52VEB'
歩み,'ボズヤもうちょっとでランク10になりそ、、ほんとのろのろ亀の歩み'
歩み,'さあ。一応再構築考えてるから歩みよりは必要だよね？\nワンオペスケジュール夫に提示してやろう......\nこれで理解を得られなければ連日ワンオペの刑だな。\n1日2日ならできるのよ。子供も察して。毎日だからしんどいのわかるかな？←'
歩み,'@177dy あり！亀の歩みで頑張るぜ'
歩み,'@Lapitaz うぽつありです(｢•ﾜ•)｢\n全ては先達の歩みを参考にさせていただけるお陰…色々試してみました！\nRaybackさんの動画も毎回楽しく参考にさせていただいてます(*´ω`*)'
歩み,'何故、選択肢を設けないのか理解に苦しむ。事実婚だろうが同性婚だろうが夫婦別姓だろうが夫婦として新しい姓を名乗ろうが、当人達の人生の歩み方がある。それができるようにしてやるのが行政の役目。誰にも迷惑かけてないんだよ？ https://t.co/ytNoiCfbPn'
歩み,'いとうまい子「アイドルだった私が遺伝子の研究者になるなんて」（婦人公論.jp）\nなんと✧*｡！ 人類の為の難研究を‥( ⊙⊙)!!変わらぬ容姿+芸能界をされつつ素晴らしい歩みに感銘です https://t.co/wJodrXPOz5'
歩み,'年頭に #アフターコロナ の中で #核なき未来 への歩みを強めたいとの記事を書きました。世界を平和にし環境を人をもっと慈しんでいくムーブメントをみなさんと広めたいです。写真は京都市東山で空間を見事にシェアしている木々たち。自然の神… https://t.co/M90QlgZpDB'
歩み,'@ns_manck そのご本人の言葉、切実だと思います。「一緒に歩み今後を考える」ことの現実と理想のギャップに苦しんだこともありますが、少しでも、ご本人の思いを大切にできるように努めていきたいと思います‼️ありがとうございます✨😆'
歩み,'@______theend666 →温かさ、優しさは終焉。さんのこれまでの歩みがあったからこそなんだろうな、としっくりきました。\n\n終焉。さんが私に日々の楽しみを下さるように、私も終焉。さんが生きる上での喜びや糧となるような言葉を、心を込めて贈りたいと思います。'
歩み,'#核兵器禁止条約 ホンジュラスが50番目の批准国となったことで要件が満たされ、いよいよ本年1月22日発効されます。素晴らしい。トリニティサイト、広島、長崎での原爆炸裂から76年経ってやっと違法になります。さらに核なき未来への歩みを… https://t.co/2UbD40Qub1'
歩み,'@harueternity 今日は茂吉忌でした。\n「赤光のなかの歩みはひそか夜の細きかほそきこころにか似む」なんてね…\n今日もお疲れさまでした。おやすみなさい💤😘'
歩み,'思い出の中に後悔もちらり でもその歩みを止めたりしないでよ【アドベンチャー】  #サクラメリーメン'
歩み,'いつかは咲かす大輪の花\u3000今は泥でも\u3000ひたすら胸に\n手を当てがって\u3000「全てやれてるかい？」\nさあ行こう！！！\u3000君の今越えて行こう\n\n気付けばいつか\u3000見える明日\u3000どんな一歩も\u3000無駄にはならない\n大切な今\u3000日々の中で\u3000ただ胸張って\u3000『歩み』続けよう'
歩み,'ポジティブな逃避をしてみようぜ。壁を迂回することも間違いではないと思う。歩みをやめてしまうことが一番だめなんじゃね。'
歩み,'今歩みだそう\u3000人々の中\n神の息吹に支えられ\n世界の友と\u3000手をつなぎ\n心と心を\u3000結びあおう\n真理の学び\u3000いつまでも\n共に生きよう\u3000サレジオの道\n共に進もう\u3000サレジオの道'
歩み,'トレーナーが明かすフェデラーのヒザの現状。復帰への歩みは順調だが、“復活”にはもう少し時間が〈SMASH〉(THE DIGEST)\n#Yahooニュース\nhttps://t.co/pL5jEBGOgB \n\nまた楽しそうにテニスしてるとこ見たいな'
歩み,'くだんの黒猫を飼っている美容室の前を遠目に見たら店先に黒い塊が見えた\nこれは久しく会っていない黒ニャンだと歩みを進めるとその側にブチもいた\n黒は店から延びた細紐につながれブチはフリーランス\n店脇の隣家との60cmほどの隙間に家があ… https://t.co/OkwuZabXiV'
歩み,'@miraini_19 微々たる歩みだけど、勉強に前向きになりました(   ॑꒳ ॑ )'
歩み,'歩みを止めない君が好きだ〜！！おめでとう！\n#如月千早生誕祭2021 https://t.co/EzYu4YgeT2'
歩み,'同時期に同じ運命辿ってたはずのマリンチェちゃんの歩みと重ねてみるとかなり堪えるわね…'
歩み,'@sasamiponz\n107kcal消費 天をあおぐヒップラインは勝者の証 もう歩みを止めることは許されない\n今日の順位 439位/1352人中 https://t.co/pgZ37c6KLD'
歩み,'ひま行く駒はやくうつり、羊の歩み屠所にちかづけば、をはり今はとも知らず、明日とも知らず、何の他念かはあるべき。『発心集』'
歩み,'個展も折り返し地点。\nステキな御夫妻@tak_968 拓さん、\n@mh_ymst みほさん、が御来場下さいました！\n\nこの春から始動される、御夫妻の新しい歩みに、私もお声掛け頂き、嬉しいです！ありがとうございまーす！\u3000#御縁に感謝 https://t.co/LjXinulaAI'
歩み,'タンハウザーくんの歩みがもう少し早ければ言うことなしです！'
歩み,'震災１０年「あの日からの歩み」岩手・普代村\u3000思い出の品が原動力に[FNN 岩手めんこいテレビ] https://t.co/QcDui8MTrF'
歩み,'トレーナーが明かすフェデラーのヒザの現状。復帰への歩みは順調だが、“復活”にはもう少し時間が〈SMASH〉 https://t.co/JUyi7NG1cC \n彼が復帰後1～2か月で結果が出せると思うほど楽観はしていないし、もう勝て… https://t.co/bGT276m3c1'
歩み,'箴言 4章 \n26 あなたの道のりに気を配れ／あなたの歩みは確かなものとなる。\n27 右にも左にも偏ることなく／足を悪から遠ざけよ。'
歩み,'午前中に第一部の推敲をちょっと進め、夜に第二部の原稿をちょっと書いた。亀の歩みだが、やってくしかない。'
歩み,'握手会とか無いのやっぱり辛いな\n\n推しに直接会いたいのはもちろん、皆で楽しくわいわいしたい...\nあの日々は当たり前では無かったんだなと今改めて思う\n\nと同時にこうした状況が続く中で、直接会えない中で、日々活動し歩み希望と力を届け… https://t.co/DnloKBwanZ'
歩み,'人生歩み間違えすぎた'
歩み,'アメブロを投稿しました。\n『新地球への歩み\u3000GESARA世界共和国設立まであと7日』\n#3月4日 #トランプ大統領 https://t.co/myleCvPG9N'
歩み,'@yonhositama 早く何も気にしないでライブを楽しめるようになりたいですね。\n声が出せないのはホントにツラい😢\u3000それでも歩みを止めずにライブを続けてくれることに感謝ですねヽ(；▽；)'
歩み,'会場に来てくれた皆、ガイドラインを守って楽しんでくれてありがとう。来ることを断念した皆、決断してくれてありがとう。全員の行動ひとつ一つが明るい未来への歩みになっていると信じてがんばろう。\n\n※みんな距離をとってるから着てるTシャツ… https://t.co/RuX5D9otbB'
歩み,'今回の神保青年の歩みはアンゴラの長老の言葉(自国の政府の行動に責任をもってこそ真の国際人)に衝撃を受けたところまで\u3000笑←笑い事ではない。 https://t.co/fkE5ZvBXFN'
歩み,'@YoneMari24 Twitter初めて4ヶ月くらいですが、\nこの期間だけでも反応が無くなった方をチラホラ見かけますね～。\n各々ご事情があるのでしょうから仕方ないですね。\n僕は前だけ向いて着実に歩みを進めていきます👣'
歩み,'いつかは目標に通じる歩みを\n\n一歩一歩と運んでいくのでは足りない。\n\nその一歩一歩が目標なのだし、\n\n一歩そのものが\n\n価値あるものでなければならないよ。'
歩み,'@cEQnfq2osAOMokh まずはYokoさんのこれまでの歩みに敬意と、子を持つ親として小児医療への貢献に感謝申し上げます🙇\u200d♂️\n\nそして同じ40代として考えますと、おっしゃっる通り人生はこれから。ご自分の身体とご家族を優… https://t.co/bstQrxYfGM'
歩み,'景色をジッと見つめていたかと思えば、突然歩き出す。背中に向かって光に声を掛けるも、歩みは止まらない──草むらに座っていた光は立ち上がると、自分の先を歩く豆オル様を追いかける。対象物の側へ行くまでは立ち止まらないことを知っているからか、光の表情は穏やかだ。'
歩み,'当たってもいないライブのことを毎日考えているんだけど、ペンラ6色ってことはまさか過去メンのソロ曲を3人が歌うなんてことない…か…な……ほら…6人の歩みを誰よりも大切にしてるじゃん…あの3人…………'
歩み,'たぶん30歳くらいになったらこれまでの歩みをまとめたクソブログができあがるよ\n1ミリも休ませてくれないブログ'
歩み,'「結婚して、子供を持って…当たり前に思い描いていた人生の歩みは、自分には当たり前ではなく…どんなに努力しても手に入らないのだと…」\n\n“当たり前”を当たり前に享受できる人には分からない苦悩には\n本当に共感できる部分がある。\n自分の… https://t.co/CQNUUjD0xa'
歩み,'歩みを止めたら、それまでだよ。'
歩み,'その頂から眺めるがよい！私は歩みを止めぬ！たとえこの手足が失われようとも！'
歩み,'今ワールド12なんだけど半分ぐらいまできたのかなぁ...亀の歩みなのでいつクリアできるか謎'
歩み,'https://t.co/I6018Gh7y3\n神に従い正義を行うことは\n生贄を捧げるよりも主に喜ばれる\n\n希望は私たちを欺くことがありません\n私たちに与えられた聖霊によって\n神の愛が私たちの心に注がれているからです\n\n主よ\u3000イエ… https://t.co/Y8q1g1BJ1H'
歩み,'今やっと政治って概念がマナー\nニーズになって一般的に歩み\n話し合える世の中だが\npunk rockがずっと前から気になり\n発信して来たことなんだ🌈\n\npunkが発して来たからは気にならなくても、着目とレボリューションの\n純度は水面… https://t.co/gu4FX5Vq9c'
歩み,'美勇人くん、今日はたくさんストーリー出してくれてありがとう💛\n最後に美勇人くんの超絶カッコいいダンスを見ることができて、最高に幸せな1日になりました😊\nこれからも7ORDERが歩みを止めず、笑顔で前へ進んで行けますように🕊🌈✨… https://t.co/tOKFh563qr'
歩み,'人の歩みをとめるのは、絶望ではなく諦め。 人を歩き続けさせるのは、希望ではなく意志。  by 中学の先生'
歩み,'🌈 #NiziU #TWICE のプロデューサー\nJ.Y. Park氏の歩みと哲学をつづった\n\nエッセイ『何のために生きるのか？』\n2月26日(金) 早川書房より発売\nこれ読みたいな\n\n#JYP イズムの原点が分かる\n生きる力が湧… https://t.co/OqCYncMDmC'
歩み,'【歩み】 気付けばいつか見える明日どんな一歩も無 駄にはならない 大切な今日々の中でただ胸張って『歩み』 続けよう #GReeeeN'
歩み,'『結婚して、子供を持って、いつか孫ができて、死んでいく。それまで当たり前に思い描いていた人生の歩み』\nこの呪縛をかけちゃってると本当にキツいと思う\n色んな人と出会える職種で、様々な生き方を見てこれたと思うけど、だからって潜在意識の… https://t.co/uVCCAMbmVw'
歩み,'朝公園に向かうと誰かの声が聞こえてきたので張り切って駆け出した息子。その声の主がいつもおもちゃや乗り物を力ずくで奪い、素直に渡さないと激昂する息子が敵わない相手だったので、姿が見えた途端息子の歩みが止まった。その姿がなんだか可笑しくて可愛かった。一歳半でもしっかり考えてると思った'
歩み,'……復讐の道は、簡単に歩みを止められない、…だから僕は。この足が血で滲んでも、止まることを許されないんだ。'
歩み,'✿ #華Dollデジタルサイン会212 ✿  \n\nこの曲は様々な事を乗り越えた眞紘くんの歩みの形なのかなと思いました。\n素敵な曲をありがとう、眞紘くんの想いのこもったこの曲は私にとっても大切な曲です︎︎︎︎︎。\n壁にぶつかった時は… https://t.co/X9x7ZUBfnQ'
歩み,'周年記念誌の中にある「これまでの歩み」の中の写真にちっちゃーく映ってたウチの長女と末っ子。\n\n映ってたよ！ってLINEで連絡くれるママ友。\n\n写真自体が小さいのに(縮小する事でピントも合ってない)ホント良く見てるなぁ！'
歩み,'冬雲の\u3000大きしじまに\u3000歩み入る\u3000（ふゆぐもの\u3000おおきしじまに\u3000あゆみいる）（古沢太穂\u3000ふるさわ・たいほ）'
歩み,'@mami_nakao ポンコツなので歩みは遅いものの進んでる感じがして嬉しいです\nなかおさんのようにしっかりしたいです（ ;  ; ）✨✨'
歩み,'@PbyyyEvWgVtbEkK そうですね、普通のことがしたいと思うことあります。\n自分がやりたいことをできるようにしたいと思います。\n少しずつ、亀の歩みでも積み重ねていったらいつかは…と望みを託して毎日を過ごしています😌'
歩み,'迷い多かれ 歩み遅かれ 喜びに触れられると信じ\u3000敵の数だけ 味方もつくさ 気付けたのなら共に進もう 【歩調】'
歩み,'なかなか8時前に夜ご飯終わらせられない…\nでも今日はアイス食べちゃった😁🍨\n\nだんだんあつ森のやり方わかってきて楽しくなってきました😆\n気分転換になります(*^^*)\nカメのような歩みですけどね🐢 https://t.co/Vt8Qmg8Yak'
歩み,'ラグビーを\n辞めると決断し、\n現在進行形で、\n試行錯誤しています。\n\nその後の歩みを\n適当に書き記して行こうと思います。\n\n誰か1人の一個の気づきとかに繋がったら嬉しいです。\n\nhttps://t.co/Bs7R0ooj6s'
歩み,'@abundance_salon @nzmiiirymaaa @chinami19891008 そうそう！わたし夏からちまちま亀の歩みでチャイルドコーチング勉強してるんです。あとちょっとで受験できるところまできてる😂おそっ！だからやっちゃう🥴'
歩み,'誰が見ていようがいまいが、\n自分で納得できる仕事を、\n真面目に、丁寧に積み重ねる。\nそれがおのずと、他の人の見本になっていく。\n人生の歩みはそのようでありたいものです。'
歩み,'今日一番思ったことは、俺は未婚の女上司みたいな人生歩みそうってこと #知ってるワイフ'
歩み,'@rHTsj5p1YLMYG2k ザンビと同じ道を歩みだろうから深追いは避けた方が良いかと。。'
歩み,'あと数センチというところで、風子は歩みを止めた。それを抱き寄せるでもなく、ただじっと待つ。\n「アンディ、あのね、ごめんね、ごめんね」\n「どうした？何でもいい。言ってみろ」\n震える声で突然謝りだすのを、何を伝えたいのかと促す。うろうろと定まらない視線がふいにひた、と止まり、口が開く'
歩み,'積ん読は増えつつも亀の歩みで少しづつ解消。\n久々のこのシリーズ\n『What is the story of Doctor Who』\n年表も付いていて、Doctor Whoの歴史を一通り学べる。\n✅イギリス人との英会話レッスンの鉄板… https://t.co/v7cNZaQMOA'
歩み,'KP 天草 詩音さん\n卓報告遅くなりましたが、ベストエンドにてシナリオクリアでした！ゆったりとした綺麗なシナリオでした。この人が珍しくゆったりと誰かと話したような気がします。彼はきっとこれからも歩みを止めないでしょう。だけど、たま… https://t.co/NUNNYioFyG'
歩み,'『心踊らせたあの日々を 思い出して頬を濡らすような 今にはしないでね』\n\n過去より今を最高にして行こう！\n楽しい日々を思い出して辛い今を泣くより、辛いかった時を思い出して勝ち取った今に嬉し泣き出来る歩みに！\n\n自分ならできるしあなたならできる\n明日の為に今を頑張ろう✨\n#歌詞啓発'
歩み,'信じます。歩みが遅く遠回りをなさっても、必ず私のもとへ来てくれると'
歩み,'久しぶりに膝痛すぎて老婆の歩みになってる'
歩み,'『歩みはノロくても』は余計じゃ！ﾏｲｸﾏﾝ関！'
歩み,'#漢としみつ\n#ウォーキングオンエア\u3000\nとしみつの歩みはいつとまる！？？予想をお答え下さい♪'
歩み,'亀の肉がさまざまな肉の味わいを持っているのと同じく、 結婚もまたいろいろと変わった味を持っている。 そして、亀が歩みののろい動物であるのと同じく、 結婚もまた足取りののろいものである。 【キュルケゴール】'
歩み,'めげそうでも、辛くても少しずつでも前に進もう。\n\n諦めれば全てが無駄になる。\n\nしかし、少しずつでもペースを落として前進すれば、後から必ず結果が出る。\n\n仕事でも、勉強でも、何でも同じ。\n\nどうせ不貞腐れて歩みを止めてしまうくらいなら、ゆっくりでも前進しましょう。'
歩み,'神であることに奢った瞬間、歩みは止まり天井が作られる'
歩み,'資料見ながらフリーハンドで描いてるから進みが亀の歩み…🐢\nでも明日には裏面も裁断できそう\n\nSwitchのうみねこ咲流しながら作業してるけど、咲良い作業用の音楽だ‼︎\n\nパーツ無くすといけないからジップロックにいれとこ https://t.co/T8Mc5W2Fwu'
歩み,'#世界史ここでつまずいた まず歩み出せてなかった'
歩み,'己の弱さを認める事も強さよ。\n…歩みを止めるでないぞ'
歩み,'いやマジで、そのまま歩みを止めずPC踏みつけてやればよかった'
歩み,'@gantoikiru けんけんさんに勇気を頂いておりました。\n\u3000ご家族の方々との歩み、励みになりました。\n\u3000また力強いツイートが頂けなく残念でなりません。\n\u3000心よりご冥福をお祈りいたします。\n\u3000安らかにお休みになられてください。'
歩み,'記念日系の絵はその日に描き始めるしマッチングの合間とかに進めるから亀の歩み🐢'
歩み,'仲良くするのは無理なようですねって明らかに仲良くなる人の歩み方じゃねぇ'
歩み,'@asa_NiziU わかりました？笑 ももクロの歩みはエモすぎるからさ🥺✨\n初回ライブがドームはエグいけどあり得そうだからこわい😇笑\u3000まずはアリーナクラスをたくさん回ってほしいな〜とも思うけどね💡'
歩み,'高齢者切り捨ては反道徳的だという主張も相当な反道徳だよな。最も歩みの遅い者に全体が合わせる政策の先のあるのは全体の沈没だけ。\n誤嚥性肺炎で死ぬ高齢者が少ないスウェーデン（その前に衰弱して死ぬ）と年間死者数4万人弱の日本。\n道徳意識… https://t.co/iGcejR2sQx'
歩み,'@hashikkoma @Kuina0001 @damkosan わたしなぞ、まだまだまだまだですよ(亀の歩み)'
歩み,'あるべき方向に向かって、\n最短距離を最速で進む。\nそれだけを考えていれば、\n歩みが揺らぐことはないんです。\n星野佳路(日本/実業家)\n\n最短最速の道\nすぐには見つからないけど、\n見つかったら、一気に進むべし\n\n介護だから\nお金がな… https://t.co/WVruE1uY5o'
歩み,'それでもなんとか亀の歩みでありますが\n目標だった5万がやっとやっと見えてきた!!\nあと500人！見えてきたよね！\n1万人こえただけでもう御の字と思ってたけど\n数字が上がっていくとどうせなら5万人行きたいって\n思ようになった！\nよし！もうひと頑張り！'
歩み,'最近の私、なんかやる気スイッチ入っちゃっていろいろ頑張ってる。好きでやってるからいいんだけど、「まり湖にばっかり頑張らせて、俺は何してるんやろう…」と夫が凹み始めたのはどうしたもんか…😅\n\n私のポジ圧がプレッシャーだったらごめん。だからと言って私は歩みを止めるつもりはないよ。'
歩み,'亀の歩み\n #バトオペ2 #PS4share https://t.co/9bBT6iqNyr'
歩み,'歩く行為そのものが楽しいのは、目的なき歩みにむなしさを感じないほど、盲目的な間だけ（デュルケム『自殺論』）'
歩み,'トレーナーの数だけのポケモンとの出会いが、冒険が、思い出が、歩み方があり、そこで育まれた愛に優劣なんてつけられるはずもなく、自らが愛したポケモンこそがナンバーワンだということはオタクの端くれとして重々理解してるんですけど、今日だけは言わせてくれ デデンネ、キミがナンバーワンだ…😭'
歩み,'人類はどこへ向かってゆくのだろう。歯車は歩みを止め、後に残るのは茫漠とした暗黒のみ。退廃したこの世界にメシアは現れるのだろうか？\u3000次回、『ともはる、草を食べる』。デュエルスタンバイ!!'
歩み,'パワプロアプリ久々すぎてマママとかの使ってたキャラの選択肢忘れてる\n調べながらやるとカメの歩み'
歩み,'滑稽ですね。十年以上も共に歩みながら、何一つ気付く事が出来なかった等と…。'
歩み,'@schwarz_11011 夢を諦めていなければ私はあると思います。\n休憩して、抱え込んだ荷が下りてからでいいんです。\nまた1歩歩み出せそうと思った時に、また夢を追いかけようと思えた時に、身につけた技術は裏切らないと思います。… https://t.co/F1T4uoH9bC'
歩み,'@Suu__chan53 いつの日も\n共に歩みを\n進めよう'
歩み,'gingaherowfourお前の数年後、統合失調の道を歩み現実逃避\nお前の人生崩壊な'
歩み,'子供時代の憧れのお姉さんが、今も充実して輝いて、歩みをやめない事に、学ばされます🧐\nいとうまい子「アイドルだった私が遺伝子の研究者になるなんて」(婦人公論.jp)\n#Yahooニュース\nhttps://t.co/RhHsqw3nF8'
歩み,'アーティスト宮本浩次の歩みのすべてを収めた決定版インタビュー＆フォトブック、発売に先駆けて表紙カバーを解禁！－https://t.co/rMSTK5OLnq｜ https://t.co/scd5vf6j6j'
歩み,'自分自身のペースで目指す目標に近づいていく😊\n\n例え、半歩ずつでも進んでいることに変わりありません✨\n\n時に立ち止まったり、後退りする事もあるかもしれないけれど、疲れたら休んでも大丈夫です😊\n\n歩みを止めなければ、目標へ近づいていることに変わりありませんから🤣'
歩み,'@mako_ung 実力ある人が歩みを止めるのは悲しいな。\nまたどこかで、お元気で👍👍👍'
歩み,'@CORONANA2 ピクミン達「イッヒ・グラトゥリーレ おめでとう 2人の愛の旅 ようこそ スイスへ\n豊かな自然に包まれた大地を 歌いながら歩こう」\n\n左京「共に歩みながら 歌おう 愛の歌を 川がせせらぐような 花が咲くような 歌声を届けるように」'
歩み,'右手に傘、左手にはほんわり温かい手。「しょーいちさんもっとくっつかないと濡れちゃうよー？」「ぇ……っ、」声をかけると一瞬躊躇うもくっついてくれる。いじらしい姿が可愛くて頬がゆるむ。所々にある水溜りに気をつけながら歩みを進める。「傘の中だし、見えないよ。たまにはいいでしょぉー？」'
