足湯,'@suc_HARU 誤字かと思ったけど誤字じゃない\n\nそのままの通り足湯を感じたのだよ\n\n君にこの意味がわかるかね？'
足湯,'@tsutaya_kotoni サーチさせてくれるから買いやすいと言いながら足湯のところでボックス剥いてた若者いたけど大丈夫か？'
足湯,'@suc_HARU wwwwww\nかなり足湯を感じた'
足湯,'ライブ行けないから \nお風呂で足湯しながら曲大音量でながした\nライブ行ってるみたいで、なけてきたわ'
足湯,'今日はテレワークでお家にずっといたんだけど足先が冷たくて冷たくて……靴下２枚履きしててもダメだった(&gt;&lt;) 足湯が欲しい…！←'
足湯,'アイスボ〜ンて足湯もあるんか'
足湯,'なッ……泣くぞ……？？？\n\nつか今風呂入る気力がなくて無心で足湯入ってたら、二階にいるはずのおかんが替えの靴下置いてくれててそれだけでなんか泣きそうになってしまった\n\n相当参ってんな……えーんシャドエレ絵描きたいのにい'
足湯,'明日誕生日なのでパパが\nサプライズでケーキも\n用意してくれていました☆\nありがとう♪\n\n沢山ある貸切風呂に入ろうと\n思ってたのに\n着いた途端、部屋の足湯に\n身体ごと浸かろうとする娘💦\n結局そのままみんなで部屋の\n露天に入りました(… https://t.co/1e5jTdUP11'
足湯,'かっこよく撮っていますが足湯しているだけ https://t.co/ogMBgepdeB'
足湯,'おきゅおわ〜！\n足湯も巫女召喚もありがとう〜🥰今日もあっという間で楽しかった！いっぱい笑ったなあ🥺✌🏻明日お休みでやりたいこといっぱいやります！ https://t.co/LegVdZKl5I'
足湯,'@ISE_NAKASE 足湯いいですなぁ〜！何気に熱海は一回も行ったことがないので、もし行けるなら観光がてら市街地も周りたさありますねw'
足湯,'さて、足が冷えすぎたから足湯しよう。'
足湯,'足湯に浸かってたけど普段テレビ見ないからテレビの音すら煩く感じちゃってなるべく静かなところを探し求めて更衣室近くのベンチで写真選別してたらまあ場所的に当たり前なんだけど役者さん方が団体で前を通るから顔を上げられないままガタガタ震えてた…()'
足湯,'@mob_gigira68 やっぱ温泉は入りたい、せめて足湯w'
足湯,'はのんはポップ地点が足湯近くだったことからお風呂同盟にすこーしだけ顔出してて、あとは周囲チャでうじうじカウントダウンしてたら祈ちゃんに補足されて1回目を迎えてしまったからなぁ'
足湯,'日帰り温泉旅♨大学の友達と行ってきた！\n昼過ぎの出発だったけどめちゃ楽しかった！\n寄り道で足湯！めちゃ熱くて長く浸かれなかったw \n浴衣を着たけど、早く夏になって欲しい気持ちになった👘\n\n今日で連休一旦の終わり！\n土日フルパワーで… https://t.co/XT2Hbocdbk'
足湯,'@nekogebokudeath こんばんは～\n今の所は足湯教には呑まれていません。😌\n甘い味でしたら呑まれるかもしれないです・・・🙄'
足湯,'関：こないだオレが入った国道沿いの露天風呂が足湯として紹介されていた'
足湯,"'おきゅおわ♪( ◜௰◝و(و ""♨️\n巫女でも足湯でも構ってくれた方本当にありがとうございました😿😿😿今日もはちゃめちゃに笑って楽しかった🎶𓈒 𓂂𓏸\n幸せになろう２０２１(ˊo̴̶̷̤ ᴗ o̴̶̷̤ˋ)🙏💫 https://t.co/KDqM0weZ94'"
足湯,'まって？タイのBLドラマは俳優さん使い回ししてんの？(言い方酷い)\nまだ足湯程度なんだけども他の作品と同じ次元時間の別カップルルート的なことになってんの？？え？？？俳優さん絶対あの作品にも出てたよねって人ばっかなんですがこれはpa… https://t.co/gsY3zFQmen'
足湯,'結局ラにあんよ見せて「どう思う」って聞いたら不思議そうな顔で「かさかさします？足湯しましょうか」って言われて足湯してもらってあったかくなって健やかに寝るし翌朝「そうじゃねンだよな」って正気に戻ったレから話を聞いたラがターミネータァのBGMと共にイグ寮へ出現する（ボーナスタイム）'
足湯,'え、足湯さんの証言合ってない？って思っちゃった。食い違ってるところ、行動じゃなくて感情だった。'
足湯,'D：こないだ純や昇一と行った国道沿いの露天風呂が足湯として紹介されていた'
足湯,'足湯して、ケーキ食べて、夜食食べて、朝ご飯も豪華でランチして…とにかく食べまくりな女子会楽しかったー💓\nありがとう！\n\nこのメンツで集まると、いつも盛り上がりすぎて写真を撮り忘れてしまう😂 https://t.co/39sNOfcdwf'
足湯,'1振目さんが来た頃は好みの人だな程度で足湯ちゃぷちゃぷしてたのにミュそねで急にヒートショック起こしてそこからだから効果抜群なのは仕方ないのかも…'
足湯,'@foiegrassan0221 ふぉあぐらさん、ありがとうございます！！😭😭\n自分が意識して描いたポイントたくさん褒めて頂けて嬉しいですーー！！\n沖田さんと一緒に足湯に浸かってる感が出ているとの事で良かったです(｡&gt;ω&lt;｡)'
足湯,'足湯おわた😗  頭ぽわーんとなた😶😶😶'
足湯,'足湯行きたいな'
足湯,'帰宅ったけど\n夜も遅いので、朝イチにシャワー。\n足湯ぐらいはしたいけどな…\nご飯食べたから薬のんだ。'
足湯,'あんま温泉好きくないけど足湯行きたい'
足湯,'こちらはお寺。。ではなく\n大阪にあります癒やしの杜にしかわクリニックです。檜の足湯やナノミストサウナが設けられているスペースに千手観音様と不動明王様がいらっしゃいます。\n全て見透かされているようで厳かな気持ちになります。 場所:… https://t.co/vyJWT91qJr'
足湯,'そこは足湯って言うのかw'
足湯,'足湯して寝よおやすみ(´O｀)'
足湯,'夜堀より帰宅。\nやっぱ寒かった。。。\n足湯してベッドイン！'
足湯,'陰禅：この間私が入った国道沿いの露天風呂が、足湯として紹介されていました。'
足湯,'@kokoart12106 ここあさん、ありがとうございます！！😭😭\n足湯で温まってるので、少し暑くなって耳に髪をかけたらそれっぽい感じになるかな～と思って描いたので、こだわったポイント褒めて頂けて嬉しいです(｡&gt;ω&lt;｡)'
足湯,'567おさまったら、またバリアンでオフ会したいなぁ✨夜通し上映会して足湯入ったり無料アメニティ使い放題でギャーギャー騒ぎたい😫💕✨ https://t.co/eElIOl4NVG'
足湯,'@2GGm1FdAVsaJYBT 南陽にも足湯あるんすね⬅️初見'
足湯,'とれいゆでーす！\n足湯を利用するためにはびゅうの旅行商品をご利用にならないと利用できないです。\nたまに空きがあると当日、アテンダントさんに言うと足湯券がもらえるみたい。\n\n詳しくはJR東日本のとれいゆの紹介PDFを見てね。(700番台とれいゆ)'
足湯,'足湯でソースを温めつつ、パスタを茹でる！ズボラ最高(*´∀｀) https://t.co/QskokiZzFL'
足湯,'@matsu_moco5 スラリと見える美脚、\n朗らかな表情、\n髪を下ろしたリラックス感……✨\n\n一緒に足湯に浸かってる感が\n素敵すぎます〜✨'
足湯,'＃トロパズル\n最終シナリオが公開されましたね。\n今日も足湯近辺すすめました。\n撮り鉄が置いたと思われる三脚とカメラがあるのがまたなんともいいんですよね。 https://t.co/T6ToD3hTe2'
足湯,'今日も寒いので息子に足湯。もっと早くやればよかった。息子は幼稚園で内も外もほとんど裸足で過ごしていて、靴下も履かず足裏ガサガサで帰ってくるから（笑）、今日は入浴剤（WELEDAのアルニカ）少し入れて足湯。温泉好きな息子なのでノリノリ。いい香りだし、心なしか普段よりマッタリ。'
足湯,'危うく忘れていまいそうだった！昨日参加して下さった方ありがとうございました！VC乗せないと聞いてる側は何話しているんだって思いますが滅茶苦茶面白い会話を繰り広げておりました(笑)\n左から（敬称略）おっぺけ、アルテミス、グラン、ひよ… https://t.co/wKvMMk7lj4'
足湯,'愛用しているものと柄は違うけど、今日はこのモンゴル製のレッグウォーマーがなかったら仕事に集中できなかったわ。足湯には負けるけど、あったかいの。\n\n無地①レッグウォーマー★モンゴル靴下★ウール | nepagle  ネパゴル 雑貨店… https://t.co/yy9F1GwZlk'
足湯,'手足冷えすぎて死んだから足湯したらあったか……足あったか……'
足湯,'拙者、着衣失い侍と申すーーー(馬鹿なので足湯で衣服全部濡らしました)'
足湯,'速水:こないだ俺が入った国道沿いの露天風呂が足湯として紹介されていた'
足湯,'久しぶりにホームに里帰りしたら足湯があったからﾊﾟｼｬﾘ https://t.co/FA2qaVx1mn'
足湯,'彼女ができたら春休みに\n2人きりで箱根に旅行にいって\n\n昼間は風情溢れる下町で彼女と\n足湯をしながらだらだら話して\n\n夜は伊勢エビを食べて\n温泉に入った後\n2人で一つの布団に入って\nそのまま夜の営みを始めるんです。https://t.co/wGQJD1swHN'
足湯,'家で足湯する為に折り畳みのバケツ欲しい'
足湯,'明日のランコースを考え中にふとこんなコースを思い付いた！\nサンガスタジアムまでバイクで行って出雲大神宮までの往復コース！\nで足湯に浸かって帰る😊💦 https://t.co/JAYiswyBCT'
足湯,'@WHITE88075819 こんばんはー！\nお忙しいと思いますのでお気になさらずに☺️\nまさかWHITEさんも足湯教に呑まれてしまったのですか…危険です⚠️\n健康を害しますのでほどほどに🙏'
足湯,'今日のSorappo終了しました😌\n\n寒い中ありがとうございました✨\nアロマ足湯が好評で嬉しいです💕\n体がすっきりしたって言っていただけると、来ていただけて良かったな、また頑張ろう！と燃えてきます🔥\n\n明日もまたよろしくお願いします💕'
足湯,'ごめん、やっぱ高山行こ\n足湯やろ https://t.co/U3A7kn7qW3'
足湯,'@j3QJQ2Tz49Nt1Wt 足湯に入るならカフェ的な飲み物よりほうじ茶とかそういうのが飲みたくなる←'
足湯,'@fs1229suu 寝る前に、ちょっと熱めの足湯（桶的なものがなければ、熱めのシャワーをじっくり足首からかけてあげる）などいかがでしょう？(*´ω｀*)'
足湯,'宇辰｢こないだ俺が入った露天風呂が足湯として紹介されていた｣'
足湯,'足湯なう'
足湯,'@mui_luser 足湯も気持ち良いですよ～🦶♨️\n栄養ドリンクつまりはポーションっ!!\nいろいろ種類があるので、カフェインの入っていないタイプを選んでくださいね😉'
足湯,'PCデスクの下に足湯を導入したい'
足湯,'寝る時足冷たいけど\n靴下ははかない方がよく眠れるね。\n\n足裏で体温調節するから靴下履いてると脳が勘違いして体温調節がうまくいかないからとかなんとかなんかで読んだよ。\n\nずっと足湯してたいわ'
足湯,'@SUKISUKISKIP___ ともぴってゲラだよね笑わせがいがあって嬉しい😗🎶また連番しよー！\nアッ……日曜日は足湯カフェ行きます……🥲✌️♨️ｗｗｗｗ'
足湯,'お風呂上がり～ほかほか～\n\n熱めのお湯には長時間浸かれないので、最初5分ほど肩まで浸かって、あとは気の向くままに足湯してます。'
足湯,'風呂インしてからシャンプーするまでに60分。ずっと湯船に浸かり熱くなったら足湯、寒くなったら浸かりを繰り返してたわ。シャンプーとか諸々完了するまでに90分。貴族か。'
足湯,'温泉地の足湯だけ入って満足するくらいなら、自分家の壁磨く'
足湯,'@j3QJQ2Tz49Nt1Wt 寒いなかで足湯に入りつつ暖かい飲み物飲めたら汗をかくかホカホカになるか…←'
足湯,'ハニーズ大集合ですね✨足湯気持ちよさそう、モルちゃんは眺めてますね。イラストにもちゃんと参加させてくれてありがとうございます。 / 他13件のコメント https://t.co/OhknYVqfve “ハニーズ物語\u3000足湯作りました… https://t.co/jWfOMqAmq0'
足湯,'調べてみたけど見事に……追っていた作品がひっかからないな……よくて足湯'
足湯,'@ygmmky 足湯にも、、、🤣✨'
足湯,'@j3QJQ2Tz49Nt1Wt 足湯カフェ！\nそんな洒落た物があるだなんて行ってみたいですな！'
足湯,'とりあえず足湯浸かってから降りてきて充電器買った\n\nタペット音がする以外はなんともないから無傷だね https://t.co/X0m22MET11'
足湯,'足冷たすぎるときの足湯最高すぎんか'
足湯,'@McXIIDvdI0kgC5K スカート、タイツで生きてる私には、足湯ってなかなか難しい…足湯カフェみたいなのあるらしいよね！'
足湯,'彼女ができたら春休みに\n2人きりで箱根に旅行にいって\n\n昼間は風情溢れる下町で彼女と\n足湯をしながらだらだら話して\n\n夜は伊勢エビを食べて\n温泉に入った後\n2人で一つの布団に入って\nそのまま夜の営みを始めるんです。https://t.co/krE3tMFYuj'
足湯,'彼女ができたら春休みに\n2人きりで箱根に旅行にいって\n\n昼間は風情溢れる下町で彼女と\n足湯をしながらだらだら話して\n\n夜は伊勢エビを食べて\n温泉に入った後\n2人で一つの布団に入って\nそのまま夜の営みを始めるんです。https://t.co/yDI3dVMpsX'
足湯,'@j3QJQ2Tz49Nt1Wt あー確かに女性はタイツがあるからなぁ…\n寒い時期の足湯は良いなと思ったけど思わぬところに落とし穴が…'
足湯,'とりあえず23日は羽田(+足湯) 確定しました。'
足湯,'@McXIIDvdI0kgC5K 足湯いいですね…！でもこの時期だとタイツが邪魔(´；ω；｀)'
足湯,'万葉倶楽部\nこの足湯がいいんだよね〜 https://t.co/zCHU2E2uyx'
足湯,'足湯良いなあ………'
足湯,'足湯してる'
足湯,'秋田新幹線－E6系こまち―大釜駅台車融雪装置稼働 https://t.co/6KD3NbTGPM @YouTubeより \n\n&gt;”こまち”の足湯\n上手い'
足湯,'温泉街行って足湯浸かって街を散歩して綺麗な景色見て宿で美味しい料理食べて露天風呂入って夜はゆっくり眠るっていう週末はまだですか？'
足湯,'@j3QJQ2Tz49Nt1Wt あーそれとても良い！\nあとはさらっと足湯だけとかにも行きたくなる…'
足湯,'足湯さん、天性の恋人…？'
足湯,'足湯さんの可愛さが世界に知れ渡る試合'
足湯,'@kon_yuzu35 都内のとこ行ったけど足湯とかあってさいつよだた🥺♡♡'
足湯,'足湯さんうまいし、なつめ先生賢い…！恋人むずっ'
足湯,'仁川駅にサンドイッチ屋さんができたり夙川温泉に足湯に行ってきたり【今週の西宮】 / https://t.co/zcHTMboRcS\n#西宮市 #芦屋市 #阪神あんてな'
足湯,'仁川駅にサンドイッチ屋さんができたり夙川温泉に足湯に行ってきたり【今週の西宮】\nhttps://t.co/rfTJI0IMXb\n\n#西宮市 #西宮つーしん #にしつー'
足湯,'白子ニューシーサイドホテルhttps://t.co/DTXfxslVhu 潮風と絶景が楽しめる３つの展望貸切露天風呂と気軽におくつろぎいただける足湯。目の前に広がる九十九里の海を眺めながらのロケーションで癒しのひとときをお過ごしください。'
足湯,'足湯が熱過ぎて足突っ込んだらイヒヒぃーー!!!って馬そっくりの声出てエッ私の声帯すごい〜ってなった'
足湯,'足湯しようとして靴下を脱いだあたりから活動がだるくなってしまった'
足湯,'RERGroupNEWS第4弾\n新着物件の紹介\n足湯カフェ＆アーユルヴェーダサロン もみの気ハウス もみの湯\n弊社スタッフの避難場所\n#荻窪駅\n#マンション\n #新着 \n#ドローン\nhttps://t.co/5RBGNlqwIf'
足湯,'@buncho_yachiyo 特に桜ピヨ♂は多い時は1日6～7回位入るのでビックリ～（笑）\n桜ピート♂は足湯好きだし…😅\nもりもり女子仲間のみやびちゃんにますます親近感…笑'
足湯,'この前健志と足湯さんがインポ引いて健志が遺言でじゃあ相方の足湯さんお願いします！って死んでったのと、足湯さんのハイ頑張ります！的な返しめちゃくちゃ好き。パッション白。'
足湯,'スカートで足湯使ってる女子は無限に好き。なんかエロくて'
足湯,'@ramunikumaton TLの波に乗り遅れるとね💦\n温泉街の端っこで足湯に浸かります😅\n\nカム🌈本は今回が最後ってツイを拝見すると寂しいですね…物語はここからガンガン動きそうですけど💦'
足湯,'@Riou_yuki_suger アタッシュさん、ありがとうございます！！｡ﾟ(ﾟ^ω^ﾟ)ﾟ｡\n沖田さんと足湯に浸かって、身も心も温まりたいですね～(*´∀｀*)\n背景や湯気も褒めて頂けて嬉しいですー！！'
足湯,'後藤：先日俺が入った国道沿いの露天風呂が足湯として紹介されていた・・・'
足湯,'足湯とマシュマロ鍋はトレンドいかなかったかー'
足湯,'マリ『こないだあたしが入った国道沿いの露天風呂が足湯として紹介されていた』'
足湯,'すごいどうでもいいんだけど今足湯してるジャンル攻めがコンドームつけてくれない\u3000どうして'
足湯,'リヴァイ：こないだエルヴィンやハンジと行った国道沿いの露天風呂が足湯として紹介されていた'
足湯,'@RaCjytcaHZjj99r 服の袖を折って手を足湯につっこんでる人では無いって事ですかね'
足湯,'足湯が気持ちよすぎて https://t.co/Sd3oC1SKxm'
足湯,'はるた「こないだわしが入った国道沿いの露天風呂が足湯として紹介されていた」'
足湯,'１人足湯さいこーっす…'
足湯,'@komoe_aj なんか来月になっても普通に足湯にいそうな感覚。'
足湯,'焼き芋の怒りを晴らすには、やはりメシで取り返すしかないのである。\n\n安定のお鍋。シンプルな水炊き。体が芯から温まる……そして『足湯』にチャレンジ！これも大成功！体が芯から温まる。\n\nそして既にまた寒くなってきてるwwwやっぱりさみ… https://t.co/cf7wzkc3Y9'
足湯,'立ちっぱなしで疲れた？\n足が疲れたら気力もなくなるよな...\nあともう少し頑張れ！\n終わったら、俺と一緒にゆっくり足湯にでも行こうぜ！'
足湯,'【個人的に衝撃的だった事実】\n蘭丸：こないだ俺が入った国道沿いの露天風呂が足湯として紹介されていた'
足湯,'蔵王を超えて\u3000上山に来いよ\u3000足湯がそこいらで出来るよ #来いよ宮城'
足湯,'足湯してきた🛁*。'
足湯,'就寝前に入浴できない場合は「足湯」をするのも効果的。洗面器などに40℃程度のお湯を入れ、15分ほど足を浸します。足先から身体がじんわり温まり頭寒足熱いを実現するので、入浴せずともぐっすりと眠れるようになります。'
足湯,'久々にエオイン！\n足湯のハウジング遊びにいってきました～。内装の実際にアル感じの作りがすごくよかった！！\n４枚目はコスプレの冬用アレンジですw\n #FF14 https://t.co/TWSX2XYFqe'
足湯,'#キハ220系の日\n足湯とキハ220\n撮影日  2021/01/04 https://t.co/UnTFkRIp7L'
足湯,'一昨年の夏は、八ヶ岳で夏の大三角を観察したり、滝に行ったり、川魚釣ったり、諏訪湖で足湯したりしたのです。またやりたいなぁ、行きたいなぁ。'
足湯,'家に帰って靴を脱いだら足が臭い！今すぐ何とかしたい！そんなときにはクエン酸で足湯をしてみてはいかがでしょう。\n\n洗面器にお湯を張ってクエン酸を大さじ2くらい入れます。そこに足を入れて5～10分おいてから、清潔なタオルで拭きましょう。足はしっかり乾かしてくださいね。'
足湯,'えええ、足湯さんからフォロバ返ってきた！！！！！！！うれしいいいいいいいい https://t.co/VTR1mb5qOO'
足湯,'春夏秋冬特番からのアニメ一挙とても楽しかった！\n今回の記憶は足湯バーとマシュマロ鍋！コメ欄最高ありがとう！\n#エーアニ \n#エースリー冬組特番'
足湯,'🐬夜、足湯に行けた❗️ポカポカして気持ちよかった💕近くにあることに感謝✨\n🐬今日もたくさん話せて楽しかった😆\n🐬今日も１日仕事頑張った❗️\n\n#ほなチャレ\n#Honami\n#大丈夫すべて思い通り'
足湯,'@Hiryu777ykp 足湯ありますよね🥰\n喜連川の竹末本店も人気ですね🥰'
足湯,'足湯が良かった https://t.co/Gy1WvojDzh'
足湯,'冬組一挙のコメ欄のみんな足湯バーで集合な!!!!!!'
足湯,'足湯が素敵♪ #PS4share https://t.co/tz8lkgEqMZ'
足湯,'自カプ足湯デート見たいです'
足湯,"'おきゅおわ♪( ◜௰◝و(و ""⛩\n今日もありがとうございました😿毎日楽しい〜〜〜幸せ〜〜〜！！！\nスプラトゥーン３楽しみぽよよよよよん🥺🥺🥺🥺\n明日は足湯だ♨️♨️♨️ https://t.co/hbNc2jXSNS'"
足湯,'2021.2.14  新潟3社詣り・他\n西蒲原郡弥彦村\n\n湯神社から弥彦公園内のトンネル抜けて少し遠回りして弥彦駅へ📸\n神社ぽい駅舎でしょ⛩✨\n\n駐車場の脇にある足湯で一息♨️\nここに足湯あったんだね！\nかなりぬるめだよ😆 https://t.co/0OHJVfFerG'
足湯,'本日は、中央区の プレミアホテルCABIN札幌 へ行った。\n\n土曜なので混んでるかと思ったら空いてた😆半年前に行った時からサ室が模様替えされて4段になっていた。貸切だったのでセルフロウリュもやった😉ととのえ処のススキノの滝(水シャ… https://t.co/PPaXAd2vf5'
足湯,'ホークス：こないだ俺が入った国道沿いの露天風呂が足湯として紹介されていた'
足湯,'足湯バーで会いましょう！ @ABEMA で視聴中 https://t.co/ljihgOPdaw #エーアニ'
足湯,'足湯バーで集合しましょ！ @ABEMA で視聴中 https://t.co/B7Rk62MY4B #エーアニ'
足湯,'お湯に浸かるの無理そうでもせめて足湯だけはするようにした。\n一瞬で誰にも見られてなくても舞台で無様は晒したくない＆父方の遺伝にも逆らいたいから代謝を良くしながらマッサージする今日この頃。'
足湯,'@snow_moondays 足湯でwww←クエスト行けw'
足湯,'例の足湯\n例のたらい船 https://t.co/pEYwoCwvy9'
足湯,'アーミー「この間ワガハイが入った国道沿いの露天風呂が足湯として紹介されていた」'
足湯,'@mfty2 ありがとうございます😊\n足湯して温めます！！！！'
足湯,'@yugioh_0822 意外にそんなことないですよ！\n\n毎日餌あげて、床材変えて、足汚れてたら足湯に入れてあげる程度ですよw\n\n後はたまに虫をご褒美であげるくらいですw'
足湯,'@ayane_ys4666 温泉(家族風呂)や近くの足湯で癒されるんやで(・∀・)\n\n(尚温度低すぎて風邪引いた)'
足湯,'トミィ：こないだ俺が入った国道沿いの露天風呂が足湯として紹介されていた'
足湯,'@nipoko3 足湯したらええやん（笑）'
足湯,'@indrelkei 足湯行こう！'
足湯,'凍えきったスキー帰り寄る鬼怒川温泉駅前足湯足入れるたとん脳天から汗シャワー(笑) https://t.co/rNQqlTQHVA'
足湯,'A3!のアニメのコメント(AbemaTV)で、足湯BARが話題になってるの本当に好き。あと、浜と海が伏線になってるのも本当に大好き。'
足湯,'足が冷え冷えや……せっかく足湯したのに即冷やしたもんな🙄'
足湯,'エリカラは殆ど外していないけど、足湯→投薬→ご飯の流れの合間に外しているのでその時に壁や加湿器にぶつけて傷が入ったのかも。\n先生には言えなかった…😞'
足湯,'数日ぶりに動かした(´ー｀)また足湯してるけど https://t.co/eMdFYn5qaY'
足湯,'えあに一挙、コメ欄で足湯行こう行こう言われてて草'
足湯,'足湯バー行きたいなー @ABEMA で視聴中 https://t.co/5I9D3MRmpT #エーアニ'
足湯,'今日も足湯'
足湯,"'ここ2,3日足元が妙に冷える。また少し食べすぎてるからかな。(昨夜は甘いものまで食べてしまった)\nお昼間に少しだけ足湯したらホッとしたよ◯'"
足湯,'足湯に中々出れてない中なのですが、\n姉の里帰りが早まってしまいお手伝いを任されているため3月いっぱいまで足湯お休み頂きます(＞＜)\n4月からは平和な世界が来ていることを願い、復帰して沢山出れるように計画しているので待って頂けたら嬉しいです😣また会える日まで楽しみに頑張ります✨'
足湯,'Abemaのコメントでこのあと足湯行けってみんなに言われててしんどい'
足湯,'足湯のあとのBARは酔いが早くなっちゃうよーw @ABEMA で視聴中 https://t.co/5I9D3MRmpT #エーアニ'
足湯,'@hirarinpa7 喜連川\n足湯があるとこですね\n竹末も何回か行ったことありますよ～'
足湯,'足湯コメントばっかよww'
足湯,'足湯からのバーでデートは草'
足湯,'これは足湯だね @ABEMA で視聴中 https://t.co/5I9D3MRmpT #エーアニ'
足湯,'やっぱり足湯には敵わないかなって感じ'
足湯,'ローション攻めの直前に足湯で足の裏を温めてみたのですが、その後の感度（反応）が普段より良好な気配がします。\n次は全身を入浴させて温めてからのローションにすることで、果たして感度が上がるのかを実験したいと思います。'
足湯,'足湯？スタバ？どっち行けばいいの？'
足湯,'湯船に長くいると動悸が…うぅ、せめて足湯だけでもする…'
足湯,'足湯でて中多さん､､､❗ってなった'
足湯,'@nagai_mariko 真理子さん😊お疲れ様です。😄京都に前乗りしたんですね\n嵐山に行かれたんですね\n私も前に息子達と行きましたよ😄\nその時は足湯♨️☺️♨️に浸かりました。😊\n\n明日のサモール最高のLIVEにして下さいね🤗👍… https://t.co/7RhISzdQ2M'
足湯,'コツコツ何か置いていくスタイルのFCハウス地下と個室。\n個室は足湯(水？)完備ですｗ https://t.co/ZaIkmLwohp'
足湯,'情報量の多い看板。嬉野にて。\n足湯売ってんのかー、さすが温泉地だなぁとか思ってたら足場だった。 https://t.co/vRTqLcSEuW'
足湯,'明日は友達と足湯に行って誕プレ買いに行きます🥰'
足湯,'足が冷えやすいとむくみが原因で足首が太くなりやすい。\n自宅でも足湯をしたりして足が冷えないように工夫したり、\nバスタブの中で足首をくるくる回して血流をよくするのも効果的。'
足湯,'最近ドライブがてらあちこちの温泉地の足湯に凝ってます\u3000いろんな温泉地の下見をしながら、今度はここに泊まりたいねって\u3000石川県は温泉地がいっぱいあって悩む所です…'
足湯,'@y_lily1224 あら！\nまじで！\nわたし、足湯から急に、ズブッとバシャッとハマったよ|ω･`)\nゆーきちゃんももうすぐだね…😏'
足湯,'@X_kyoko_I 伊豆高原駅前の足湯に興味あります♨️'
足湯,'@ashiudana オッホ♪そうなんですか？足湯氏ならとんこつラーメンかと妙な思い込みがw'
足湯,'@jitsuco あら🤭私まだ足湯くらいなんですけど(笑)\nジツコさんのツイ見てニヤっとすることがあります😏💕'
足湯,'お師匠様と足湯のお姉さんと\n部屋の皆さんとパシャリ\n#MHWIB ##MHWアイスボーン https://t.co/4Kwu5VZty4'
足湯,'足湯王かわいいから見て…\n\n【Among Us】１人の役職を２人が守る「王護衛」作戦が、、、弱い！！！ https://t.co/gbwP7pWjGA @YouTubeより'
足湯,'@ikechan_ninja いいところですね～🎶\n夏はここの川で足湯ならぬ足水したり、温泉入ったり♨️\nお気に入りの場所です☺️'
足湯,'@takabo_eki やっぱそうなんですかねー🥺\nこないだ行ったとき足湯は復活してて嬉しかったです！'
足湯,'@ongaku696 足湯で混浴怒るひと、人格破綻してるやろw'
足湯,"""I'm at 龍の足湯(松島温泉) w/ @plliny_dokugou https://t.co/CMPExgHbJq"""
足湯,'@nipoko3 足湯なら、混浴しても、そらまめちゃん怒らないかな(。・_・。)ノ'
足湯,'@asiyu210 まさかご本人からリプ来ると思わなかったです😂✨\n自分が仲良しボタン推せるなら、足湯さん指名します(笑)'
足湯,'【諏訪子さまパスケース】足湯 | すわんこ堂 https://t.co/a7qr9lf40D #booth_pm'
足湯,'あ、つぐ。足湯入れば？気持ちいいよ〜 ##青葉モカ'
足湯,'天子「こないだ私が入った地底の露天風呂が足湯として紹介されていた」'
足湯,'今日は足湯貸切ー！\u3000からの、観光客さん続々で切り上げました♨️ https://t.co/XEaL2Forfa'
足湯,'足湯カフェ♨️と釣りみくじ🐟\nインスタやってないけどインスタ映え〜な写真撮れた💕 https://t.co/Cikkn2dY43'
足湯,'歯をぎゅっと噛み締めていないッチか？気づいたら離すようにするといいッチよ。もしかしたらストレスを感じているかもしれないッチから、温かくて美味しい飲み物を飲んだり、手浴、足湯をしたりして、じぶんをいたわってあげようッチ。'
足湯,'@nipoko3 足湯、入りたい(∩´∀`∩)💕'
足湯,'佐久間ニキはこのアニヲタニキ面とアイドル面両方持ってるから沼に落ちやすい。わしも足湯してる。'
足湯,'爪切り足湯頑張ったおこげです笑 https://t.co/ELwTRa4758'
足湯,'うーん浜坂駅周り足湯しかねぇ！'
足湯,'@kaisen701 ホントですか！？\nお会い(エンカ)出来ず残念でした…。\n最近は2つ向こうの駅の方が(足湯で)頑張っています。🙄'
足湯,'あ、足湯も行きたいわ'
足湯,'おそらくだけど手動改札の設備を撤去した跡地使ってるよね。\n無駄にだだっ広い空間になっちゃってる駅ならよく見るけど、足湯作るのはめちゃくちゃ有効利用だと思うわ。'
足湯,'足湯さん面白いなぁ、\n仲良しボタン押してみたい'
足湯,'上諏訪駅の足湯めっちゃ気に入ったよ〜\n駅のホームに作るもんじゃないくらい大きいのよ。 https://t.co/LOHB9L2ZOi'
足湯,'サンズ：この間僕が入った露天風呂が足湯として紹介されてた時の話しようか'
足湯,'@toro_memo その3体以外のでんこは足湯対象外なんですかね？？🤔'
足湯,'軒先を塒（ねぐら）としている──と、あとは肥満の科学を愛するその日暮らしの独身男性ぐらい。たまに傷薬（しょうやく）売りの社員が町の近くまで来るようだが、閑かなものである。私の助手達はそれぞれ研究所内で筋トレや瞑想、撞球に造花作りの… https://t.co/PbPDJL6y7F'
足湯,'「足湯吊りが正解です」が語録になってるの草'
足湯,'足湯吊りが正解です'
足湯,'@k__y_uu_ いつか会う時舐めます。\n足湯行きましょう'
足湯,'足湯も入ってみかんも食べた！ https://t.co/4qB4pFbTi7'
足湯,'足湯さん、、アマングアス始めたての時はクルーメイトなのにインポスターCOみたいなことして吊られてたのに、、、成長したな（誰）'
足湯,'@remiacq 足湯ポーカー面白そう！'
足湯,'ノるどん: 足湯でｗｗｗｗｗｗ疲れをｗｗｗｗｗｗｗｗFootBathｗｗｗｗｗｗｗｗｗｗｗｗｗｗｗｗ'
足湯,'@x3e8_h ね😂\n足湯barは男前がやっても「は？」だよね\nドクターフィッシュの話もしてたけど、彼女の方に魚大量に集まってたら絶対ドン引きじゃん'
足湯,'・ω・らかうぃー足湯の発見時の視点が観たいなあ'
足湯,"""まだ登録して4日目だけど、間違いなくT's Licenceはトドメだったなーw\nここ10数年、足湯状態でのんびり使ってた沼に、2月3日に足を滑らせて落っこち直して、あーでもやっぱここ居心地いいかも・て思ってたところに、Licenc… https://t.co/hCeXs9KwzB"""
足湯,'@yukimamafx 書かれていない条件\n・週休0日制\n・深夜呼び出しあり\n・糞尿の世話あり\n・ソシャゲのリセマラ、周回代行あり（wifi環境要\n・足湯ワイン飲用あり\n・無限の部屋掃除'
足湯,'ネズミ「こないだ俺が入った国道沿いの露天風呂が 足湯として紹介されていた」\u3000 #No6'
足湯,'足湯がある素敵なカフェ\nときめく見た目してた https://t.co/xXmo8l2i2z'
足湯,'@StewEucen 足湯は笑いました🤣'
足湯,'キャンプで足湯がしたい欲を満たしてくれる道具を作ったので記事としてアップしました♨️\n\n#キャンプ #癒しキャンプ\n\nhttps://t.co/lfoufYCd4l'
足湯,'伊東駅到着近くに通過した伊東マリンタウン。\n久しぶりに足湯行きたいな♨ https://t.co/zxiAvEjOPq'
足湯,'@OldStyle_TRPG 洗面器にお湯張って足湯\u3000(\u3000゜ω゜)'
足湯,'@hiro20000ne そうなんですね！\n\n私も何度かは行っていたのですが、海沿いと足湯の方までしかいつも行ってなくて、その先（公園の入り口）がある事を今日初めて知りました😅'
足湯,'私はこの土日で猫と戯れ\n旨い飯を食い\nババアみたいに長々と足湯に浸かりました'
足湯,'@satoru_510 明日も休みなので虎ビルからの巫女足湯にいます'
足湯,'律架:この間ユイちゃんと行った国道沿いの露天風呂が足湯ってテレビで紹介されてたんだよね。\n唯架:だから浅くないですかと言ったじゃないですか！'
足湯,'@taloloon 行ってみて！足湯ただだからwwwwwwww'
足湯,'@dekopaaa 話し込みまくったもんね😂あと美味しいもの食べてドライブとか足湯とかもいいな😚💕ファブル2見たら感想教えて💕'
足湯,'白子ニューシーサイドホテルhttps://t.co/DTXfxslVhu 潮風と絶景が楽しめる３つの展望貸切露天風呂と気軽におくつろぎいただける足湯。目の前に広がる九十九里の海を眺めながらのロケーションで癒しのひとときをお過ごしください。'
足湯,'今日暖かいのにお風呂の温度高すぎた、熱すぎて浸かってられない足湯しかできん'
足湯,'ティーツリー🌿オイル届いたからあしたから足湯しよう。季節の変わり目だから体調崩しやすいしリラックス！楽しみだな。春🌸🌸🌸待ち遠しいな！ https://t.co/PFdow28fFD'
足湯,'@yuu770777 いいねー\n\n金沢の帰りに、みんなで足湯してハマった？まえにも行ってたよね'
足湯,'@ami06dai08sei10 わぁーあみちゃん❤️\nめめこじがキャッキャしてた足湯だ〜🖤🧡\nいいな、いいなぁ〜(♡´∀`♡)\n涼太くんと娘ちゃんとラジオ聴きながらのドライブにロケ地巡り❤️\nすてきな一日だねー!!'
足湯,'フルーティア「ふくしまのスイーツを\n味わわせてくれる！！」\n湯けむり「巡りましょう、奥の細道。」\nとれいゆ「足湯に浸かって楽しむ\n山形旅へお連れします」\n\n\\\\\\＼南東北を楽しもう！！！／///\nhttps://t.co/f3IOTsOAYj'
足湯,'足湯してタバコ吸ってるガラ悪いやつ https://t.co/BPQvubKEZb'
足湯,'@lemon_kimekuma んね、わあー淳太さんどんまいってなったよね笑\n組み合わせじたいもうダメだよ笑\nいやそれな？？足湯行ってからのBARはもう若くないのよ。笑'
足湯,'足湯さんの放送画面めちゃくちゃ可愛い！！すごい！！'
足湯,'@7MHTcMglzPA7cNa 足湯さんがつかってる！！！多分！！！'
足湯,'@yoxy_yokki 足湯で溺死は流石にないやろw\n電気ケトルで溺死なら3回くらいあったけど'
足湯,'@ksakura_yonago よく最近仕事終わりに足湯入って帰ります🙆\u200d♀️'
足湯,'足湯をふっとばす'
足湯,'@rinchanekism 足湯のみにバブ使うネキ様さすがww'
足湯,'さいちゃんのキャプションうますぎなんだよなぁ！！！さすが神小説書き。\n中華料理のふっかさんの1問目でこれはヤバイと思って一度動画を閉じた…足湯だけではすまない予感がしている……しゃいにも明日カムバだっていうのに'
足湯,'白川郷の近くの道の駅で夜の澄んだ空気の中で浸かる足湯は最高なのですよ\n今まだあるかは、そうねぇ'
足湯,'今日は天気がいいので\n沼田までドライブ🚗\nピザおいしかったぁ！\n\nほっこり。まったり☺️\n足湯もきもちかったな。 https://t.co/WKbf7SpPMQ'
足湯,'帰宅んに\n\n鹿児島ツー⇒解散して玉名の足湯お疲れした〜😀\n\n馬鹿みたいに走って疲れた(笑) https://t.co/CbukbSNuAF'
足湯,'@77piyo 足湯スタイルでドクターフィッシュに角質取ってもらえるアミューズ作って欲しいです。\nなぴさん海外でトナメ優勝して賞金でアミューズ作ってください🙇\u200d♂️'
足湯,'ゆうてもうねむねむの民なんで寝たいです。足湯して寝る準備しつつ観ます'
足湯,'温泉回良かったナ……\n今日の風呂、最初5分くらい足湯してしまった\u3000空気を味わいたくて'
足湯,'【火事】福島県いわき市常磐湯本町三函（鶴の足湯）付近で火災発生・・・現地の情報がSNSで拡散される！！https://t.co/jgOG5UhKmY'
足湯,'@ppp12345mori さすが王国民ですね🤗足湯正義'
足湯,'お風呂行けって言われてしまった…\nせっかくぞにきさんと飴猫さんと足湯さんが同村なのに…アーカイブで追います😭'
足湯,'@x3e8_h ほんとそれ笑笑\n同部屋連帯責任ってきいたとき、あ…惇太さん…ってなった笑\nそうそう😂組み合わせちゃダメ笑笑\n足湯がメインのデートはもうじじばばなのよ'
足湯,'@rinchanekism 今から溜めるのは時間がかかるので足湯👣♨️にしようと思います🙆w'
足湯,'週末の施術は「パリの調香師ブレンド」\n\nガラクソリド（合成ムスク）香るシーツ\n洞窟の中の香りをイメージしたアロマ\nグリーンノートで深呼吸\nシナモン×レモンの足湯に終わる\n\nお客様と読書会のように映画の感想を交換し合いながら、豊かで… https://t.co/PRin93VKZ6'
足湯,'@ppp12345mori だいじょうぶよ👌ワシもちょうど抜けたろって思ってたから抜けた😗お風呂は足湯ですか？'
足湯,'銀山温泉いきたい\n\n『足湯』新幹線 とれいゆつばさに乗って銀山温泉に行ってきました【福島駅→大石田駅】 || Footbath Shinkansen&amp;Ginzan ... https://t.co/kbKkfZLVGv @YouTubeより'
足湯,'高田さんが生きてる足湯さんは吊った方がいい。生きてるときはインポスターだからって言ってたの何かわかる！'
足湯,'スキーのあとは草津温泉まで車を飛ばしました！😆\n3枚目は足湯でインスタ映え狙ったら水属性のヴェールをまとったやつ\n#ボンゴの車中泊スキー https://t.co/rJWXwGjbHx'
足湯,'@finameco 足湯で！'
足湯,'アニキの方が優勢ですぞ！！！がんばれぇーい足湯王！！！源湯がんばれー！！！'
足湯,'寝る前に足湯とスチームタオルは欠かせないね'
足湯,'@TaaaG_chan 今から足湯がめんどくさい🤣🤣🤣\nだれか、足湯持ってきて🤣🤣🤣'
足湯,'こないだ俺が入った国道沿いの露天風呂が\n足湯として紹介されていた。。。。'
足湯,'足湯は暖まるね～☆疲れをとらなきゃ☆\nフットバス 折りたたみ式 43℃保温 コンパクト収納 バブル機能 リラックス 保温\u3000https://t.co/c8yrbWfoRM'
足湯,'Bunta「この間入った国道沿いの露天風呂がテレビで足湯として紹介されてた」'
足湯,'足湯できる桶ほしい。\nけど、あんまりでかいと邪魔だよなぁ…'
足湯,'足湯王国民だからお風呂は足湯なんよね、'
足湯,'足湯したい。'
足湯,'足湯着〜♨️'
足湯,'空渡「この前俺が入った露天風呂が足湯として紹介されていた」'
足湯,'悟の1週間の予定\n月→東堂葵と魚釣り\n火→冥冥と3秒クッキング\n水→真人と鬼ごっこ\n木→パンダと宇宙飛行\n金→伏黒恵とスイカ割り\n土→五条悟とバンジージャンプ\n日→釘崎野薔薇と足湯\nちなみにこの一週間の間に乙骨憂太とコ…… https://t.co/IrKzqAF5qj'
足湯,'@Akari26amongus 足湯っちゃんのもの…？'
足湯,'@ayli_memo ルース潰しに関係なく足湯でこじ開けに来ているパターンだったりしません？\n\n※ブラック指令…怪獣娘黒コラボ。一発だけ100%発動で違う仮想ホームへ強襲(発動後直ちに長いクールタイム)。これを「累計移動距離に応じ… https://t.co/qk7wlFUEs1'
足湯,'ひのき乾式足湯なう♨️ https://t.co/troUiaQMv7'
足湯,'足湯は控えめに言ってサイコーだった。ぬるいのが良いね。 https://t.co/vNDZBZozJe'
足湯,'足湯乙した！\n安定にみんなのバイク写真撮り忘れ😇🤷\u200d♂️'
足湯,'@_akkyann やります_( ˙꒳\u200b˙ _ )！！\nコメントありがとうございます✨\n私も足湯でつかれをフットバスします⸜(* ॑꒳ ॑*  )⸝♪'
足湯,'休日はなにも考えずリラックス。アロマの足湯の後、おいしい☕をいれてスイーツを楽しむこと。#私のご褒美時間\n#チーズタルトタタン https://t.co/Ixb9HkPO92'
足湯,'足湯中でございます♨️ https://t.co/mCpPpZeUCQ'
足湯,'おまけ\n足湯でのんびり…\n\n1匹とんでもない化け物がいますね笑(´・ω・) https://t.co/5IiMRSCmnM'
足湯,'@lemon_kimekuma 任せる任せる！！\nいやまずさ、コーナー始まった時点で罰ゲームこの人だなーって分かったよね笑\nいやそれ、足湯行ってからのBARだっけ？笑'
足湯,'カナデ：この前あたしが入った国道沿いの露天風呂が足湯として紹介されていた。'
足湯,'@jooo_sky 足湯ブランコw'
足湯,'@x3e8_h いいよ(?)笑\nいすみんまかせろっ！\n隣の人トークも面白いし美味しいとこすーぐ持ってくから笑\n後、下の人たちの足湯barは笑った'
足湯,'足湯で疲れをフットバスwwwwwwwwwwwwwwwwwwwwwwwwwwwwwwwwwwwwwwwwwwwwwwwwwwwwwwwwwwwwwwwwwwwwwwwwwwwwwwwwwwwwwwwwwwwwwwwwwwwwwwww… https://t.co/jO1nRAl13V'
足湯,'@asiyu210 足湯 → 筋肉だるま アゲアゲ盛り上げ将軍'
足湯,'西条市の湯之谷温泉の足湯カフェでは西条の美味しい野菜や果物を使ったメニューが味わえます。是非みなさん西条へお越しの際は、お立ち寄りくださいね！https://t.co/mDs7z6hWJC'
足湯,'@genchosu2525 正確にはサントスさん「も」って言ってたからみんな足湯さんのもの？？🤔笑'
足湯,'足湯\n\n#道の駅もっくる新城 https://t.co/cbfGxZTF7E'
足湯,'@ssJpLeeFqDwVykI 足湯いいね🤗\n温泉行きたいな😆'
足湯,'@apricotmana 足からの疲れもありますからね😀\n足湯とか健康になりますぞ🙆'
足湯,'ビーグルと一緒に足湯に行きたい\u3000温泉は緊張しちゃうから足湯\u3000お茶とか飲みながらのんびりおしゃべりしたい'
足湯,'一昨日の夜までは「本当にお乳出るのか…退院しても出なかった時って…」て心配になってたんだけど、助産師さんが「母乳には栄養、睡眠、水分！」と教えてくださったり、身体を温めた方がお乳の出が良くなるからと足湯を準備してくださったりとすごく親身になってくださった。お陰様で今胸が無事痛い😭'
足湯,'そして今日は\n足湯後に玉川上水駅からバスに乗って\n文明堂の工場直売所と\nその向かいにある\n歌舞伎揚の天乃屋の工場直売所で\u3000オヤツを大量買い。\n\n車があればもっと買えるのになー。\n近くに大型イオンもあるから\n家族連れ多し。'
足湯,'雪ミク雪像の制作過程を見に行った時に足湯の裏辺りで作ってたアレですね⛄️そっくりでした。 https://t.co/TF8gQTkZLT'
足湯,'足湯のときの服だっけ'
足湯,'玉川上水駅近くに\nひっそりとある足湯が好きで\nちょくちょく行ってる。\n\n無料だけど超綺麗。\n玉川上水沿いをお散歩できるし\n東大和市駅から行けば\n電車の車両基地も見れるし\n周りになーんにもないけど\n自然たっぷりで最高。\n\nhttps://t.co/S34WkAvEZ1'
足湯,'今日は特にお風呂じゃ無くって\nまじで温泉入りたかった…\n\n全然行けてないしせめて伊香保の足湯くらい行きたい♨️'
足湯,'今日でもポーカーしながらたくさん話しかけて貰ったし楽しかったなーー\n反省するところもあるけど\nロングストラクチャーたのしい\n足湯に浸かりながらポーカーしたい'
足湯,'家で足湯をする時に、アロマオイルを数滴入れます♪  半身浴する時もたまにいれます。でも半身浴の時は入浴剤が楽しいと思ってます(*^^*)'
足湯,'道の駅八ッ場ふるさと館、開業して間もない時に行きました。よく、ヤマザキショップのパン目当てで寄ります。でも、最近は全く長野原方面へは行っていないです。\n\n電車で行くとかなり歩くから遠いけれど、道の駅あがつま峡っていう施設もあります。そこは、足湯と天狗の湯という温泉施設があります。'
足湯,'足首から下は今日のような日でも冷たくて足湯してから家を出たというのに何故手は常に暖かいのか🤔暑さには強いのに関係あるのでしょうか🌞'
足湯,'@matecomtiti ﾑｳﾝｻﾝﾒ足湯'
足湯,'新しい足湯「湯っつら広場」までお散歩🐾\n観光客らしきファミリーやカップルの姿を多く見かけました\n\n足湯きもちよかったー✨ https://t.co/4TJAj8H6oo'
足湯,'@CDUP14 足湯祝祭歓迎学ラン。'
足湯,'中二病キャラいいよね(*´ー｀*)\n星ちゃんと契約の儀式交わしてきました\n万次郎足湯のお姉さんどうもありがとうございました❗\nグッズ展開すると全国のファンがやって来ると思うので是非お願いします❗ https://t.co/Rgw9kiIy8C'
足湯,'@classicfunfun Footbus Festival なら足湯祭りww'
足湯,'ホテルに足湯ついてる！\n#裏アカ男子\n#裏アカ女子と繋がりたいᅠ https://t.co/TUyIo07KI9'
足湯,'予定がいっぱいで\nおゆはん食べて ちと息切れ😂\nよくやったわ～\nお風呂パス…足湯にします*´꒳`ฅ'
足湯,'新橋のアスティルさんに来ました！\nタイミング合わずオートロウリュを浴びれなかった…泣\n水風呂の滝とライティング、整いベンチの足湯？水？変わった作りで勉強になりました\n1番うわ！ってなったのは、化粧台で乳液をつける時前髪邪魔だで、上… https://t.co/5SXrdwVbLB'
足湯,'足湯じゃなくて足浴ってナチュラルに出たな…'
足湯,'YouTubeへ投稿しました。\n伊香保温泉「岸権旅館」\n少し古いですが、映画「テルマエ・ロマエ」の足湯シーンの撮影に使われたお宿です。よかったらご覧ください。\nhttps://t.co/kncZSQSMQG @YouTubeより https://t.co/J5oM2Oedsc'
足湯,'@LapisLazuliOrca 私も氷川神社付近をフラッとしたことはありますが、足湯は行ったことなかったです〜！！♨️☺️♨️\n椿の蔵ってお店ですね！！\n教えて下さりありがとうございます😊💕\nうさぎさんの箸置きも素敵･･･🐇\nこりゃ、散財しちゃいますね(๑°ㅁ°๑)！'
足湯,'夏場も楽しい湯田中温泉街は岡本太郎さん縁アレコレや足湯や、何より無料でいいの？？？？？？とびっくりするような美味しい楽しみも🥒🍅✨✨\n\n #民生に届け長野自慢写真選手権 https://t.co/DglQqzVjW2'
足湯,'@scarface0601 足湯はすかふぇニキに任せてこっちを作り込みたい！'
足湯,'@Kamui_light46 あしゅが足湯だと(￣ー￣)ﾆﾔﾘ https://t.co/uFvqwnH61v'
足湯,'おきゅおわ〰️❕\nいい感じに酔っ払って楽しかったお裾分けありがとうでした😿😿😿足湯召喚も大感謝だ〜〜〜( ;ᯅ; )生かされた、、、 https://t.co/NzonKpSVEM'
足湯,'@ecxaOSAltV9oEBh @makotor332550w せめて駅にある足湯とか💦'
足湯,'彼女の飛鳥と旅行にやってきた。観光していたら足湯を見つけた飛鳥はすぐに入ってくつろいだ。 https://t.co/1YOag2QOtR'
足湯,'@h35Q10eXWcEqb1V 足湯じゃなくて海なの😅😅😅\n\nそれは悲劇すぎるwww\nデータ無事だった？😅\nアヤはトイレにスマホぽちゃんした友達を知ってるよ😇'
足湯,'@honohonohoonoo 熱海でのトイレと足湯は欠かせません\nいいですねぇ\n最近太ってきたので食べる方は程々でw'
足湯,'RERGroupNEWS第4弾\n新着物件の紹介\n足湯カフェ＆アーユルヴェーダサロン もみの気ハウス もみの湯\n弊社スタッフの避難場所\n#荻窪駅\n#マンション\n #新着 \n#ドローン\nhttps://t.co/5RBGNlqwIf'
足湯,'@LiSA02217754 こちらこそです♡\n足湯入ればよかったなぁーっ♡\nあすなさん、またお会いしましょうね❤'
足湯,'羽田イノベーションシティー\n誰もいない貸し切り足湯❤ https://t.co/tSauX4BFE3'
足湯,'昨夜から線維筋痛症ふたたび。\n今日は歩けないで這いつくばっている。\n関節炎まで併発したらまた杖や車椅子に逆戻り。\n\nとにかく痛過ぎて、何かで気を紛らしてみたり、足湯してみたり。\n\nこんなときこそ癌性疼痛用の鎮痛剤を頓服する。\n上手… https://t.co/5anaDguLDE'
足湯,'@mimiko_newmoon 足湯なんだ！！露天風呂かと思った❤'
足湯,'@monokuro817 これユクモの足湯クエだからクリアした後に足湯に浸かってきたよ♨️'
足湯,'足湯さ〜〜〜ん！優しい〜〜〜！😢'
足湯,'@shimacchiYOI 本当、今年こそは絶対行こーね💪😤\nとろっとろの湯豆腐にﾎﾟｶﾎﾟｶ足湯に吉田焼!!モカさんにも行けたら最高だなぁ😭'
足湯,'地主したいというよりは経験値が欲しいんですよね……\n都会より駅が少ない田舎で経験値稼ぐなら地主かリンクボーナス稼ぎ。保持の手間を考えると足湯が一番効率的、と。そういう感じでフットバが枯渇しかかってますw('
足湯,'@takenon12 アホングアスは足湯さんに頼もう'
足湯,'@kimagureneko666 これ、足湯でお部屋じゃないんだけどね✨\n素敵だったよ💖'
足湯,'@osamu_mystery 吐き気あるの本当辛いね😭\nわしもストレスが胃に出る胃弱だったんじゃが、足三里って場所にお灸したり、足湯したりする事で身体が温まるのか少し楽になった…\nミントが平気ならミントティーも健胃作用あるって聞い… https://t.co/8lF7GGXzfq'
足湯,'足湯で全裸で寝転がる程の雑モラルだぞアイツ'
足湯,'温泉に来ました🤤\n\n足湯なう。\n\nたまにはゆっくりする事も\n大切ですね～ https://t.co/LtnxUUOMF2'
足湯,'@consa01mash08 まさか！歩いたら凸凹な足湯？必ず行きます☺️楽しみが増えました😊'
足湯,'@pokotaegamyer お疲れさまでしたー！\nどれもいい感じの商品ばかりで買いたくなっちゃうね（笑）\n前回の足湯買って、入りながらマッサージやったら完璧だ！買っちゃえ！（笑）'
足湯,'再び椿谷へ（鳥取市）R2 1110\n鳥取市立川町の椿谷。ここには長崎のキリシタンが配流されて死亡した「椿谷牢獄」があったといわれています。天然林の風景の美しさも際立っています。\n・・・\n鳥取温泉の足湯（鳥取生協病院前）\nhttps://t.co/V1aJRRHmCk'
足湯,'足湯アニメからの足湯ソシャゲ #bs11'
足湯,'なんか反応が多かったので\n\nちなみにそれでもウチの駅は絶対渡さないマンは無限バッテリーより\n火力ぶん回せば少なくともボチャレ・レーダー地主は来なくなりますよ\n\n火力勢は時間が経てば勝手に居なくなるし\n\n弊害は夜襲・足湯が極端に増え… https://t.co/dbFXiLJcaX'
足湯,'@nAIW4bsdo8NPaZy どこの足湯かな？'
足湯,'足湯…？確か前世でキャンプに行ったときに…？ #lasdan #ラスダン https://t.co/pBJIeqLUUV'
足湯,'@xxanyachanxx 足湯の出張に見えてしまった\n寝ます'
足湯,'足湯でマッサージ #ラスダン'
足湯,'足湯？！ #ラスダン'
足湯,'足湯良いなぁ'
足湯,'足湯でほっこりしてるロイドきゅん可愛いなぁ'
足湯,'足湯'
足湯,'足湯 #ラスダン'
足湯,'足湯アニメ！アサルトリリィか！？ #lasdan'
足湯,'足湯いいすね\n#ラスダン'
足湯,'足湯 #ラスダン'
足湯,'足湯'
足湯,'#ラスダン\n足湯あるんだね'
足湯,'足湯 #ラスダン #tokyoMX'
足湯,'GENさんをどうにかして笑わせようとする足湯さん可愛いな😂'
足湯,'上諏訪駅 足湯に写真を投稿しましたhttps://t.co/OC66sAbYIC'
足湯,'足湯は暖まるね～☆疲れをとらなきゃ☆\nフットバス 折りたたみ式 43℃保温 コンパクト収納 バブル機能 リラックス 保温\u3000https://t.co/c8yrbWwZJk'
足湯,'みなとみらいの足湯ぅぅぅぅ〜 https://t.co/Xwp0UfH6as'
足湯,'隣室で夫が通話してるので混線しないように風呂場で話してたんですが、足湯しながらおしゃべりできるのめっちゃよかったです'
足湯,'道後温泉駅近くの⸜(  * ॑꒳ ॑* )⸝💐✨\n\nカラクリ時計横に 足湯がありますね💕その傍に お花が 素敵に咲き誇っていました💗\n\n心和む 温泉の癒しと、お花のコラボレーション♪思わず にっこりと笑顔になりました(ᴗ͈ˬᴗ͈⸝… https://t.co/8a6fZ5T7oW'
足湯,'今日は昨日よりも暖かな一日でした☀️\n京都では温度計表示24℃を見かけたり。そして、琵琶湖帰りに行ってみたかった足湯『六角足湯』も開拓！短編ながら動画制作も♨️\nhttps://t.co/mcdZw7wOma\n#おごと温泉駅前… https://t.co/t5hg88SjXB'
足湯,'@junkmetalmania こんばんは🌃\n\n川越、音楽関係で近場に出没はしてたんですが、実際に川越観光はした事無かったので、なんと‼記念すべき初上陸です✨✨✨(笑)\n足湯、めっちゃ気持ち良かった～～～♨\n\n今日も暖かくて素敵な日でしたね💖\n毎日こうなら良いのになぁ…😅'
足湯,'@okayan522 あったんですよッ💡\nあたしも全然知らなくて、相方が見付けて来たんですよ…凄いよ、うちの相方の情報網…😅\nこの雑貨のお店も足湯のお店に併設してるから、一か所だけで用事が済みます(笑)\nめっちゃ可愛いの一杯ありましたよッ🐰💖\n是非とも行ってみて下さいッ‼'
足湯,'脱出山の康二くんも無事ゴール出来て良かったー。\n去年春スノ沼で足湯し始めたけど、きっかけの一つは『じーこが今頑張ってるグループだよね...？』だったな。エイトとWEST大好き、でもJr.知識(特に東はほぼ知識なし)は微々たるものだ… https://t.co/Nyni52ZxDx'
足湯,'@Mcamper_3 古参どころか先月から見始めた新参者なのですが、足湯さんの懐の広さのお陰で受け入れて頂いている次第です😂どうぞよろしくお願い致します！'
足湯,'朝起きて、なんかだるいなーと思う時は\n→足湯が良い\n\nシャワーを浴びるのもいいけど、正直しんどいし、女性の場合、髪乾かすの面倒。\n俺も髪長いし面倒。\nだから、桶にお湯ためて、足湯をする。\n→身体があったまってくる\n→心が上向いてくる\n\n嘘だと思ってもいいからとりあえずやってみろ。'
足湯,'足湯、、、よかった。。\n横をみるとニコッとするゆいちゃん、、、、ときめいた🥺♥️ https://t.co/owMDuLOkep'
足湯,'@mikmyu10l05 箸置きッ‼\n流石、よく見てますねぇええぇ😲\nそう、これ、めっちゃ可愛くて、欲しいね💖って言ってて、足湯やった後でまた回って来て買おうって言ってて忘れました…😅'
足湯,'足湯きた https://t.co/PETZQWPo0n'
足湯,'上諏訪駅ホームの足湯♨️\n #民生に届け長野自慢写真選手権 https://t.co/ry26cWNYYo'
足湯,'@shimacchiYOI 和多屋別荘の近くだよ🥰\nWi-Fi付き無料足湯が3ヶ所もあるの凄いよね😳\n副千さんまた何か掘り出し物あるの期待しとこー🙌'
足湯,'@Sub_aserori @shioorrtey 足湯とはいえ風呂に入れる新幹線車両はこれだけですが、テーブル付きのお座敷席や酒やつまみを売っている売店もあって酒盛りしながら移動できますよ。'
足湯,'お昼から絶景の中足湯カフェで柚子のクラフトチューハイ、さいつよ\n8%なのにお酒感なくてすっきり美味しかった💯 https://t.co/nUxYn8LrxE'
足湯,'どうもー、最近ニュースで報道されている「とれいゆ」でーす！\n1号車は普通指定席。2～5号車までがお座敷指定席。5号車が湯上りラウンジ。そして極め付けが新幹線初の6号車の足湯スペース！！\n\nちなみに全車指定席でみどりの窓口などで指定券を買って乗車してね？\n(700番台とれいゆ)'
足湯,'足湯ぐらいまでなら沼ってもいいよー！ https://t.co/u3mb6gJD8m'
足湯,'@LapisLazuliOrca へぇ❣️川越に足湯出来るとこがあるんだ‼️✨\n雑貨も可愛い😍💓\n20年くらい前、川越で仕事してたんだけど、変わったなぁ✨\n久々に行ってみようかなぁ❣️💕\n素敵なデートでしたね❣️😄🎶'
足湯,'@hijiki425 川越、意外とデートに良いよッ💮\n小江戸川越って有名だったけど、意外と行った事無くて初めて行ったわぁ😅\n音楽練習で近辺によく出没はしてたんだが(笑)\nあ、これね、[椿の蔵]っていうお店‼\n足湯のとこだよ💡\n和柄… https://t.co/GGGP93WOix'
足湯,'@shiki913_jgc うどんも行きたいのよーっ！！\n鹿児島も足湯が気になってて🤣'
足湯,'狸「こないだ俺が入った国道沿いの露天風呂が足湯として紹介されたんだが」'
足湯,'@shioorrtey @Sub_aserori 失礼します。\n足湯なら、既にあります。\nhttps://t.co/0ljFyE3v6E'
足湯,'砂湯も、足湯できますのだ🤣🤩😅🤟🏻🤟🏻🤞🏻😽✨\nここ掘れ、オッサン⛲️♨️👏🏻👏🏻🙌🏻😂 https://t.co/qGCE71hFZQ https://t.co/1QWx5CXJfs'
足湯,"""今日は足湯じじぃとドラえもんが開いてくれてるから深夜案件行かなくて済む💙\nさんきゅな('ω')三( ε:)三(,ω,)三(:3 )\n\n@mzky_9 \n@uek48"""
足湯,'子供が外から帰って来て\u3000足が冷たい時は４２度か４３度のお湯で足湯をすると元気になります。'
足湯,'@momo_rabbit66 いやぁ～～～…こんなにのんびり羽伸ばしたの、いつ以来だかすら分からないわ…😅\nゆっくり足湯に浸かってリフレッシュした～～♨\nあれ、初めてやったけど、身体中ぽかぽかになるのねッ😲\n超気持ち良かった～～～💖'
足湯,'殺す気か？\nもぐもぐYUMMY！\n可愛すぎ\n                    足湯\n#おかゆの生誕祭2021'
足湯,'@vanningexpress 硫黄山近くの足湯はオススメです♨️ https://t.co/gKqHcc9K3u'
足湯,'劇場メモリアに追加されて足湯メモリアも欲しくなったなぁ https://t.co/SvIhfenjH5'
足湯,'@39Ba_Shi_Ko そうやってわかるもので例えるとめっちゃわかりやすい！\nそれだけあったら足湯はないねえ・・・・'
足湯,'足を温めるとめっちゃQOL上がるから昨年のベストバイは湯たんぽと足用湯たんぽと靴下と足湯バケツです'
足湯,'帝愛とかに就職してえわもう\n足湯ワイン飲むのは嫌だけど'
足湯,'夕暮れまで海の近くにいて、\n足湯に入って帰ってきました。\n疲れたけど楽しかった♪( ´▽｀)\n付き合ってくれた子供たちに感謝❤︎ https://t.co/Ofnnh1cnUh'
足湯,'足湯いっぱいやった。。'
足湯,'@Acura0204 熱海行きたい、足湯もたくさんあるし楽しい'
足湯,'今から足湯参る https://t.co/7ySEmjspOS'
足湯,'歯をぎゅっと噛み締めていないッチか？気づいたら離すようにするといいッチよ。もしかしたらストレスを感じているかもしれないッチから、温かくて美味しい飲み物を飲んだり、手浴、足湯をしたりして、じぶんをいたわってあげようッチ。'
足湯,'録画しておいたきめつを見たらいのすけの素顔が出て来る回で、確かこれを初めて見た時「しょーりくんじゃん…」とごく一部のフォロワっさんにしか通じないことが真っ先に浮かんだあちこちの沼に足湯しているライトな蛸足配線オタクです。\n\n分かるフォロワっさんが二人くらいいいてくれたらいいなあ。'
足湯,'味な庵\u3000湯元\u3000長谷川｜手頃な料金が嬉しいお客思いの和風宿。新鮮な旬の山海の幸をゆっくり味わって。湯量豊富なまろやかな天然温泉、足湯、選べる可愛い浴衣が女性客に好評。今冬、貸切露天風呂がオープン！https://t.co/P0fqLLdX6z'
足湯,'@taku08152525 それじゃなおさらですね(笑)\n脚を使うと脚部に血液が落ちていっちゃいますもんね\nわたしも貧血持ちだからよくわかりますけど脚を使ったときは足湯すると和らぎます(* ॑꒳ ॑*  )\nくるぶしまでのお湯でも十分です'
足湯,'乙武さんが足湯で溺れてるの想像して笑っちゃった'
足湯,'足湯回だ… #lasdan #at_x'
足湯,'朝からハードな練習試合でしたので、昼過ぎから向かったのは、\n河津桜🌸と西伊豆スカイライン、長岡で足湯に貸切でのんびり、\n最後に箱根を走り満喫😊\n平日ツーリングの恩恵ですね😉 https://t.co/KjpF2Muvps'
足湯,'@Goroemono_eki 地域差はあるかと\n北海道と都内を同列で語れないですからねw\n\n昔に比べたら足湯も寛容になりましたが関西に比べたら、まだまだアンチは多いですね'
足湯,'【中医学薬膳と文字の関係】-29\n\u3000\n両方の縦線が内側に向く字\n\nネガティブで先の不安がある人\n\n不安が心と腎の気を滞らせ\nそれによりまた不安が募る\n\n生活〈収入〉が安定するには\n\n①縦線を末広がりに書く\n\n②足が冷えると気の循環… https://t.co/2SF5DpusmQ'
足湯,'萌音ちゃんナレーションの\n「風景の足跡」\n今回の物語は箱根にある\nロープウェイの早雲山駅が舞台\n\n足湯につかりながら\n景色が楽しめる展望テラスが\n駅舎に入ってるなんて豪華\n活火山の箱根山の噴火に備えて\n避難シェルターの役目も\n兼ね… https://t.co/R4yyMJXJHS'
足湯,'富士山の日だというから🗻\n河口湖「秀峰閣 湖月」さんから👀\n富士山って凄いよね✨\nお部屋の足湯に浸かりながらずーっと眺めていられた。\n因みにサザエさんが温泉に入った宿です✋\n(サザエさんがオープニングで色んな観光地を訪れる中で、こ… https://t.co/NSsooatCWa'
足湯,'@x_Jackqueen666 コストコでピザ買って足湯に行って夕方健全解散に一票'
足湯,'@meiyui0606 千秋膝の楽を見る機会がありましてね…へへへ\nいやぁ、まだ足湯足湯(˘ω˘)'
足湯,'輝夜「足湯で疲れをFootBath」'
足湯,'箱根 芦ノ湖はなをり、四万温泉、小浜温泉の足湯、黒川温泉、銀山温泉、草津温泉などなど(そんな詳しくないから知らんけど温泉は好きやからまぁまぁ知ってる…つもり……) \n\n#Peing #質問箱 https://t.co/Wdo3bHgnRL'
足湯,'こんばいろの湯(足湯) https://t.co/ZBgcPwecs4'
足湯,'足湯女子会〜〜〜〜♡ https://t.co/4FVAPoo9kS'
足湯,'足湯行きたさある'
足湯,'あんなちゅは足湯デート回の時に見えたろくろーの足首が骨太でドキドキした思い出があるよ'
足湯,'露天風呂＆足湯付きの旅館最高☺️✨ https://t.co/H44V336Cya'
足湯,'今日は足湯から抜け出せませんでした\n多分お誘いいただいていたのですが通信環境が悪すぎて🥲\n#clubhouse #ぬるま湯'
足湯,'【常磐】こないだ俺が入った国道沿いの露天風呂が\n足湯として紹介されていた'
足湯,'生DJY ぽんちゃん号\u3000あと語り\u3000足湯\u3000よよ吉 https://t.co/qoTVOoA1rS @YouTubeより'
足湯,'@KANCHAN00801198 と言うか足湯で取り返せば済むはなしなんですがね\n\n私のような絡んでくる遠征者なら時間空けてから取り返せば居ない可能性も高いですしw'
足湯,'【Among Us】足湯の後語りングアス(2/23) https://t.co/GV81uVQ1sI @YouTubeより \nよよ吉、DJYと後語り https://t.co/nRjaWRaGCk'
足湯,"'おきゅおわ♪( ◜௰◝و(و ""⛩今日めちゃんこ寒かった😿\nお酒呑もう！って誘ってくれて足湯召喚だったり、いつもありがとうの方も救ってくれて大感謝でした( ;ᯅ; )🙏🌟\n本当に毎日楽しいのヨ〜〜〜💭\nチャーリーとチョコレート工場… https://t.co/fd6FRVGz2j'"
足湯,'@satsuki_mei816 おやすめい🌠\n温泉♨️いいね‼️\n新作、超楽しみだよ❤️\n山形県のかみのやま温泉に\n行った事あるよ❗\nお城を見ながら入れる\n足湯良かった‼️'
足湯,'のたの1週間の予定\n月→伏黒恵と3秒クッキング\n火→七海建人と宇宙飛行\n水→パンダと足湯\n木→歌姫とディナー\n金→東堂葵とスケート\n土→虎杖悠仁とスイカ割り\n日→狗巻棘と紅葉狩り\nちなみにこの一週間の間に禪院真依と付き…… https://t.co/dYKfJDzAqq'
足湯,'こないだ俺が入った国道沿いの露天風呂が\n 足湯として紹介されていた'
足湯,'@UOPlZBzci7V94yL お疲れ様でした！\n足湯とかだけでも、どうでしょうか…？\nゆっくり休めますように😌'
足湯,'むつこの1週間の予定\n月→狗巻棘とお稽古\n火→釘崎野薔薇とヨガ\n水→伏黒恵とバンジージャンプ\n木→パンダとディナー\n金→禪院真希と3秒クッキング\n土→西宮桃と任務\n日→乙骨憂太と足湯\nちなみにこの一週間の間に真人と滝修行… https://t.co/mHmkEDrs2Q'
足湯,'@Chi_ro97 えーあれ？なんか直通なかったけ？ｗｗｗｗ\nもう長崎分からへんｗｗｗｗ\n\nほっとふっと って足湯あるんだ( ˶˙˙˶)\n長崎に決まったら行ってみます！'
足湯,'ぴあの1週間の予定\n月→狗巻棘と鬼ごっこ\n火→パンダと足湯\n水→メカ丸とかくれんぼ\n木→東堂葵とお稽古\n金→夏油傑とカラオケ\n土→両面宿儺とマジ喧嘩\n日→釘崎野薔薇と魚釣り\nちなみにこの一週間の間に冥冥とパーティーした。… https://t.co/idF9PIRqwh'
足湯,'@__misa_ ガーデンテラスは長崎市です❕\nハウステンボスとはなんの関係もないですw\n\nみかどは有名ですね❕\n\n硫黄の匂いすごいですけど、\nほっとふっと行ってみて欲しいです❕\n日本一長い足湯があるんで❕'
足湯,'やば。足湯で専垢作ったことすらわ捨てた。すきすぎてしぬ'
足湯,'@iwaotobimatu 上山田温泉に足湯あるんですか？w'
足湯,'えっじゃあ何か？あの足湯はゆかりんが選ぶんじゃなくて真吾くんがゆかりんといおりんを選ぶタイプのルート分岐だったってことォ！？そっかあ！！やったぜ'
足湯,'五条先生と足湯〜🙌'
足湯,'某所GMに足湯したら足湯返ってきたので「熱心だなぁ」と'
足湯,'なんなつの1週間の予定\n月→釘崎野薔薇と騎馬戦\n火→七海建人と道場破り\n水→両面宿儺とトランポリン\n木→パンダと映画鑑賞\n金→乙骨憂太と登山\n土→五条悟と足湯\n日→夏油傑とボーリング\nちなみにこの一週間の間に東堂葵と10…… https://t.co/GfaP89CpqW'
足湯,'ノー足湯です'
足湯,'へ、平和〜〜〜〜！！さっきに比べたら平和！！！！足湯デートしてる！！！！幸せにするからね！！！！'
足湯,'らぶの1週間の予定\n月→西宮桃とミュージカル出演\n火→禪院真希とお稽古\n水→乙骨憂太とマジ喧嘩\n木→五条悟と宇宙飛行\n金→漏瑚と犬の散歩\n土→七海建人と足湯\n日→東堂葵と3秒クッキング\nちなみにこの一週間の間に両面宿儺…… https://t.co/nBJGov7e22'
足湯,'わ！足湯さんがフォローしてくれてた！まさか自分もしてくれるとは✨足湯さんのタイムラインすごそう😅'
足湯,'きんちゃんの1週間の予定\n月→伏黒恵と魚釣り\n火→虎杖悠仁と足湯\n水→夏油傑と道場破り\n木→釘崎野薔薇と任務\n金→禪院真依と紅葉狩り\n土→漏瑚と強盗\n日→狗巻棘と登山\nちなみにこの一週間の間に冥冥と一緒に寝た。… https://t.co/5HpsJYAU5A'
足湯,'今回は、釜山にすむ人として行かれたという場所と食べ物でした。\n노천족욕탕 露天足湯の設備や、ある「木」が見られて、食べ物はとてもきれいで、おいしそうでしたよ～。 https://t.co/HhInoSflZr'
足湯,'@rinatoyuhiro @kouyou_710 @haccca1115 @NagasakiFukuko こんな素敵な景色を眺めながら足湯なんて、羨ましいな～☺️♨️\n時間を忘れてゆっくり出来そう✨'
足湯,'@BelldandyLove01 足湯いいぞ!!!!\n温泉の名所←'
足湯,'@52sWXEI0uZyTino @kouyou_710 @haccca1115 @NagasakiFukuko 今日は友達とドライブ🎶🚗💨🎶に行きました。桜島を、眺めながら長い足湯に浸かって気持ち良かった😌久しぶりに癒されたよ👌 https://t.co/ooU1jOrq9X'
足湯,'ハムロの1週間の予定\n月→西宮桃と足湯\n火→釘崎野薔薇と世界征服\n水→伏黒恵と登山\n木→狗巻棘と任務\n金→七海建人とミュージカル出演\n土→パンダと3秒クッキング\n日→東堂葵と鬼ごっこ\nちなみにこの一週間の間に両面宿儺と…… https://t.co/hjkje84uI5'
足湯,'巨砲レンズでイキる時代は既に終えたので、次はLeicaという足湯に浸かりたいと思います'
足湯,'ばすたぶ探訪no.76\n【世田谷 天狗湯】\n銭湯では珍しい足湯？のような\n半個室のお風呂が特徴的❗\n浴室全体が見渡せて\nじっくり銭湯を味わえました。\n日替薬湯があり、本日は江戸黒\nカサつく季節に染みる染みる。\n改装されてるのに加え… https://t.co/wteCN7hovM'
足湯,'よしよしの1週間の予定\n月→禪院真希とお稽古\n火→冥冥とヨガ\n水→真人と世界征服\n木→七海建人と強盗\n金→東堂葵と足湯\n土→歌姫と鬼ごっこ\n日→メカ丸と紅葉狩り\nちなみにこの一週間の間に狗巻棘と絶交した。… https://t.co/52uFESUaNK'
足湯,'@52sWXEI0uZyTino @kouyou_710 @haccca1115 @NagasakiFukuko 今日は友達とドライブ🎶🚗💨🎶に行きました。桜島を、眺めながら長い足湯に浸かって気持ち良かった😌 https://t.co/4RulACcxlc'
足湯,'ハンセンの服着てるから足湯入れない上田くんかわいそうww'
足湯,'@ano_e_plus 箱根いいねっ😁\nゆっくり休めたんであれば良かった。\n足湯は気軽にできていいよね。\n失礼しました。'
足湯,'彼氏が足湯中にもっと気持ちイイ事しよって言ってきた( ´；ω；｀)  \nふっ飛ばす( ´；ω；｀)！'
足湯,'お前半分足湯だったろ()'
足湯,'明太子の1週間の予定\n月→乙骨憂太とミュージカル出演\n火→真人と焼肉\n水→冥冥と足湯\n木→両面宿儺と世界征服\n金→伏黒恵とマジ喧嘩\n土→メカ丸と魚釣り\n日→禪院真希と強盗\nちなみにこの一週間の間に五条悟と餅つきをした。… https://t.co/mk0HxIfuoW'
足湯,'八木の1週間の予定\n月→冥冥とカラオケ\n火→釘崎野薔薇とかくれんぼ\n水→西宮桃と車上荒らし\n木→禪院真依と足湯\n金→漏瑚と騎馬戦\n土→東堂葵と高速餅つき\n日→狗巻棘と道場破り\nちなみにこの一週間の間に七海建人と滝修行を…… https://t.co/tWc9VZkkgH'
足湯,'昨日は箱根まで足湯しに行ったの！♨️ https://t.co/Owjw5dwoc2'
足湯,'真希さんとの任務(o´艸`)\n夏との足湯(*´꒳`*)ﾖｷﾖｷ'
足湯,'こないだ俺が入った国道沿いの露天風呂が、足湯として紹介されていた。'
足湯,'@mekapanda21 自動ポチポチは駄目です！BANされます笑\n\nこちらのGMさんも強い上に足湯しか使ってこなくて辛いですが...3番線まであるのが救いですね。'
足湯,'まーみの1週間の予定\n月→禪院真希とサンバ\n火→パンダとディナー\n水→乙骨憂太と足湯\n木→漏瑚と魚釣り\n金→釘崎野薔薇と3秒クッキング\n土→狗巻棘と領域展開\n日→冥冥とお稽古\nちなみにこの一週間の間に禪院真依と餅つきを…… https://t.co/gwxjE5zjXh'
足湯,'あいの1週間の予定\n月→釘崎野薔薇と鬼ごっこ\n火→メカ丸とかくれんぼ\n水→七海建人と登山\n木→真人と足湯\n金→西宮桃とトランポリン\n土→歌姫とスケート\n日→狗巻棘と任務\nちなみにこの一週間の間に夏油傑とジャンケンした。… https://t.co/k5Xsw1Pcgv'
足湯,'なぞなぞ？いいよ、ばっちこーい！「疲れが取れる湯ってなーんだ？」ふっふーん！簡単だよ！正解はー…足湯！疲れをフットバスってやつだね！え？「これわかる奴は大体おっさんだよ、親父ギャグだからね」ってダヴィンチちゃんが？ひ、ひっかけだぁ！！'
足湯,'たーすけ@領域展開の1週間の予定\n月→パンダとスイーツパラダイス\n火→両面宿儺と3秒クッキング\n水→禪院真希とお昼寝\n木→七海建人と登山\n金→メカ丸と車上荒らし\n土→真人と領域展開\n日→五条悟と足湯\nちなみにこの一週間の…… https://t.co/INFupZdbMq'
足湯,'@cuteyFPS 足湯'
足湯,'あの…前にすっ転んだこと書きましたが、その後でｷﾁｬﾅｲ話ですが体調的に風呂もシャワーもダメな日があって、今日やっと膝までの足湯とシャンプーして久々に膝の怪我を見ました。\n薄皮が剥けただけじゃなかった。だもん治りが遅いワケだ。'
足湯,'あっきゅんの1週間の予定\n月→漏瑚とトランポリン\n火→禪院真希と強盗\n水→歌姫と車上荒らし\n木→西宮桃と映画鑑賞\n金→東堂葵と世界征服\n土→夏油傑と足湯\n日→伏黒恵とミュージカル出演\nちなみにこの一週間の間に両面宿儺と…… https://t.co/jIws7OE8sU'
足湯,'陸の1週間の予定\n月→夏油傑と足湯\n火→虎杖悠仁と世界征服\n水→伏黒恵と車上荒らし\n木→メカ丸と焼肉\n金→歌姫と3秒クッキング\n土→釘崎野薔薇と紅葉狩り\n日→禪院真希と任務\nちなみにこの一週間の間に東堂葵とコサックダン…… https://t.co/TtkWpi2Qa8'
足湯,'@Mikan_4646 しかも毎日命がけだもんねwww\n7️⃣みんとゆっくり足湯するわ〜🤭✨✨\n葵ちゃん寝てる姿想像できないんだがwww'
足湯,'足湯に浸かってるオトモ達が可愛すぎる〜(*´ω｀*) https://t.co/BGgWf7op37'
足湯,'そらまめの1週間の予定\n月→メカ丸とスイーツパラダイス\n火→歌姫と鬼ごっこ\n水→パンダとお昼寝\n木→真人と足湯\n金→東堂葵と紅葉狩り\n土→七海建人と騎馬戦\n日→夏油傑と宇宙飛行\nちなみにこの一週間の間に釘崎野薔薇と絶交…… https://t.co/BKbZuy5gvI'
足湯,'｢私とスナザメ｣と｢足湯釣りが正解｣は何聞いても笑っちゃう'
足湯,'七嶋紗桜理の1週間の予定\n月→乙骨憂太と3秒クッキング\n火→西宮桃と車上荒らし\n水→釘崎野薔薇と魚釣り\n木→禪院真希と高速餅つき\n金→東堂葵と足湯\n土→両面宿儺とかくれんぼ\n日→狗巻棘と登山\nちなみにこの一週間の間に禪…… https://t.co/nJOT0nfaDh'
足湯,'彼ピッピと足湯💖\n\nPhoto:イトさん https://t.co/YFmnp3PABD'
足湯,'@immr_tottori これは三朝ですか？足湯良いですね！\n\nお子様が身体まで浸かる勢いに笑いました☺️'
足湯,'@_yuu_lisakko あーちゃんって確か\n\n足湯の所の階段と、会場の階段上がったところでお会いしましたね'
足湯,'@bchant0 やってみやってみー！\n私は今でも毎晩湯たんぽ様に温めてもらって寝るんだけど、キンキンすぎて辛い時は寝る前に足湯するの。ポットの90℃のお湯に残り湯たして足入れるとホカホカになるよ！足真っ赤になるけど🤣'
足湯,'サウナと足湯も入って整いました☺️\n誰か近くの方一緒に整いませんか？笑\n1人は寂しい笑'
足湯,'2021.02.20、函館市の湯の川温泉街にて開かれている湯の川冬の灯り。思っていたよりもきらびやか。メインは足湯のあるあたりなので、海側にいけば行くほど寂しくなります。開催は2/28までらしいです。\u3000#ダンボー\u3000#函館市… https://t.co/TMlvOvTKGt'
足湯,'@lFzWTfuiF3gB559 しかし1週間無駄にアクティブ過ぎて禿げそう🤭\nるーちゃんの7⃣ミンと足湯とか葵ちゃんとお昼寝羨ましい……'
足湯,'席に着いてグルポ入ったら隣の人のカピバラがご挨拶しに来たり、離席して戻ったらオスッテさんが同席してたり、足湯に浸かりに来たらﾈｺﾁｬﾝが浮いてたりした。\n#うちのこ展 #Gaia https://t.co/foheGgniRx'
足湯,'五悠の1週間の予定\n月→西宮桃と騎馬戦\n火→両面宿儺とスイーツパラダイス\n水→東堂葵と車上荒らし\n木→釘崎野薔薇とサンバ\n金→狗巻棘とトランポリン\n土→五条悟とお昼寝\n日→メカ丸と足湯\nちなみにこの一週間の間に漏瑚と餅…… https://t.co/azjhKu4POn'
足湯,'るかの1週間の予定\n月→七海建人と足湯\n火→虎杖悠仁と任務\n水→真人とお稽古\n木→乙骨憂太とヨガ\n金→伏黒恵とバンジージャンプ\n土→東堂葵とお昼寝\n日→メカ丸とかくれんぼ\nちなみにこの一週間の間に夏油傑と一緒に寝た。… https://t.co/Vy26Dh9WAX'
足湯,'足湯😌♨️ https://t.co/sZdJ89ulaD'
足湯,'まことの1週間の予定\n月→禪院真依と焼肉\n火→釘崎野薔薇と任務\n水→禪院真希とバンジージャンプ\n木→虎杖悠仁と強盗\n金→伏黒恵と道場破り\n土→冥冥と世界征服\n日→真人と足湯\nちなみにこの一週間の間に乙骨憂太と付き合った。… https://t.co/dAttU0SIRj'
足湯,'@panko0810 生理前？とかになることがあるんだよね😗血行不良なのかなぁ。外気温がまた下がってるのもあると思うけど、昨日は湯たんぽ召喚しちゃったわよ。\n足湯は盲点だった😳やってみよー！'
足湯,'@bchant0 ほかほかお手手のみーこでも足がちべたくなることあるんだね!?!?足湯も効果的だよ〜'
足湯,'親子で口内炎で苦しんでて\n私は花粉症の\n症状も悪化してて、つらたん。\n\n食事気をつけてても\nこれだけひどい…\nなぜと思ってたところ。\n\nあ！パソコンかと気づき…\n\n毎日、触り過ぎな気もするから、\n少し抑えつつ、\nクレイで足湯してあげよう👣'
足湯,'多分人生初の足湯♡\nからの御殿場( ੭ ･ᴗ･ )੭ https://t.co/hSodZL05nC'
足湯,'なんだなんだ？ASMR沼で足湯しようとしてる人か？'
足湯,'これはよい一週間。\nとくに火曜と水曜、金曜。そして夏油と通話10時間。説法でもされるのかな…？宿儺様どの部位の肉がお好きなのかしら。奉行してくれるといいな。ねこはいつもそういうの人任せだからしたことないん。七海と足湯をしながら推し… https://t.co/MwxMNCSLL7'
足湯,'@naaya0604 実は足湯初体験のｹiﾝﾏさんだったら萌える'
足湯,'ハロコンデビューはまだ「沼で足湯」レベル。ハロヲタへの道のりは長い。'
足湯,'@mayu97160 足湯✌️😀'
足湯,'@kento_206 けんと様の前に座って足湯に入りたい( ´艸｀)\n(試しリプ)'
足湯,'風呂に入るのはいつも最後\n今日は湯量が底から20cm程だった\n仕方ない、今日は足湯にするね！\n…って言うわけないやろゴラ〜\n#次に入る人のことも考えよう https://t.co/yC6nwW36HM'
足湯,'Litze の1週間の予定\n月→禪院真依とお稽古\n火→両面宿儺と焼肉\n水→七海建人と足湯\n木→西宮桃と犬の散歩\n金→虎杖悠仁と領域展開\n土→真人とバンジージャンプ\n日→歌姫と道場破り\nちなみにこの一週間の間に夏油傑と10時間通…… https://t.co/lQ5XRY7z0Y'
足湯,'神永「こないだ俺が入った国道沿いの露天風呂が 足湯として紹介されていた」'
足湯,'yokoの1週間の予定\n月→パンダとサンバ\n火→真人とスイカ割り\n水→伏黒恵とスイーツパラダイス\n木→漏瑚と足湯\n金→釘崎野薔薇とディナー\n土→東堂葵と紅葉狩り\n日→禪院真依と道場破り\nちなみにこの一週間の間に五条悟とジャ…… https://t.co/ihD0meC1Fl'
足湯,'@tamago_bukkake 後ろで足湯がぱちゃぱちゃゆうてるからね笑'
足湯,'@satsuki_mei816 温泉いいな～♨️\n浴衣姿も可愛いですね💗\nなかなか温泉行けないので、近くの足湯に入りに行こうと思いました😆\n\n新作の芽衣ちゃんも楽しみですね💗💗\nまた感想を送らせてくださいね💌'
足湯,'@t53snow @makoman_o 足湯 ばんざーい 🙌'
足湯,'お風呂前の足湯や仙骨シャワーは、イキやすくなるだけじゃなくて、血行改善によって冷え性や生理痛の軽減にも直結するので男女関係なくおすすめ'
足湯,'半身浴より足湯のほうが心臓への負担が少ないです。'
