景色,'☀️ジクサちゃんお散歩。\n風強いし遠出は諦め、梅を見に筑波山まで。\n紅梅3分、白梅1分って感じ？\n山の斜面の梅林て珍しいと思う。\nよそとは違う景色が見られます。オススメっす。 https://t.co/kU2avnAEDr'
景色,'チャリでお台場行くやつ道中の景色も良さげだしこれから習慣化しそう。気温上がってくればもっと快適に走れるだろうし'
景色,'scenery / síːn(ə) ri /\n[名詞]①（一地方の）風景， 景色 ②舞台の背景，道具立て'
景色,'#ブルピリ感想 \n1巻をたまたま本屋さんで見かけ、美術系の漫画ということで興味を持ちそのまま購入。序盤は、デッサン、油絵も少しやっていたので、矢虎のあれ？と思うところとか、同じ景色を少し共有できるような印象を持っていました。けれど… https://t.co/vyNBocr237'
景色,'同じ知識が備わっていたら同じ景色が見られるわけではなく、目線が合うかどうかって演算や思考の速度やペースが合致するかどうかなのかなって\u3000寿命の違う生き物みたいに'
景色,'@haruakisan0221 この景色、幻想的!!!まるでCGです!!!!\n実際に行って見たいです......🥺'
景色,'画像検索しておしかぷの地元の景色見るの楽しいなあ'
景色,'@556_toka 地上からとは違う 景色見せてあげるよー！'
景色,'@akirosenthal 色んな景色を見せてくれてるね。いつもありがとう🍎'
景色,'電気系統の点検ということで\n大学から呼び出しが。\n\nそろそろ始まる、\n準備ならばいいけどなあ。\n\n良い景色を眺めつつ\n構内を散歩しましょう。 https://t.co/zUaeoaeFYp'
景色,'目が覚めて密かにドキドキ（笑）\n\n夕方の景色。。。 https://t.co/ihHY21fiHl'
景色,'【#APEX】そろそろプラチナの景色見てえよなァ？【#VTuber】 https://t.co/s45LrYHzR9 @YouTubeより\n\nがや参戦！！！'
景色,'@chausuyamazoo 🦌「景色最高だね」🏞️\n🦌「ほんとね。もうすぐ春ね」'
景色,'「特別な景色」\n\n#カメラ好きな人と繋がりたい \n#写真好きな人と繋がりたい https://t.co/2xolmiml0V'
景色,'早輪の鬱蝉が五月の景色に時雨鳴き緑夏の風に揺れた亡骸'
景色,'@ttg_yachi 景色綺麗ですね🤭\nかっこいいです…!!!'
景色,'行きたいとこたくさんあるなー。景色が綺麗なとこ✨🥺🥰🥰🥰'
景色,'ちょっとした段差でも片足ごとに地面の判定ちゃんとあるのすごいな～～～てなるあと景色がきれい https://t.co/TbxyJjBTrY'
景色,'@negisauce ディスプレイから離れて周りの景色が入るようにすると若干いいみたいですけどね。ディスプレイで視界が一杯になっていると没入感は増しますが酔いやすいようです。'
景色,'@sho222ex まあね。美しい写真が60枚ぐらいあったんだけどね。\n今年の秋までお預けだ。\n同じ景色は2度とないからね。\nしかし、しつこいオレは復旧できないか只今調査中(笑)\n今日徹夜するか、明日１日かけてやるかだな。'
景色,'@logical6thsense 次景色やらバイク撮るときはついて行ってみたいでごわす'
景色,'黒い砂漠景色が綺麗な所を模索ﾅｳ'
景色,'自分が変わるっていうは大変だよね。でも相手を変えるっていうのはもっとしんどいこと。自分を変えるというのはね、今までの価値観や考え方を捨てるってことじゃない。少しだけ相手の事を考えてみたり、素直に受けとめて自己成長するってこと。最初は難しいけど毎日意識したらきっと景色は変わるはず'
景色,'@Natalia_vf19A ……そうなんですね。\n違う景色もまた良いものですが……'
景色,'@suuuuuchan23ky 毎日いい景色見ていたい🥺'
景色,'#夏美のホタル #森沢明夫 \n\n写真家志望の若者とその彼女が偶然立ち寄った山間のよろず屋の、ひと夏と少しの物語。\n優しい人と優しい景色しか出てこない。\n\n読みながら確信していたわ。この優しく美しい世界は何かを失って、読者は胸を痛めるだろうと。\n\n#読了リスト'
景色,'@Ux8euTDIhNf8vuZ ひなたさん、いつも応援してくださり本当にありがとうございます😭😭😭🙏🙏🙏\nですよね！！イラストがもうドストライクで、心に描いていた景色をまさに形にしていただけて大感動でした。・゜・(ノД`)・゜・… https://t.co/YeMHUp5FXC'
景色,'@snow_092214 どこでもドアがあれば、綺麗な景色を見に旅をしたいし、温かい温泉街にも行きたい🚪😆\n\nもちろん、ぱるさんにも会いに行きたいです😄👍\n手土産に美味い湯豆腐を🍶😋'
景色,'@yurucamp_anime 最高の景色かよ！'
景色,'灰色の空の下澱み 昏く濁り混ざる雲に\u3000混沌と渦巻いた白黒景色'
景色,'【交換】ハイパープロジェクション演劇 ハイキュー！！ 頂の景色・２ ハイステ\n\n譲：東京凱旋5/9昼(前楽)2枚\n求：東京3/20昼(初日)2枚\n\n発券後の郵送または当日手渡しでの交換となります。\n1枚からでもお気軽にお声掛けください🌸'
景色,'景色綺麗だなー\n\n#นิทานพันดาวEP4\n#千星物語第4話'
景色,'@mo9mo9mo9 すさんでるw 本当それです😂\n20代になって自然とか景色に癒やされたいこと多くなりました😂花見良いですね✨'
景色,'いつもと同じ景色 いつもと同じ街 なにも変わらないハズなのに 自分だけが小さく思えるよ(またあした/魔法少女まどか☆マギカ)'
景色,'玉城は自宅から海が見えるので灯台に登ってぼうっと景色を眺めそうではある'
景色,'なんだか久々の景色と服装…3年生だね… https://t.co/tckWoZ4wsZ'
景色,'きれいな景色を見て、リフレッシュしなきゃ\n求めちゃってもいいですか？'
景色,'きれいな景色を見て、リフレッシュしなきゃ\n癒やして癒やしあえて幸せ感じたいね？'
景色,'見たことのない景色、見せてやんよ。'
景色,"'あの頃の五条悟と夏油傑、見える景色ぜんぶが鮮やかで青空は澄みきっていたし風通しが良くってなんにも不安なんて無くてただ隣にいる親友と一緒ならどこまでも行けるような気がしていてきっと悟は傑だったし傑も悟だった、""俺たちならなんとかなる… https://t.co/d0It34nYf9'"
景色,"'［MYOJO6月号裏ネタ］（目を開けたまま寝る話）「いつも、気づいたら意識が飛んでる。眠っててもまぶたが閉じない人って、じつは目の前の景色が見えてるんだよ。ただ、さすがに魂抜けた顔してるかや、目開いてても寝てるってすぐバレちゃう（笑）」 2013,明星-7月号'"
景色,'きれいな景色を見て、リフレッシュしなきゃ\n癒やして癒やしあえて幸せ感じたいね？'
景色,'景色がすーごいな…\n行ってみたい…\n\n#นิทานพันดาวEP4\n#千星物語第4話'
景色,'蒼天アライアンス踏破してきたーー。個人的にはあまり面白くはないwwwダンスカーはまだいいかな～？って感じ。ただ景色は抜群によかったーー😚なんかセクハラ写真撮れちゃったw https://t.co/fDsvzLzxQS'
景色,'私の場合、自分が見えてる景色を文字で表すように文を書くので、イラストとして素敵な景色を見せて頂いたら、それに合わせて自分の中の語彙を繋ぎ合わせてくって感じでふぁんわーどは書きますね...場合によっては、その景色に物語をのせる...'
景色,'@rnkfn200119 ほんとだね！\nこれからの景色は…とんでもない景色見させていただく予感しかない😭\nスッキリきょもちゃん、\n歌い出すとなんなの？！\nある意味きょももギャップなのよ。最後加藤さんナイス質問だったよ〜😍😍'
景色,'就活振り位に、同じ年代の人達と沢山話した。\n\n基本的に社内のメンバーや、社外の方も年上の方が多いので、同じ年代での集まりってすごく貴重。\n\n中だけ見てても見えない景色や、客観的な評価が見えるから、これから意図的に作っていこうと思った。'
景色,'今日のカラオケ配信でも素敵な歌声を聴かせてくれました☺️🎤\n\n表題曲5曲から始まり、まりちゃんが歌いたかったカップリング曲を歌ってくれたり、誇り丘公演からの3曲も、当時の劇場の景色が思い浮かんできて懐かしかったなぁ☺️… https://t.co/2LJwrBUsyH'
景色,'チリに行ったときに、みんなで頑張って登った丘の上にあるおっきなマリア像のところから見る景色はなんかよかった！ \n\n#Peing #質問箱 https://t.co/3vHvmru2ui'
景色,'カフェの雰囲気とか昼間の明るい感じとか向かい合わせに座る彼とか、本の世界から戻ってきた景色もよかった\n顔をあげてすぐ意図せず出ちゃったけど、こう思うからそう言ったとか理由がなくて、あまりにも自然に出たなと我ながら'
景色,'おまえらといたくて\u3000ただそれだけでさ\u3000運命みたいだろ\u3000おどけたフリして\u3000言った言葉\u3000「俺んとこ来ないか？」\u3000苦笑いしながら\u3000ヤツら頷いた\u3000約束したんだ\u3000ものすげー景色を\u3000見せてやるからと\u3000俺\u3000約束したんだ\u3000【不良品】'
景色,'少数派の選択をすることは、普通じゃない。でも、普通ではないことをしている人にしか得られない景色・人・経験などがある。そこから得られたものは、ほとんどの人が経験していないこと。つまり、成功への鍵になる。だから、私は積極的に少数派になる！！'
景色,'エッフェル塔をくぐりまーーす! シャンパン飲見ながらこの景色はたまらんて。#paris ＃Bustronome https://t.co/KQ45uNotaD'
景色,'@Sakura_ChildLEN ありがとうございます✨\nこれのは別の空ですが、最強の景色があります😁 https://t.co/6mXGYBiMNp'
景色,'NAVIGATOR→NEW ERAに続き、僕が僕じゃないみたいだもシングル出すたび山登る系アイドル SixTONESの京本大我さん。登る姿もお参りする姿も景色も…全てが美しい。さらに溢れるお育ちの良さと、不意にでてくる独特な言動は… https://t.co/pk7FMRRlOk'
景色,'コロナんなってからエクも外してずーっとパーカー＋ズボンだったからイメチェンしよおかな🙄\n楽だけど飽きた\nあーモチベ上げたい\n早く都会の景色が見たい😭 https://t.co/aUz9ihY5dg'
景色,"""酒巻さん\n今日もありがとうございました\n♪(´ω｀)\n\n寝る前に優しいお声に癒されています\nヾ(⌒(ﾉ*'ω'*)ﾉ\n\n映画\n世界で一番幸せな食堂🎥\n\nフィンランドが舞台の映画\n景色も綺麗だろうなぁ✨\n\n#FM802\n#ミッドナイトハーバー"""
景色,'始めたての時、ここの景色に感動してハマってった✨\nこの先なにがあるかわくわくしてたな☺️\n\n#sky星を紡ぐ子どもたち https://t.co/3e7w9QdlNT'
景色,'用事の合間に読んだつねたさん雑誌のエピソードがとても良くて余韻があった\n霧ヶ峰の景色の話とか\n烏滸がましいけど勝手に親近感感じてる😂'
景色,'「あの頃。」を鑑賞。どんなことも続けてきたからこそ、振り返れる景色や思い出がある。今が1番楽しいと胸張って言えるのは、そんな一生懸命な自分が好きだからだろう。そういう人は格好良い、そういう人になりたい。'
景色,"'Thank you, FRIENDS!! \n\n大好きだよってさ、大好きだよってさ\n정말 좋아한다고, 정말 좋아한다고 \n\n伝えたかった！\n전하고 싶었어! \n\nこんな景色が見たい\n이런 경치가 보고 싶어 \n\nきっと君もおなじ夢… https://t.co/v6I6ebSpqK'"
景色,'@ultra_sana 明かりも付きますし、自然の中だと景色良さそうですね！'
景色,'@ttg_yachi いい景色'
景色,'えーーーん\u3000自給自足は思いのままに会話もさせられるし景色も見せてられるしご都合解釈で突っ走れるので楽しいけどあまりにも難産すぎて苦しいので諦めて他の人のワンドロライ浴びて寝たい\u3000シャワーも浴びねばならない\u3000こんなところで言葉遊びをしてる暇じゃない'
景色,'ましろちゃん誕生日おめでとう！！！！！\n\nこれからのましろちゃんとMorfonicaの道に輝かしき景色が広がっていますように\n\n#倉田ましろ\n#倉田ましろ誕生祭\n#倉田ましろ誕生祭2021 \n#2月19日は倉田ましろの誕生日… https://t.co/hDbZqh2Lnp'
景色,'中部地方のではあるけど立山連峰トレンドは初めて見たかもしれん。まるできれいな景色見せるために雪を降らせたかのよう https://t.co/lECFGb5rfP'
景色,'こんな景色、なかなか見れない、、 https://t.co/Aiv2d1MgW1'
景色,'1日でした😍💞\n明日もららぽーとに行く予定があるのでまた明日もツイートさせてください\n😝 \n今日も1日お疲れ様でした！\n明日は土曜だからみなさんゆっくり\n休んでくださいね😉\n\n明日もみなさんに取ってもそうですが\n私取ってもいい景色… https://t.co/X2o6JlYZFd'
景色,'@jewel_and_bunny 写真に残ってると幸せも残るからいいよね.......☺️\nどうせなら景色も綺麗に撮りたいから一眼レフとか憧れるけどお高くて！！！！！！！！\nひょえ🥺これからもたくさん食べるね🥺'
景色,'@rinakatsuta_ 夜の景色にマッチしたお写真☆\n書籍化決定に感動してます(；；)\n仕事でチャット参加できないので②に申し込みます♪'
景色,'今日食ったようなおいしいメシが明日も食えると思っているなら次の時代には取り残されるだろう\u3000その日暮しのドカタだったんだ\u3000子供の頃のあの景色全て'
景色,'@may20284944 @koinu_mania 変態的なんなんか無いか\n考えてたけど🤔😂\nひとまず、弾きながら歩いて\n動いた景色撮るとかしよかな👌😃'
景色,'037\u3000壊れた時計：瞼を閉じると甦る景色がある。幾年も生きてきたけれど、その光景は特に鮮明に焼き付いている。あの時の温度、臭い、空気、光、音、声……全てが俺の中に刻まれていた。そして俺の手元にはあの日以来時を刻まなくなった時計がある。この時計と共に、この歴史を伝えていこう――。'
景色,'長く風呂に浸かる為、昭和の歌縛りでいろんな曲を1番だけ連続で歌って途切れたら上がるっていう遊びをしてたら思ったより続いた(ドリフの歌はフル)\n\nドリフのズンドコ節→ほんとにほんとにご苦労さん→チャンチキおけさ→大阪ラプソディー→東… https://t.co/zwtrLccpkt'
景色,'なんか大変なことが起こった気がするけど何一つわからん。でも、景色が綺麗ですごく好きだな'
景色,"""City view of Guangzhou, China's Guangdong - Global Times https://t.co/3a3AnaQezy \n\n广州春节景色#Guangzhou #ChinesNewYear"""
景色,'@Artone920 良い景色見つけたら送るね！！\nコロナ気を付けねば、、、'
景色,'あなたに見せたい景色の話 | 式出 #pixiv https://t.co/wIMWJoM8yl\n長文リハビリ代わりについったの修正してまとめました\n明日から長いの書きます！！！（素振り）'
景色,'ましろんが居たから、モニカが始まった。ましろん、これからも仲間と共に沢山輝く景色を見ていってね！そして沢山輝く景色を見せていってね！\n#倉田ましろ\n#ましろ誕生日\n#倉田ましろ誕生日\n#倉田ましろ誕生祭\n#倉田ましろ生誕祭… https://t.co/XrUSlyS1uY'
景色,'星降る街を出ました\u3000\u3000\u3000\u3000\u3000\nここには夜のにおいがない\u3000\u3000\u3000\u3000\u3000\u3000\n愛おしいあの街はあの頃のままの景色ですか\u3000\u3000\u3000\u3000\u3000\n\nどら息子、地元へ帰る。/今日のできごと。'
景色,'この白い景色 いつか君にも 見てもらうこと 約束だった そんな遠い日の君の笑顔が 僕の心 温めた 【memory of snow/fripSide】'
景色,'告白してからはなんだか…景色が違って見える #五等分の花嫁'
景色,'【ゆきのおくりもの】\n白い景色と大切な君\nサンタクロースはいつまでも\nとっておきのプレゼント持ってさ\n赤い糸辿っていく\n\nWish Holy Night'
景色,'せっかくの絶景だけど・・・、\nこの景色の先に、知床連山がどうしても重なってしまって・・・。\n今週行く予定だったのに・・・。 https://t.co/ZlUUBb03VO'
景色,'アーケードも家庭用もそうなんだけど、ゲームって振動とか遠心力とかが無いんだよね。\n周りの景色だけ流れて、今自分がどういう状況なのかが掴みにくい気がする。\n特にカーブはGが分からないから大変かな。 \n\n#Peing #質問箱 https://t.co/6pi2JklDNY'
景色,'今週は4日連続の労働になっちゃった…(´๑•_•๑) 明日も労働日雇い人夫と改名したの・・・\n\n帰りに、この景色(*´▽｀*)💞\n明日は🌟いいことあるかな～❣️\n\n皆さん💕💗💕♡\\(*ˊᗜˋ*)/♡\nいつも、ありがとうございます💖💖 https://t.co/cWtNzcyD8I'
景色,'『片岡を\u3000かこひて寺に住人ハ\u3000うき世中やしら菊の花』慶長11年(1606年)、お出かけの際に玉車を停めた清水の岡寺の菊園の景色がとても見事であったので詠んだそうだ。義久死去後、島津亀寿がこの寺で義久の法要を行うことになる。【島津義久 - 薩藩旧記雑録後編4-115】'
景色,'とりあえず西畑、3連覇おめでとう！\n最高の景色3回も見せてくれてありがとう！'
景色,'【自動】卒業式まで、ここの景色は渡せねえ'
景色,'ずんと一緒に寝ちゃってました🤤\n\n目覚めて最初に見える景色がこれって幸せすぎる🤤🤤✨\n\n#ずんだ餅\n#猫 #猫のいる暮らし https://t.co/JiT4S0D4dn'
景色,'新しく公開しました\n第23話\u3000ウラバナ - 夢海の景色-吹奏楽の色恋- - カクヨム https://t.co/bIyal4JOdg'
景色,'登山をすれば楽しい事も辛いこともいっぱいあります。\n汗をかき急な登山道を一歩つづ踏みしめ、遠くの景色の思いを馳せ、開放感抜群の山頂で味わう達成感\n辛い事も楽しい事もある縦走登山は、まるで人生のようです https://t.co/CULGiMfsS0'
景色,'あかねちゃんはその日も朝起きて美味しい朝食をささっとすませていつものように身支度をしてから仕事に出掛けて事務所について衣装に着替えてロケバスに揺られてそれぞれの撮影場所で何枚も撮ったうちの1枚なんだねきっと………あかねちゃん……その日みた景色と空模様まで覚えてるの……'
景色,'いい車乗ってコーヒー飲んでサーフィンしていい景色見て\nそんな生活なんもダメなとこないジャーン https://t.co/xUS2Cjb9H6'
景色,'(3/4)\n・突然雲が切れて真っ白なピレネー山脈が！\n・見とれていると異様な景色が目に入る、「え？えええ！」\n・エアバス機の墓場として有名な「タルブ ルルド ピレネー空港」、まさかこんなに傍を通るとは思わなかった\n・美しい雪山と・… https://t.co/EcgCVfgoWz'
景色,'今、812は大きく揺れている。\n苦情、批判、罵詈雑言\n\nでもそういう問題はむしろ\n俺たちは喜ぶべきです\n\n地球だってそう\n大量絶滅と命の繁栄を繰り返して\n今の綺麗な景色や\n人類の発展がある\n\n問題が起こればそりゃ、焦るし\n不安もあるしそこには\n憤りすら感じます\nそれは、両方。'
景色,'REQUEST @arashi5official @MTV #FridayLivestream\n\n☆＊ARASHI＊☆\xa0\nTurning Up/カイト/truth/\n迷宮ラブソング/Whenever You Call/\nTurni… https://t.co/Balw0hVEOH'
景色,'明日はまた暑い登山になりそうやなぁ。\n樹氷…は難しそうやけど朝イチから登ったほうがええ景色見られそうやなぁ。'
景色,'今日、生まれて初めて\n奥さんを連れてこのライブを\n楽しみたいと思った。\n\nこの光景を見せてあげたいと思った\n\nいつも、隠れてこんなに壮大な景色みてばかりで、ごめん。\n\nいつも一人で楽しんで、ごめん‼️\n\n今度は一緒に行こうな\n＃来世でな'
景色,'@Akane_Asahina__ 長野の星空紹介されたの嬉しかったです、ありがとうございますー！！\nフォトショは使ってます！！笑笑\n皆さんそれぞれ凄い景色の写真ばかりで見ていて幸せでした、また次回もあれば嬉しいな…\nお疲れ様でしたー！'
景色,'家の窓の景色 https://t.co/yOW3i4bXkx'
景色,'@shirokumanankyo 何の樽までは分かりませんが\n60何年やっているそうなので\n\n換気に関しては問題無いですねw\n今のご時世、楽しめる穴場だと思います。\n海が見えて天気のいい日は景色が綺麗ですね。 https://t.co/0mTjPMEzQz'
景色,'電車内で 子供と会話もしないで突っ立ってるだけで、退屈した子供が動き回って悪さすると「じっとしてなさい！」って怒るだけの親と、窓から見える景色に「あれなに？何が見える？」って話しかけて子供が悪さする隙も与えない親が目の前に一組ずついる。こういう違いなんだよ。こういうことなんだよ。'
景色,'きれいな景色を見て、リフレッシュしなきゃ\nFacebookやってる人DMください❤'
景色,'『太陽の影 月の夜』\nファイズの2大ヒロイン、真理と結花ちゃんの歌うデュエットよ。変わっていく景色の中で繋ぐ手を探して前に進む真理と、変わってしまう自分への戸惑いの中で帰る場所が欲しくて手を伸ばす結花ちゃん。2人を太陽と月に例えた、ゆったりとしながらもどこか明るくて切ない名曲ね。'
景色,'←実はRunningの2サビくらいで電波が途絶えてしまいまして！君という名の景色、未だおあずけされています…泣'
景色,'ウユニ塩湖(ボリビア)何て綺麗な景色でしょうか！まさに絶景☆ https://t.co/Us3kqjgrrh'
景色,'@yuruiyatsudesu 最初や定期的に番号順になってたと思う ずっと右から3列目後ろから2番目だった    見飽きるくらい同じ景色だったから 何にも覚えてないんだと思う笑'
景色,'@mon_the_end おいしかったし楽しかった😊夜は景色もいいしね！\nあとたこ焼きも食べた！他にも食べたいのあったんだけどさすがにおなかいっぱいで...\nここしゃけイベントのこととかも色々決めれたのでよかった☺️'
景色,'ガチャは悪い文化だよな\n美しい景色もママの話もそっちのけで\nプレゼントボックスの石を掻き集めて次いつガチャを引けるかばかり考えてしまう'
景色,'うおおおおこれは最高の景色や'
景色,'屋上からの景色が素敵なお店から～\n初めは強風だからダメと言われたけど、日本人だと知ってか、上がらせてくれた！\n気に入ってます\n#홍천 #루프텁카페아토가람 https://t.co/GHDGPSAkG1'
景色,'少数派の選択をすることは、普通じゃない。でも、普通ではないことをしている人にしか得られない景色・人・経験などがある。そこから得られたものは、ほとんどの人が経験していないこと。つまり、成功への鍵になる。だから、私は積極的に少数派になる！！'
景色,'きれいな景色を見て、リフレッシュしなきゃ\n20歳以上の男性からのDMほしいです。'
景色,'あまりに退屈すぎて（見える景色が変わらなくて）出勤時と退勤時はいつもラジオを聴いてたなあ。ラジオだと毎日違う内容だからね'
景色,'ブレワイの景色は、夕日がとても好き……美しくて切ないんだよなぁ'
景色,'キレイな景色、面白い建物など、\n散歩中のツイートを【モーメント】にまとめました。\n是非ご覧ください！！\n\n↓24時間散歩おじさんとは↓\nhttps://t.co/UfYRll399V \nhttps://t.co/dSMA2wGcai'
景色,'黒と白の景色(前編)🔞 https://t.co/mncp9AEank'
景色,'@Kai27Maccha18 そうそうこの夜景🌃左側にちょっと写ってる？スタバが景色も満喫できてお気に入りなの☺️フープラの時には行きたいな〜✨'
景色,'はてなブログに投稿しました #はてなブログ\n負けたことによって見える景色もある？勝つのと負けるの。どちらがモチベーションがあがるのか？ - 中級者になりたい人のためのやさしい遊戯王\nhttps://t.co/T1XofAqtCl'
景色,'@u2u2_1 美味しいもの食べても可愛い洋服お化粧買っても\n楽しいことしても綺麗な景色見ても\n十分幸せすぎるはずなのに\n全部君とがよかったし君に見てほしかったってなりません？\nまぁ私は片思いだったからしらんけどなんですけど＼(^o^)／'
景色,'#まんじゅろうさん大辞典\n[ま]まんじゅろうさんを探せ\n景色や物に潜むまんじゅろうさんを見つける遊び。\n初級編、中級編、上級編に分かれる。\nしかし初級編でもサイゼ〇アの間違い探しに引けを取らないほど難易度が高い。'
景色,'歩いたときに見える景色が自分のものだと思えない現象何？\n一人称視点の動画を見ているような感覚'
景色,'いい景色☺️\nマスツーで行くところ自分が青の山山頂展望台に決めて皆んないいよ〜ってついて来てくれた笑\n🏍🏍🏍🏍🏍🏍🏍💨\n初めて一番前走ったな〜😅 https://t.co/RV6uYlFHsV'
景色,'@sou_ube_mini4 デリカもなのですが、\nオーディオ（ナビ）画面は垂直の方がいいですね。\n斜め後ろの景色が反射するので🌤↪😝'
景色,'@IUozuIZwJSEQ5Uo ある意味最強だった(((\nもふもふで油断した時にはもう既に遅い………\n\nところで話変わるんだけどホームっていまだに冬景色じゃん寒いからヴァンさんのケープに潜り込みに来るおくり考えてるんだけど如何ですか'
景色,'「非日常」だからこその価値って絶対あるし自分みたいな常に刺激を得たいタイプの人間は人一倍顕著だと思うから今見てる景色をどうにか記録したいのよ'
景色,'そんなわけないってわかってるんだけど、「大昔は目で見える景色も白黒だった」って感覚がずっと抜けない\u3000そんなわけないって知ってるけど'
景色,'34と比べて天で流れる景色のスピードが違う。\n15はぇーーー、\n235の新品は34でもパワー食われて無理だったけど15ならエア落としても走れちゃいそう🥲\n怖いから車高調変えるまで走るのやーめた'
景色,'@mamasotu2023 只野姉さん！\nリプありがとうございます❣️\n５０万て高いですねぇ〜😱\n\n私も独身の時一人でAUS1周したんです！もう20年前ですけどね😅\n\nそして、\nペンフレンドって素敵ですぅ😊\n歩いてサインもスゴいけ… https://t.co/VCoqog3CEc'
景色,'ロビー10Fの景色はいいねえ～'
景色,'自分の好きなものを相手も好きって知って単純に嬉しくて喜んでたわいもない話がどんどん盛り上がって2人で一緒にみたもの、景色、食べたもの全てがキラキラして見えたあの頃。会うだけで嬉しくて帰りたくなくて、初めてのキスはすごくドキドキして時間が長く感じて、でも寂しくて帰りたくなくて。'
景色,'霞ヶ浦は本当ど平坦何で景色変わらないことを除けば本当楽しい'
景色,'@Specter_3s ですねぇ〜\nなんでもZ32のツインターボで踏み込むと景色が置いていかれるって聞きました（まあ280馬力ですしねw）\nZ32のメインキャラクターはツインターボですしね！！'
景色,'シノダさんの歌詞は世界観、物語、景色、背景が見えてきてとても素敵✨ 心情や風景を言葉で形に変えられるのはさすがだなぁ✒️👏\n＃REAMP'
景色,'同じものを食べたり飲んだり\n同じ景色を眺めても\n\n感覚は人それぞれ違うものです。\n\nあなたが心に描く世界は\nあなた1人にしか作り出せない特別なものです。\n\n人と違うことを恐れずに\n胸を張って生きていくこと。\n\n今日もあなたらしく生きましょう。'
景色,'卒業式でした。ここから見る景色も見納めだねぇ\n証書受け取りながら泣いてたので「漆黒まで泣かないで」は既に無理でした\n先生から個人に充てたメッセージはさぁ……泣くじゃん https://t.co/eiaDJREOYc'
景色,'@Tapsloveen オデッセイで見た景色'
景色,'【難点を超えるからこそ】\n地方から東大を目指すのは難しい。部活をやっているのは尚更。でも、だからこそやりがいがある。登った時の頂上の景色は、きっと最高に輝いてる。'
景色,'@POGI_MAGI あ〜それはそうよね。性が違うと興味の方向も違うし見てる景色も違うだろうしね。それを好きかどうか、だね。\n漫画は作家の性別にもよるかもだけど、読者の求めにも合わせるかもね。もっとこんな感じに描いて、なんて編集の… https://t.co/2fF39A4TBf'
景色,'伝えきれずにうつむいて\n隠しきれずもつれた\nそんな言葉\n通り過ぎる景色に捨てて走れ\n\nSay Your Name!～Dear Girl～/神谷浩史＋小野大輔'
景色,'ほとんど色彩がない冬の景色の彩色は難しそうですね💦なのに、とても綺麗な絵に仕上がっています✨素晴らしいです(*´ω｀*)♡ / 他4件のコメント https://t.co/R5ysupobl6 “水彩絵の具と白ペンで塗った「エポル… https://t.co/8ljH9tUxzZ'
景色,'おざっつさんとコラボ始めたはずなのに我々の目にはどこにもおざっつさんいなくて青柳さんがずっと一人でそこにはいないおざっつさんに話しかける(パーカーの首のとこからはワンちゃんがのぞいている)というよくわからない景色を見た 夢かな'
景色,'とあるハンバーガー屋さんからの景色。人混みの中シャッターの音が響いて、急いで席に戻った。\n#af35m #canon #フィルムカメラ\u3000#シャッター音 https://t.co/T9NX21WKa2'
景色,'終わりその先に\n長く長くつづく知らない景色\nさよならはまだ言わないで\n物語つづく絶望をつれて\n\n星野源「知らない」\nhttps://t.co/SloHAKf5A0\n\nおやすみなさい🌃💤\n#おやすみソング'
景色,'@jupiko_glory うちにもこれあります〜💡\n富士山の景色のが😂\nほぼ青・水色・白で絶望的に難しくて諦めました🤦🏻\u200d♀️笑\n頑張ってください😉✨'
景色,'先日先輩野良さんが素敵な景色を教えてくれた🙏🙏\n\n#thatskygame #sky星を紡ぐ子どもたち https://t.co/y5W2jedZ20'
景色,'@shibabawan 景色'
景色,'京都駅から接続の #ホテルグランヴィア京都 にて大事な会議。早朝の景色がエモかった。。今日も一日頑張ります https://t.co/FCdMlcOSw9'
景色,'今日はお台場のヒルトンのスイートルームで泊まっていきます❗️外にはジャグジーがあって、景色を見渡すとお台場や自由の女神、フジテレビとかがありますね'
景色,'モノクロの景色に色付けてくれたのは貴方です。色とりどりの暖かい世界をありがとう。'
景色,'きれいな景色を見て、リフレッシュしなきゃ\n癒やして癒やしあえて幸せ感じたいね？'
景色,'きれいな景色を見て、リフレッシュしなきゃ\nちょっとした出会いになればいいな？'
景色,'有岡大貴\n「今までの自分よりも\n\u3000もっと高く。\n\u3000もっと強く。\n\n\u3000今まで見えなかった景色を見てみたいんだ」\n\nhttps://t.co/JfItzueKhg'
景色,'@MoriyaYazaki ですです！景色を楽しめますし夏には最高ですよね(*´ω｀*)'
景色,'暗い部屋では色が見えないように\n心も暗いと景色に色が無くなる\n\n心を明るくしたら見える景色にも色が付く\n\n#ときどきポエム'
景色,'@Mrmidni10145099 @honey0323232 @clinical_dev 最初から都内は考えてなかったです💦\n郊外の住み心地よさそうな街、で探してました。\n上司が軽井沢とかに住んでて、景色はすごくいいですが、寒そうですｗ'
景色,'同じ多摩川でも、京急で渡るのと京王で渡るのと全然景色が違うの、好き'
景色,'1人でやってたのは長距離走と某期間中の日常生活、勉強だけじゃないかな……？少な。長距離は走りきる事がゴールで過程は景色見たりとか抜かしていく感覚、分かりやすい達成感→楽しい😷期間中は体調を元に戻す事と自分のしたい事をする事がゴールで過程は他人をいい意味で気にせず楽しめたと思う。'
景色,'@pj_cca 確かメインクエストで、オート周回とバトルのみのチェック外しておけば、黒いカカシや黒い柵？に着く前のケージの景色を見ることが出来ますよ！！\nなので後々、黒い鳥を回収できます！'
景色,'ゼルダ無双放送ありがとうきちでした！\nめっちゃテンション上がる景色と謎が深まる景色でした！\nそして最後の方は眠たすぎて意味不明でした！\nそれではみなさんおやすみ！'
景色,'漁師がLv80になりました！漁師の面白さは釣ることではなく、釣りながら良い景色を見ることだと思います！\nいつかオクトパストラベラーの称号ほしいなあ\n＃FF14 https://t.co/ytdNL4FXZX'
景色,'そこに広がっていた景色は\n\nーー太ももと、もこもこふわふわした質感の一枚の白い布と、まるだしのおへそ。'
景色,'パリのディズニーランドへクリスマスに行くのが1つの夢でした⭐︎クリスマスの時期にしか見れない景色にゆっくりする暇もなかったけど。#クリスマス #disneyparis #disney #paris https://t.co/TsogEjOl4R'
景色,'今日はお台場のヒルトンのスイートルームで泊まっていきます❗️外にはジャグジーがあって、景色を見渡すとお台場や自由の女神、フジテレビとかがありますね'
景色,'李白は外の景色を見ている。'
景色,'わかっちゃいるけど・・・\nやっぱりここはいいなー。温泉に入りながらのこの景色。日帰り温泉の海部門、今のところ1位だな♨️\n#赤沢日帰り温泉館 https://t.co/RpPFVZD8qW'
景色,'こーゆーとこだよ本当に；；🤍\nたくさん考えてくれてるんだよね、\nきっとファンが見るのはPARADE以上の景色なんだろうな〜😌 https://t.co/OKB7ANj0yz'
景色,'KATA⭐︎CHU そらちゃん⛅️\n19歳生誕祭のお祝いに🎉㊗️🎂\n生誕Tにサインして貰って宝物になったよ🙆\u200d♂️色々気を遣わせちゃったのは御免ねの気持ち🙇\u200d♂️でも楽しそうな姿が1番でした✌️青色の景色の中に居れて幸せな気持ちに… https://t.co/sQ9sHCx70Y'
景色,'やっぱりいたよね、5人。\n1人じゃわからなかった感覚。\n２人並んでみたら、懐かしいあの空気や景色を肌で感じられたのかもしれないね。\nいつかまた、みんなで会えたらいいよね。\n\n今日も無事に幕が下りて、\nまたひとつ、前へ。\n明日も笑顔… https://t.co/BBfd3BTw6h'
景色,'@dakARan3 初心者で峠も登ったことも150kmを超える距離を走ったこともありませんがﾁｬﾚﾝｼﾞしてみたいです。若い頃、車で行った時に見た白石峠や堂平山から見える景色はお気に入りです。'
景色,'@ma714mi00cho_l わー！！ですよね…！！\nみちょさんがつぶやかれてた、奥の景色はまだ確認できてないのでまた観たいです…。観るたびに発見があって本当にすごい作品ですね…っ🤝✨✨✨✨'
景色,'@shokun_1219 久しぶりの本番、とてもとても楽しかったです✨\n素敵な景色をありがとうございました☺️✨'
景色,'河津桜と菜の花\n\n朝ですが思ったより人がいました。\n皆さんこの景色を楽しまれている様子がわかるかと。 https://t.co/rp2XZl9LZh'
景色,'虎井博士の存在があまりにもSFすぎるので、水中研究所の窓から見える景色も、潜航艇から見える景色も、全てモニターの映像だと推理したが違った。\n\n図書カード：宇宙怪人 (江戸川 乱歩) https://t.co/9DxkPp4FTt #青空文庫'
景色,'霧島神宮\n雰囲気のある、由緒も景色も優れた素晴らしい神社でした！ https://t.co/z9FT4ii86l'
景色,'終わりを避けて歩いていたあの頃\nガタガタの一方通行で見えない\n百メートル先の景色不安\n雨降ったら傘迷ったら聞け桜並木道\n桜舞う私の心舞う\nそこで君と会いたい\n君と会いたい♪ https://t.co/zcvbjxiXen'
景色,'土曜にしてやっと三層終わった…毎日やってたのに酷すぎた…けど初めて4層後半の景色を見た！！！！前半やっとクリアしたああぁああああ！！！！！ https://t.co/992HNpCz64'
景色,'@mndk625 うちはA2が来てくれた…2人は来る気配ないな～\nメイン武器の属性が戦闘キャラに反映されるから、章ごとに属性気にしてたらだいたいサクサク進むよ～\n景色がいいのとママが可愛いので…楽しんで…！'
景色,'2/20三国ヶ丘FUZZありがとうございました👨🏻\u200d🍳\n\n本番前の緊張するあの感じ\nステージからの景色\n全部が久しぶりで\nたのしかった\u3000\n\nこんな状況でも\n来てくれたみなさまありがとうございましたˊ̱˂˃ˋ̱ /\nライブはいいね〜〜 https://t.co/xrxSmOm52O'
景色,'吉岡沙紀のソロ曲って音と声から伝わる景色がすごくカラフルでいいよね…自分の気持ちに素直になって表現してみようって勇気が出てくる(幻聴)'
景色,'空の写真も好きだけど、１番、\n撮りたいなぁ…となるのは、\nやっぱりハルカスから見た景色。'
景色,'きれいな景色を見て、リフレッシュしなきゃ癒やして癒やしあえて幸せ感じたいね？\n恥ずかしいのでフ゜ロ フからおいで'
景色,'きれいな景色を見て、\nリフレッシュしなきゃ癒やして癒やしあえて幸せ感じたいね？'
景色,'下北沢Shangri-La🚩\n\n元々はGardenだったライブハウス🥺\n1度だけKOTORI企画のTORIROCKでステージに立ったけど、広くて開放感あって外でライブしてるような感覚だったの覚えてる🏔📣\n\nここでワンマンが出来る事… https://t.co/LNC69e9vZn'
景色,'@suirenkbkr ダム湖の上流(？)だったと思います。新緑な上に水もキレイな緑だったので肉眼でも浮世の景色じゃない感じでした😊'
景色,'@misamrita こんばんは、ミサちゃん💙\nそうだよね、大事だよね〜🥺✨✨\n朝からあのあべちゃんの癒しは最高のエネルギーだと思ってる💚\nこんなにもたくさんの景色見せてくれるグループのファンで入れて幸せだし、毎日が楽しいよ⛄️💕… https://t.co/JHLGeMYAin'
景色,'切ないなーこんないい景色を彼女と見たかった人生だった岡田にも彼女できてこれから俺は一生1人だな\nもうこの人と付き合おうかなー https://t.co/32RZpCN67e'
景色,'#のんのんびより 第12話『また春が来た』おわり。わいはこういう景色を見るためにバイクやら自転車やらに乗っているのかもしれぬ'
景色,'@satoukaren_desu さぞかし、いい景色だっただろうねぇ🙂💜'
景色,'ここ最近は歩いているとき、見えてる景色が同じかどうかなんて誰にも分からないのに、同じだと信じて他人を分かろうとするなんて、なんて生き物なんだ人間…。って思っていたのに、今はバイトでお宅訪問するときに会える犬をより撫で回すために飼い主と仲良くなる方法しか考えられない'
景色,'沼津の海辺の景色と函館の坂の景色がすごく良かった\nあの土地に実際に行ってみたくなるくらいに'
景色,'新しく公開しました\n第24話\u30002人で練習 - 夢海の景色-吹奏楽の色恋- - カクヨム https://t.co/6JapzU1Qje'
景色,'10周年はもちろん、10周年を終えたその先も楽しみでしかない。色々思うことはあるけど、ずっとついていきたいし応援したいし7人の夢が叶う姿を7人が見せてくれるであろう大きな景色を一緒に見たい。\nまずは今年の10周年。まだどうなるか分からないけど、会えるのを楽しみに待ってる。'
景色,'tofubeats / トーフビーツ -「朝が来るまで終わる事のないダンスを」 https://t.co/mt2rGDer3i @YouTubeより \nこのPV初めて見たけどめちゃいいな\n地下鉄、東京駅南口の周り、愛宕のあたり、新… https://t.co/KRNbKmeL5Q'
景色,'孤島の二人扉のとこ景色良すぎて見てるだけで寝落ちしそう(？'
景色,'@kazukazu26 最前の景色はすごかったです…！サッカーで初めて選手たちと抱き合った時のことを思い出しました！(笑)'
景色,'@tos\nREQUEST #SZ @MTV #FridayLivestream\n5exyZone セクゾ\n\n5人が見せてくれる景色を\n一緒に見たい。'
景色,'実際自分が見てる景色が他人と全く同じ保証なんてないよね'
景色,'永遠とこの夜の景色見てられるなあ https://t.co/8qKRNdi2oH'
景色,'私個人としては、好きなコンテンツを見つけるたびに自分の好き好きエリアにどんどん重ねていくイメージ…？\u3000だから●●を好きになってから△△を好きになったら見る景色ちょっと違うねみたいなのはあるかなと思う（どっちが先だからどっちが良いとかではない）'
景色,'@45Rabbit_Police それでも大事にしてぇんだよ。普段から人いねぇから俺様の独り占めみたいにもんだ(高台の手すり付近まで行けば景色が一望でき)'
景色,'メカクシコード/\n\n「目隠し完了。」\u3000いつもどおり\u3000視えない現状。 \n非常灯\u3000赤く光れば\u3000またシュールな景色になる。'
景色,'@100OKUENPLAYER @OlsLHOdS0hdM1rF こんなに上手に。テンバガったのは初めてかも。独りではたぶん無理だったかも。100億さんがオプチャ作ってくれて。絆の皆さんたちが居てくれたからここまで来れた。\n今年は… https://t.co/pdl46Fek1G'
景色,'誰も同じじゃない\nそれこそが生きてる意味だから\n時として出した音が\u3000不協和音でも\nだからあきらめない\u3000信じぬける強さで\n辿り着ける世界の果てで\u3000君と見る景色が真実なんだ'
景色,'きれいな景色を見て、リフレッシュしなきゃ\nDMしてくれたらラインとかにしたいなぁ？'
景色,'ピアニストのお話。地震だったり映る景色が身近に感じるだろうからみてみたいなと予告を見たんだけど…。TVならチャンネル変えることが出来ても映画では…。DVDになるまで待とう'
景色,'二次会もきれいな景色、ありがとうございました！ #PS4share https://t.co/VlbtWlDzCN'
景色,'@AlQfdll2f3HOpcG 温まってたんですねw\n春っぽい景色で散歩行きたくなりますw'
景色,'@kikunorage_156n よこしまのボーダーは平行線だからね、、(？)\nどこまで行っても変わらない景色に溺れさせちゃうよ(？？？)(自分でも何言ってるか分からない)\nぼーちゃん呼び把握したー！👊🏻🤍🤍\n改めてよろしくねらげちゃん✨👯\u200d♀️\nたくさん絡んでくれたら嬉しい〜！'
景色,'ありなっちはフルムンとジャンヌくらいしか履修してなくって気付かなかったんですが少女漫画読んでて小牧とか出てくるともうモロ41沿いのあみやき亭(あったよな？)の景色とか思い出しちゃいますわねワハハ\n響きはかわいいんだけどね小牧'
景色,'おめでとうございます！！！🎉🎉🎉「頂の景色・2」めちゃめちゃ楽しみにしてます🥰🥰🥰 https://t.co/jpXi6wf3lN'
景色,'@yakyorenka そこよね・・・\nクソコロナ次第であの景色が見れるか決まる'
景色,'最近でたNieRのゲーム妹がさっきまでずっとリセマラしてたけど突然｢何度目だろう…この景色を見るのは…｣って言い出して妹が転生繰り返す系主人公になったのかと思った。'
景色,'同じ場所に長く居ると、普段見ない景色に遭遇する'
景色,'【#やってみたいこと 】\n\n#世界一周 すること\n\nなにかプランがあるやつでも、\nふらっと自由な一人旅でも。\n\nたくさん旅に出てた人たちと話していて思うのは、\nやっぱりいろんな景色と人と食べ物に会ってみたい、ってことなんだな'
景色,'閑流「ブランコで立ち漕ぎをマスターしたロイが『どうしていままでできなかったんだろう！できるとおもえばできるんだ！いままでとちがう景色！もうすわりこぎにはもどれない！みんなにもすばらしさを教えたいっ！』ってマルチ商法の信者か自己啓発本の著者みたいなこと言ってた。」'
景色,'@D_an_na 深海恐怖症です私😇\n海洋恐怖症とか色々…。\n海の中の景色がめちゃんこ怖いので\n水族館は自ずとNG😇😇😇'
景色,'何かを変えないと景色は変わらないな'
景色,'@Junchan40515047 絵になる素敵です(´ｰ｀)✨景色がよく、心地よいところで暮らせたらと思うので、行動に移されたもみじさんは本当に凄いなと思います❗'
景色,'@minami_mignon_ みなみちゃんお疲れ様〜！！！\n2部の時のみなみちゃんがひたすら可愛いだった🤍🤍\nこれからいっぱい色んな景色見ようね〜！！！\nインスタのdmにチェキ送ります！！！'
景色,'日本の津々浦々を歩くと、思いがけず胸のすく光景に出会うことがある。それは圧倒的に美しい自然の景色でも壮麗な建築でもなく、ふとした日常のシーンだったりする。\nそんなとき「自然は寂しい。しかし、人の手が加わると暖かくなる。その暖かなも… https://t.co/5WPwOHXgYa'
景色,'skyをやっていて飽きない理由は同じ場所を巡ってるけど出会う星の子は毎回違うし違うケープをきて行くと毎回違う景色に見えるから何回行っても飽きないんだよなぁ'
景色,'この先の景色をこれからも3人で😢😢😢✨✨✨'
景色,'お誕生日ありがとうでした👏\nとっても幸せな誕生日を迎えることができました🥺ほんとにみんなありがとう！！一面白景色の夢が叶ってとっても嬉しかったよ🥺\nこんな僕でもアイドルさせてくれてほんとに感謝してます！これからも本気でアイドル頑張… https://t.co/VNsDucD31f'
景色,'12人の𝙈𝙔 𝙏𝙍𝙀𝘼𝙎𝙐𝙍𝙀 200日おめでとう💎❗️❗️\n\n12人それぞれの色がひとつになってtreasureになっていると思います\nこれからの景色も一緒に見させてね❕\n\n1年なんてあっという間にくるね🥺\nどうか健康で幸せでい… https://t.co/2tvWBNS5G0'
景色,'@me_uu__ いやそれな？？中学の時自転車で通ってたんだけど通学路田んぼしかなくて景色見飽きてた🙄\nむしろ良くなるかもだよ🥺(？)関係ないけどめむちゃとの会話毎回1週間は当たり前のようにしてるのすごい🥺💗'
景色,'こんばんは🌃\n\n2021.2.21 きょうの新居浜\n\n#きょうの新居浜\n#愛媛県新居浜市\n#愛媛県\n#新居浜市\n#新居浜\n#ニイハマ写真部\n#hellonew_niihama\n#景色\n#風景\n#火の用心\n#拡散希望… https://t.co/aaPYHJ5z5N'
景色,'個人的には妙に嵐コンのアンコールの空間も頭の中に綺麗な景色で蘇ってくるのよね、僕僕インストを聴くと'
景色,'@Reki_shock 先日、清水寺を拝観した景色と遜色ない写真！改めて凄いですね～！。'
景色,'@aibaaiai 武道館が2年も前なんて…\n明日はどんな景色を見た後で、どんな余韻に浸っているのか、私も楽しみで眠れません❗️'
景色,'２月上旬に撮影したものです。\n#夜空 #夜空ノムコウ #星 #星空 #北極点 #東京タワー #浜松町 #夜景 #写真 #絶景 #景色 #風景 #東京 #star #startrail #sky #landscape… https://t.co/VKEdTWKNSC'
景色,'1年前かぁ\nほんとに最高の景色ですね https://t.co/7IfsFUAry6'
景色,'@shirai_universe お疲れ様でした！！！\n本当に最高のライブをありがとうございました。新曲やバトル曲からも熱意が伝わってきてポッセに勝って欲しいという気持ちがより一層強くなりました😭心から大好きな3人の見る景色が、3… https://t.co/VNbowU58lB'
景色,'どこか懐かしい景色 🌳☁️\n\n#嵐山\n#写真で伝える私の世界 \n#かめらいふ https://t.co/brHAF1S7Jx'
景色,'@Rikako_Aida 情景辞典なんてのがあるんですね…\n文字通り楽曲を聴きながら、場面場面の景色が浮かぶ、そんな1曲でした。\nピアノとともにゆっくり歩くようなメロディーも素敵でした。\n#ラララジオ'
景色,'@Rikako_Aida ものすごくジーンと来た一曲でした...花筵の綺麗な景色の中がこんな切ない歌詞に溢れていると考えると、その景色の中に入り、そのままずっと花びらが舞い散った空を観ていたい感覚になり、それぐらいとてもイメージが… https://t.co/QG0aWwdm9O'
景色,'BS朝日「魚が食べたい」1月\n13日分の録画を見た。秋田県八森漁港。海が荒れた時に、海藻に生み付けられたハタハタの卵が浜に打ち上がるという、その景色がすごかった。最後に食べてた地方名「はまぐり」はなんだろう。ウチムラサキかな。'
景色,'教えて貰った良い景色！ https://t.co/dFbpugmUHG'
景色,'レヴェナント 蘇えりし者\nを観てました。\nNetflixでは2/25配信終了してしまうらしいのでなんとなく観てみたけど、ものすごく好みの美しすぎる自然の光景と音楽と、容赦なく人の争いを描いた作品だった…詩的というよりも哲学的。\n雄… https://t.co/jcisyay8e8'
景色,'明日休みって最高やなぁ\n天気もいいみたいやし、景色でも眺めに林道走ろ'
景色,'@livelong612 @tytsm0_0n0823 確かに街を見下ろす印象…言われるまで気付きませんでした。当たり前のように見ていた景色ですがそれが素敵だったんですね。'
景色,'青森行くなら青函連絡船八甲田丸行く事をオススメする津軽海峡冬景色流れるぞ'
景色,'見える景色自分次第'
景色,'@onitan_game 宝箱も見つかるしいい景色も見れるしよき( ˘ω˘ )！\n\n骨組みが見えてたね～いなくなってしまうとは・・ https://t.co/GK9hxjRbes'
景色,"""@kii_chan_vtuber そやったのねΣ('◉⌓◉’)⁉︎\nわちき‥密かにハンターカブ狙っちょるんよねぇ🤔店頭で見てから一目惚れしてもて‥♡\n(🛵『僕は‥？』)\nとりま暫くはタク朗で色んな景色見に行くとです♫\nきぃちゃちゃもお疲れ様だょ〜(๑˃̵ᴗ˂̵)ﾉｼ✨"""
景色,'@atsushijanai 初めて景色見た時、めちゃくちゃ感動しました🥺スコアボロボロでしたけど🙄'
景色,'3:41 ここ本当に本当に僕が見たかった世界、見たかった景色が広がってる…！！！ありがとうございます！！！'
景色,'メインチャンネル更新！！\n\n前回の続きです。今回は #走り屋の聖地 といわれる\n#大黒PA ～ 横浜に向けて夜に駆けた動画を投下します。\n\n憧れの場所、約束の地。果たしてそこにどんな景色が広がるのでしょうか。\n\n#夜に駆ける… https://t.co/M5YVbVDXkV'
景色,'@Lynn_Reo_884 運転席側しか変えてないんで\n左右で景色が変わりました😂'
景色,'景色綺麗だったからデジョンしようと思ってたのに忘れたからそのうち床世に還ります'
景色,'@minaminomaki9 ステージ上にみなみちゃん現れた瞬間ホンマ泣いた…今回参加できんの悔しくて仕方ないだろうなって思ってたから(；ω；)\n全く同じ景色を見れなくても、できるだけ同じ場所を見続けられたらいいなって思ってるよ( ˘ω˘ )'
景色,'@aosukete でも行って後悔する事もありますがその時のノリで行ったから知る事ができた景色とかあるのでやっぱり悪くわ無いですよ🤤🤤'
景色,'@yuzumaple_8810 素敵な景色\n素敵な波の調べ\n\n良い時間を過ごせたんだね🤗\n\n気持ちが穏やかになるよね💞\n\n私もまた桂浜に行きたくなりました🤗'
景色,'いい景色でした https://t.co/nmBjw4fb8h'
景色,'@Rikako_Aida 出逢いをとても大切にされている逢田さんらしい、別れの歌詞がとても切なくてワンコーラスで泣きました。まさかそのような意味が込められていたとは…😭フルで聴いたらまた違った印象を受けそうです。まさにエンドロールのような、セピア色の景色が浮かびました #花筵'
景色,'@misia✡️デビューの頃のMISIAちゃんと私を振り返りました。自然と周りの出来事や繋がってきた人たちこれまでの様々な想いや景色がびっくり箱みたいにポロロン🎵溢れてきました。\n\nこんなに大切に想う気持ちになれるのはMISIAち… https://t.co/n5wrD83rYr'
景色,'オプション→ゲームの環境設定→ひかえめ にすると、閃光玉やゲリョスの発光でもうっすら景色が見えます。 これで味方の閃光玉で事故死…なんてこともなくなるかも＃MH4G＃MH4＃モンハン４G'
景色,'安静生活1日目\n\n珍しく目覚めることなく、9時半に起床。15時くらいまでこの景色を眺め、イライラしたため糖分補給をしに近所の31に。幸せを噛み締めた。満たされたかと思った矢先、コテコテの麺を啜りたいと思い、すぐさま近所のラーメン屋… https://t.co/Lp6RBMXjVZ'
景色,'@cradle_konatsu こなっちゃん‼️\n明日からずっと在宅勤務で…5日しか出社日が無いんだよ…ずっと景色家なのね…時間の感覚とか曜日の感覚とか…失うよね😲\n\nおやすみ🚥💕'
景色,'さっきのLUMIXが映してた景色\n\n📷 by 🌱@tikuwatikuwa3 https://t.co/YaJ679N5RE'
景色,'暴言には騙されないっす見える景色自分次第、と歌うナゴヤの青さ若さは眩しい…十代〜！'
景色,'@vZxa8A0gpTMS 8さんいつもありがとうございます。\n\n来週を乗りこえて、次の景色を見れるよう頑張ります。\nお言葉励みになります。\nありがとうございます。'
景色,'いろんな景色とりたいんよね。紅葉とか'
景色,'#シャニラジリリイベ\u3000\nプラスチック・アンブレラ\n三峰\n成海さんの注目は「こわかったの」\n本音をなかなか見せない歌詞において、明確に言うその言葉。\n分かって欲しいけど分かられたくない、という三峰の性格は、表情が半透明傘越しにぼやけた景色に隠喩されているのだろうか。'
景色,'【初デートでドライブに行く】 ドライブデートは常に景色が変わっていくので、自然や建物などの景色の中から話題を見つけられるので、沈黙が続いて気まずい思いをすることは少ないでしょう。 さらに車内でかける音楽も会話の糸口になるため用意し… https://t.co/GHfS5ZZAG6'
景色,'@assumiy 亀レスすまない、笑\u3000ばり景色綺麗やけど一般人からしたらかなり急やねんけど、笑\u3000\u3000始めちゃうかー、いやいや、レベルが、、\u3000ちなみに私の先輩はよくわからんけど、クラウン？とかも通ってて、指導者を教える？試験受けてはるらしー'
景色,'@shh1315 模様替えか？\n君の好きなものにすれば好い。俺はどんな景色の中であれ、君とこうして茶が飲めるのならそれで好いさ。'
景色,'18. 江戸川の景色から見る妙典イオン\n\n私のふるさとです。'
景色,'長い時間をかけて紆余曲折あった最遊記歌劇伝だからこそ、舞台を見ながら、三蔵一行の生き様と同時に、この舞台を作り上げて下さる全ての方々の決意と努力と一歩踏み出す勇気とか、壁をぶち破った瞬間とかそんな経験があるからこそ見られる景色とか、そんな過程に思いを馳せて感動するんです🥺'
景色,'歪みゆく景色にぐるりの空は息を飲んだ\n幾千の光に包まれ滲んだ世界はきらきらりん\n常に白き幻の国から離脱し目覚めよ\nナースコール右手に持って、彼岸、帰還、邯鄲の夢\n\u3000【天国からの没シュート】'
景色,'アーカイブ見終わった🥲🥲🥲🥲🥲🥲\n本当に本当に本当に素敵すぎるライブと素敵すぎる11人のメンバー ;  ; \n純喜くんJO1になってくれてありがとう(滝涙)これからキラキラした景色一緒にたくさん見ようね😭🤍 https://t.co/zxa96DaoDO'
景色,'@MS_HR_O なんと！！雲ひとつうつらない景色を😍\n染め上げたような美しいグラデーションです✨\nあーーーー癒やされます✨✨✨'
景色,'アラジンが・・・ユナンと同じ景色を、見据えているかもしれないからよ。'
景色,'#ヲトギ陰陽\n\nカテコでセンターに立つ姿。\nその後守上さんが、有栖川さんと一番最後にお辞儀をして捌けていく姿。に\n\n本当にW主演なんだ…😭って\n毎公演、嬉しさがこみ上げて胸がいっぱいでした😭💓\n\n舞台上で熱くシュテンドウジを演じる… https://t.co/a5TLgRs34L'
景色,'@shirai_universe ごめんなさい、ホントに言葉が出ないです。素敵でした。最高でした。\n数年ぶりにパニック起こすレベルで泣きました。乱数くんと白井さんを知ってから浅いですが、完全に酔ってます。これからポッセの3人と同じ… https://t.co/lDROWPNIFx'
景色,'原神PS4勢なんだけど原神くん解像度と言うか景色がめっちゃくちゃ綺麗になってない?  #原神'
景色,'今日はお台場のヒルトンのスイートルームで泊まっていきます❗️外にはジャグジーがあって、景色を見渡すとお台場や自由の女神、フジテレビとかがありますね'
景色,'豊洲いくと綺麗な夜景と無になった選手村の建物が見えるのでこう光と闇のような景色を見れる・・'
景色,'@10ROIMO クリアでけた〜✌️✌️\nですね！最近のゲームは本当に綺麗！\nツシマは景色もめちゃくちゃ良かったっす😍\n写真撮るのとかも楽しいですよね📷✨\nツシマ絵もまた描きたいですなあ😉'
景色,'@s0ng_A どんなに美しい景色でも、あなたの笑顔に匹敵するものはありません。💕❤️😘'
景色,"'@Sj861117sj 今日はyoutubeでLive放送してくれてありがとう＾＾＊🌟日本も今日はいつもより暖かかったよ💨歩いてるとキレイな景色が見れたり、いろんな発見があったりで楽しいよね☺️\n오빠,今日も一日お疲れ様でした😊🍀'"
景色,'盛岡以北の新幹線景色がね…'
景色,'きれいな景色を見て、\nリフレッシュしなきゃ癒やして癒やしあえて幸せ感じたいね？'
景色,'昨日、初めての戸狩温泉スキー場。\n\n家から車で約2時間。\n営業開始に合わせて家を出た甲斐があったってもんだ。じゃなきゃこの景色には出会えなかった。\n\nこれだからスキーやめられない。\n\n#スキー\n#戸狩温泉スキー場 https://t.co/8O5UvQDlIK'
景色,'@KamijimaNatsuko ちなみにこの写真の景色は現実のものです。'
景色,'美味しいご飯食べて美味しいねって言ったり、綺麗な景色見て綺麗だねって言ったり、そういうときが一番幸せ🐘🤍'
景色,'#しせになる\n車輪の唄、、、いつもこのバージョンだけどめっちゃ綺麗だよねぇ\nなんか朝焼けとか朝の空気とか色んな景色想像してしまう。'
景色,'『近くを通ると』で、いろんな人がいろんな景色を思い浮かべたんだろうなあ。'
景色,'白毛門最高だった\n今年一番の登山だったーー\nこんな景色を観れるから山はやめられない'
景色,'@riku_767 あと鹿児島空港とか九州の空港って景色めっちゃ良さそう！笑笑'
景色,'るみさんの道程、いいなあ…\nぜけさんも旅で辿った景色をまたゆっくり振り返ったりもしたいですな…'
景色,'「悩み」にフォーカスすると「悩み」に関係することが引き寄せられます。\n\n「解決」にフォーカスすると「解決」に関係することが引き寄せられます。\n\n今あなたの周りの景色は、あなたが引き寄せたものです。\n\n自分の力で動かせないとしたら、より大きなエネルギーに身を委ねる必要があります。'
景色,'そうなった場合、入れ替わりが終わると、現在の日高陽斗の人格は消え、ラストに流れる手嶋さんの「ただいま」の「同じ景色にあなただけがいない」が、めちゃくちゃしっくり来る＆切なさとしんどさの極みになるかなって思った。'
景色,'@vostok061 景色を楽しむタイプのゲーム'
景色,'@CocoroTourist こころさんお疲れさまでした😌綺麗な雪山🏔️の景色ありがとうございます……おやすみなさい🌚✨'
景色,'最高の景色だね\n#カスメ自動車部 https://t.co/jpZzI8yfm8'
景色,'遠くの景色指さされて「あの赤い看板あるやろ？」って言われても全然見つけられないくらい観察眼？無いので……'
景色,'（さらにようやく見つけた「６４ ロクヨン」のキャプチャ画像。菅田さんや佐藤さんが行き歩くのが甲府のドーミーインの前だったりアーケードの路地奥だったりで、見慣れたというか今は懐かしい景色です。）(E) https://t.co/GpVzOFRSoi'
景色,'本日は午後からスキーを始めたので、お昼頃から午後4時までの4時間、スキーをしました⛷\n\n極楽坂エリアでは合計７回、雷鳥バレーエリアでは合計6回、リフトに乗りました🦜\n\nとても気持ち良くスキーを楽しむことが出来ました😁\n\n立山山麓の… https://t.co/csqkLbUurA'
景色,'運転中、ふと横を見ると真が指で窓に落書きをしていた。その細い指先が息で曇らせたガラスにハートを描き終わる頃、鮮明になった窓の外の景色から、反射した真の目が覗いた。その瞳に全てを射抜かれてしまうような気がして俺は、思わず目を逸らした。菊地真が生きている。'
景色,'またあの人と同じでぃ景色を見たいから。失礼、噛みました'
景色,'とりあえず何もわかんないから\u3000景色のきれいな場所に行きたいです'
景色,"'納車1年記念日㊗️\n17,723Km走りました！\n全然足りません笑\n\n性別:♂\n年齢:21\n身長:177.6\n住み:京都\n好き:ツーリング 景色 バレー 音楽 お喋り\n嫌い:雨 飛び出してくる動物.車.人\n\nツーリング誘ってくださ… https://t.co/rgKCxD4TRf'"
景色,'@006Itoi イトイ様、はじめまして。昨年は折本アンソロ企画へのご参加ありがとうございました。連絡が遅くなり申し訳ありません。\n素敵な短歌本、印刷させていただきました💞\n一つ一つの言葉が丁寧で、景色が浮かんで、頭の中で二人の声が短歌を詠んでいるようでした。\n（続）'
景色,'今日週間になった散歩に出かけたら寒桜が結構咲いてましたね。\nいい季節になってきます(^^)\n#景色\n#桜\n#寒桜 https://t.co/zw6dnIYbVU'
景色,'@TLChuson ちょっと寝れないですね…カーテン開けられないの結構しんどいっすね…せっかくやし景色見たe。\n\nサービスエリアの度に点呼とるみたいです！'
景色,'乗り物も好きだけど歩くこともしないとなと。歩きって遅いから同じ景色見るなら速くたくさんの景色見た方がよくねと思ってしまう。運動するなら自転車でよくねと思ってしまう。歩きが乗り物より効率的なのは登山ぐらいか。'
景色,'昨日はEtzel Kulmへハイキングしてきた！\n久々の運動で最初は本当に辛かった…けど、とても素敵な景色が見れてとてもハッピー🌞\u3000やっぱり外に出てリフレッシュするの大切🌼🌸 https://t.co/z1knlzzIWV'
景色,'@kanao_mak13 こんな綺麗な景色なかなか拝めないなぁ・・・'
景色,'３４歳たくさんの幸せをありがとう。\nたくさんの大好きをありがとう。\n\n３５歳たくさん景色を見ようね亀梨くん本当に大好き。'
景色,'見た景色と、見たい景色🌸🍡🍵 https://t.co/uoCEhGkudg'
景色,'ちょっと景色いい所で、とか 憧れますね。\n……もう遅い気もしますが。\nま、まだ 大丈夫ですかね！？？ \n\n#Peing #質問箱 https://t.co/EDDSb4IJo2'
景色,'#ほなチャレ 2/22🐱猫の日🌷\n✐㊗️今日で1ヶ月経ちました🥰💯\n✐いつも綺麗な景色を見せてくれる大自然に感謝🙏✨一つとして同じ夕焼けは無いから🥴\n✐LINE友『佐藤健』から猫の日ﾗｲﾝ来てﾋﾞｯｸﾘ∑(๑ºдº๑)!!笑\n癒さ… https://t.co/5MP3K1R6a3'
景色,'何にもなれはしないなら \n形だけでも繕って \n何かを成し遂げたフリをして \n ずっと笑っています \n笑い\u3000笑い\u3000笑いあいたい \n認めて\u3000欲しいだけです \n あれこれ\u3000諦めてた \n景色の向こう側が滲んで\n\n《高尾→緑間》インタビュア/クワガタP'
景色,'「ふら〰️っと大切なミッション。」\nhttps://t.co/86kJhyxOPZ\n日記を更新しました(^^)d\n\n#ふらっと\n#ミッション\n#開陽台\n#道東\n#景色\n#スノーバイク https://t.co/o9rpgdrjld'
景色,'AKIBA’S TRIP周回してAKIBA’S TRIPの世界に、文月瑠衣に、想いを馳せすぎて誰かが動画で撮り歩いた秋葉原の景色を見るだけでまるで故郷に帰ったかのような安らぎを覚えるでござる…'
景色,"'部屋の掃除、たった六畳しかないのにどこまでやっても""上""の景色があるな\n終わらない趣味、見つけちまったかもしれねえ…'"
景色,'めちゃくちゃ家に帰りたくても顧客と飲むというジャパニーズビジネスマンスタイルを馬鹿にする人には見えない景色を知っている。'
景色,'本門寺の階段あがりきって振り返ってみる街の景色が好き。#おおみやラジオ'
景色,'💜ASTRO 5周年🎉おめでとうございます💜\n日々、6人に魅了され幸せと元気をもらっています🥰✨\nこれからもASTROと一緒に沢山の素敵な景色が見られますように...🌈💗\n#5래도록빛날_아스트로_5주년… https://t.co/dbQIp6jmVC'
景色,'@Utgardn 見つけちゃいましたぞ🙄\n\n展望台の中からね‼️\n階段登らないと見れない景色かと思った😅💦\n\nTHX‼️'
景色,'昔から健人くんの言うテッペンとはどんな景色なんだろう。\n今のグループの雰囲気がいいから、素晴らしい景色をたくさん見せてもらえそうな予感🌹 https://t.co/g8r0QX8VOL'
景色,'お母さんと歩いてるとそこらへんのありふれた景色でも文化財がどうのって解説聞ける、かなりすごい'
景色,'久々の新幹線\n埼京線から見ている景色を新幹線から https://t.co/Rl7OrCpTmh'
景色,'男のコ 1人いるだけで\n景色が変わる 温度が上がる\n不思ギ -蒼-'
景色,'景色とかじゃなくてバスを撮りたいなぁ😢\n\n正月以降、元気なバスに会えてない会えてない😭 https://t.co/vo02Gy4Q9R'
景色,'少し早いけど34歳の亀梨くんありがとう💗大変な世情に振り回された1年でしたが亀梨くんの見せてくれた景色で楽しい時間が持てました。さあカウントダウンだよ'
景色,'きれいな景色を見て、リフレッシュしなきゃ\nとにかくDMからだよね？'
景色,'@1239_luv 朝光くんの出回ってる幼少期の写真が何個も見たことある景色なの😹😹近い可能性もなくはない？！'
景色,'きれいな景色を見て、リフレッシュしなきゃ\n普通の出会いあるのかなぁ？いい人いる？'
景色,'わりとフットワークよく動くのが好きなわりにはあとあと「わー！こういう手もあったかー！」と頭抱えたくなったりもするんですけど、スモールステップだからこそ環境変化にゆっくり慣れていけるわけだし、どのみち最終的には良い景色がみえるから大丈夫だと思うことにした。今日から。'
景色,'@caramelnonchan お誕生日おめでとうございます🎉のんちゃんさんの綺麗な景色と美味しい写真に癒され食欲を刺激されてます🤭\n健康で楽しい一年が過ごせますように🤗'
景色,'哀愁なんてどこにもなかった 街の色は透明だった オレンジ色の田舎の景色は どこにも見当たらなかった - 哀愁交差点'
景色,'@Sadahar88318752 時は令和。疫病が猛威を振るった時代。世の中は新型コロナウイルスという未知のウイルスによって侵されていた。そんな中有観客ライブという一筋の光が射し込む。厳しい抽選の末彼らが見た景色とは？！未来とは？… https://t.co/67EP4XnKdv'
景色,'りっちゃんとスクショタイム〜\n景色きれい\nキャラクターはイマイチだけどw https://t.co/Cjg0Yj9EtU'
景色,'やりたいけどあまりにも時間がかかるだろうし、今はボズヤしたいとこである。景色も見てみたいしストーリーもあるし、やらないつもりは全然ないんだけども'
景色,'幸せを呼ぶシンフォニー彫刻の外観1-2枚目と幸せを呼ぶシンフォニー彫刻屋上からの箱根の景色\n\n#彫刻の森美術館 #写真好きな人と繋がりたい #ファインダー越しの私の世界 https://t.co/X52J1qprE1'
景色,'打ち合わせでこんな綺麗な景色を見られました。 https://t.co/6jF7Amp0Yv'
景色,'ラナンキュラスの見る景色 | ひなた #pixiv https://t.co/XJIZ1CBjF7\n滑り込みセーフ'
景色,'今日で1年。\n\n早くこの景色に戻りたい✈️\n旅行が戻った時、お客様に喜んでもらえるようにって、何とかみんな踏ん張ってるけどなかなか、厳しいな。 https://t.co/YcP1aD2XfD'
景色,'@maika_1020 お散歩日和はわかるが😅あまりにも景色の変化がないのが…事務所のまわりがってことでしょ…のどか過ぎるが、ももさん放し飼いにしても平気そう笑'
景色,'@k_sawara すごく景色綺麗ですね'
景色,"'この曲聴く度に\n""ただ海と空と草原の広がる大地に一軒だけ家が建ってる景色""を幻視する https://t.co/ZAtRSDeuKH'"
景色,'@m_argona_band 俺が見た景色をみせたい()\nあとはアンコール！れおちゃんとゆっきーが目の前でEXPOSEでは向き合って笑い合って演奏してて、熱色では完全シンクロ頭振りしてました…！'
景色,'@pnmr2b 最高イラストを！！！ありがとうございます！！って言いたかったんですが目的語がぬけて急に大声でお礼いいだす怖い人になってました😭😭😭😭どこまでも会話ができない、、すみません、最高景色をありがとうございます😭😭😭'
景色,'キングダム…色々不安はあるけど、心身共に傷つかず、8人の目に映る景色が美しいものであって欲しいな🥺✨\n私が確実に言えるのは、アチズのパフォーマンスを観る度に今以上にもっと、ずっと好きになってるという事☺️💖\n\n#ATEEZ… https://t.co/8WayOxXZfF'
景色,'深酒の景色 https://t.co/ceVHSW4ysF'
景色,'今日もいい日でした。\n土手沿いを車で走ってると\n空の色や雲の形で\n気分も変わる☀️\n\n今日しか見る事できない\n景色かも🍀\n出逢いも奇跡🌻\n\n明日も皆さんがハッピーで\nありますように😁🌈'
景色,'次この景色は水曜日かね、、、 https://t.co/VaA7fCVstI'
景色,'34歳も素敵な景色見せてくれて\nありがとう😭、！'
景色,'#ASTRO5thANNIVERSARY\n #ASTRO\n沢山いい景色見せてあげられるように頑張るね💪 https://t.co/ijrjPveBAV'
景色,'@Happy_Reindeer_ あれこれ場所移動したりすると景色直ぐ変わっちゃいますね(っ´ω`c)\nIDはそこがすごい助かる…！'
景色,'きれいな景色を見て、リフレッシュしなきゃ\n求めちゃってもいいですか？'
景色,'青い薔薇の花束をぎゅーって大事そうに抱きしめてる元太くんが世界一愛おしくて大好き💐💙Jr.大賞2位、本当におめでとう🌟いつも想像以上の幸せを返してくれてありがとう！これからもたくさん素敵な景色を見られますように☆彡\n#げんまる… https://t.co/TibJalYDKr'
景色,'@Lemonaice_0205 おおっ✨お邪魔しまーす!\n奥入瀬は実際に行ったことがあって景色が好き、また行きたいなと思ってます。津軽方面もいってみたい、大鰐温泉とか✨'
景色,'線路さかのぼる景色と 記憶が交差するこの街模様\n覚えてんだろよ How we roll\n俺はいってぇ誰なの Let me know\n華やかに見える景色と 淋しさ交差するこの街模様\n覚えてんだろよ How we roll\n奴らいって… https://t.co/NqR3jEmqnS'
景色,'「ここまでつれてきてくれてありがとう」\nどこまでも大きくなって有名になっても\n莉犬くんはずっと変わらないんだなぁ\nって思えるしそんな貴方だからこそ\n変わらずにずっと近くに居たい。\n「ここまでつれてきてくれてありがとう」\nって言わせてね。\nいつも素敵な景色をみせてくれてありがとう。'
景色,'ビジョン広告ガチイベ中✩.*˚\n\n予選2日目最終枠\n23:50~0:15配信中✨\nみんなで新たな景色を見にこう！*\nhttps://t.co/DZtJLNI4jq'
景色,'煙は多いが、世界で最も美しい景色の１つです。 https://t.co/gfy5YCeYIA'
景色,'@Rin_fw_Kyoto とことんやれる時は、とことんやりましょう。\nそうするときっと今まで見えなかった壁の向こうの景色が見えるはず。\n\n信じてやり切りましょうーー！！'
景色,'きれいな景色を見て、リフレッシュしなきゃ癒やして癒やしあえて幸せ感じたいね？\nフ゜ロ フから待ってます！'
景色,'nanaさんのブログ読んで、オーストラリアとNZに行きたくなりました…🇦🇺🇳🇿\nいつかお会いしたいな。素敵な景色をたくさん見て、お土産もいっぱい買って帰ろう。\n\n頼むでコロナ…'
景色,'津軽海峡冬景色の対義語ってもしかして睡蓮花なのでは…？'
景色,'青ブタの聖地の学校めっちゃ海の景色綺麗'
景色,'綺麗な景色見に行きたい'
景色,'昼頃 ソロソロと走る新幹線🚄\n1枚目は私\n2枚目は ひよさん\n姿を見るとやっぱり嬉しい\n\n今日も黄砂で霞む景色\n\n24日には全線開通\n激しい通過音が響かなくても\nこうして走ってくれるだけで😌 https://t.co/571qpSdima'
景色,'#ヒメヒナワンマンライブ\n夢景色やっぱ感動した'
景色,'@uratasama @uratasama_kari \nたぬきさんーーーー！！！！当選したことが嬉しすぎて報告するの忘れてました！😂この画像をロック画面に設定して強く生きようと日々労働に勤しんでおります！久しぶりの武道館！またあの… https://t.co/530Hx7irb8'
景色,'@LeBas_Just1794 いやもうその景色が脳内に見えてしまった…完全に2人が優勝なの分かってて着せる為のイベントじゃん？？実行委員会側に2人のファンいるね？あれ私かな？\n舞台袖からハンカチ片手に涙拭きつつその様子を見たかった人生でした'
景色,'@Riria_Luri_ 死者の宮殿もエンドコンテンツよねｗ\n最下層の景色見てみたい🥺'
景色,'コズムツアーよりSignツアーのほうが一本しか行ってないのに印象強いよ…初めてふろちゃんのライブでホール参戦やったから景色とか演出良すぎて感動したなぁ🔥アンコールのFTD2009でメンバー真横通って触れた思い出💭笑 当時の会報誌にもちっさく写ってた✌️笑'
景色,'@mtk_cairo 行きはアインソフナの海岸線、帰りはガララロードを走ったのですが、どちらの景色も素敵でした！'
景色,'ザバーンは景色もBGMもきれいでいい所でした…\nただ一つ非常に残念なのがアルフィノ坊ちゃんの状態でモグモグダンスとか投げキッスできなかった点。。。遺憾であります https://t.co/nKFsYP05yp'
景色,'@9Kq0c ぼく、写真撮るの好きなんで…いい景色求めて…✌️'
景色,'最高の景色！\n大好きです。 https://t.co/9iUBtJzVca'
景色,'無事帰宅！！！\nラウクレⅡ終了です💪✨\nはぁぁ楽しかった！\n\nこの時の為に生きてるって思うわー\n\n仕事で疲れても辛くても上手くいかなくてもLIVEに行けるならと、頑張ろうと立ち上がらせてくれる最高の時間。\n\nその瞬間しかない景色を… https://t.co/Tnv2OMOjze'
景色,'@misackey1224 @Kamowiththewind 私にとっても｢ハダシの未来｣は\n特別な曲です。\n潤ちゃんが、こちらエリアに向かって踊ってくれたら、最高です。\nまた、あの景色を。'
景色,'オウチ拡張中の中二階景色がエモい\n\n#Valheim https://t.co/jCJbI6g9Ro'
景色,'@01azu10 雲ひとつないから見れる景色だね☺️'
景色,'いつも旅費精算を忘れるので机の前に大きく「精算」と書いた紙を貼っているのだが景色として慣れてしまいまた1ヶ月溜め込み怒られてしまった'
景色,'北海道の廃道めぐり、みたいなのをつべで見てたんだけど、たぶん、この廃道になってる道路を通ったことがあると思う……\n廃墟になったとは聞いてたけど、温泉……景色は天気がよければすっごくいいと思うけど、アクセスだよな\n\nもっと手前の温泉… https://t.co/3N2SQIIdCO'
景色,'@syogoAkkiy55 写真だけで美味しさが伝わります😋\n富士山も見えて景色も良いですね～\n\nありがとうございます！ すっごく楽しかったです😊'
景色,'きれいな景色を見て、\nリフレッシュしなきゃ癒やして癒やしあえて幸せ感じたいね？'
景色,'@luck_HAKURO ｢そうなんだ。思い込んだ方が踏ん切りとかもつくのかな……？それなら思い切り楽しもうよ。ええと……外の景色も綺麗だろうし、ゲームセンターもあるし、お腹が空いたらご飯も食べられるし……退屈はしなさそうだよね｣'
景色,'もう一度だけで良いから同じ季節の同じ景色を貴方と見たかった https://t.co/uaruu0Ww1E'
景色,'青函連絡船、八甲田丸を散策したことあるんだけどグリーン席の椅子はなかなか倒れるな、とは思った。景色も優れていた https://t.co/iZYxUIm7B4'
景色,'@kinuchanyuzu きぬちゃん、こんばんは☺️いつもありがとう。2週間くらい経つと同じ場所でも色や景色が移り変わってるのをとても感じます。まだ咲いていない梅もたくさんあって、次行ければ、そこに咲いてる水仙とのコラボ撮れたらなぁなんてもくろみ中です(*ˊ˘ˋ*)'
景色,'この間電車乗ったとき一番前の車両に乗ってね見える景色が広くてたのしかった'
景色,'@king13ss 参加ありがとうございます😛\n景色めちゃめちゃ綺麗ですね！'
景色,'新しく公開しました\n第26話\u3000合宿 - 夢海の景色-吹奏楽の色恋- - カクヨム https://t.co/jo6teAbp9H'
景色,'@GOD__30 こんばんは。メッチャいい天気でいい景色ですね。😊🙆\u200d♂️\n首大丈夫ですか？\nお大事にしてくださいね。😭🙇\u200d♂️'
景色,'えぺ配信お疲れ様でした🥰\n\nたのしかったです(  ᴗ  ̫ ᴗ  )\n元気なすがたみれてよかったー！！\n3人のえぺは安定ですね😼💕\n\nチャンピオンの景色今度こそ見せてください（ᕦ(ò_óˇ)ᕤ“\n\n♡@tomofufua ♡\n〇… https://t.co/sIcolJN1Iw'
景色,'また一面の青い景色みたいっ！\n\nこれは2年前かぁ^_^ https://t.co/STF0Y0qVnq'
景色,"""江ノ島に来ると陽だまりの彼女やSHE'SのLetterを思い出すし、何より街並みや景色が好き。"""
景色,'いつもは階段登ってお賽銭入れてお参りした後、降りる際に遠くの景色を見ることを目的としてます。（少し高いところにあるので）\n\n真夜中に遠くを見ると心がスーッとなるんですよねー。 https://t.co/VvQng6dJal'
景色,'みずしーの津軽海峡冬景色を子守唄に爆睡してしもうた…'
景色,'@starry_miuS 楽しむもよし、慌ててるもよし、不安になってるもよし、ただ景色を見てるだけもよし。\nある意味、どんなシチュエーションにも適応できる最高の逸材だと思いますよ。'
景色,'土岐麻子？！？！歳バレる(今更)けどsuperstarみたいな通勤中聴くと瞬く間に見る景色がおしゃれになっちゃう曲はほんとにこの世に少ない…よって土岐麻子は通勤中の耳の恋人😭👂'
景色,'@WriterNone 他の方にも書きまくってるって聞きました、、！！\n\nわたしも新しい景色が見たいです！！！\n誰かのためにというより、自分のためにも書き続けていきたいです、がんばります！！'
景色,'@ShugoAbc 輝さんお誕生日おめでとうございますですね！！\nまだまだ新米プロデューサーなのですが、これから色々な景色を見られるのが楽しみです☀️'
景色,'#ペナント\n「九十九島」(きゅうじゅうくしま、長崎県)\n\n佐世保市～平戸市にかけて点在する島々の総称。我が国有数の景勝地(日本百景など)。\nこのペナントの風景は、佐世保の弓張岳展望台(手前の構造物の特徴、ただし屋根の色が現状と異な… https://t.co/ieMpkQ1t79'
景色,'【緊急開催DD活！5.5週目】\n81層～リベンジ回！！\n前回越えられなかった93層を越え、ようやく…ようやく！！登頂しました！！！！\n\nこの景色が見たかった…っ！！！\n\nあと3回登るので、次はまた21層から！\n上層まではサクサクっ… https://t.co/0mTo7UiT8V'
景色,'やっぱり行くなら6月がいいんですかね・・・よく旅行の写真だと冬景色が映えそうだが・・・まあひぐらし目的で行くなら6月がいいのかも。同じような人がたくさんいそうだけど。'
景色,'@sICMHiMcXRYEWnR 綺麗な景色だよね'
景色,'このあたり見覚えのある景色だなと思ったらやっぱり石神井公園駅前だ\nアニメに映ったカット以外にも周囲の風景を目に焼き付けられる(そして作中では描かれない登場人物の些細な心情に思いを馳せることができる)のは聖地巡礼の醍醐味の一つですよね https://t.co/fRcAqw1MYI'
景色,'ブレワイ大体2回ぐらいクリアしてるけど最初の馬のって景色見て旅しながら祠攻略するのが好きだからリセットしてる'
景色,'萌音ちゃんナレーションの\n「風景の足跡」\n今回の物語は箱根にある\nロープウェイの早雲山駅が舞台\n\n足湯につかりながら\n景色が楽しめる展望テラスが\n駅舎に入ってるなんて豪華\n活火山の箱根山の噴火に備えて\n避難シェルターの役目も\n兼ね… https://t.co/R4yyMJXJHS'
景色,'@sioameee 海は景色が最高なのに加えて打ちあがったものが面白いのが魅力ですね。変わった貝とか魚とか拾いはしませんが、興味深いです。'
景色,'@S2nao_s2u この景色を直で見れるのが羨ましいー🥺'
景色,'道満が晴明に勝って一言言いたいシチュは「あなたの境地に並び立つ者がいる。それを思い知らしめただけで拙僧は報われます」\n意訳:ようやくあなたと同じ景色を見る事ができました。あなた一人にしか見えなかったこの景色について、語りあいたいのです。\n\n…とかでも私が五体投地'
景色,'@10makkori 景色違いすぎて笑ってしまった🤣🤣🤣花粉じゃなくてこちらは雪が舞っております☃️'
景色,'@g8TCj0mETUTriik 派手なセットもなく、ただただシンプルなステージなんですけど、彼女が立っただけで変わるし、曲が変われば感じる景色が変わってそれが全部を補ってました…\n\n美しい、しかないんですよね…ほんと…\n分かりみがすぎます…😇'
景色,'@compass1220 ようこそアストルティアへ！！！\n色んな素敵な景色もたくさんあります！！\nエンジョイ！！！'
景色,'この前東区歩いてたら\n景色最高だったぁ✨✨ https://t.co/36gGHAbuFX'
景色,'『夢の棲む街』山尾裕子。読んだのは大学の頃。緻密で、美しく、難解な文章、読むだけ油彩のような景色を思い浮かばせてくれる不思議な文体、破綻しているかのように突然で、余りにも激しい物語の終わり。こんな作品が書きたいと思った。今も思い続けている。'
景色,'白浜よかったー、風やばいwいつも暴風やが、こんなもん？wそのあと紀伊半島の例のアップダウンを楽しみ、川沿い登って温泉からの、山の峠越えからの市街地までバイパス経由と、コンパクトな距離ながらくるくる変わる万華鏡みたいな景色を大変楽しめた、良きライドでした。'
景色,'こんばんは🌙\n\n今日も素敵な夜景を見ながらお仕事😊\n\n#夜景\n#ミーティング\n#景色 https://t.co/dnFYoR0AmJ'
景色,'同じ景色だよこれ😶\nめっちゃいいよね四季折々さ！\n春夏秋冬感じられていい地域やわ！\n\nでもはよ春来てほしいな https://t.co/IhTBmwnIPH'
景色,'@toshi_banga フュージョンしたいな…\nそしたらふーすけの見た景色見れる…（通報）'
景色,'6cm上の景色でした！！！'
景色,'@echil_0329 おばけみたいな人？\nあんなに優しい三崎さん、王子が？\n思い出すと真っ黒な景色かも知れないけど、『過去は変えられる』んでしょ。\nえちるさんはどう違うの？\n1人で抱えないでくださいね。\n話したくなったら\nいつでも聞きます。\nオヤスミナサイ💤💤💤'
景色,'#Bustronome っていうディナーがパリで流行ってるらしい。ってことで知り合いの方に頼んで貸切にしました。安めにするためにアフタヌーンティーにしたんだけど、二階建てのからの景色はveryGood⭐︎#paris #パリ https://t.co/vZBlK6ZCjz'
景色,'東北県人としては津軽海峡冬景色を歌ってくれて嬉しかったな\u3000元気出たから明日もがんばろー\nありがとうのばまんさん✨'
景色,'１日ドライブツアーして帰宅。\nほんのり暖かく、ほんのり寒く。\n景色がいいとこいくと、ああ～あと何年生きてられるのかなぁ～って思うようになった。歳だな。'
景色,'@satomarine サトホークさん！✨\n今日もありがとうございます💚\n楽しかったです！！！♪♪\n\n倉敷！！！修学旅行で行きました💨一番気になるのは川舟下りです！\n倉敷の景色は絶景だったのを覚えているので今度行った時は舟乗ってみたいです…💭'
景色,'東大震災の番組、シェルター、\nそれしかない！意外とエロ本が\n役立つかもな、景色かと思った。\nアストラゼネカ社のワクチン、\n何あきらめとんねん、イギリスで\nは打っとんちゃうん。乱暴な\n言い方になってしまった。この\n人キレイやな、夕の… https://t.co/avYqPDYlCy'
景色,'原罪最期の景色がとても綺麗な散り際だった。 https://t.co/obXkcIqqNv'
景色,'亀ちゃん、🎂Happy Birthday🎉\n35歳おめでとー(*´꒳`*)\n\n亀ちゃんにとって素敵な1年になりますよーに‼︎\n今年も色々な顔と景色を見せてくれるの楽しみにしてます(*´∀｀*)\nKAT-TUNとハイフンにとって、楽… https://t.co/vHq2QoqSVr'
景色,'ここ最近、過去の嫌な思い出ばかりが鮮明に夢で出てきてあまり気分が良くない\n外の景色見ながら空気でも吸うかね…'
景色,'バギー乗り場から見えた景色。今日は富士山🗻の日だったようです。 https://t.co/ApMqPMKYcg'
景色,'@N4508H 是非！\n普段通勤通学で見る景色を横に贅沢するのは最高でした✌️'
景色,'ピンク色の愛の乱数くん視点から2人を見ているようなカメラワーク、2人との出会いによって乱数くんの世界はあんなにも綺麗に輝き出したんだな、て感じて本当にあの演出は天才だよ🥲乱数くんの見ている景色、とっても綺麗だ'
景色,'@para259 本に煙が掛かってる景色がなんかエモ…いです（当社比）あれ？'
景色,'早く会場が紫1色に染まった景色を見せてあげたい\n#乃木坂9thバスラ'
景色,'『桜の時』「「春が来るとこの川辺は桜がめいっぱい咲き乱れるんだ」あなたは言うあたしはうなづく」「春が終わり夏が訪れ 桜の花びらが朽ち果てても 今日と変わらずあたしを愛して」桜が綺麗なのは分かったけどその綺麗な桜を一緒に見る今だけじゃなくて景色が綺麗でない時もあたしを愛して🌸'
景色,'寝てるヒルチャールとかみると起こすの可哀想だと思ってそ〜っと通ってる、あと楽しそうに踊ってたり景色見てる子とかもかわいい、まあ見つかったら容赦なく殺すんですけど'
景色,'今までの幼稚な画風からの脱却を狙い😂本日の配信では風景画に挑戦です。\n\nこういう景色と、らぁらびっと（オリジナルキャラクター）の融合したイラストを描いてみようと思います。\n\n#イラスト上手になりたい#ペンで風景画#画風を変えたい#… https://t.co/gKwSYTFttI'
景色,'アナスタシア2回目は1階席センターでした。色々発表あった後で色々思うことあったけど、ちょっと間が開いたので思い出しながら。パリの景色が美しくて、セットもすごいなぁと思いながら見てました。 https://t.co/B8qkRmh8F9'
景色,'本日の夕方\nアトレ竹芝で景色を楽しんで\n有明ガーデンのベーカリーカフェへ\n\nって書くとなんかオシャレに見えるかもだけど、実際は24時間365日ずっとコミュニティの事を考えて悩みながら地道で泥臭い活動をしてます\n\n外向けには楽しく輝… https://t.co/hYbD0j63Re'
景色,'サクラ見てたら、当時付き合ってた恋人(たいして好きでもなかった)に会いに行くために長距離バス移動したの思い出した 景色だけは良かった'
景色,'@masuotv \nマスオさん💕\n今朝おはスタの感想で伝えそびれましたがw\n\n今日は…富士山の日🗻\n\n30代で見る頂上からの景色はまた違う感動があるかもですね☺️\n大変だけどいつかまた登ってほしいなぁ✨\n\nこれからも楽しみながらい… https://t.co/KZEWZprIJv'
景色,'@6runakarupo15 なんか\nちょっとエグいかと思ったけど\nパン🍞が付いてる事知らんかって\nパンが助けてくれた🤣🤣\n一緒に食べると\nエグさがマシになる😂\n\n山登り\nチョーー気持ちいいね‼️‼️\n体動かすのもいいし🍀\n景色も空気もいいし🍀'
景色,'@furu4914 あそこ景色もよくご飯も美味しいですよね…すき…'
景色,'1位:R334\n知床峠を含む前後の景色はまさに絶景。端から端まで楽しい、さすが北海道。\n2位:R152\n中央構造線に沿う部分の多い国道。沿道に興味のそそる箇所があまりにも多すぎる、全部好き\n3位:R33\n地元びいき。三坂トンネルの… https://t.co/ViOOCAauaG'
景色,'@4eFzEkgvicZ9oko ルシさん^ ^おつキャラです😆\n\n景色最高❣️花粉最悪な感じでしたけど\n春を満喫出来たかな⁉️👍✨🌸'
景色,'@gprza いつもに増して、景色が見えてくるような音に聴き惚れました💕\nなにより、スタインウェイに魅せられて楽しそうに演奏するござさんが素敵でした🥰'
景色,'荒野垢貸してるけど正直に言うと荒野やる意味がガチャ回したいとかフレンドと遊びたいだけだったから別にそこまで不便じゃないな皆も少し荒野から離れて周りをよく見てねとてもいい景色があるよ！'
景色,'明け方の景色もいいものよ\u3000おやすみ'
景色,'見慣れた景色に潜むロンドン'
景色,'良い景色だろ。クレーム処理しに行く前日なんだぜ、これ。 https://t.co/tl1zty1cXl'
景色,'美しい景色また見せてね…💗'
景色,'@freelife_blog 行動力と決断力が決定的に足りてなかったですが、適正なリスクをとりながら行動する！が少しずつ出来るようになってきました。\n1歩踏み出した先の景色はこんなにも違うものかと。\n収入めっちゃ増えましたわー！！… https://t.co/TOWPuf8TxW'
景色,'最も美しいもの何が見えるうちの子\nフェニーチェ→自分\nノルベルト→アレッタの最期\n周→倒壊する屋上の景色\n充吉→ハコブネのお花かゆずにい\nコゼット→頭を撫でてくれた時の魔女さん'
景色,'乃木坂の〆の曲といえばこの曲。サイリウムが紫の海になる景色は素晴らしい。皆で歌える日を楽しみに明日からも頑張るぞ！！\n乃木坂の詩\n#乃木坂46\n#乃木坂9thバースデーライブ'
景色,'@tos\nREQUEST #SZ @MTV #FridayLivestream\n5exyZone セクゾ\n\n5人が見せてくれる景色を\n一緒に見たい。'
景色,'あの奇妙な穏やかさと美しさ、ミカサちゃんから見た景色色彩なのだと解釈してるんだけど(え…ちがう…？)、それを思うとますます泣いてる  どうしようもなく絶望しても、世界は美しくて、その景色の中に大好きな人がいる  それがあの瞬間のミカサちゃんの全てだったんだと思うとヴォ〜〜😭😭😭'
景色,'@223playmount 市バスでこんな景色見たような覚えがあります'
景色,'何処へ行くにも\u3000この足は\n退屈に染まって動かない\n少しだけ先の景色が\n見たいだけなのにな\n\nhttps://t.co/HLBWtDTKLX'
景色,'@kirakirakaho かほさん❤️こんばんは🌟\n\nめっちゃキレイですね✨🏙️✨\nいつも色々な所へお仕事に行って大変ですね😌お疲れさま☺️\n\n私が住んでる所はちょっと田舎なので都会に憧れます✨\n\nいつも色々な景色を見せてくれるので楽しいで～す😆💕'
景色,'@dxd21895894 レンズ交換するだけで、また違った景色が見えるから楽しいですよ‼️😊'
景色,'ルームサービスで高層階からの景色を見ながら朝食を食べたいなあーーーヾ(\u3000ﾉ´ω`)ﾉｼﾞﾀﾊﾞﾀ'
景色,'なんか今日の夢不思議だった…\n浦添の58らへんから車乗ってたら周りの景色がん？こんな森あったかな？ってゆうくらい不思議な景色で、それを一緒に乗ってた友達と話してて、そしたらどんどん昔にタイムスリップしていって、昔の公設市場とか大通りに行く夢みた、、めちゃめちゃ不思議だった😳'
景色,'……夕日を受けた召喚壁が燃えるように見える…… わたし、この景色をどこかで見た覚えが…… - ダガー'
景色,'色の本「グレー寄りの色少ない景色のほうが描きやすいゾ」\n僕「ホントや」'
景色,'「この地点で昔の人は景色の美しさに感動してつい歌を詠んでしまったんですよ！！」\n「ふんふんなるほど！！」'
景色,'@cozatohen こんばんは🌜\n滋賀の大津と比べたら沖縄は春ですね^ ^滋賀県こんなに寒いとは思っていませんでした〜‼️今朝は景色の良い空に遭遇したので🤳を撮りました👍そろそろ雨模様になるかもです👀'
景色,'京都駅から接続の #ホテルグランヴィア京都 にて大事な会議。早朝の景色がエモかった。。今日も一日頑張ります https://t.co/pffKUaJIlR'
景色,'見える景色はスローモーションで 映画のよう / LemonYellowDays'
景色,'@zyukuko 天国に行ったらこの景色見れるんですか？！😳\n（訳：めっちゃ可愛い）'
景色,'キャンプ行きたいな🏕\n年中楽しめるっていいよね\n同じ場所でも時期によって景色違うし、たまらん。\nでも2人で行く時は9割雨キャン☔️\nなぜ？？？？？\n#キャンプ #キャンプ好きな人と繋がりたい \n#キャンプ好きと繋がりたい https://t.co/iCYVhD3Wl8'
景色,'@tos\nREQUEST #SZ @MTV #FridayLivestream\n5exyZone セクゾ\n\n5人が見せてくれる景色を\n一緒に見たい。'
景色,'危険を冒して前へ進もうとしない人、未知の世界を旅しようとしない人には、人生は、ごくわずかな景色しか見せてくれないんだよ。シドニー・ポワチエ\ngennki_maemuki #名言'
景色,'友達の呼び出しに付き合った結果、素敵な場所を知ることができた。\n\nいつかこの街をモチーフにした音楽が作れたらいいな。なんて思ったり。\n\n最近、なんとなく見た景色とか情景とか、そんなものからでも曲作れる気がする。\n\n頭のシフトが全部… https://t.co/lnCRXCv2ew'
景色,'#乃木坂9thバスラ\n乃木坂の詩。\nいつかこの景色を観れることを祈って今年のバスラ は終了。リピート配信ありがとう。 https://t.co/Z9f8YtxAW4'
景色,'帝劇２階のパーラーインペリアルから階段側を見た景色。\nパーラーインペリアルは今はコロナ対策で営業しておらず、座れるスペースとして開放されています。 https://t.co/rDbUI4Hb3n'
景色,'@yuuch1m 神戸の景色素敵だなぁ✨ 早くまた神戸行きたいな！リフレッシュできて良かったね！'
景色,'もういっそシークいっぱい儲けて、シークランド作って。\n\n神社中心にお茶や謎解き楽しめる四ツ目神ゾーンとか、展望台からの景色も美しい監獄少年ゾーン(ホーンテッドマンション的なの)とか、電車型ジェットコースターが楽しめるウーユリーフゾーンとか、併設ホテルはもちろん黄昏ホテルで。'
景色,'保有株こんな感じです😇😇😇\n\nこの下げで次の景色になった時に爆上げする銘柄をしっかり選定して買いたい😌\n\n下記の方は要注目ですよ☝️\n\n@aki35orz\n@teslafuns\n@Capybara_Stock… https://t.co/YdH4VNtCA8'
景色,'@n5J1X3WfhPuSY2f 毎日見ても何一つ同じ景色に出会えない不思議ですよね😊だから癒やされるのかもしれません☺️❣️\n瀬戸内海は山も海もって穏やかで良いところです🥰\nって住んでいますが\nしまなみ海道はの島を巡るのまだ行ったことないのでいつか制覇してみたい🤩ところです🎶✨'
景色,'君に見せたい私の目の前の景色\n綺麗な夕方の空\nなんか胸が締め付けられそうな景色だよ https://t.co/iTotCiswMp'
景色,'@utsugi018 昨日より今日。今日より明日。過去は自分を育ててくれた時間と捉えて前を進むのみですね！今を生きる\n。努力して苦しんだ先で見る景色を求めて…笑顔も忘れずに！ですね！😊'
景色,'@mayu_12_24 まゆちゃん、こんあいば(*^▽^*)ノ\nいつも褒めてくれて\nありがとう〜っ(｡•ᴗ•｡)💕\n\n翔ちゃんのを作ったけど\nこれを眺めてると、5人の並ぶ景色が\n目に浮かぶ〜✨🕺🕺🕺🕺🕺✨'
景色,'うろちょろしてたの昨日だけど、やっぱ俺こういうクッソ田舎～って景色が好きなんだよな\n\nていうか高い建物が建ち並ぶ街並みがほんと嫌いで。\n日当たり悪くてほんとイヤなんだよな\n開けたところが好き\n\n人類平屋で生きろ。 https://t.co/xUTI0J4490'
景色,'『快』と『不快』が同時に来たら不快が優先されて快は感じられないのが人間を含めた動物の本能。\n\nどんな感動する台詞も攻撃的では怖いし\n\n高所恐怖症の人が高いところで綺麗な景色に感動するのは難しいし\n\n虫が沢山いる薄暗くて汚いトイレで… https://t.co/y67yVnVaS6'
景色,'シブツタさんがDISH//ちゃんで溢れてて感動した🥺こんなステキな景色が見れるなんてシアワセすぎて♡\n#DISH_X #DISH https://t.co/h8CMmiydHm'
景色,'語感重視の言葉の羅列が心地いい。\n目に映る景色が淡く輝く春の日差しに残された、冬の空気感を感じる。\n\nhttps://t.co/GnpIxTqVDg'
景色,'@haruka_hiraroma 30分以上電車に乗るのと、土日は満員になる上にお喋りするからどうしてもね…；；\nわわ、こういうのがあったのね！\u3000むげんと一緒の方は人間の手が入った景色で、ふーしーとの方は森なのね…。見ている方向もなんというか…。素敵な絵柄だね…。'
景色,'舞い落ちる\u3000花びら\u3000頬を伝う雫\nあの日２人で見上げてた\u3000景色に今ただ１人\n\n思い出すのが恐くて\n瞳\u3000心を閉ざして\n何度も消そうとしたの\u3000その度にあなた溢れた\n\n【君ノ記憶\n作品…薄桜鬼\n歌…mao】'
景色,'儚いなぁーて何もかもが夢みたいに見えるのは\n空のオレンジがほんとはないみたいなのは\n自分の目を通して見てるからだな\n誰かが見てる景色な事思った途端にそれらは、実体となる\n夢幻泡影の向こうで流転する万物に必ず夕陽が含まれてたように… https://t.co/l25DZqaUT7'
景色,'@hayakinakaii そういや、近くに下灘駅もあるし、日本最古の開閉橋とかあったり、そもそも基本どこからとっても景色いいので楽しみがいもありそうなコースだと思う'
景色,'実は家の建替のため、仮住まいに引越しました🏠\n引越し先で、前の家では見れなかった景色が・・・🐶\nモザイクむつき君😂\n#チワワ  #愛犬 https://t.co/5JMJsLJXtF'
景色,'引けでどんな景色だろう'
景色,'きれいな景色を見て、\nリフレッシュしなきゃ癒やして癒やしあえて幸せ感じたいね？'
景色,'@pinkchan_kuru わー最高の景色🥺♥︎1段下がったとこに灯台置くのめちゃくちゃいいねー🤤♥︎♥︎'
景色,'2章でルークがエペルに「紅茶を飲む時、カップの取っ手に指を入れるのはエレガントではないよ」と指南するの好き。5章後だと違う景色になるかな。'
景色,'梅田スカイビルめちゃくちゃ景色良かった！でもね高すぎて怖かった笑\n恭平くんの気持ちがよくわかりましたよw\nみんな明るい時にいっとーけど夜もよかよ！'
景色,'@oysmnmd この景色いつも見れるのいいなぁほんとにオシャレです参りました←'
景色,'@m342220 やっぱりですね笑\n\n1回行ったことがあってそこの景色覚えてたんですよ笑笑'
景色,'津軽海峡・冬景色'
