冬景色,'@kozukaisei 確かに綺麗な冬景色だ🤭ﾊｯ\n#津軽海峡\n#冬景色\n#森谷3さんのこぶしきいた歌声\n#そんな歌声を聞きながらの散歩\n#それは至高な時間'
冬景色,"'志賀高原の玄関口""サンバレースキー場""🎿🏂\n""Sunvalley ski area"" gateway to the ShigaKogen.\n\n#志賀高原 #shigakogen #sunvalley\n#DJI #MavicAir… https://t.co/kgYf5lLGUf'"
冬景色,'2021/1/10 振袖撮影会\n\u3000卯月紅葉さん\n松島離宮/梅らぶ\n#撮影会 #被写体 #モデル \n#松島 #振袖 #梅らぶ \n#ポートレート #冬景色 \n#写真好きな人と繋がりたい \n#ファインダー越しの私の世界 https://t.co/qm1TDfENHE'
冬景色,'「冬景色」\nブラックミストno05の試し撮りしてきました。\n\n #ブラックミストno05 #ファインダー越しの私の世界 #写真で伝える私の世界 #冬景色 #風景写真 https://t.co/bDDgIRrTsW'
冬景色,'５日ぶりに晴れたのでお散歩。朝がどんどん早くなる、日が長くなってる。1週間前には真っ白だった河川敷も、そんなのは夢ですよ、と言わんばかり。天然スケート場も一瞬だったネ。ほんの10日の間に-10度から20度以上も上がって、来週水曜は… https://t.co/WoQPHWdXvp'
冬景色,'#冬景色 #雪景色 #北海道\n#写真好きな人と繋がりたい \n#カメラ好きな人と繋がりたい\n#カメラ初心者 #キリトリセカイ\n#ファインダー越しの私の世界 https://t.co/EPzEOl0Pv4'
冬景色,'#五能線 #秋田魁新報 #キハ40 #冬景色 #日本海 \n夏の日本海より冬の日本海が「海」と。\n乗り鉄日和～キハ４０系だけでなく、サボ交換も見納めか？\u3000真冬の五能線編（上）【動画】｜秋田魁新報電子版 https://t.co/eJ0Re9k008'
冬景色,'夕暮れの散歩道は\n曇り空の下\n\n遠くの山は雪に霞んで\n\n風の音もなく\n\n#北海道 #冬景色 #今日 https://t.co/BaqtOg8Zx4'
冬景色,'隣に座りたい人な私の図。\n\n関係ないけど、私は雪が好きなので島が１年中冬の雪景色であれば良いと思うし、少し春の若葉が待ち遠しい気もする。\n\n先日リアルに桃の小枝を生けたので余計春が待ち遠しいのかも。\n\n#あつ森 #冬景色 https://t.co/aPsZmokeNT'
冬景色,'会津は☁2℃予報。\n外はヒンヤリ、空は白い空。\n・・いつもの散歩道。辺りは静寂。雪踏みの音のみ。見渡せば綺麗なモノクロの景色なり。\n皆さん、いい一日過ごしてくなんしょ(^-^)\n\n#会津 #会津若松市 #風景写真 #view… https://t.co/y41PMDSjij'
冬景色,'今日の絶景👀@横手山頂\nan excellent view📷\n\n#志賀高原 #shigakogen #Yokoteyama\n#nagano #japan #japow #winter #snow #ski #snowboard… https://t.co/89m1G89t46'
冬景色,'みてみて〜(●´ω｀●)\nこの前スキー場に行く途中に出会ったんだモ〜♫かわいいモ〜♬\n#広島県 #北広島町 #芸北 #冬景色 #飛び出し注意 #野生動物にも優しい運転 https://t.co/9vfMaHj8mn'
冬景色,'山中湖はまだ寒いです。 #山中湖 #富士山 #凍った #冬景色 https://t.co/U6iwotthAI'
冬景色,'#今日の日光男体山 。\nいつもの公園から。\n\nこの数日、姿が見えないと思ったら、雪化粧のお色直しでした。\n\n#日光男体山 #日光 #男体山 #山 #風景 #栃木県 #宇都宮 #陽東 #かぶと虫公園 #ちとせ児童公園… https://t.co/RfI5NL4fOF'
冬景色,'おはようございます😋\n今朝の洞爺湖の景色をお届けします🌥\n\n#おはよう #洞爺湖 #景色 #洞爺湖カヌー #洞爺トイボックス #toyatoybox #朝活 #洞爺湖カヌー屋さん #laketoya #北海道 #雪 #冬 #絶景… https://t.co/bEHNCsPhVL'
冬景色,'～エナガ～\n冬のモコモコ感😊\n\n＃野鳥\u3000＃エナガ\u3000＃冬\u3000＃冬景色\n＃ふぉと\u3000＃鳥好きな人と繋がりたい\n#写真好きな人と繋がりたい \n#写真で奏でる私の世界\u3000 ＃鳥\n＃写真撮ってる人と繋がりたい https://t.co/NmzYfx7KY4'
冬景色,'#鳥取\u3000#田舎\u3000#雪\u3000#冬景色\u3000#冬の終り\u3000#引越\u3000#初体験\n今年の冬もそろそろ終わりなのかな？\n引越して雪掻きを経験して分かったことがある。\n12月や1月に積もった雪はサラサラで中々溶けなかったし、積もった雪山の下側は凍りついて… https://t.co/AWISyKr1Fo'
冬景色,'会津は☼☁9℃予報。\n空は青空、暖ったけぇ日差しだなし。\n・・青空の下、くっきりと映える会津磐梯山。\n皆さん、いい週末過ごしてくなんしょ(^-^)\n\n#会津 #会津若松市 #風景写真 #view #会津磐梯山 #雪山… https://t.co/mVtrwGu4GL'
冬景色,'カラスが二羽寄り添いながら温めあってます。微笑ましいなぁ(´∀｀)\n#佐賀 #移住 #上無津呂 #冬景色 #カラスの生態 https://t.co/MuAt3Jhd9x'
冬景色,'白川郷合掌造り集落\u3000天気が良いから凄く景色がキレイ⛄\u3000#白川郷\u3000#合掌造り\u3000#白川郷合掌造り集落\u3000#冬景色\u3000#白銀の世界\u3000#コロナに負けるな\u3000#医療従事者に感謝\u3000#不要な外出自粛\n\n#Pocolo #ポコロ\nhttps://t.co/SCRIyVDFlz'
冬景色,'白川郷合掌造り集落\u3000天気が良いから凄く景色がキレイ⛄\u3000#白川郷\u3000#合掌造り\u3000#白川郷合掌造り集落\u3000#冬景色\u3000#白銀の世界\u3000#コロナに負けるな\u3000#医療従事者に感謝\u3000#不要な外出自粛\n\n#Pocolo #ポコロ\nhttps://t.co/UL2JTJ7wfs'
冬景色,'おはようございます😊\nこんな景色ともそろそろお別れ✨\n全国的にあったかくなりそうですね\n\nどうぞ楽しい週末をお過ごしください🌸🌼\n#冬景色 https://t.co/XAtlSo5I12'
冬景色,'おはようございます🤗\n今朝の洞爺湖の景色をお届けします☔️\n気温高め、風強め、弱い雨の朝です。\n\n#おはよう #洞爺湖 #景色 #洞爺湖カヌー #洞爺トイボックス #toyatoybox #朝活 #洞爺湖カヌー屋さん… https://t.co/q23gXoGvVW'
冬景色,'白川郷の冬景色⛄\u3000#白川郷\u3000#合掌造り\u3000#白川郷合掌造り集落\u3000#冬景色\u3000#コロナに負けるな\u3000#医療従事者に感謝\u3000#不要な外出自粛\n\n#Pocolo #ポコロ\nhttps://t.co/N0zvl2ULg6'
冬景色,'白川郷の冬景色⛄\u3000#白川郷\u3000#合掌造り\u3000#白川郷合掌造り集落\u3000#冬景色\u3000#コロナに負けるな\u3000#医療従事者に感謝\u3000#不要な外出自粛\n\n#Pocolo #ポコロ\nhttps://t.co/qobMB77RzC'
冬景色,'白川郷の冬景色⛄\u3000#白川郷\u3000#合掌造り\u3000#白川郷合掌造り集落\u3000#冬景色\u3000#コロナに負けるな\u3000#医療従事者に感謝\u3000#不要な外出自粛\n\n#Pocolo #ポコロ\nhttps://t.co/zYDpbA1ww8'
冬景色,'https://t.co/lLoD5eb2JB'
冬景色,'大自然で遊んだ後はネムネムです😴☃️😴\n\n#冬景色 https://t.co/iDYNf8OMVL'
冬景色,'昨日の関さんのワークショップから一枚。\n冬らしく可愛らしい一枚になったかな、と自己満足😊\n#ポートレート \n#ファインダー越しの私の世界 \n#雪撮影 #冬景色 https://t.co/dLklqSDnQu'
冬景色,'今日はわるくない天気でしたね、下界は。\n\n@ 美瑛町水沢\n\n#美瑛町\u3000#冬景色\u3000#北海道 https://t.co/zWYGsHXTG5'
冬景色,'2ヶ月前の札幌らしい冬景色\n過ぎてしまえばあっという間だ\n#札幌\n#冬景色 https://t.co/0N8ewlUsvx'
冬景色,'日本アルプス上空✈️\n\n#イマソラ #ソラマニ_マドカラ #冬景色 https://t.co/GECoPjeBT1'
冬景色,"""志賀高原一の瀬〜奥志賀高原スキー場を空からお届け🗻📷\nIchinose to Okushiga bird's-eye view🐔\n\n#志賀高原 #shigakogen #ichinose #takamagahara… https://t.co/WGeWeDmOmR"""
冬景色,'今日の散歩中に見えた夕陽が幻想的過ぎでした！\n\n#イマソラ #カナダ #夕日 #夕暮れ #空がある風景 #空ネット #空 #空が好き #キリトリセカイ #ファインダー越しの私の世界 #夕焼け #マジックアワー #今日の空 #冬景色… https://t.co/aYGNgEwgqX'
冬景色,'おはようございます。\n素敵な日曜日を！\n\n#中島公園 #札幌 #北海道 #冬景色 #キリトリセカイ #写真好きな人と繋がりたい #ファインダー越しの私の世界 https://t.co/I7EBne7IcU'
冬景色,'おはようございます\n\n今日も同じく暖かくなるようです☁\n\n２枚目は今の状態。脇道はしゃぶしゃぶ状態です...\n\nお出かけの時は十分にお気をつけてくださいね😃\n\n#おはようございます\n#カメラ初心者\n#冬景色 https://t.co/GZelT8uVbr'
冬景色,'冬の白川郷\u3000#白川郷\u3000#合掌造り\u3000#白川郷合掌造り集落\u3000#冬景色\u3000#コロナに負けるな\u3000#医療従事者に感謝\u3000#不要な外出自粛\n\n#Pocolo #ポコロ\nhttps://t.co/jhUhtBHMJa'
冬景色,'冬の白川郷\u3000#白川郷\u3000#合掌造り\u3000#白川郷合掌造り集落\u3000#冬景色\u3000#コロナに負けるな\u3000#医療従事者に感謝\u3000#不要な外出自粛\n\n#Pocolo #ポコロ\nhttps://t.co/Prmr4y4CJR'
冬景色,'冬の白川郷\u3000#白川郷\u3000#合掌造り\u3000#白川郷合掌造り集落\u3000#冬景色\u3000#コロナに負けるな\u3000#医療従事者に感謝\u3000#不要な外出自粛\n\n#Pocolo #ポコロ\nhttps://t.co/1TXwo8fU3U'
冬景色,'冬の白川郷\u3000#白川郷\u3000#合掌造り\u3000#白川郷合掌造り集落\u3000#冬景色\u3000#コロナに負けるな\u3000#医療従事者に感謝\u3000#不要な外出自粛\n\n#Pocolo #ポコロ\nhttps://t.co/pRemUwE0l7'
冬景色,'冬の苔庭は一面茅が敷き詰められた。静かな御庭もまた美しい。\n#hakone #カメラ好きな人と繋がりたい #箱根美術館 #箱根 #苔庭\u3000＃冬景色 https://t.co/M23n8yBnlp'
冬景色,'冬の白川郷\u3000#白川郷\u3000#合掌造り\u3000#冬景色\n\n#Pocolo #ポコロ\nhttps://t.co/q3uaCfONTY'
冬景色,'冬の白川郷\u3000#白川郷\u3000#合掌造り\u3000#冬景色\n\n#Pocolo #ポコロ\nhttps://t.co/p4RTlP5TpF'
冬景色,'おはようございます😊\n今朝の洞爺湖の景色をお届けします☁️\n\n#おはよう #洞爺湖 #景色 #洞爺湖カヌー #洞爺トイボックス #toyatoybox #朝活 #洞爺湖カヌー屋さん #laketoya #北海道 #雪 #冬 #絶景… https://t.co/pvaGx9umhe'
冬景色,'２月の赤城自然園（２月２０日撮影）\nポカポカ陽気に恵まれたお花畑風景を、パチリ。\n霞んだ榛名山と空、心地良い眺めだった。\n褐色の落葉大地、灰色の落葉樹、霞んだ空を、パチリ。\nミズスマシの池。春霞の空色の水面が、雑木を映し込む鏡面景… https://t.co/l2GI9DCFXk'
冬景色,'https://t.co/HjAv6Uqemj'
冬景色,'冬の絶景⛄白川郷\u3000#白川郷\u3000#合掌造り\u3000#冬景色\u3000#雪だるま\n\n#Pocolo #ポコロ\nhttps://t.co/PIHAgAxCOK'
冬景色,'冬の絶景⛄白川郷\u3000#白川郷\u3000#合掌造り\u3000#冬景色\n\n#Pocolo #ポコロ\nhttps://t.co/4YdH7t46kD'
冬景色,'冬の絶景⛄白川郷\u3000#白川郷\u3000#合掌造り\u3000#冬景色\n\n#Pocolo #ポコロ\nhttps://t.co/ZnUBW8wY3T'
冬景色,'冬の絶景⛄白川郷\u3000#白川郷\u3000#合掌造り\u3000#冬景色\n\n#Pocolo #ポコロ\nhttps://t.co/x6lCGaIALi'
冬景色,'冬の絶景⛄白川郷\u3000#白川郷\u3000#合掌造り\u3000#冬景色\n\n#Pocolo #ポコロ\nhttps://t.co/Tzmbc0e0W7'
冬景色,'冬の絶景⛄白川郷\u3000#白川郷\u3000#合掌造り\u3000#冬景色\n\n#Pocolo #ポコロ\nhttps://t.co/RIThxHV1fE'
冬景色,'冬の絶景⛄白川郷\u3000#白川郷\u3000#合掌造り\u3000#冬景色\n\n#Pocolo #ポコロ\nhttps://t.co/JWIOA9Q2Sw'
冬景色,'冬の絶景⛄白川郷\u3000#白川郷\u3000#合掌造り\u3000#冬景色\n\n#Pocolo #ポコロ\nhttps://t.co/2z4dMVIiIt'
冬景色,'久しぶりの投稿！\n\n＃冬景色\u3000＃2月\u3000＃冬散歩\n＃カメラ女子\u3000＃カメラ散歩\n＃miphoto_iro\n＃写真で私の世界 https://t.co/SuaubuIFy9'
冬景色,'https://t.co/9XV8re1zdz'
冬景色,'💫Lake Shikotsu and the starry sky💫\n\n#北海道雪景色 #冬景色  #支笏湖\u3000\n#写真で感じる北海道 #北海道\n#ファインダー越しの私の世界\n#キリトリセカイ #camera\n#hokkaido… https://t.co/lwJ5CwF9l5'
冬景色,'☃️Shirahige-no-taki Falls☃️\nここは冬が断然好きかな🍜\n#北海道雪景色 #冬景色  #美瑛町\u3000\n#キリトリセカイ\n#写真で感じる北海道 #北海道 #ふぉと\n#ファインダー越しの私の世界\n#東京カメラ部… https://t.co/8mV3e3fRBl'
冬景色,'◽️ 2017年\n◽️ Mr.Shang on The Street\n◽️ GOLICA 自動カメラ\n\n#film #フィルム #冬景色 https://t.co/IRr9L4MNJr'
冬景色,'#山形県 #山形 #やまがた #yamagata #中山町 #中山 #nakayama #山形旅行 #重要文化財 #日本遺産 #東北 #東北旅行 #東北photogram #古民家 #癒し #自然 #japan_of_insta… https://t.co/wmPsOA3qEx'
冬景色,'#東北道  北上辺りは、まだまだ #冬景色  寒っ！🌁⛄🌁\n#平野レミの早わざレシピ #それスノ地上波レギュラー #スッキリ #富士山の日 #早わざレシピ #イラスト #仕事 #旅先 https://t.co/r1MuMfxuya'
冬景色,'#山形県 #山形 #やまがた #yamagata #中山町 #中山 #nakayama #山形旅行 #重要文化財 #日本遺産 #東北 #東北旅行 #東北photogram #古民家 #癒し #自然 #japan_of_insta… https://t.co/U9qwuiOFgb'
冬景色,'良い雪だけど風でロープウェイは運休だった🚡\nでも、いい景色見れた(^^)\n\n#旭岳 #asahidake #冬景色 #冬 #雪 #snow #winter #写真の町 #東川町 #higashikawa #写真 #photo… https://t.co/NDvuaORiH5'
冬景色,'おはようございます🤗\n今朝の洞爺湖の景色をお届けします⛅️\n\n#おはよう #洞爺湖 #景色 #洞爺湖カヌー #洞爺トイボックス #toyatoybox #朝活 #洞爺湖カヌー屋さん #laketoya #北海道 #雪 #冬 #絶景… https://t.co/Zkdkzdl6DH'
冬景色,'【自動】\n#いつかの立坑\n#冬景色\n#北海道\n#赤平市\n#炭鉱\n#2018年3月\nhttps://t.co/UpzINHiWQg'
冬景色,'ここ最近は雪が積もらず。\nすこしあたたかくなってきましたね❗️\n#平成のツッパリねぎ坊\n#リーゼント\u3000#冬景色 https://t.co/zC16WyT7Kg'
冬景色,'冬の白川郷⛄\u3000#白川郷\u3000#合掌造り\u3000#冬景色\u3000#白川郷合掌造り集落\u3000#雪\n\n#Pocolo #ポコロ\nhttps://t.co/TkeubXqTku'
冬景色,'冬の白川郷⛄\u3000#白川郷\u3000#合掌造り\u3000#冬景色\u3000#白川郷合掌造り集落\u3000#雪\n\n#Pocolo #ポコロ\nhttps://t.co/cVhe33QRSt'
冬景色,'冬の白川郷⛄\u3000#白川郷\u3000#合掌造り\u3000#冬景色\u3000#白川郷合掌造り集落\u3000#雪\n\n#Pocolo #ポコロ\nhttps://t.co/y12i5ZLzHL'
冬景色,'冬の白川郷⛄\u3000#白川郷\u3000#合掌造り\u3000#冬景色\u3000#白川郷合掌造り集落\u3000#雪\n\n#Pocolo #ポコロ\nhttps://t.co/nLXt3ibQhm'
冬景色,'冬の白川郷⛄\u3000#白川郷\u3000#合掌造り\u3000#冬景色\u3000#白川郷合掌造り集落\u3000#雪\n\n#Pocolo #ポコロ\nhttps://t.co/0zXHkZvPjd'
