休憩,'風呂上がりに休憩がてら過去読切整理ちう。オォウ…オゥ…／(^o^)＼ https://t.co/FxckyOYVgq'
休憩,'@mrn___kp @MTV 休憩大事ですね♡使わせてもらいます♡\nKing &amp; Prince 💍 I Promise'
休憩,'@TTANAKA_MWAM 今日もお疲れさまでした！\nデスクワークは目や肩の疲れにお気をつけて。\n合間に美味しいオヤツ休憩も忘れずに😋\n\nおやすみなさい💤'
休憩,'友達とオンライン上で一緒に勉強する【メリット】\n\n・勉強をしなければならない環境\n\n・休憩時間は友達と話すので、YouTubeなどは見れず、過剰な休憩を取れない。\n\n・お互いを高め合える。\n\n・私の場合は毎日一緒に勉強するから勉強… https://t.co/SmCmyxxywr'
休憩,'@meito_alphabet 小さい頃から食べているアルファベットチョコでしたが、新商品がこんなに増えていたとは感激です！チョコと言えばMeito さんです☺️勉強、読書の休憩によく頂いてます！食べてみたいです'
休憩,'@miyoonice お返事ありがとうございます。\n就寝してしまうと思いますので、明日朝もしくは休憩中にお返事致しますね。\nこの度もよろしくお願い致します。'
休憩,'休憩時間がまるでない'
休憩,'新しいことに挑戦して上手くいかないと悔しいし正直面白くないけどでも成功させたら楽しくなるから頑張ろ\nまた少し休憩したらやる'
休憩,'@lemlemtenten 休憩大事(\u3000-`ω-)b\n休憩挟まないと終わりが見えなくなるから笑'
休憩,'【かげろーの一言】一旦、10秒だけでいいんで、目の休憩しましょ!!'
休憩,'@5staramore 良かった💚💚💚💚\n\n私の4号機もそうなんだけど、横からリプすると赤くなるみたいで😅\n自ツイの休憩所にぶら下がることをお勧めします😊\n\n私がリクツイの最後に休憩所を作るからいけないのか😱\n今度から休憩所は自ツイにしますね。'
休憩,'あーーーもうっ！！😦💔😦\nダブハンの時間に合わせて休憩貰ったのにーーーっ！！！\nおもーーーい！！開けなーーいっ！！\n\nダブハン終わっちゃう休憩も終わっちゃう...(ˊ• ·̭ •̥ `)ｸﾞｽﾝ\n\nんん朝まで頑張ろーーっ😳🙌 https://t.co/mLJWimk68l'
休憩,'来週は少なくとも2回は配信出来そう🐱\nとかいいながら最近週1でしか配信出来てないけど……\n\n半年記念で6時間配信出来ればなぁと思ってはいます\nで、最初がAPEXだったので、やはりAPEXをやります！\n長時間ゲームをやってる姿を見せ… https://t.co/ODcKWIvenN'
休憩,'【労基法第三十二条第二項】使用者は、一週間の各日については労働者に休憩時間を除き一日について八時間を超えて労働させてはならない。\n\nおわかり頂けますか？そもそも残業は原則として法律で禁止されているのです！これの例外を認める手段が労… https://t.co/YZCvJNVdMT'
休憩,'休憩や'
休憩,'名古屋から山形県まで9時間かかるそうです、休憩を入れた時間だとしても、自分には真似できないと思いました。'
休憩,'休憩なう、…だ。\u3000オルオ、飯だ'
休憩,'@e_nkun 休憩しながらな'
休憩,'わたしも仕事の休憩中にひょうしらふかいている…今月仕事の休憩中しか余裕がない😭はよおちつきたーーーい'
休憩,'@mika_disney_pin わたしも職場の休憩は毎日カップ麺とかです😂\nそうなのですね！頑張って実現して欲しいですーーー！'
休憩,'今日も今日とて夜勤です(休憩中)'
休憩,'いやいや\nちょい早めに休憩入ってギリギリディヴィジョン入室できるーおもたらメンテはつらすぎwww\n#モンスト好きと繫がりたい'
休憩,'@mayooo_tv 疲れて休憩してるとこが1番好きだったりする😂\n本気でお友だちになりたい!!!!'
休憩,'休憩'
休憩,'いろいろ頑張ったけど疲れちゃった。\nちょっと休憩しよ( ´-ω-)'
休憩,'今1コマ描けたので休憩中〜🤤🍵'
休憩,'@sanoari 泊まりがけでやってたときは少し休憩したら再出撃とかやってたから一日でもあと5列くらい増やせたりするんですよねー'
休憩,'描く時間なくて職場の休憩30分くらいしか作業ができない'
休憩,'@rntnzist えもうテスト明けか休憩落書きに絶対描く🥺🥺🥺🥺🥺👊✨\n\nえ待って好きなんやがwww\nかまちょなヘラみは需要しかねぇ🤟'
休憩,'次は１章用に予定した２件だけどぶっちゃけ１０人以上詰められるかわからんからちょっと休憩'
休憩,'スーパー銭湯の休憩スペースでジョジョ見ながら寝落ちしてた！\n次来ればストーンオーシャン読破出来るかなぁ'
休憩,'@mDo2BmPVEy9KCqT うん、わかるよ～♪\n流石に黄帯と一緒で、キラー緑以上だとキッツいよね💧\nいっぱい吐き出してスッキリしよーー♪\nさっきまでサバやっていたけど、今夜も赤帯キラーばっかりなので晩酌しながら休憩ちぅ🥃\n\n今夜は何時頃まで遊びますか？'
休憩,'休憩したら麻雀配信するぞーー'
休憩,'只今、休憩中😁\nなんか、疲れてます❗\nおやすみなさいませ😪✋'
休憩,'@shiina_sora712 打ち合わせお疲れ様でした😃🙌🏻\nちょっと休憩します🌝\nゲーム配信楽しみ！！！！！！！！！！'
休憩,'ウィクロスまで休憩'
休憩,'@aaaaamtbk 休憩大事（すやりんこ） https://t.co/wEFIe0jcGs'
休憩,'休憩のときとか、普通に左右にカーテン開けられたらプライバシーゼロじゃない！？'
休憩,'ちょっと休憩...ふぅ'
休憩,'@lostgentleness 今はちょっと休憩中です(((o(*ﾟ▽ﾟ*)o)))'
休憩,'今日も作業が少ししか進まなかった……？何を言ってるんだい？！まず手を付けたその行動力が凄いんだぞ？積み重ねれば必ず完成できる。あ、休憩は忘れずにね！ヒーローとの約束だぞ！'
休憩,'仕事をちょっと休憩して、ホルモンのキャベツ炒め♪\n\n休憩したらもうひと頑張り💨\n(休憩からの生存率0.02%) https://t.co/AOHXkgdDYZ'
休憩,'@ayagluck ありがとうございます😊\nまたぶり返しそうなんで土日は休憩します🤔'
休憩,'朝から遅くまで休憩もろくになく毎日毎日仕事して1日の唯一の楽しみの2時間を奪われ？なんして生きろと？死ねと？'
休憩,'@jyaco_koutya ご来店ありがとうございます♪\nベルガちゃん、休憩スペースから冒険できますように🙏\nお時間がある際には、フリータイムもぜひ💓'
休憩,'もう休憩終わりやん。なんでやねん'
休憩,'ちなみに、バイトの休憩中によくわんこの鼻を拡大しては「ｵﾊﾅ！ｵﾊﾅ！」とか思ったり言いながら鼻を人差し指でツンツンしてる'
休憩,'@Mei_ROTO なるほど…wチャコちゃん可愛いもんねwチャコちゃんの休憩も必要だね…\n今，車系か天馬にしようか迷ってるwwwプクリポ限定！www 11'
休憩,'一回ぐらい休憩行かせてもいいのに。気配りの出来ない男'
休憩,'@sakura_mochi025 そうだね！私も焦るときは1回手を止めてほかのことして休憩する！\n\nほんと？！えへへてれちゃうなぁ💕💕\n\nいえいえだよ💕💕💕めるはいつでもいるからね(*´▽｀*)'
休憩,'@Cendrillon_KP2 休憩3\nI promise / King &amp; Prince'
休憩,'頑張るのも良いけど休憩も忘れんなよ'
休憩,"""ペンペンと20時からゲームして\nもうこんな時間や(   '-' )ノ)`-')ﾍﾟﾁ\n\n36時間くらいぶっ続けで\n2人でゲームしてたの懐かしい笑\n\nお風呂休憩して\n飛ばすやつの素材集め( つ•̀ ω•́ )つ\n\n楽しい〜( つ•̀ ω•́ )つ"""
休憩,'／￣￣￣￣￣￣￣＼\n|       休憩してね      |\n＼＿＿＿\u3000＿＿＿／\n\u3000\u3000 \u3000\u3000○\n\u3000\u3000\u3000 o\n\u3000\u3000∧＿∧∩ミ\n\u3000（`･ω･´)つ\u3000\n┳∪┳―┳     ┳―┳―┐\n┻┳┻┳┻┳┻┳┻┳┨\n┳┻┳┻┳┻┳┻┳┻┨\n┻┳… https://t.co/xPyiQWyMF8'
休憩,'バイトの休憩時間にダッシュでパンケーキマンション行った😸\nパンケーキ食べれんかった(^^) https://t.co/QgJcgNhrj8'
休憩,'@marin151991 私ね、彼が逝ってから\n涙は枯れないんだ、\nて自分でも驚くほど\nずーっと泣いてた何ヶ月も\n仕事の休憩中も喫煙室で泣いたり\nでも、だんだん腹が立ってきて\n「何で急に死んでんだよ！」って\n壁に物投げつけたりしてね。\nずるいよね、別れの言葉も無しに\n急にね。'
休憩,'1回リプ返タイム休憩✨\nごめんね(´；ω；｀)'
休憩,'@r1nk0c5 お昼は休憩室で女性3人だけなんですけど、1人がすごく感じ悪くて空気重々です💦\nなので30分で切り上げて、忙しいのを理由に仕事してます😅\n雰囲気や社の文化的なものと、自分の机で食べると上司につかまるという厄介事があるんです…😭'
休憩,'@Cendrillon_KP3 休憩\nI promise / King &amp; Prince'
休憩,'@se_haruharu 休憩札持ち帰ったって読んだら、飲んでたコーヒー吹きました🤣\nガンダム懐かしい✨私、Ζガンダム好きだったなぁ😁'
休憩,'MPがほぼ0なので\n食洗機やって休憩して\n鍋物洗って休憩して、\nそっから台所の拭き掃除からの諸々やるので\n多分寝るのが2時'
休憩,'ほぇー？最近ぱらびさん鯖落ちしなかったのにどーしたのかな？何か一斉に観たいような事情あったっけ？？Snow Manのファンがまた急に増えたの？それとも皆でそれスノ休憩に走った？\nじゃあ、先にやることやっちゃおう！これもD.D.精神✨'
休憩,'休憩！'
休憩,'今日18:40にホールついて\n無駄に飯休憩取ってラーメン食いに行った俺ほんとアホだわ\nしかも最初仕事疲れで眠くてウトウトしてたw\nディスク音が2G目にきて一気に目覚めたけどw'
休憩,'休憩時間とか寝る前に譜読みアプリやるようにしてあと楽譜地道に読む…'
休憩,'まだ31周だけどもう解放されたいって思い始めたから休憩せねば。'
休憩,'@WLbd4oCuJsP53on お前はよく頑張ったと、ほめてあげてね🎵\nお疲れ様でした。\n今、仕事先から休憩中(^_^ゞ'
休憩,'うちのタルタル無凸だから休憩時間用にサブアタ重雲採用した'
休憩,'#感謝日記 \n・パンケーキ作てくれた感謝\n\n#ダイエット日記\n・53日目\n・ランニング \n・腹筋\n・68.2\nなかなか痩せない…\n\n親切日記は書くことがあればやりますが、ちょっと休憩します！💦\n代わりにポジティブ日記を書くかもしれません✌️'
休憩,'今思い返すと、今日は朝一からラストまで、休憩は昼飯の20分だけやったな。\n\nたしかに、自分は体力あるかも。'
休憩,'@atsupon8 @carat2mcz @kompal_osaki リクライナーなら平成２９年の暮れか翌３０年１月に３階休憩室リニューアルをしましたね！その時は赤羽に戻ってきていました‼'
休憩,"'サウナ：10分 × 3\n水風呂：1分 × 3\n休憩：10分 × 3\n合計：3セット\n\n一言：ドラクエ勢がすげー多かった。。残念。 (＠ 宮前平源泉 湯けむりの庄 in 神奈川県, 川崎市)  https://t.co/yww0H3F7cV'"
休憩,'@Egg_Tomato_1217 私もBOXで買ってたので親の仕事場の休憩所に置いてもらってウエハースは食べていいのでカードだけ置いてて下さいって張り紙してたら皆さんカードはちゃんと置いていてくれましたw\nお陰様でウエハースが綺麗… https://t.co/MzGVn52ZgG'
休憩,'おや、もうこんな時間だ。原稿も大事だけれど、一区切りついたらきちんと休憩するんだよ。'
休憩,'休憩2\nI promise / King &amp; Prince'
休憩,'@hikaraito_2424 疲れても走り続けるのは正しいかなぁ…？\n\n休憩した方が効率いいかも'
休憩,'@yuuuuuki_MoBi 相変わらず爆風なんすよね千葉は…\nコロナはもうどうなることやら…ただ走るだけの事が多く 人気の無いところに行くので走りますがwww基本休憩無しで走るので一人の時は！陣痛が来たらトイレ行きますが…'
休憩,'悪いけど年齢層もあるんだろうから高めならトイレ休憩あってもいいとおもうけどな。いくら感染対策言ってもこれじゃあね'
休憩,'今のところ良い感じにオモチさんからリクエスト受けたひまちゃん絵可愛く描けてきてる順調にコツコツと絵進んで来てた。一旦笹木の配信見て休憩する。'
休憩,'休憩終わっちゃうよォ'
休憩,'次の講演会？出番はとあるPD関連企業の市民公開講座の休憩時間に数分運動をお伝えさせてもらいますー。\n\nちょっとでも運動知ってもらうきっかけを頂けるの嬉しい！'
休憩,'「トイレ休憩」で引きとか予想できるか。'
休憩,'@Cendrillon_KP2 休憩\nKing &amp; Prince / I promise'
休憩,'でも前みたいに月に2日しか休めないとか全く無いから、休憩取れんとか全然よゆー'
休憩,'REQUEST #KingandPrince @MTV #FridayLivestream\n\n\u3000👑\u3000👑\n٩( ˙³˙)( ˙³˙)و \nキンプリファイターズGOGOGO‼︎\n\nシンデレラガール ෆ ︎Memorial ෆ ︎君を待… https://t.co/NMeBFlQyDd'
休憩,'休憩即コーラ応募外れ'
休憩,'明日昼休憩ないから仕事するの怖いなあ😰\n何かしらつまめるもの持ってって少しでも口に入れないと気持ち悪くなる🤢'
休憩,'執「閣下が魔物型でなくて本当によかったです。(ぎゅう…」 閣「お、おい…？苦しいぞフェンリッヒ」 執「もし閣下が魔物型でしたら魔物使いに躾られて 「ヴァルっち、フェンリっちを休憩させて」 閣「む？疲れているのか…？」 ｱﾙ「躾が必要なのは狼男さんの方ですわね…」'
休憩,'クソアバター祭は目と耳が破壊されるな\n休憩しよう'
休憩,'今日もお疲れさまです！\n\n休憩しましょう(^-^)/'
休憩,'最近ライネクリピしつつも休憩にバンタン見て、そして現実では舞台観劇してるから雑食オタクすぎる'
休憩,'@rRPf5K6AfuGPRUH みんなでお通夜みたいなお昼休憩になりそうです😅'
休憩,'［休憩室］お店で！ネットショップで！使える支払い方法［トーク］ https://t.co/W9HLBh7CTl @YouTubeより\n#電子マネー #簡単ね #少し前まで #なにがなんだか #arovor #いつもありがとうございます'
休憩,'チー牛野郎1月に隣のチーム来てから休憩室でいつもガン見してくるんだよ…キモい'
休憩,'@orufisudqx おるさん\n休憩しなさいよｗ'
休憩,'初めてクラブ来たんだけど暑いし酔い回りすぎてエグい\nトイレで休憩中'
休憩,'夜勤の昼休憩が23:00〜0:00だから、休憩終わりと同時に金曜日が終わって土曜日になるから、土曜日は休日だから、昼休憩終わったら帰ってもいいですか(暴論)'
休憩,'ほら、手が止まってるよ。少し休憩するのはいいけど、ずっと休んでいると後で困るからね。'
休憩,'休憩はいった'
休憩,'今日は1時から休憩やぁー'
休憩,'@OZgg0911 川沿いがサイクリングコースになっているので、休憩所になっています✨✨'
休憩,'夜勤休憩'
休憩,'@25karim_06oa リドルくーーーん\nシルバーーーーー\nどこぉぉぉぉぉぉ\n休憩中かな🤔'
休憩,'休憩したら、もうちょい頑張るかあ'
休憩,'@IdentityVJP アンドルーくんどこにいるの😢\nチョコたべて休憩しようよ🍫💓\n#第五人格チョコ大作戦 \n#第五人格チョコチャレンジ\n#頼むぞ荘園バレンタイン'
休憩,'仕事の休憩中火消し出来る嬉しみ🙃'
休憩,'@wataru_y1111 程々に休憩されて\n無茶だけは\nしないで下さいね！😆'
休憩,'少し休憩！'
休憩,'隣で中学生のクラブチームがガチガチにやってる中、おじさま達は運動不足から立ち直るので精一杯w\n結局6人だったから3x3の11点ゲーム永遠とやってたけど回を重ねるごとに休憩長くなって１つのゲームも終わらなくなってくっていう😂\n\n楽しかったけどもう全身の筋肉が痛い🤖🤖🤖'
休憩,'最寄駅ついたけど立ち上がったら思ったより酔っ払ってて草、、休憩しながらゆっくり帰ろ🌝🌝'
休憩,'肩が痺れてきたきた😓でも勝ちモードが続いてるから少し休憩したらまたやろう😎今の試合は勝たせてもらった🙌よかった🥰'
休憩,'@4ZzZrO64JeNd7Jp Nは講習会のみの参加しかしたことがありませんが集中力を保つ為か休憩時間（塾弁）がありました\n拘束時間が長いのは通塾でも塾弁時間があるからかな？\nきっとお父様は子供は勉強は大事でもほどほどにのお気持ちなのでしょうね。お優しい^ ^'
休憩,'@nzRFosgsuP2RMG0 うちの施設は二時間休憩で(勿論ワンオペ)で18時間勤務です(白目)'
休憩,'@IdentityVJP アンドルーくんどこにいるの😢\nチョコたべて休憩しようよ🍫💓\n#第五人格チョコ大作戦 \n#第五人格チョコチャレンジ\n#アンドルークレスくんを探しています'
休憩,'明日はお昼休憩を削ってでも定時で帰ってライブ観る！！！'
休憩,'今日の休憩飯\n#食いしん坊めんま https://t.co/CemR4chNSG'
休憩,'事前に5人を撮ってから合流したから、ピース✌️が間に合ってなかったのね岡田くん。昨日休憩時に音量ミュートし忘れて見てしまって盛大に岡田くんのイェーイ！が職場のフロアに響き渡ってしまい焦った。'
休憩,'休憩含めて回送表示を帰るまで押さない。今後徹底するわ、あまりにも戻し忘れ多い😭'
休憩,'#昼は豆乳でポタージュ が飲みたい🥄お昼休憩はおなかにたまるこれ☝ただいまおうちで #ホッ豆乳スープ キャンペーン実施中📢抽選で #ホッ豆乳 スープセットを🎁2/11(木)まで #キッコーマン豆乳 #ホッ豆乳ラブストーリー #クノールカップスープ'
休憩,'午前2時にメンテナンス明けてからトータル15時間でランク19上げ\n\n冗談抜きで精神が崩壊しはじめてきたので休憩入れる\n4～5時間程度なら何とも思わなかったから余裕だろ思ってたけど考えが甘すぎた\n今日の夢に出てきそうな位精神病んでる https://t.co/MLWkLOBtu2'
休憩,'浮上してる間も片手でフリーソフトを検索したりしてますけど、新しい休憩の形としていいですね。'
休憩,'人手不足ゆえ、明日職場に11時間拘束されるんですがそれでも休憩時間は1時間なんでしょうか？'
休憩,'@amatou9123 目の休憩時間を取ることと目のレンズの調整する筋肉を発達させるために遠くを見てしっかり見えたら近くのものに視点をずらすなどしてレンズ調整の筋肉を鍛えるのも目の衰え防止にはなると思うよ\nずっとゲームとかで一点に… https://t.co/IERhtgZD0i'
休憩,'ナース10戦くらいやって疲れたから凜ちゃんで休憩☺️✨'
休憩,'@37132Chikako 心を修復する感じで、キルティングは、好きなんですが、\n\n展示会の納期と仕事があるので、大変なんです。\n\nタコは、出来ませんが、指先に熱出て、熱くなるので、\n金属のシンブル6個使いまわしてます。\n\n最近の… https://t.co/alefAgI43Q'
休憩,'調べたらラグナロクで始めれることを知ったのでアイランドは休憩してラグナロクで始めるぞい'
休憩,'どうしてもアニサマのリアタイ出来なくて見れる時に少しだけ覗いたりコメントお邪魔したり #佐久間アニサマ のタグを拝見してたんだけど…こんなにも温かな盛り上がりを目にするとは…！佐久間さんの守備範囲の広さに驚いてる方や休憩時間にYo… https://t.co/Ulf1UQNpSs'
休憩,'@Kajuin5 説明が下手でごめんなさいね\n\n普通Fleetからタップすると元ツイに行けてリプ出来ますが…\n\n鍵っ子の場合、タップしてもそのままで元ツイに行けません\n\n結果休憩所の利用は出来ません（泣）'
休憩,'@ao_usagi07 休憩ってなぜか寝れないですよね、、、'
休憩,'休憩時間を大幅に寝過ごしたけど作業してましたムーブで何とか乗りきったぜ(；´Д｀)'
休憩,'@yui_bcat ありがとうーヾ(*´∀｀*)ﾉ\n魔道杯やりながらは大変でしょ？\n休憩しつつがんばってね！\n礼装ねー！あるあるだけど冷静に考えて完走しても落ちないってどーなってんの？！って思う🤬笑'
休憩,'@tbZUnhSdFhPHAK2 休憩とか植え込みで寝ないようにねw'
休憩,'あたしはえぺを過剰に摂取しすぎたから休憩してるよ😉🤞🏻'
休憩,'@Nagato_ryuto505 トリルは割と得意なんだけどリズム感がないから休憩地帯でも制度崩壊するw'
休憩,'何で最寄りのメイトはりっちゃんとミキミキのやつだけMA4置いてないんだ...。昨日休憩中にポチったから良いものを'
休憩,'休憩でした！iQOS前！'
休憩,'@nashi_PF 梨さん超速でお絵描きしてるから休憩も必要！！\n右のおしりをクリックされるときゃはきゃは笑いながら足をパタパタします！！！！！！！！！！幻想薬一気でどうぞ！！！！！！！！！！'
休憩,'休憩に動画見てたら頭少し痛くなったしもう疲れた'
休憩,'え休憩なうだけど元カレから不在着信あるきもちわる🤮'
休憩,'なんで今週、\n木曜も土曜もバイトなんだよ！！！\n休憩の時間、変えてもらお！！\n絶対ラジオ聞くんだ！！！\nあべ！！！！！！'
休憩,'夜勤休憩に入ったので15分ですがご連絡まわります🙇\u200d♀️'
休憩,'アザロフの休憩所あまりすきじゃないんだなあ'
休憩,'なんか何もする気力おきん…テレビもつけずただスマホを眺めてる(笑)\nプロセカも手がしんどくなって休憩中だし…なにしよ😞🤔'
休憩,'休憩すらしんどい https://t.co/jYj6wjJ0db'
休憩,'@Sino_osanpo Ｔの他にあと２人仕事の休憩時間とかにコンカフェ行ってるだけど、３人で計画的に時間を調整してやってます。😏\nＴはすすきの、他２人は大通り、お店は被らないようにしているのでバレないよ😃\n仕事中の移動の時とかにお店に行くから絶体足がつかない😊👍✨'
休憩,'ちょっと休憩せえへん？'
休憩,'@IdentityVJP アンドルーくんどこにいるの😢\nチョコたべて休憩しようよ🍫💓\n#第五人格チョコ大作戦 \n#第五人格チョコチャレンジ\n#君はどんなチョコが好き？'
休憩,'これから基本情報の計算問題やるけど一旦１０分くらい休憩する🍵'
休憩,'あっぷるぺんしる君の充電切れたので充電がてら休憩んんんんむ'
休憩,'@NipponHaikyoKen 気軽に車中泊出来ないって制約が、探索後の日没の中を宿を探す緊張感と相まって面白いんですが、探索のサポート能力を最優先にするならクルマに戻った時点で休憩所になる方が便利ですね'
休憩,'@bbD_shuA おれがシュアヒョンのなかでちょっと工事してたわけ、だからいまから昼休憩してくるね。'
休憩,'@soda_pink39 大変かもだけどちゃんと休憩も入れてメリハリつけてね！ふぁいとー！'
休憩,'ずっと同じ曲叩いてたら気が狂ってしまってやばかったので休憩のたびにヘイシュ描いて紙埋めてたけどこれはこれで気が狂う'
休憩,'職場の子たちにバレンタイン配ったら休憩中にさっそく食べてくれて、\nすごい美味しかったです………美味しすぎて気づいたら半分食べ終わってました………ってちょっとしゅんとしててなにそれ可愛いかよって頭抱えた。\n可愛い女の子は正義だ。'
休憩,'@bu773 休憩ないとやってられないよね'
休憩,'@IdentityVJP アンドルーくんどこにいるの😢\nチョコたべて休憩しようよ🍫💓\n#第五人格チョコ大作戦 \n#第五人格チョコチャレンジ\n#求アンドルーくん譲チョコレート'
休憩,'疲れたーー！！\nリプ返したりします!!(休憩)'
休憩,'5話\u3000終わりました！食事休憩抜いて10時間ちょい？でしたね。卓終わりの通話の雰囲気は残りSANの関係でお通夜です。なんなら一回卓中に死んだしな！ガハハ！（笑い事ではない） https://t.co/lVW1ZqkURM'
休憩,'@yukimin_2525 2時間配信お疲れ様でした！！！\nいつもの配信とはまた違った感じで特別感あって最高に楽しかったです( ´;ω;` )💖\n休憩も取りながらこの後の配信も頑張ってくださいね！！！、！'
休憩,'少し休憩'
休憩,'今日は当直、やっと休憩\nだけど、忙しそう…\n今こんな感じで覗き見中…… https://t.co/7ufN31jeWj'
休憩,'休憩！！！指が攣る！！'
休憩,'@seak1x ちゃんと休憩してね'
休憩,'もう、ソロランは短時間に区切って休憩を増やすことにする'
休憩,'@yt19940223tt 20分休憩が幸せやと思とった時と比べたら、もう全然違うね！\nたまに人手が足らんくて取れん時もあるけど、ほとんど取れてるから精神的負担は少しだけ抑えられた☺️'
休憩,'0時から周回やるぞー！\n1時間も休憩したし'
休憩,'前はツムツムも新キャラは全部引いてイベントも全部やってたけど今はログインだけになっちゃった😅\n昼間仕事が暇ならアナデンやってるけど\nそれなりに仕事ある日の休憩時間はトゥーンブラストやってるw\n(レベル2000'
休憩,'仕事の休憩時間に後半部分から視させて頂きました。\nラスト付近からの視聴でしたが演者さんのスキルの高さもあり、台詞のひとつひとつで前半部分の内容もすぐさま飲み込むことが出来ました。\nこれからアーカイブを視てからまた感想したいなと思っ… https://t.co/XdevRDqbw6'
休憩,'もうちょっとで色々と片付くのでそうしたらゆっく～り聴くね！twitterも もう少し休憩🙂'
休憩,'良いお天気だったから欲しい服がある店舗までお散歩～♪となかなかの遠足してきました❀\n服はなるべく試着して考えたいし✨\n\n初めての土地だったのでうろうろして、良い感じのパン屋さんに寄ったら丁度焼きたてのパンが買えたので帰り途中で休憩… https://t.co/VhBYwIphpw'
休憩,'@touch_eight 休憩💦\n今日は布団行く予定ですw'
休憩,'部活の休憩時間に藍良と翠が巽のことを話してる場面なぞ妄想しとった。\nアイドルの話はいつも楽しそうに話す藍良だけど、巽のことは別ベクトルで嬉しそうに話してたら可愛い。翠が「こうだよね」って言って、藍良が「そうなんですよォ〜♡」って返す。\n翠的には「これ、惚気かな…」ってなる。'
休憩,'@RED__TL 一日一人ずつ進めば良しとします\u3000休憩 https://t.co/vjBj0KN3Ke'
休憩,'休憩しつつのシードルダッツ'
休憩,'７話でちょっと放心して休憩タイム取ったけど、無事見終わりましたー。\n物凄い色々考えてしまった。それが上手に言語として吐き出せるか、物語に反映できるかは別の話。'
休憩,'休憩がないねんなこの譜面'
休憩,'@mofu_mofu96cat ありがとうございます！昼休憩のワクワクな足取りが伝わっていたらうれしいです🐾🐻'
休憩,'休憩麻雀 https://t.co/l4r6jXfHKE'
休憩,'完成した一階の西側。洗濯したりマリンスーツを着替える。少し休憩できるスペースも。 #どうぶつの森 #あつ森 https://t.co/UB1XnYzjO6'
休憩,'2時まで適当に休憩しよ'
休憩,'休憩がてらプロセカしたらdrop_pop_candyフルコンできた！'
休憩,'一昨日「やっぱりね、俺しのちゃんの事大好きだわ〜〜」ってめっちゃハグしてくるしギューしてくれるしいつも以上の甘々な彼に、私はかなり嬉しくて敢えて「いつからそうなった？」って聞くと今日休憩中ぼけーってしてたらしのちゃんの事考えててなんかねぇ好きなんよ。と\nデレ期か良いぞ私はもっと好'
休憩,'@AbuSanacha よかった､人間関係意味わかんないよね｡人に悪く思われたくなくて嫌いって思われくなくていい子のふりをしちゃう｡Twitter少し休憩でやめるってのもありだと思う！垢主が第1だし！'
休憩,'2人目の為におせっせするからって\n大会途中、2戦休憩挟んで帰ってくる\n選手多分うちんとこ位だと思う😢'
休憩,'2日目おつかれです\n伸びんなぁ…\n洗い物とお風呂休憩します https://t.co/x4uZ5VJNSx'
休憩,'25歳の同性童貞ノンケスポーツトレーナーをしゃぶったところです！🤤🤤🤤\n\n彼のおちんちんがめっちゃしゃぶりやすくてやめられなかったw 彼がイキそうになってまだイキたくないみたいだから1回僕の口から抜いて休憩したw \n\nそのあと乳首… https://t.co/tAs9a7eASC'
休憩,'休憩なう！\n明日は有休取ったから今月4枚目の絵の構図を決めるぜぃ'
休憩,'サウセンの休憩室は置いてあるアサ芸開いてタチバナ読むための場所説ある'
休憩,'おや、もうこんな時間だ。原稿も大事だけれど、一区切りついたらきちんと休憩するんだよ。'
休憩,'最悪明日の休憩時間に練ろう\n全く休憩取れなかった日の翌日はそれなりに休憩とれる説(フリじゃないです)'
休憩,'勉強の休憩中に撮った^_^\nパジャマでメイクにしてないけど\nゆるして https://t.co/0h16EoSS2I'
休憩,'@mirinchangod 花子さんの比じゃないからしんどかったら適度に休憩取りなね…？怖すぎたら配信即切りしても全然大丈夫よ😢😖'
休憩,'すこし休憩して、晩ごはん軽く食べて、仕切り直し\n再度買い物へ。\n夜だったからお客さんも少なくてちゃんと買い物できた'
休憩,'そうだよ今日20日でドラッグストア梯子の日だったのに中途半端に拘束と休憩が変わる勤務体系のせいで行けなかったじゃないか'
休憩,'結局…休憩中にお菓子食べてるから…\n夕勤のご飯減らしても意味なかったかな…\n\n4月までに…痩せなきゃ…\n食べたくなくても、少し食べたらスイッチ入ったかのように食べちゃうから…食べるのやめたほうが良いかな…。'
休憩,'@IdentityVJP アンドルーくんどこにいるの😢\nチョコたべて休憩しようよ🍫💓\n#第五人格チョコ大作戦 \n#第五人格チョコチャレンジ\n#最後まで諦めない荘園バレンタイン'
休憩,'@sakura_fmfm 桜ちゃん💕ありがとう〜🥺💕\n少し疲れたのでしばし休憩します😂\nうん☺️年末やってくれたら親子で楽しめるので期待しちゃいます☺️💕✨'
休憩,'やばい、今月のアルフォート摂取量やばい。3日に1回は買って食べてる🥺\nひとくちでチョコとビスケットが味わえて、休憩のお供にちょうど良い✨\n\nスタンダードの青もいいけど、私はバニラチョコにココアクッキーの白が好き！'
休憩,'リンメルの付録のみっひーちゃんクッション😭😭😭😭😭😭これが欲しくて雑誌買った😭😭😭😭😭😭😭😭😭😭😭😭(買った雑誌は店の休憩室に置いてきた) https://t.co/WAGHNLX3AV'
休憩,'休憩。\nというか、3匹捕まえられるまで帰れまテン。'
休憩,'3日目はここまで。\nデイリー取れないので久しぶりにもう3万砲を打ってしまった…\n日付変わって中級1回で80万ジャストにしてあとは昼休憩にチェックかな。多分…念の為あと+1万しとけば大丈夫だとは思うんですよね。 https://t.co/SmuSbwmZZD'
休憩,'レイジのMAS-B譜面パラリラ地帯が全部休憩になってるのおもろいな'
休憩,'@hideajcc 労働基準法に則り業務時間を8:45～16:45の8時間とし45分の休憩が設定されていますが\nそもそも児童生徒の登校が8:30だったり、部活終了が17時だったりと業務時間そのものが実態と則さず\n休憩時間も取れない… https://t.co/TNvzCe8nED'
休憩,'【Biohazard_RE2】クリアするまで眠らない耐久配信【卯月の猫】 https://t.co/Kh7F6OzS3F @YouTubeより \n休憩中\n凸待ち中です'
休憩,'カジュアル誰か一緒にしませんか？\n女性がいるので女性お願いします\n楽しく遊べる人なら誰でも大丈夫です！\n@1 vcありでわちゃわちゃ出来る方\n※敵見つけ次第撃ちます(下手)\nタバコ吸うのでタバコ休憩求む\n\n #Apex募集ps4… https://t.co/wTHoj4ix7P'
休憩,'パイあげてもなかなか寝なくて疲れて縦抱きからのトトロ姿勢で休憩してたら秒で寝た！！新生児ぶりのトトロ寝！！！！！懐かしくて噛み締めたよ…あと生理痛にも効く。ありがたや🙏'
休憩,'@Tanuki_Ganon 課題休憩なう'
休憩,"'本日(2/21)の""朝のシューティング""の動画～1time🏀「休憩中もダムダム」～\n#バスケ #バスケを楽しむ #バッシュを楽しむ #メモパ #朝のシューティング #朝バスケ最高 #1time https://t.co/mFc8nVmw6H'"
休憩,'@ORIHICAPUBG1 多分してるだろうけど\n田舎漁り第二フェーズで車両でIN\nアンチ外ムーブ\n\nちょっとは休憩の合間にコチラでも\n社長と部下の会社でゲーム生活-WPGT\nhttps://t.co/AJxWYKuXJN\n最後病… https://t.co/rVd8sSdoTz'
休憩,'@tkym11121 6ー8時間！？えっすご過ぎるんですが！？楽しいのはわかりますけど！わかりますけど！！コンディション落ちたら楽しめくなっちゃうので休憩多くしたりしてくださいね！！！お身体にはお気をつけ侍ですよ！！'
休憩,'@nem_hero 職場の人との遭遇率高そうw\n休憩中に行くには重くて\n家からは微妙に遠い…w\nでも食べたいので絶対行く！！'
休憩,'…人間は、にゃんの傷の手当てをしてくれたにゃ。\n\n温めてくれて、ご飯を食べさせてくれたにゃ…\n\nそれからずっと、にゃんの住みかはここにゃ。\n\n傷が治ってからは、毎日欠かさずﾊﾟﾄﾛｰﾙして…住みかと恩人を守ってやってるのにゃ‼️… https://t.co/nSWD5HJjnM'
休憩,'お、今週は休憩Tuesdayだな'
休憩,'@AAyu__0908 凄すぎな、数分休憩しただけでまた再開できるとか尊敬とりま休憩しよ'
休憩,'かといってハマで休憩出来るかと思ったら出来なーい!!!!!'
休憩,'トイレ休憩させて\n#アベマで乃木坂ちゃんを救え'
休憩,'メニャーニャ「これより、シノブ先輩の引っ越しの手伝いを開始する！」\nエステル「休憩中である！」\nシノブ「昔の戦国Jリーグ読んでて思ったんだけど、最近の方が面白くなってない？」\nデーリッチ「その流れは非常にまずいでち」'
休憩,'大津SAで休憩からの無事に帰着。\n\n雪解け水で泥々な足回りは後日洗車かなあ。\nとりあえず足回り以外と、ヘルメット&amp;革上下をお手入れ。\n\n#カワサキの音がする\n#ZX14R https://t.co/zdaeX1uX9T'
休憩,'エペ落ち着くまでダイヤ行くの休憩やな'
休憩,'自分しかいないと休憩時間が前後する…よすが塾の厳密さが恋しい…'
休憩,'現在某夜行バスに乗車中です！明日は何処に居るんだろう………(仕事休みだからゆっくりしたかったが💦)\n消灯なったので、トイレ休憩以外は携帯見れない？\nではお休みなさい😌🌃💤'
休憩,'母に、もしわたしが運転だったら伊勢神宮まだ行きたい?って聞いたら行きたいと。\nだってトイレ休憩自由だもんだって。\nむーむ。いつくらいに行こうかな。周りの高速が工事だらけなんだよね。'
休憩,'今から帰っても推しのASMRに間に合わない…\n配信自体も好きだけど、生放送での「推しと同じ時や同じ過ごし方、同じ楽しみを共有してる」感みたいなのも楽しみなのに…\nまあこうなるような仕事を自分が選んでしまったんだけどね\nでも1🌵3時… https://t.co/JIxLbDPz52'
休憩,'でもね、思い出したいの\n期間が長いからこそ\n忘れてしまった気持ちとか\n\nがんばろう。\nでもその前に少しだけ\n休憩しよう。'
休憩,'@feni__saku_14 ほんの数分一旦休憩してもう1回立ち向かう('
休憩,'@Rui_ya3 ただ一緒に過ごしても私一言も声を発さずに休憩時間が終わるのよね…苦痛すぎて唯一トイレに行ったときだけ心が休まる…そっからまた休憩室に戻るんだけど足が重い…\nいっそのこと悪い人になってくれ！ってな…そしたら私も嫌な態度？とれるのに…'
休憩,'🌼1日目🌼49.0cm\n\n☑︎内パカ左右100回ずつ\n☑︎みいこさんの浮腫撃退マッサージ\n☑︎みいこさんの筋膜リリース\n\n内パカ連続は50回が限界で後半は10回ごとに休憩しないと無理やった😱回数もおもりも恐るべし😱\nでも、それだけ… https://t.co/GiVVSdWm8B'
休憩,'@lobdream 笑笑実際全然OKレベルのやったけどね\n来週夜勤やから0時休憩楽しみです^_^'
休憩,'@sasuraikoh 休憩もしっかりとるんだぞ'
休憩,'@o_oArk1 うん！！\n休憩とりながら頑張って！！'
休憩,'目標持って頑張ってるところ、意志がはっきりしてて真っ直ぐな綺麗な目、仕事してるときと休憩中のギャップ、誰に対しても丁寧に接するところ、家族を大事にしてるところ、地元愛が強いところ、ケラケラ笑うところ、…\n\n続きは質問箱へ… https://t.co/CJ3Uqu30oA'
休憩,'@Ky0J1_m @Musa_kabe 白雪はめちゃくちゃ構うし甘やかすので存分にずるーっと寄りかかってください🥰\n「んー、そうねぇ。まだ休憩はしないわねぇ」「あんずちゃんは今日の進捗大丈夫かしらねぇ。白雪は心配ですよ」とニコニコしています。\nかわゆかわゆ…そのままの君でいて…'
休憩,'@0w0_xoxo ちょっと良え休憩場所やったんで(´･Д･)」'
休憩,"""@milk_chan_0322 リプありがとうございます.˚‧(´ฅωฅ｀)·˚.\n一旦休憩します……！ ( ﾟдﾟ)_旦\n\nKAT-TUN(´∀')(´･ω･`)(冫、)Roar"""
休憩,'Twitterとりあえず途中まで見てかっこいいー！すきー！！ってやついいねしたんだけど、まーじ好きがキャパシティーこえてしまってあわわわって感じなので一旦休憩した😩😩😩😩あーーーーーーーー困るほんっとうに困ってしまう😩'
休憩,'@kibou_hoshicafe 明石ではグッズの販売とCD DVDの売り場は別で有りました。ボーさんのカレーとDVD購入。女性はトイレ必須かな？だって休憩時間も楽しいので(^^)'
休憩,'少し早いですが、僕が僕じゃないみたいだ リリース週、team SixTONES の皆様お疲れ様でした🍵\n\nだがしかし、映画は封切りされたばかりだし、今週もほぼ毎日テレビ出演あるし、火曜日にはM📺リクエスト始まります。\n\n少し休憩して、また頑張りましょう☺'
休憩,'#私のご褒美時間 #チーズタルトタタン \n\n今日みたいにお天気のいい日は、お散歩して、密にならないカフェやレストランで休憩❤\n外をお散歩できるだけでも、日頃のストレスを飛ばしてくれる贅沢時間です。\n\nこのラムレーズンチーズケーキ美… https://t.co/InFdiArvgE'
休憩,'今日の回、単純に萌え萌え休憩回って感じで結構好き'
休憩,'@GonKuro6 目黒は休憩中のお散歩が楽しいですー🐻♪♪♪\nオシャレな街ですね😂'
休憩,'休憩に違う絵描こ笑'
休憩,'今日も皆様お疲れ様でした！！\n\n2月21日の自分の結果です。\n読書時間：1時間06分\n勉強時間：4時間12分\n筋トレ：腕立て50回（200回）\n※5分休憩、離席はタイマー止めてます'
休憩,'@hyunwallaB ねえ爆笑wwwwwwwwそうだ、スキズ垢じゃんwめっちゃアチズの話ししてたけどw（やっぱり格好いいね、あたちのソンファたんw）\nほんと我慢できない大人代表wwwでも安いからね、仕方ないよね☺️☺️\nいるけど… https://t.co/hXttrezx0V'
休憩,'お金取らないしイベントでもないし施設とやり取りいらないよね？\n休憩中の戯れみたいなものだから。'
休憩,'ゲーム休憩、長すぎる時間泥棒だ!'
休憩,'ひとりでのんびり鑑賞してる時、休憩にお茶してる時、話しかけられること自体は嫌いじゃないんだ。私は。\n一人旅は、旅先での交流も楽しいし。\n一言二言交わすのも、その後一緒にお茶するのもあり。\nただこの○○女子って言葉が使われる場所に行くと、空気読めない人に絡まれる率が上がる気がする。'
休憩,"'Day213\nビーセイのお祭り見てモチベ頂きつつ自分も頑張らないとってなりました。\n3回ぐらい死んだ気がするけどいけたやつ\nこの後休憩挟んでもうちょっとトライ\n(7,794.81pp +24PP) https://t.co/e1CtFJtv1b'"
休憩,'ほんのちょっと休憩してから進撃の巨人の予定。'
休憩,'おや、もうこんな時間だ。原稿も大事だけれど、一区切りついたらきちんと休憩するんだよ。'
休憩,'@ROM3710 無理は禁物ですよ！！\n休憩も挟みながら頑張ってください😌😌😌またお茶届けに来ますね☺️✨'
休憩,'休憩☕️ https://t.co/Kk4jlwikHL'
休憩,'【一旦休憩】\n今日も一日お疲れ様でした。\n本日は\n「手羽元のポン酢煮」 https://t.co/nKFlui6ZLZ'
休憩,'@U_suto_ @xiixinfo 自宅勤務&amp;ちょうどお昼休憩なので見させていただきます🙏✨'
休憩,'休憩中やること無さすぎて寝ちゃいそう'
休憩,'うちのバイトがさほど忙しくないし、俺がそんなに動いてるわけじゃないからタバコ休憩は別にまだいいんだけど、これから先勤務中ずっと作業し続けてる仕事に就いて、タバコ休憩なんてされたら灰皿で後頭部殴っちゃいそうだな'
休憩,'君は気づいていないかもだけどちっちゃい画面とかパソコンの画面見続けるのって結構疲れることなんだよ？ほら、ずーっと見てないでちゃんとたまには目を休めてあげてね。休憩は大事なことだよ。蒸しタオル持ってこようか？'
休憩,'あべまちゃんさ、休憩無しの一挙放送するのやめて？トイレ限界考えて？'
休憩,'あのワールド面白いんだけど挙動が早すぎて酔う\nちょいと休憩'
休憩,'ちょっと休憩'
休憩,"'4,000,000いったから休憩。\n順位はまだ見てないです。 https://t.co/840TqVRUwM'"
休憩,'@nifua0  編集休憩しろ'
休憩,'@SOG4_Official  編集休憩しろ'
休憩,'@nekonosuke_0828  編集休憩しろ'
休憩,'お出かけ好きなので、18きっぷは乗り換え待ちを最大限に楽しむし、高速バスや夜行バスの10分休憩は爆速でSA見てなんか食べる'
休憩,'@P_O_P_U_M_O_N  編集休憩しろ'
休憩,'@rakinasuk_touhi  編集休憩しろ'
休憩,'@4UtUYInezl8B4sT リツ&amp;フォローありがとうございます🤗💕\n私もよく現場視察で工場に行くのですが、やはり喫煙所の定員人数はどこの現場でも問題として挙げられますね😢😢\n\n吸わない人からすれば「我慢すれば？」で済むことで… https://t.co/FEQgTtw8Q3'
休憩,'目の休憩。デュオ勢誰か来たらデュオでなんか上げようかな。それまで目閉じとく  #ブロスタ  #ミラティブ で #配信 中！  https://t.co/jn4T4vGw1I'
休憩,'あっ、休憩宣言…'
休憩,'ちょっと休憩。'
休憩,'区営ジム行ってた頃50分ノンストップで100メートルクロール、休憩がてらの100メートル平泳ぎでだいたい2.2キロメートル泳いでたのあれHIITっだったんじゃね？\nデメリットは弱ってる時やると80%風邪引く😅\nプール、ジャグジー、… https://t.co/Au8NvJ8tge'
休憩,'家で仕事しないでね\n休憩中は仕事しないでちゃんと休憩取ってね\n残業出来るだけしないでね(しかも残業内容によって時間制限つけられる)\n事務時間は無いよ\n\nどうしろってんだよ(۳╬˚Д˚)۳'
休憩,'@Christie_829 こんばんは😊\nお茶を飲むほどの休憩ではないけれど、ほんの少しだけ腰掛けたい。なんて、昔は思いもしなかったのだと思います。\nその立場にならないと見えてこない事ってありますね😅'
休憩,'ついでに国際こども図書館にも。\n今は整理券制なので満員だったら諦めようと思って行ったんだけど、すぐに入れて中も空いてました。\n絵本や児童書の蔵書もさることながら、明治期建築の格好良さよ…\n\n（休憩スペースにオムツ交換台、授乳室、調… https://t.co/hhwfBO4j7J'
休憩,'集中力が続かない\n休憩が必要'
休憩,'カボチェック体得したおかげで離席できるタイミングが増えたのはアドだな\nこういうのはなんだがハマってる最中に食事休憩とかジュース買ったりとかトイレ行ったりしたくないもの\nオレ煙草吸わないし'
休憩,'『1st 作品：「「天女」に寄せて」、のちょっとした小話を☆彡』\n⇒ https://t.co/tuKY12Qqwx #アメブロ @ameba_officialより \n\nアメブロに、「「天女」に寄せて」の小話をアップしました。\nお暇があれば、休憩がてら是非読んでみてください☆彡'
休憩,'ぽんさんのツイート見てて\nとてもモンハンモチベが上がりそうで\n上がらない。\nエペ休憩してモンハンしようかな。'
休憩,'@ST09066269 @subnakajin 1分休憩入ります！😂'
休憩,'バイト忙しすぎ、。\n7時間毎回休憩無しそろそろ訴えていいですか？👿'
休憩,'そして凍モナ一話が終わると共に始まる俺の10分休憩…くそ…くそ…っっ！！！'
休憩,'ちょい休憩入ります\nあと300が盛れん！\nそれでもゴールド1になるだけだけど'
休憩,'勉強の集中力きれたしぬ\nオールだしちょっと休憩しよ'
休憩,'疲れた…\nあと一枚…\n\n休憩しよ'
休憩,'248沿いのマック(車内)で休憩してんだけど\nバイクと警察がカーチェイスしてて草'
休憩,'夜勤休憩時間💦\nまさかの他の階に入る予定だった今日新入居の利用者さんが手がつけられないからといって私のいる階にきたみたいでびっくりだよー、しかも他入居者さんの居室入るし誤飲誤食危険あるし、どんな人か分からないからどう接していいのか分からなくて入からバタバタの困惑状態だわ…😩'
休憩,'バイトの休憩時間ずっとエナジードリンク飲んでたんだけど、そのときに振られたから、いま体調すごい悪い'
休憩,'その問題が終わったら休憩を許可してやるヨ。\n\n何だって…？\n頭なんて撫でてやらないヨ！'
休憩,'ある程度できたし、\nとりあえず今日は仕事終わろ😌\n\n途中休憩しすぎた😅'
休憩,'今日めちゃめちゃ忙しくて、休憩もまともに取れなかったけど\n\n動き回ったおかげで、なんかすっごい発散されたわ'
休憩,'18時からかと思ったけど12時からだと\u3000休憩開始と同時にガチャれるっ'
休憩,'カジュアル誰か一緒にしませんか？\n女性がいるので女性お願いします\n楽しく遊べる人なら誰でも大丈夫です！\n@1 vcありでわちゃわちゃ出来る方\n※敵見つけ次第撃ちます(下手)\nタバコ吸うのでタバコ休憩求む\n即死の早さは世界1位保持者… https://t.co/ETVnKp25RY'
休憩,'宿泊１４時までＯＫ！\n１８時～２１時の間にインで４時間ＯＫ\nhttps://t.co/gkyk3VjZHY\n#休憩 #宿泊 #１名 #同性 #複数名 #全室均一 #駅近 #コスプレ #サンレオン #sunreon https://t.co/Mnxlq2crfE'
休憩,'@gokugoku_sol 行くの遅れて入ったら闘いのど真ん中にいてすぐやられてん？？ってなりました🤣笑\nあ！あれ休憩じゃなくてただ遠くから見てたんですよ！突っ込んでも溶かされるので遠くで見てた方が楽しいなーって笑\nお！本当に決戦… https://t.co/TUcSJreDkl'
休憩,'@bohatetetra もう寝てると思ってたので休憩しちゃった…明日なら！'
休憩,'ちょっと休憩'
休憩,'カジュアル誰か一緒にしませんか？\n女性がいるので女性お願いします\n楽しく遊べる人なら誰でも大丈夫です！\n@1 vcありでわちゃわちゃ出来る方\n※敵見つけ次第撃ちます(下手)\nタバコ吸うのでタバコ休憩求む\n即死の早さは世界1位保持者… https://t.co/i1Gmd97BxK'
休憩,'ブログを紹介するブログです。メインブログの記事を書いた後の休憩時とかに更新するためのブログです。 / Blog one (https://t.co/QRcgIMojPl) #NewsPicks https://t.co/uZWy2VK2Tm'
休憩,'愛理ちゃんのリールを見てしまって動悸がとまらくて仮眠とれずに休憩終わりそうです(?)'
休憩,':ロ たーーまには 休憩 ((*´｀ https://t.co/SKQJatdWx0'
休憩,"'ンア""〜〜〜〜〜〜〜〜〜〜〜〜〜〜〜〜〜〜！！！！！！！！！！！！！スペンニャ〜〜〜〜〜〜〜〜〜〜〜〜〜〜〜〜〜〜〜！！！！！！！！！！！！！！🦜🦁🐯🐒🦍🦧🐊🌴🏖️🏜️🏝️🏕️🍌🍌🍌\n\nちょい休憩するわ（任務完了）'"
休憩,"'サウナ：13分 × 3\n水風呂：1分 × 3\n休憩：8分 × 3\n合計：3セット\n\nおふろの王様港南台店かみうら湯に行こうかと思ったけど、現在短縮営業中…\n残業してか... (＠ のぼり雲 in 神奈川県, 横須賀市)… https://t.co/5XjstZhwaY'"
休憩,'🐶タイプと🐱タイプで例えるなら君は絶対🐱だよなぁって、PCに向かうアッシュの眼鏡をひょいっと取って笑ったりしただろうか。🐱は🐱らしく気ままに休憩しようよ、とかさ。オニイチャンは🐶だね尻尾で感情がばればれなタイプとかからかい返したり… https://t.co/k11jSSuH5Z'
休憩,'ビルド28話までいったよ！\n休憩してラジオ待機♡忙しい笑'
休憩,'ポケストップになる基準って特に決まってないのかな？\n家のまわりに何もないから、マンホールとか休憩ベンチとかが無理矢理登録されてたくさん増えてるー！\n都会との地域格差を無くすための対策なのかしら🤔'
休憩,'身体痛い😣\n休憩'
休憩,'@ttt_03t3 同じく、毎日ソワソワしてる🤣w\n仕事の日もお昼休憩の度にソワソワしてしまって、本当に頭の中がWBLだらけ✨\n\n守真CPも沼が深そうで、ビクビクしてるwww'
休憩,'～1日目～\n今日は熱で学校欠席したから午後から少しずつ休憩挟みながらスマイルゼミで国語と数学を勉強\n夜は9時20分頃から勉強垢さんとLINE電話しながら地理の課題を進めました\n今日はもう眠くて限界なので寝ますが明日も祝日でお休みだ… https://t.co/QtkcvFEhIS'
休憩,'今日も休憩タイム\n今日は大福。昨日買ったやつなので、硬くなってるのでオーブンで焼いたら底の方が溶けてますが（笑） https://t.co/tte4v5b5Bq'
休憩,'昼休憩、帰宅してからひたすら調べてたら携帯の充電があっという間に10%切ってる早い…\nなんかボーッとしちゃうな\n仕事できるかな\nほんと呆気なさすぎる\n泣き過ぎで明日ちゃんと目が開くかなっていう変な心配も出てきたな(笑)'
休憩,'最近は仕事の休憩時間にお絵描きしてる\n写真集とかを参考にしたり…\n今度デジタルで描き直したいなぁ https://t.co/kbLnvFkWla'
休憩,'スマブラはぶっ通しでやるよりも休憩を挟みつつやるのが一番いい'
休憩,'絵は休憩時間にささっと…🙇\u200d♀\n\n金髪の中村さん、信じられなくて何度も見返して…それでもまだ夢なんじゃないかって思ってしまう🤭💕 https://t.co/pUBI7qnOGb'
休憩,'休憩 https://t.co/4v2LTYx3zb'
休憩,'@GSX_R125 お疲れ様でした！\n残念ながらいらっしゃったんですよ...(´ . .̫ . `)\n休憩のタイミングを伺っても、お腹すいてないしの一点張りで昼食抜きなんてありましたよ。。\nちょっと変わった方でした(´・∀・｀)'
休憩,'そういや、休憩室で流れてたテレビが、どっかのお国が、ワクチン打ちました証明を作って映画館などスムーズに入れる様にするっぽいw 現実化してしまったw'
休憩,'いやー、まさかグリムの次にリドルくるとは……\n前と同じく仕事休憩の時にゲーセンで取ってきました🥳🥳🥳\n\n……って事は、寮長ズ確実やん?!?!笑\n絶対、他もあるだろ！！\nUFOキャッチャーで取るのほんと緊張すんよ?!←数える程しかU… https://t.co/JF4FBIj199'
休憩,'@takuma_zaiki 財木くんこんばんは🌙\n撮影お疲れ様でした！わたしたち待望のカレンダー撮影だったんですね😆\n休憩時間も短かったみたいですしとてもハードな撮影だったんでしょうか🤔💭\nもう日付も変わる頃ですし、ゆっくり休んで… https://t.co/Z7IavTSES6'
休憩,'この4日間のレアモン成果。\nホークブリザード：B1、C1、D1 → S3、A2\nあばれこまいぬ：D1 → A3、B2、C2、D1\n\nイベント\nグレイトマーマンA1、他 → S4 他\n\n復刻\nりゅうおう：0 → A1、B3、D3\nゾ… https://t.co/UxiZD2ntd3'
休憩,'休憩所をお借りすると\n何だか🔴になることが多いです。。。'
休憩,'@flashshower そうなんですよ〜いつもは午前と午後に分かれ12時に休憩が入ってって流れなのに午前、午後と休憩無しでって聞いて座ってたら、12時になって何も言うこと無く税理士さんが1人2人と居なくなって、私達は1時間待ちぼ… https://t.co/7jRFnZ203B'
休憩,'@grape_11111 少しは休憩してまた頑張りましょう！'
休憩,'そりゃ勤務時間内に「タバコ休憩」とかほざいてサボってたくせに給料引かれないんだし、ヤニカスが嫌われるのも当たり前なのよ'
休憩,"'""エンヴィーベイビー"" はほんとに土曜日投稿されてびっくりしたよね、😳♡\nしかもその時塾でちょっと休憩がてらTwitterを見てたらいきなりさとみくんが歌みたを投稿したって来たからほんとにびっくりしたな〜っ ̫ -˘♡\n\n最初聞い… https://t.co/kaJV4qLtD3'"
休憩,'休憩兼吸収期間に入ろう'
休憩,'@flowershowerluv @hua_na_09 12時半位から会社の昼休憩あるんでそれくらいに自分は入国予定です笑お会いできたらよろしくお願いします！'
休憩,'2021-02-23\u3000起床7時\u300012h勉強がんばる。\n・スタディサプリ\u3000\n\u3000\u3000↓\n・保健復習\n\u3000\u3000↓\u3000自習室\n・数学トリセツ\u3000（式の証明）\n・アドバンス\u3000復習\n\u3000\u3000\u3000式の証明は全部\n\u3000\u3000\u3000その他はAsterisk\n（・休憩室\u3000DUOリスニング）\n\u3000\u3000#数学 \u3000#雨降る正午'
休憩,'@happy2clover ありありーっ╰(*´︶`*)╯\n今日は猫の画像多くて休憩中に癒されながら18頑張った！！←🐱'
休憩,'PTメンのﾄﾘﾁｬﾝが木で休憩してるみたいでかわいかったのだ…🐦🐦 https://t.co/fJiQ3tBLc6'
休憩,'よし3000字書いた。\n\nちょっと休憩して風呂に入るだにゅう'
休憩,'けんけん🐶27日23時PK🏰さんが#BIGOLIVEで配信してるよ！今すぐチェック: 🐶休憩してく？   https://t.co/QMz4QPndV0\nhttps://t.co/IQIaePZFg9 https://t.co/2DNIbv1bCp'
休憩,'jk「これは昔の管制室です。利便性を考えた結果、以前の会議室が現在の管制室に変更されたんですよ。今ここはボスたちの休憩室になっています。」'
休憩,'三栖「当分は地下に潜る。出来るか？」\n周「場所の確保はどうにでも。ここ数日が動きやすいです。いつまで潜りますか？」\n三栖「地均しし直すまで。おそらくは次の春までだ」(肩ポン)\n周「一旦休憩か…」(肩を払う)「また面白くなりそうだ」\n(銅ノ章)'
休憩,'まだしたい事あるけど休憩がてらゲーム'
休憩,'メンバー同士の会話発生させるために休憩リタマラしまくって「結人が誰もいないゲーセンに行ったぞ！！3分以内に万浬を飛ばさねば(なおランダム」とかやってたけどこういう作業めちゃくちゃ楽しいんだなあ'
休憩,'淡島「太ももやウエストを細くしたいのなら、デスクに向かいながら足を軽く浮かせるのもいいわよ。結構疲れるから、やり過ぎると筋肉痛になるわよ。だから、休憩を挟みつつ程々にやりなさい」'
休憩,'また明日！\n\nあいこじちゃん\n\nいろいろ思い悩むむことも\nあるだろうけど\n時には\n休憩し\nご褒美をあげて\n褒めてあげることも忘れず\nケアしてあげてね\n\n寝てる間に\n体内のいろいろなものが\n修復されるので\n寝ることは\nすごくいいこと… https://t.co/4PysDfp34f'
休憩,'歩き疲れたら2階ギャラリーカフェオメガで休憩♪好きな作品に囲まれて休むのサイコー😄 https://t.co/PGm6tp4ds2'
休憩,'１７時に起きて、１時間程何やかんやして。さてお茶碗とか洗うかな、でもその前に少し休憩~…と。\n少し休憩から覚醒したのが只今のお時間なので夜勤はマジで睡眠を司る何らかの機能がイカれる(´；ω；`)\nそんでまた何やかんやで少ししたら朝まで余裕で寝られるのisほんま何で…( ；∀；)'
休憩,'@ON618_ その環境で寝れれば儲けもんやと思えばええと思うよ。セキュリティ面怖いけどね😅\n問題は途中のサービスエリアでの休憩の度に車内灯で起こされるかどうかかな'
休憩,'夜勤の休憩時間一人だから絵描いてるんだけど手が描けん'
休憩,'全然動かないから太りまくって付き合い当初より15キロ太った旦那。育児も手伝わずソファで寝っ屁してる。あたしはどんなに食べても未だ太らない。仕事が激務で座れない・まともに休憩できない。帰ってからも怒涛の家事育児でもうあっという間に就寝時間\nからのすぐ次の日が始まる。この繰り返し。'
休憩,'実写破壊力高いから5分見たら30分休憩しなきゃいけない\u3000供給過多\u3000キャパシティオーバー'
休憩,'@Chocolat_ES_  @minchan_1990 \n\nみんライありがとう!!!!!!!!!楽しかった♡\nちょっと充電休憩します！ https://t.co/CPK70A3EX9'
休憩,'今日昼飯の前にﾖｶﾞして二の腕痩せ体操した\n今から２時間休憩して\nﾘﾝｸﾞﾌｨｯﾄして\nｽﾄﾚｯﾁしてﾃｽﾄ勉強します\nなんだかんだ水曜日ﾃｽﾄっていうね笑笑'
休憩,'少しミゾオチあたりがざわついているので横になって休憩してからシャワーを浴びよう_(:3 」∠)_'
休憩,'@uratasama_kari 了解しました！！\nお昼休憩におはリプします！！'
休憩,'ご飯休憩の時間わよ🍛'
休憩,'【友達同士のたむろ】\n開演前やフェスでの休憩中など、友達同士で集まって話したくなりますよね。集まる場所の迷惑を考えたことはありますか？通行人の邪魔になるところで大人数で広がっていたりしませんか？花壇や植木を踏みつぶしたりしていませんか？\nライブに限らず、小学生でも知ってますよね。'
休憩,'夜勤中の現在(  ･᷄ὢ･᷅  )悩んでいる。身バレするから詳しく書けないが、アダルト放送をスマホで流しながら寝落ちするのは気をつけよう。\n廊下まで聴こえてます休憩中の先輩さま…。さすがに乱入して寝落ちしてなかったら困る。←\n(… https://t.co/g8ToGmmmDC'
休憩,'Ａ地点で弁当を買いＢ地点で食べるという計画をしていて、\nさてＡ地点で弁当が完売。パンも品薄、寿司類も売り切れ。時間的に仕方ないと諦める。\n\n思い直して菓子パンを一つ買い、コーヒーも買ってそのままＡ地点で長めの休憩。\nま、思い通り行… https://t.co/OW8aqIavvx'
休憩,'@mugamoti  編集休憩しろ'
休憩,'@xxR_k_  編集休憩しろ'
休憩,'@Badosuke100  編集休憩しろ'
休憩,'@Ra_1_722  編集休憩しろ'
休憩,'@Riripoyo301  編集休憩しろ'
休憩,'ひえ～、こんな時間💦\n今日のお仕事は全体的に仕事運が悪く、心身ともに疲れたの💦でも乗り切れたぁ！\nちょっと休憩入れて準備したらASMR配信するね🦊\nこの後、深夜1:00～\n待機所：https://t.co/C7KRS53c64 https://t.co/AWkScZlrws'
休憩,'ちょっと限界なんで1回休憩疲れた'
休憩,'遠くのほうで寝てた猫、私が休憩がてら横になるとトコトコ歩いてきて隣でもっかい寝直しはじめたから愛…となった'
休憩,'休憩。'
休憩,'@puchi_yocchieありがとう小鳥、少し休憩をするとしよう。君も一緒にどうだろうか'
休憩,'19時から21時半まで吉鶴配信で休憩して、そこから仕事始めたら関連会社から連絡来て対応してようやく今終わる。そんなもんそんなもん'
休憩,'オープンしたばかりの頃はまだ幼児だったと思うけど、駐車場が足りなくて近所の人と乗り合いで行った覚えが。中学時代は近くの塾に引きこもってたので休憩時間はよく夜食買いに行ってました・・・サヨウナラ😭 https://t.co/o775jTbYsB'
休憩,'0930から2130で、休憩平日2h、土日祝1h。\n22時前に上がれるならそこまで闇は深くないのかな…ってなってきたが。(今短縮営業してるから23時とかまで残されないけども)\n\n闇属性にもほどがあるだろ！！！！\n \n最近、家帰って… https://t.co/k0BtDtmjN1'
休憩,'@jikook1108_luv あ、フラフープ最初5分でもしんどいし休憩しながらやった方がいいかも🤣🤣'
休憩,'$ZM にビビってる奴ら、見ろ\n以下、 $ZM のチャートの和訳な\n\n金利が俺をぶっ殺す？\n冗談じゃねぇ そんな噂で狼狽えるな\n俺には①②③の防波堤があんだよ\n\n①を割らなきゃ超特急で山頂みせてやるよ\n②を割らなきゃゆっくり山頂目… https://t.co/4dIAe8PXs6'
休憩,'ちょっとたんま…鳩尾が痛い😭\n休憩入ります'
休憩,'@RISA_memesama うれし〜〜〜！！けど夜勤なので休憩の合間にお邪魔できるといいな🥺❕'
休憩,'あmo入れなかった…\n(休憩中にやろうとするな)'
休憩,'.\n\nいつも夜勤前に行くコンビニで\n店員さんから『いつも来てくれて\nありがとう😊体には気をつけるんだよ』\n言われて渡されたおチキン😇🤟💗\n\n休憩中に食べまする🐒💕\n\n店員さんありがとううう~~~🐥＋🔥＝🍗\n\n. https://t.co/iZmkSriYar'
休憩,'@No3_Cat 30分くらい休憩したらいける'
休憩,'@rinnne_RBTM あらあら\u3000丸一日とは長期戦の予感\n休憩も挟んでくださいね\u3000ちゅん'
休憩,'ぽむちゃんリアル🍀🦍ありがとうございます☺️！\n休憩中の🍀🦍かな？めっちゃ可愛い😚❗\n特茶のお供もありがとうございます🙆！！ https://t.co/0GkTnXBRSB'
休憩,'休憩所いつ作んねん\n\n #私がGを発見したときの第一声'
休憩,'@mittuiro @weapon_twin アンナナちゃんは清くて最高ですありがとうございます……交換したのを一緒に食べるのか勉強とかの休憩で食べるのか考えるだけでハッピー……ありがとうございます……'
休憩,'仮眠休憩目を瞑って10分で終了w'
休憩,'@rabbicoO 30分休憩したらいく'
休憩,'あの休憩に入ってスマホ見たら情報量多すぎてパンクした(7月からのアニメ化ありがとう'
休憩,'@Qri____ バスケ終わった！！\n昨日は休憩でご飯食べながら寝てもうた…笑\n枠しやんの？？'
休憩,'仕事終わりましたが、もう日付変わるじゃん…お昼食べといて良かったなぁ（休憩15分）'
休憩,'はい休憩あがりましょ〜ね〜ｱｱｱｱｱ゛'
休憩,'休憩会話の法則性と効率の良いであろうやり方はわかってきたけど、駅前・雑貨屋・楽器店は休憩スペースが1組分しかないしヒストリーの順番もバラバラに書いてあるキャラいるしキツいぞ\nあとゲーセンで発生すると思われる会話もなかなか集まらない…'
休憩,'今日は原始71階で休憩、祝福された復活1枚だけでどこまで行けるか'
休憩,'足いったい…6時間50分後に\n休憩とかつら'
休憩,'疲れたから休憩中 https://t.co/ZUlb7FddNX'
休憩,'あー。画面酔いした🤢休憩💦'
休憩,'@yukibiim ありがとう！ほんとに無理そうな時は休憩するね✨'
休憩,'テスト勉強の休憩一回づつに1曲とかしぬ'
休憩,'宿泊１４時までＯＫ！\n宿泊２０時～翌１４時までＯＫ\nhttps://t.co/u2j3OllVCe\n#休憩 #宿泊 #１名 #同性 #複数名 #全室均一 #駅近 #コスプレ #サンレオン #sunreon https://t.co/YRmWMlBapR'
休憩,'@KGo1983 有難いことにうちの職場は休憩行ってこい！って行ってくれる人ばっかなので一度も困ったことはないんですよね\nただ社員は自己中だしバイト2人でレジ回してもらうの申し訳ねぇってすごく思っちゃうんです笑'
休憩,'休憩中にちょっとゴロンしてます'
休憩,'ちょっと休憩してからまた再開しよ'
休憩,'シフト替えあるらしくて2人勤務なのに休憩時間外で2時間寝る化け物と二度と合わなくて済みそうです'
休憩,'@TXT_TH205 でも休憩中だから普通にTL見ちゃうから！予知能力ないから！残念ッッ！😭😭😭（笑）その日は仕事になりませんでしたとさ…めでたしめでたし。（どこがめでたしやねんｗｗｗ）'
休憩,'休憩も大事ですよ。ただいまお茶をお持ち致しましょう。'
休憩,'誰かください(え)明日バイトあるのにお金ないから休憩中何も飲み食いできないʕ•̫͡•ʔ https://t.co/bGjwEq4r8w'
休憩,'【Tokyo 7th シスターズ】Pレアカード\u3000カジカ\u3000部活休憩中 GETしたよ！皆も遊んでね♪→https://t.co/Vd9Kkrwdom \n#t7s #ナナシス https://t.co/2pqDyI55ye'
休憩,'バイトの休憩中にツイ見て東京ミュウミュウが復活するの知って歓喜してたのに\n今公式ツイ見に行ったら中の人間のいらん情報ばっかりでどうでもよ…\n中の人間のイラストまであって意味不明'
休憩,'え！？休憩で寝っ転がったら一瞬で寝てしまって、今起きた！？'
休憩,'@BtmShin いえ、あの交尾はなかなか長く、\n俺を掘ってたタチさんも時々休憩しながら、それでも激しく掘っていたのですが、\nタチの腰の動きがゆるやかになると、どうしても私はオラオラ文句を言ってしまうのです😅\nあの時のタチさん、ごめんなさいm(_ _)m'
休憩,'休憩終わり〜'
休憩,'@key142877 休憩も必要'
休憩,"""寒い('ω')あと30分で休憩終わるー。平和な朝が来ます様に"""
休憩,'『こち亀』『刃牙バキ』『ミナミの帝王』『ゴルゴ13』など、職場の休憩室・待機室に置いてあるのをバラバラに読んだことしかなくて。\nどれも読んだ話は面白いんだけど、全体の流れや登場人物の関係性がよくわからない。でも今から全部読み返すのはたいへんだ🙄'
休憩,'よし。休憩おーわりーーーーー https://t.co/GdGMDpnqSr'
休憩,'人生という試合で最も重要なのは、休憩時間の得点である。(-\u3000ナポレオン・ボナパルト\u3000-)人生の名言・格言・ことわざ集より引用'
休憩,"'難なく枠ズボ、ラストの430休憩。でも二週連続で体調がメンタルに引っ張られてる、なんとかならんのかなぁ (@ EXPASA足柄 上り in 御殿場市, 静岡県) https://t.co/v06Xx42SqM'"
休憩,'梓ちゃーーーーん！！\n気ィ張ってないでちょい休憩ね😌\nほい！ポカリ(*ﾉ･ω･)ﾉ⌒ 💕\n\n#ポカリあげなきゃ #ポな日 https://t.co/MrGBGaLNPW'
休憩,'バンドマンアマンガス視聴するために3時間も休憩室にこもってすいませんでしたw\nやることやったから許してw'
休憩,'休憩🍬\nKing &amp; Prince 💍 I promise'
休憩,'@omira3838 休憩時間にできない？'
休憩,'ちょっと休憩\u3000色塗って眠くなるまで本文やってねむります'
休憩,'今日も職場の近所が映るらしい。\n北新地サンドより近いところ。\nいつも昼休憩にその近くまで行ってるところ。\n\nどんどん職場がバレていくww\n\n#ごぶごぶ\n#キスマイ #ラブバイ\nLuv Bias / Kis-My-Ft2'
休憩,'23歳フリーター、鼻血の出し過ぎで貧血になり強制休憩させられる'
休憩,'King &amp; Prince  / I promise \n 。💛゜。\u3000゜🖤゜。゜\n。 \u3000゜💙。゜。゜❤。\n ∩__∩゜ 。   💗。゜。゜\n(*´꒳`*)つ゜。゜。゜💜\n/⊃           休憩中\u3000。゜。゜\n\n⬇リプどうぞ！'
休憩,'お昼休憩'
休憩,'週3希望のシフトが週5になってるんですがどういうこと？内2日休憩ありの長時間なんだけどどういうこと？'
休憩,'後輩めぐろくんとはオフィスの自販機がある休憩室で偶然よく会うから話す機会が多い。 「せんぱいって本当にコンポタ好きですよね（笑）」「良いじゃん、仕事の合間にはコンポタがちょーどいいの」「もっと大人っぽくコーヒーとか飲むのかなって思ってました」「ちょっと子供扱いしてるでしょ？」「し'
休憩,'すげえ休憩したし宿題再開するか(休憩長すぎ)'
休憩,'今夜は神奈川県向け～\nとりあえず、４時間で休憩です✨\n#トラガール #スト脚 #女装 https://t.co/loIx5sBuhU'
休憩,'仕事あともう一歩でひと段落するので、とりあえず相方が作っておいてくれたご飯温めて休憩しまする💤'
休憩,'平日はあくまで本業に集中すること。何度そう思ってもトイレ休憩&amp;チャート確認しにいきたくなっちゃうので。自己暗示。'
休憩,'@_KAZUHA3 出ませんよ？\n寝るの禁止ですよ？\nトイレ休憩もなしですよ？\n死ぬ気でゴリエイム手にしてください。'
休憩,'今日は6Fの難波のタワレコに行ってから、B2のMUJIcafeでお昼休憩〜😋✨\n(16時半🕰まわってたけど😅) https://t.co/zkuLaHLXk1'
休憩,'空いたスペースは休憩コーナーになた https://t.co/mIwm4SQIGm'
休憩,'休憩してから続けるか日誌書くか決める'
休憩,'@kar_in_rank こちらも休憩！\n物欲センサーはホントにあるから困る…w'
休憩,'@jorian0702 ( ˘ᵕ˘ )⋆｡˚✩(休憩時間は99%寝てる人間)'
休憩,'月金で期末試験の娘。\n勉強に息詰まると\nなのか\nちょっと休憩\nなのか\nわからんけど。\n毎日毎日\n突然でかい声で歌い出す。\nしかも\n「うっせーうっせーうっせーわ」\nって歌詞の曲。\n速さ変えたり転調したりしよる。\n初めて夜中に聞いた時… https://t.co/ZV2ka1p5Qo'
休憩,'ワンプレイだけ休憩'
休憩,'@daigo_minminzem 休憩しながら\nね！'
休憩,'のーしゃけーらんど特依、最後は休憩室で百合ちゅっちゅするけど、それを覗いておちんちんしごいている⚰️に気付いて部屋に連れ込み「悪い子にはお仕置きが必要だろう？そう思わないか？」と興奮しきった顔で問う特使に少しの沈黙のあと、「…まっ… https://t.co/lk6zSImkvG'
休憩,'勉強の休憩でじょうすけばあちゃんメンヘラ化バージョン考えてたら30分経ってた'
休憩,'@Triela1112 @xd4bUes9Xxc2kHu @urusai_shizuka タバコ休憩とか有るしね、今の仕事。\nタバコ苦手だから付き合わないけど←'
休憩,'※ちょっとえっちかも\n帰りで「休憩」\n1.ちょっとー…目が怖いよー？\n♥♥♥\n2.よしよし！素敵だったよー\n3.先に学校行ってるね。\n4.目が合ったら手を振ってくる https://t.co/8vzQOYgyN2'
休憩,'#星空外気浴\n#ホテルマウント富士\n\n月夜へ誘なうQK(quiet knight)デッキ\n\n休憩とQK (静かな騎士たちの休憩場所的なイメージ)をかけました。\n滑り込みツイートですがお願いします👏'
休憩,'午後遅くなってから昼食をとり、隣街まで歩いていってベンガル料理の店で持ち帰りでカレー買ってって休憩して食べたらなんだか体が楽になった感覚があり、夜になってから洗濯に行ったり食料品の買い物に行ったり。\nカレーがよかったのか食べて歩いたのがよかったのか。'
休憩,'あぁぁあありがとう……ちょっと休憩がてらマッキー氏を吸ってたから有り難い……'
休憩,'ご飯食べながら休憩している時に\nいきなり呼び出し食らった時、めちゃくちゃ口周り気にする'
休憩,'@Trj0808 もう下は🔴のままでもそのままリクエストしちゃってるよー😩\nでも休憩はするよー'
休憩,'メイン島の島クリ、所々手を入れるだろうけどだいたい満足。少し休憩したら過去イベント拾いに行こう。\nあとはサブ島どうしようかな。こっちは全種類のお花を育てるための区画整備以外は手つかず。あんまり凝った作りにするつもりはないけど何か考えたい〜'
休憩,'@sr505w 休憩期間で外部の人に説明図を送る機会があってこんなの書いてました。この「沼」の部分はTLにやられますねー。 https://t.co/LkvtyLybEb'
休憩,'@mrn___kp みりんちゃん、お疲れさま〜✨\n休憩の常連みたいになってる💦🙏\nいつもありがと〜❤\nKing &amp; Prince ♔໊ I promise\n\n⬇リプ欄🙆🏻💕'
休憩,'@rekmp4ctiAQ3VHj がじ氏のとこはさらに2時間か。結構きついね！笑\n途中休憩したら日付変わっちゃいそう😆'
休憩,'こんばんは、なのです🎍\n\n      (  ⚫︎ー⚫︎  )\n\u3000／\u3000\u3000\u3000   ＼\n  /\u3000\u3000\u3000\u3000\u3000\u3000\\\n/\u3000 /  \u3000🎍    ヽ   \\\n|\u3000/\u3000 \u3000\u3000\u3000  \\\u3000|\n \\Ԏ\u3000\u3000\u3000\u3000     Ԏ/\n\u3000卜−\u3000\u3000   ―イ\n\u3000  \\… https://t.co/1RnNQp5Hsd'
休憩,'@kino_Nautilus 休憩一回止まって15分だけ！'
休憩,'マダミス中なんだけど0時に推しの誕生日休憩入れてもらって感謝しかねえ\u3000みんなありがとう'
休憩,'枕買えたらびっくりするぐらい寝付きが良くなって起きることなくめっちゃ寝れるようになりましたのでちょっと休憩と思って横になったらそのまま寝るとことが増えました'
休憩,'プリンがこがけんさんの「うたう」で小田さんがバクオングなんだ。というのを休憩チューズデーに！シンパイ賞のおいでやすこが回もよかったなー最高だった。 https://t.co/Pgmbw42xss'
休憩,'@nmz_r あずきの方が何万倍も可愛いからな？？え？？\nリアルが忙しかったんかな？？たまには休憩がてらTwitterにおいでなさいな！！👍👍\n（落ち着け！（えっ））'
休憩,'さ。気を取り直してw休憩ぱぶじしたるわ(..•˘ ̯˘•..)'
休憩,'あれ？クラロワしつつツイッター見て休憩してたらもう1時間経っとる😇\n深夜だからハニーワームをエニグマのゴボウにあげてる動画を笑笑\n\n※イモムシ注意 https://t.co/GvACKVblpi'
休憩,'魔王さま五連勤終わるまでランク上げは休憩'
休憩,'仕事先の休憩中｡隣のカップルがボカロの話｡ 彼女「これが初音ミクなんだよ！」 彼氏「へぇー可愛いね！じゃあこの黄色のとピンクのは？」 彼女「黄色が、かがみおとリンちゃん｡ピンクがまわるねルカさん」 彼氏「ごろ悪い名前だねw」 俺「」'
休憩,'@192837465aruneo 一日1時間以内には終わるかな。曜日は火木土よ。筋肉にも休憩が必要だからね。インターバル挟んであげて。'
休憩,'あと中央こねりゃいいけど一旦休憩'
休憩,'マジでナゴヤ見た後のオオサカ浮きすぎて笑う\u3000休憩所かよ'
休憩,'0時まで休憩しよ'
休憩,'家事人活、散歩体操、アニメ(で休憩)、ツイッター、テイクレ、全部済んでからしかお絵描きできない。作業時間があまりに少なすぎる。そして遅い来る睡魔。'
休憩,'一枚目描けたから休憩して深夜にまたもくりしよ'
休憩,'@kotton555 わかってると思うけど休憩がないことがおかしいからね！！この世の中どうかしてる！混んでて休憩行けない感じ？\n\nやりたいことができないと悪態つくんだよね…特例許しちゃったら制度が成り立たなくなるんだけどね…みんなもっと最低限のマナーを守ってやりとりしたいね！！'
休憩,'今日、出勤したら届いていた✨✨\n\n休憩中に撮った写真😊📷 https://t.co/VWMyaqLCLT'
休憩,'とりあえず12時までちょっと休憩してあと3上げは寝る前に出来ればしたい（（ https://t.co/Dg4ZPMl0Nn'
休憩,'休憩じゃーーー！！！！\nって布団にダイブしたら横にクモいた🕷\n\nちーーっちゃいクモだし、イエグモは他の虫食べてくれるって言うから一緒に暮らしてます。\nこいつは『くもちょりす』と名付けよう(   ´ ꒳ ` )=3 https://t.co/xgO3lAQl41'
休憩,'友達にめっちゃ可愛い子がおるんやけど職場が同じ工場になってしかも現場が隣という奇跡が起きて交代勤も同じになって朝休憩所で会えるのを毎日の楽しみに生きてる'
休憩,'最近の楽しみ\n「夜勤休憩中に観るTikTok」'
休憩,'@hanieabiwako ただ、今回無限列車は作画構成の流れがビビッとしなかったので変わったのかな？と思いました\nただ、流石ゆーふぉ。触手ネタは上手いと思いましたっ←fateあるある\n\n私も今じゅじゅ２周目で仕事の休憩に観たり朝… https://t.co/1POh9fLRfo'
休憩,'#セクラバちゃんリプ開放\n\n火曜日がんばってくださった\nセクラバの皆さん\n本当にありがとうございます😊\nお疲れ様です\n休憩も🍵睡眠も💤大事ですよ〜♡'
休憩,'朝早いなら遊んで帰ってくんなよ\n僕に数時間の休憩時間もくれねぇのかよ'
休憩,'@APEXyossan いやいや（笑）\nまぁイラつくときは一旦カジュアルとか行ったり休憩した方がいいかもね\n楽しまないと良いプレーにも結びつかないだろうし🥺'
休憩,'ドキドキ文芸部怖い  定期的に休憩挟まないと怖すぎて無理'
休憩,'すみません！今月全く出勤出来てないのですが少し休憩頂きます！😭\n日記書くのでよかったら見ててください😭'
休憩,'そのまま食べなくてもいいんだよね！\n自分がいちご飴好きなの忘れてた🤣🤣🤣\n明日のおやつにしようと夜な夜な作ってます！\n病院の休憩室でいちご飴頬張る私…\nうん！問題なし！\n#いちご飴 https://t.co/CsURU71PYx'
休憩,'下埋め休憩して天界曲頑張ろうかと思ったけど1～2回プレイしただけでバテた https://t.co/nvbVLB7639'
休憩,'いったん休憩ですー\n遅くても2時までに再開しますー'
休憩,'@Snxl0 テレビないしゲームないしほんとなんもしないよ？楽しいってのよりは休憩って感じ？'
休憩,'華軍と刀神の反復横跳びしてるけど華軍で休憩しがちだな…'
休憩,'えへえへ撮影会たのしい 休憩してあんでさんみにいこ'
休憩,'@syotou_orakuru それは3分〜5分ほどの休憩時間を予め設けるしかw'
休憩,'@youhaku 仕事に休憩時間……？？？🤔🤔🤔'
休憩,'@akatonbohaotoko ちと雑になってしまったけど勉強の休憩ついでだから...w'
休憩,'@kounoji お疲れさま。休憩することも大事よ。'
休憩,'おや、もうこんな時間だ。原稿も大事だけれど、一区切りついたらきちんと休憩するんだよ。'
休憩,'@masiro__102 ましろちゃんありがとう( ´•̥ \xa0̫ •̥` )♡\n\nちょっと休憩するね(ᐡ\xa0•̥\xa0ﻌ\xa0•̥\xa0ᐡ)'
休憩,"'コールセンターのバイトで、休憩ももちろんあるけど、9時間電話せず、トーク永遠に読んで1日終わった\n\n座って読んでるだけで12,000円もらえた😇\n\n大丈夫そ？笑'"
休憩,'iPadケース買う、明日は休憩なし'
休憩,'今日彼氏さんとシフトかぶって一緒に休憩入ったけど、一切10ヶ月だねとか記念日だねとか話さずに今飲みたいお酒の話しただけでそれ以外はそんなに体調悪いなら帰れって言われただけだった悲しい'
休憩,'休憩挟まないと死んじゃう'
休憩,'休憩時間かけこんだおとなりさくら亭でそばめしを最速でいっしょに焼いて食べたうさこさんとぼうしおそろいになりました🖤💖\n\n🌟やっち確定メモリアル🌟\n\n#SOXSOCKS https://t.co/Nqvlb3HU9Y'
休憩,'“Glory To The World”、職場の休憩室で聴いたけど、久し振りに鳥肌が立った。PVを改めて視たいのでPC前で待機中。'
休憩,'お仕事休憩なの！'
休憩,'やっぱり今日は断捨離の休憩に&amp;L観たら良かったよ。癒して貰えばよかった･･･'
休憩,'ボロドーモ(？)の休憩おわってんぞ！'
休憩,'#いいねの数だけLv120の艦船を晒す\n勉強疲れたので休憩の歯磨きがてら'
休憩,'あと5分で日付変わる=情報解禁されるorなにもなくて私の休憩時間終わり\nさぁどっちだ\n前者であることを望む'
休憩,'5時間以上ぶっ通しで防衛したので休憩'
休憩,'@purin_2008_10_1 ぷーたん🐶ままchan💓\nこんばんは–💫\n\nあはは😂\nいつでも何処でも自由に休憩🤣…笑\nコッチは半袖の人が居た位だったケド←\n今日は風🍃ビュー×②寒かった〜💧\n🦵⁈腰…悪化⁇って位←😂最近はキツσ… https://t.co/fdlriBJXMc'
休憩,'休憩時間にパニグレとニーアやってると充電ゴッソリ持っていかれる'
休憩,'今日もお疲れさまです！\n\n休憩どうぞー\n\n↓ぶら下がりOK'
休憩,'2/22\u3000リングフィット\u300010分\u3000\n2/23\u3000リングフィット\u30005分\nレッグレイズが7回連続でできた（いつも4回ぐらいで休憩挟んでた）\n短いけど一応やったのでヨシ！'
