反射,'@airouMoNST ほんとです...判定とかもイマイチだったり\n配置次第じゃ反射数も増えるし💧'
反射,'先生に(私、ちょっとしたエステ行って)キレイですか？って聞いたら、\n\nキレイ…\nあ、うん、綺麗だよ？\n\nって。\n嬉しいけど反射神経はおじいちゃんw\nでもその、間が良い。'
反射,'反射しちゃったけど美STの雑誌ゲット！！！！\n\nオンラインのトライアルは在庫切れだったので…\n\n雑誌を購入！\n\nいや、まじで玉ちゃんの透明感ほしい… https://t.co/crAJuWtKZp'
反射,'ポメガ💥、人型の時に声掛けられても「話しかけんな！」とか誰が相手でも反射的に暴言を吐くものの、ポメってるときに同じことが起こった時に誰相手でも威嚇みたいな態度取りつつ🍰相手の時だけ無自覚にブンブン尻尾振っちゃってたらめちゃくちゃ可愛い🤦\u200d♀️💘💘💘周りもニコニコしてしまう🤗'
反射,'「…開けてもいいの？」\n彼女は頬を赤らめて、そっぽを向きながらも無言の頷き。\n私ははやる気持ちを抑えながら、そっと、渡された箱を開けてみる。\nそこには、控えめな大きさながらも、夕陽に照らされてキラキラと反射するダイヤモンドが乗った… https://t.co/2nKDiAYEDr'
反射,'上から来るゲロビを反射してんのよ'
反射,'@xlisa_tamax 脊髄反射でスクショは私の事好きすぎん？？？((殴\n\nめちゃくちゃいいのよほんと！(꒪˙꒳˙꒪ )'
反射,'@YOASOBI_SAIKO あああああ\n\nのサンプリングいいですね笑笑\n自分はAyaseのメロディラインが好きなのでまずは耳コピから始めようかなと🧑\u200d💻\n\n自分も一曲目は黒歴史の始まりでしかないと思ってます😇\n\n条件反射で出てし… https://t.co/mrFO1M3fIG'
反射,'【離乳の開始】\n離乳の開始時期は生後５～６か月頃\n哺乳反射が減弱した時期\n離乳の初期はアレルギーの心配が少ないおかゆから始めるとよい'
反射,'くそ‥ムラムラする‥条件反射みたいで鬱になる‥'
反射,'@T1B65290793 マジでやってしまったwつい反射でガード貼ったw'
反射,'@sugimotya 水槽の手前ならまだしも、奥に配置されていたら、前面からの反射は届かないかと汗'
反射,'にゅーサロモン\n\nモデルチェンジして反射素材無くなった模様。\nなんかフォースみたいだね！\n\nあと幅が広くなった気がする。 https://t.co/vaGsIAMkqe'
反射,'@livedoornews タイトルだけ見て、脊髄反射してるコメントが多いのが一番怖い。なんで、文章をちゃんと読まないのか。'
反射,'横国と聞いて脊髄反射的に藤井四段が浮かんだ https://t.co/kx7wZt0SGd'
反射,'@1GuWvxfHuSgsyli なら写真のは反射か'
反射,'eスポーツというのは、勝負の世界が電脳空間に移っただけで、目の良さや反射神経が求められる点は既存スポーツと変わらず、革命的なものではない。\n将来、「あらゆる個体差・ハンデを超え」「全人類が」「同じ土俵で勝負できる」ゲームが現れる。\nそれをこそ、真のeスポーツと呼べる'
反射,'玲「！……(反射的に歩の後ろ隠れ(((ｺﾐｭ障((」'
反射,'https://t.co/4tt79jatO5\n立憲民主党の提案か。だから脊髄反射的にネトウヨが反対してるのね。\n内容は当たり前の事やん。 https://t.co/0oVj8SfrjN'
反射,'AA: Changerドライブレコーダー ミラー型 前後カメラ【12インチ右ハンドル仕様】【更新高い透過性の反射防止ミラー】【9月最新版日本音声コントロール】ドライブレコーダー 前後カメラ 1080P 32GBカード付属 Son… https://t.co/rjfz7XxYOI'
反射,'@PT28814795 冬場は寒そうだけど、夏場は涼しいのかしら？\n水面で太陽光反射して暑いか・・・？\n昔は日本一名前が長かったホームからみたことしかなく。'
反射,'@KYOKOdesuyo_ こっちはみぞれ、あられと共に雷なるよ⚡\nいやーん(〃▽〃)♡\nそー！笑 なんか真面目で素直だから裏があったら1番面白いなって。条件反射的なの裕翔くんが持ってたらちょっと興味わかない？←思考がやばい\n中で… https://t.co/Y2N3JZT67R'
反射,'反射\nReflection \n\nAn interesting reflection on the snow!\n\n本堂の窓の反射が面白かった。こうして見ると、雪がだいぶ減ったなぁ。屋根からの落雪になぎ倒された改修記念の角塔婆や雪の重… https://t.co/BEHxGrq6FF'
反射,'そして向井博士…\nギャグもシリアスも絶妙にこなせる姿に幼少から笑いまくりました…✨\n\n超名俳優：笹野高史さんが様々なドラマに出る度に「あっ博士！」と条件反射で言っちゃってしまいますｗ\n\n時に厳しく、殆ど優しく見守る向井博士も一生大… https://t.co/JXMaUN86ts'
反射,'黒い精霊も反射的に反撃してくるだけみたいな話だったのに突然エルフの里に攻撃したりそれでTWいて良かったねになったり\n風呂敷広げるより畳む方がめんどいだろうから前編の方が後編に想像の余地がある分マシに感じるのはあると思うけど\n正直アニバイベの特別感あるほどの面白さは感じなかった'
反射,'勝てたときのリプレイ見てみたらものすごい勢いでクリサレンの反射が敵を細切れにしてて笑うしかない。アタッカー枠3人吹っ飛んだあとユカリとクリサレンの2人係でタンク落としてユカリ落ちた後残りのサポーター全部クリサレンが後始末してた。'
反射,'金髪の人間見ると脊髄反射で松っちゃんだと思っちゃう'
反射,'@nanase_kamui アクリルボードに反射する小川氏もツボ'
反射,'メギドナ見てると反射物を置きたくなる https://t.co/OjtfFMh2GI'
反射,'ひめるの衣装、ライトの反射からつたわる素材感(?)がすこだからみんな見てほしい'
反射,'@mmmamma_m おおお、親切な方！詳細な説明をどうもありがとうございます！\nなるほど…厚みも深さも相当あるゲームなんですね\nフォートナイトが今度ストリートファイターとコラボするらしいというツイートに脊髄反射してしまったのです… https://t.co/zEvlNbCyeL'
反射,'友人からa.m.3:21いいよと言われて、いやAMは1:27だろって思考するより反射で言葉が出て2人で「は？」とハモりました'
反射,'@goemon_sun 相手VS1VT1として\n\n水晶を持っていない時に波動→反射されたら心眼\n\n水晶大Pが届くかギリの所で波動→メナトが大P振るようになれば飛べます\n\nVゲージはVリバに回して相手のVTに合わせる\nVT中はメナト… https://t.co/knrlFYBaOu'
反射,'過去に何度か迷走神経反射で本当に気絶してるから本当になりそうだなこれ。 https://t.co/PR4iZNVVCk'
反射,'@sv_maaaaaa てか庭園置いた直後にトリモンを条件反射で置くのはやめろ'
反射,'@1GuWvxfHuSgsyli デスガイド、ウルもシクも値段同じなん？(笑)反射でわからんけどウルもあるやんな？'
反射,'この前飛鳥さんに首から下が鈴木雅みたいと言われて反射的に「ありがとうございます！」と言ったけど、飛鳥さんがどういう意味で言ったのかイマイチ分かんなかった'
反射,'セフィロスのNB最大溜めアームスピンで反射したら０％から吹き飛んでて草'
反射,'ブラックバスドットコム : 反射しない三角反射板。\nhttps://t.co/kmF841pI5E'
反射,'独り言がリビングで反射して\n誰にも届かず空中分解\n\n【BLUE &amp; YELLOW】'
反射,'第46回午後\n30 細隙灯顕微鏡で樹枝状角膜炎を観察するのに最も適した方法はどれか。\n1.強膜散乱法\n2.鏡面反射法\n3.虹彩反帰光線法\n4.広汎照明法\n5.直接焦点照明法\n\n答え：4'
反射,'@Ririoeo りりたんうまいね！音ゲー？反射神経ゲー？'
反射,'雪滑り落ちるところ。\n左に黒い鳥おるのwww\n鬼畜か？www\nタップして見せたわさ！\n\n画像は滑り落ちた先。\nシャーーーーーーって落ちるから居るの気付いても時既に遅しになる人も多そうww\n反射神経問題ｗ\n#リィンカネ https://t.co/VprO8lV89J'
反射,'苦行\n反射させて反撃したい https://t.co/ncSI68X8KG'
反射,'@sleep_y_06 反射神経で話してたたぶん、、(？)\nその時は偉かった🥲授業はずっと寝てるタイプです🥱🥱wwwwww\nそれ！あれセットでかわいい思い出してにやにやしてるwwwww'
反射,'@saki_kitchen 反射し難い角度と固定カメラのようなブレの無さも評価したい🍑'
反射,'@YOASOBI_kyo ああああああ❗️\n\nをサンプリングした曲作りたいです❗️\n\nはい、多分1曲目には絶望する自信があります😆\n\nリプ冒頭のは楽しむだけだと聞いたら条件反射で出てしまうやつです(笑)'
反射,'@toiru623 リリーパといえば、なんか変なロボに捕まってるやつw\nつい反射でぶった斬ってどっかに飛ばしちゃうw'
反射,'@artifact_info なるほど....\n型とか咄嗟に出せるようになったり構えを知っているのは結構重要ですよね。\n\nただ、護身としては反射がつかないからまた違った練習を個人でしないといけなそうですね。'
反射,'【譲】N 泥棒 9枚/冒険家 1枚/一等航海士 5枚/呪術師 反射あり12枚 なし1枚/幸運児 5枚/カウボーイ 3枚/心眼 10枚/野人 9枚/マジシャン 反射あり 11枚 なし 1枚\nSR 泥棒 3枚/冒険家 1枚/カウボーイ… https://t.co/1nGf9VMM1y'
反射,'ユミルめなーにが反射と不死じゃいくらえナタリスのファイナルアターック！！！\n無敵だったんじゃい。\n\nこれ1週間に1回は絶対やってる'
反射,'写真を撮るセンスがないな…カードスリーブがめちゃくちゃ反射してる…うぅ…'
反射,'Switch、魔界村タダって、何なのだろうw\u3000ダウンロード環境があるので、そりゃ頂きますよw\u3000当時、人がやってるのを見て楽しんでたのだが、やってみると、なかなか操作性ヒドいのねw\u3000反射神経うんぬんじゃなくて、動けるところで敵を確実… https://t.co/2YxdbgWHHL'
反射,'@cr_ha うおーーー私の心の中ダダ漏れの告白が🤣🤣🤣\n全然なんも考えずに話してましたが、ほんと脊椎反射で出てくるくらい尊敬してます\\( ˆoˆ )/えへへ'
反射,'静岡と反射版捨てよ'
反射,'糖蜜の確認中に飛んでたので、反射的に捕まえてしまったけど、追跡すればメスが見れたかも…… https://t.co/xqS4r56n6V'
反射,'@utae_kurenai ツイートを見て分かる〜！！って脊髄反射でリプライしちゃいました😂わたしも無駄に🚬のコマ拡大してイケメンを吸ってます笑\u3000電子版を+する事でQOLが上がりますね！！☺️❤️'
反射,'@kanata93133614 @m27e639 @YouTube コレよ〜く見返してみたら\nライトの光が反射して映った影ですね。'
反射,"'昔ビクセン開発で売られてた火星人が懐かしい（笑）10cmF10のドブソニアン。当時高校生で、反射は難しそうやな〜と思って避けたけど、買っとけば良かった（笑）その時は12,800円だったの覚えてる。 https://t.co/c4DHTtjceA'"
反射,'赤井家は確定でしょ絶対\nポーズとかどうしようかな…緋色は反射光に入れたい'
反射,'名古屋で健くんのクリアファイルは見かけてないけど、バス停のは見つけた💛\n反射しちゃって綺麗には撮れなかったけど😂\n#佐藤健\n#ハーゲンダッツ https://t.co/eqrsHksQc7'
反射,'@munichat 各種アミノ酸その他が生み出すハマグリ特有の出汁の風味が、条件反射的に和食を思い起こさせるのでしょうね。\n何せハマグリをアヒージョにすると、アヒージョなのに和食感が拭えないほどです。'
反射,'@yuri_aoi_ え、めちゃくちゃすごいです！ソファの反射光を描くのとても大変だったと思います､､､😥\nお疲れ様です！まだまだ描くところがありそうですけど体調崩さない程で頑張って下さい！'
反射,'デュエリストあるある\n\n5000RTが反射的に5000GTに見える\n\n実例 https://t.co/YrsGISCobk'
反射,'オデュッセウスのVD、チョコをそういう意味だと捉えられて振られて喜ぶ俺と、「行くぞ！木馬！」と言われて反射で「はい！兄様！」って答えそうになった海馬兄弟が乗り移った俺と、コックピット二人乗りにはしゃぐロボアニメ好きの俺できゃっきゃしちゃった'
反射,'ソーラードライブ\n陽力ゲージというもの消費して発動する特殊な全体攻撃。上からぶっといビームが降ってくる。団長の頭皮に光を反射させるとか言われてるせいで、団長はハゲ呼ばわりされる\nこれを強化するアビリティを持った花騎士で1つの部隊を組むと最大で1390％強化されてとても強い'
反射,'@kita_mz2 「そう来たか！そう来たか！！」って叫びながら読んでました…きたさんのママすぐる大っ好きです！！そうなんですよね😂根はロマンチック真面目君だから、脊髄反射でなおやくんにもプンスコしそうなんですよね…可愛い'
反射,'@has_k80 突然失礼しました。反射的に回答しましたが、飛鳥時代や奈良時代まで遡れば、手盾や鉄盾があったようです、、、が、ソースまでは出せないので、専門家の方の登場を待ちたいですね。'
反射,'ステージ使うなら自作する方が、反射にステージが入り込むので絶対良いです。具体的に言うならオクタの瞳にモストロを映したいなら自作するべき。'
反射,'ふふｗｗｗｗ旦那もうつっとったｗｗｗｗｗ\n車の写真ガラスが反射するから上手く撮れんｗｗｗ'
反射,'ジーニアスさん…素敵な方ですよね…青色のアンダーリムに吸い込まれてしまいそう…曲線も反射する光も全てが美し…はっ、私は何を…'
反射,'@_s113O 待ってそんなにあんの（笑）たのしすぎることしてる過去の私ら羨ましい（笑）また反射芸やりにいこ〜〜？？？'
反射,'どのゲームにも言えるけどやりたい動きを意識的にするんじゃなくて、反射的に動くようになってようやく上手い人のプレーができるようになるんだなとAPEXしてて思った。'
反射,'反射してるよなんだよー https://t.co/f7DZqxjm9E'
反射,'@daizu_gohan 脊髄反射で好き❗️ってしていまいましたがしみじみとじわじわしあわせです。ありがとうございました😭'
反射,'アレルヤとハレルヤと、そして反射と思考の融合バージョンをそれぞれちゃんと入れてきてくれるカフェ……👍'
反射,'ヨンさんレザーパンツしぬ\n光を反射してテラテラ光ってるのエチチすぎん❓❓❓❓ありがとう光'
反射,'@MORIYA0211 反射光好き好き侍だから嬉しい〜〜‼️‼️‼️‼️⁉️⁉️⁉️⁉️‼️‼️‼️⁉️⁉️‼️‼️優しさの塊ぢゃんすき、、、'
反射,'&gt; 痛いニュース(ﾉ∀`) : 20代に聞いた、(笑)・笑・w・wwwのどれを使うべきか問題\u3000“w”・“www”は「古い」｢イタイ｣｢生理的に無理｣ - ライブドアブログ https://t.co/XOvc695Jwu － そーで… https://t.co/22UL2gm158'
反射,'写真の転載は良くないからしないけど、梶さんがアップした代永さんとの写真、代永さんの胸の所の服装どうなってるの？ちょうど梶さんと代永さんの間に灰色のパーカーっぽいの写っててその先に女性の手っぽいの写ってない？見間違いか？何かの反射？どーなってるの不思議🤔'
反射,'これを条件反射といいます'
反射,'これ写真撮るとき反射してんよね笑\n上げ直す笑\n\n自引きコンプ出来ました！嬉しいです！笑 https://t.co/rgpvOzC4TZ'
反射,'errorは置いといて千賀さんが打てない病何とかならんかね…🤔\n30過ぎのおっさんの反射神経じゃ打てる気がしない🦧\n今度ルーム作って千賀さん縛りでやろうかな😂\n #プロスピA'
反射,'@saku_3ky はじめまして、さくらさん☺️\nとってもかわいい蜜璃ちゃん💕と思ったので反射的にいいねしていましたが、わたしはレイヤーさんではないのですが、大丈夫でしょうか……？\nご迷惑でなければよろしくお願いします。'
反射,'今「未知との遭遇」って聞くと条件反射で脳内では「song for you」って続けてしまうからオレーザービームの音源早く…'
反射,'あら、\n13敗1勝...\nうち1勝はソロ、12敗マルチ\n頼むからps磨いてくれよ\nくそ雑魚多すぎてイライラするんだわ\nマジでss使わないの何だと思うし、ガード見えてんのかってレベルで訳分からんショットで1ターン無駄にしてる\n3反射… https://t.co/DO4WBi0nD8'
反射,'しな乃さんのツイートあまりにも分かりすぎて反射でいいねしちゃった… 同じような理由で炎上してるの何回目？って感じだし物書きとしてどうなんだろうと思…'
反射,'@shake_min ぜひぜひ保存して〜！！保存必須です！！！！😤👍\nあっじゃあ加工なしも送るね！\n丁度パネルの向かい側にお店あって変な反射しちゃってるけど😇 https://t.co/LnbKmjvr8y'
反射,'@petites_ailes 反射する光に\n      美しさを感じること…✩.*˚ https://t.co/HMtDHIY9GM'
反射,'@Nonoka_JDeeZ 反射するJewelerの写真ならあるけど😂😂'
反射,'なるまいと思った人をふと何度も思い出してつい条件反射で同じことして気づけばその人になる'
反射,"'Kis-My-Ft2 / Luv Bias TV-SPOT (30""ver) https://t.co/ESINltYyfQ @YouTubeより\n\nCGで影？と反射作ってるの凄くない？'"
反射,'筋肉反射テスト\nキネシオロジー\nセルフO(オー)リングテスト'
反射,'脳筋は脊髄反射で手を出すから。＞倒され胸を足で押さえられた男児、頭蓋骨骨折…ボールぶつけたことに男性講師「カッとして」 #SmartNews  https://t.co/7SfVYH0qJ4'
反射,'ハーモニクス Master(LV26) フルコン。少々リズム難な降り方をしていると感じたのでノーツ速度9.8にして反射でごり押し。特技ガチャもそこそこ上振れ＆グレ抑えめに出来たので金トロ取れそう。 https://t.co/0CRSKjXqXe'
反射,'カイト：唐突に猫に足の裏舐められて反射的に「ぅや、ひぃ…そこはらめぇ…」って言っちゃったんだけど、言った直後に隣の部屋から物凄い音が聞こえてきた。ザニーがソファから転がり落ちてた'
反射,'アキラ・サカキ\n\n蛾の怪獣に向けて一直線に放たれた青い熱線は、しかし2体の怪獣の間に存在する鱗粉に当たるやいなや、複雑な幾何学模様を描いて反射され、当のゴジラ自信を直撃したのだ。\nゴジラが苦しげにうめいた。そう！ ゴジラが苦しんでいる！'
反射,'ディヴィジョン相変わらず糞ゲーすぎ\nなぜなら反射クエだから以上'
反射,'これ買って、煽られることなくなりました！まじおすすめ！ 防水カバー レインカバー リュックカバー 防犯 反射材付き 災害 防災 避難 軽量 コンパクト ザックカバー 登山 アウトドア バックパック用防水カバー 用品 キャンプ バッ… https://t.co/JghRtjExVH'
反射,'反射神経しんでるから予測に頼らざるを得ない 予測もそんなに当らないけど！'
反射,'ライブラリもロボトミもやりたいんだけど実況見てる限り色々考えて反射でやらなきゃなんなかったり長丁場になったりするから絶対出来ない気がするんだよね……………絵しか描けねぇ'
反射,'雨上がりの電車が好きなんだ。\n霧がきれいなんだよ。\n霧の中を走り抜ける電車、水滴にキラキラ反射する陽光...言葉じゃ語れない。\n\n皆も電車乗ってみ！w'
反射,'@aaaaaaaaa0000ss 検索から失礼します🙏🏻💦\n当方、こちらのグッズを所持しております!!反射して見にくいですが、カラ松様のアクスタも所持しております!!御検討よろしくお願いします🙇 https://t.co/gshyMZ73W8'
反射,"""reflex【反射；an action or a movement of your body that happens naturally in response to sth and you can't control】…to have quick reflexes"""
反射,'寒いのでアクセルに抱きついてみたら反射的に殴られる'
反射,'さくらさんの新鮮なダンロン実況ツイだ！を見て見たすぎて反射でいいねからアカウントに飛ぶ→アイコンが相互の絵に似てるので反射でフォローしかける→これで中の人がひちょうさんじゃなかったら不審者なので思いとどまる←イマココ'
反射,'最新話付近の赤城氏の目が白い現象、盲目的に花楓くんの炎しか目に入っていない、その炎の反射の光で常に白い目と勝手な見解。'
反射,'ああ、副作用の蕁麻疹か💦比較的蕁麻疹は多いと思うけど実際に報告されると怖いなあ😭マミィ方でずっと迷走神経反射継いでるのと蕁麻疹も日常みたいなかんじだから…ワクチン打ちたいけど怖い…インフルワクチンも控えてきたから余計ハードルが高い😭医療従事者の妹が3月頃打つ予定…心配だな💦'
反射,'迷走神経反射もちなので、ワクチンの接種映像はちょっとドキドキする'
反射,'浮気してなくても\n「浮気してる？」って聞かれたら\nなんで？って言う自信しかない\n条件反射？'
反射,'@danron_rrr 「そないにｨ？あぁ…僕実は関西圏出身でして……反射神経かなぁ…\n\n…視力が悪い。そらァご不便でしょう。 ｧ…そうだ…  折角のご縁です    画面が見辛い時は僕が変わりに読みましょう。貴方の目になりますよ  …！」'
反射,'愛染：さっきランニングしてたら突然三日月宗近が手をあげだして、脊髄反射で思わず「ｳｪｰｰｲwww」って、ハイタッチしてしまった。多分三日月は俺の後ろを走っていたタクシーを呼び止めたかったんだと思う。'
反射,'@opentheRockdoor 防火服の反射板がバックの黒に映えてかっこいいですね！✨'
反射,'@sou_ube_mini4 デリカもなのですが、\nオーディオ（ナビ）画面は垂直の方がいいですね。\n斜め後ろの景色が反射するので🌤↪😝'
反射,'反射！'
反射,'@Superaa_0808 大丈夫銀河に自動フルカウンターの魔力を付与しておくんで\n物理も魔力も反射可能なね'
反射,'ブレーキ効かねえんだよ欠陥構造め\n脊髄反射で声出すな'
反射,'体力、筋力、運動能力を「反射神経」の一点だけでカバーできてしまえる側面があるので、ある意味発達の人の過集中を誘発しやすい競技なのかもしれない'
反射,'カラーパレット作ろうかな、便利そう\n素色/影/反射光/しわ/相性がいい色\nみたいな感じ 後ろの3つは3色ずつ…'
反射,'えっめっちゃ綺麗…\n髪に月の光が反射してる感じとかめっちゃ綺麗だし素敵すぎ…😳 https://t.co/R2xIZ9Qw37'
反射,'@tunagiradio お祓いに行くとか、祈祷反射板ステッカー貼るとか神がかりになりそう\u3000笑'
反射,'嬉しさで反射が生じました'
反射,'試行錯誤してるんだけど\nミラーボールって\nこんな感じで書けばいいのかな？\n（※光の反射は書きなおす） https://t.co/mx3XY1sR8t'
反射,'@Fucco_Cbass_WiM 反射笑笑\nやばいですね笑笑'
反射,'@li__________9 太陽の光反射します()'
反射,'うわーー迷走神経反射で気分悪くなったり倒れただけなのに(だけって言い方悪いけど例え)それをワクチンのせいにしたツイートとかバズったら怖いなーー迷走神経反射って世間一般的？？医療者だけの常識？？コロナワクチンで初めてワゴッたって人が… https://t.co/nHC6MIF9u8'
反射,'脊髄反射でツイートしたけど結構クソリプじみてんなこれ'
反射,'あー、そうかこれ反射的Banach空間だと弱*位相と弱位相が一致するからか'
反射,'ラスボスも反射で瞬殺だった…。'
反射,'@ff14uireda 反射的にブロック作業始めてブロック済みを解除しそうになるからちゃんと機能して欲しいw'
反射,'闇マ「ん…んん…」バ「ふ…っん、はふ…ちゅ…んむ…」闇マ「…淫靡だねぇ」バ「は…？」闇マ「お前が俺の唾液を飲む様、見ていて興奮するぜ…」バ「…ッ！！ちがっ、これはただ反射的に…！！」闇マ「ほぉ…反射的に、ねぇ…？」バ（マリクの唾液飲みながら感じてたとか言えねえ…）'
反射,'@chie12_ そうなんだよ！！！わたしも途中から気付いた(笑)\n札に書いてある刀種がそのまま戦う敵になる！そして青短は脇差なんだよ……他の札が黒枠だったら条件反射で選んじゃうじゃんね…強さ最大ではもう選ばない…泣'
反射,'@as_sa_la_mu こんばんは☺️フォローありがとうございます！\n大好きな曲のアイコンからの通知に条件反射してときめきました💓笑\nこれやってると映画見直したくなりますよね〜。\n私はTSUTAYAプレミアムに入って怒涛の借り放… https://t.co/V2pS092jYZ'
反射,'@kira7474 庭先で太陽光反射させて虹かけたろかっ！\n\n誰がはげやねん'
反射,'@a88920919 やる場所がやる場所だから、\n光かレーザーかわかりませんが、\n反射するんですよね💧\nだから痛い（笑）\n私は光で結構飛び跳ねました😆爆笑\nきれいになるためふぁいてぃんです🎶'
反射,'@11_rn01 １枚目の青春ファッション良いですね😊\nこれで、水辺に映る水面反射のリフレクションをやってみたらかっこ良さそうだと思いました✨'
反射,'子供って面白いことしか続かないんだから、本当にいじめは面白いんだろうなと思う。残酷だよな。当時は反射でいじめっ子に対しては「4ねよ」としか思ってなかったけど、今ならなんとなく分かる。面白かったんだあいつらは。感情レベルではゲームとか漫画と同じカテゴライズだったんだな。'
反射,'でもデーモンコアの事故は半球の反射材が完全に「閉じた時」に臨界したので、こじ開けて「漏れる」イメージじゃないんだけどな。'
反射,'@RUxdag9lhHz5Kau でもそれ大事😃👍\n車の運転していると、日が暮れてくると黒っぽい服装の人はマジで見えにくい。あえて反射ベスト着て歩いてる人もいるくらいだもん、そのスタイル貫いてー👍️'
反射,'光の反射酷いけどこんな感じでモニカの痛バ完成でいいか。 https://t.co/L5SFJk5RAH'
反射,'@iYoeOBaDhnzbVqJ @inumash まぁフィクションとはいえあまりにもおかしな刷り込みがされそうなものは批判されて然るべきとは思うんですが、今回の騒動はいくらなんでも脊髄反射が過ぎましたね。\nこれは不燃ごみも認めた事実。'
反射,'@crescent_moon7_ わ～ナナさんも芝井さんに💖（V字型のCMクラティの絵ですね✨）おめでとうございます🎉\nそうそう、もう芝井さんがモーキャプの話をされると反射的にR？ティファですか!?となります😆💗ｿﾜｿﾜMAX\nお… https://t.co/npKfcWBIuw'
反射,'肌白ーーーーい！！今光反射してたよ\n#書けないッ\u3000#菊池風磨'
反射,'でもヘドバンよろしくゴンゴンしてたのはなんでなんだろ、反射？とにかくその頭ゴンゴンで鼻の横1cmくらい切れてた'
反射,'HFIRの詳しい情報がリンク先で確認できますが、私は中性子反射体としてベリリウムを使ってることしかわかりませんでした(笑)\nhttps://t.co/UBKN4LG1Aa https://t.co/4VujHLAq37'
反射,'鏡の錯視効果によるネコ\nOptical illusion cat using a mirror\n\n#optics \n#opticalillusion\n#illusion \n#Reflection \n#blender \n#b3d… https://t.co/MaF2WQxFS4'
反射,'今朝の写真。\nどっちが反射かわからんくらい風が無かった。 https://t.co/aZngA1NUHv'
反射,'スマホの反射で自分の顔見えて\n歯を見たらめっちゃ黒くて\n写真みて確認したら海苔だった'
反射,'僕も未だに突っ込まれたらビビるのでビビりながらも反射的に撃つくらい反復するといいかもしれない\nホントはドームファイトでグレ投げた方が良かったなあの時もあったし'
反射,'2個目反射神経よき🥰🥰🥰 https://t.co/EpFCEsJalh'
反射,'くしゃみのせいで反射的にピアッサー押してしまった、、。\n久々にめっちゃ萎えてる、。'
反射,'舐めプとかじゃなく脳死で弓撃ってデンショッカー振った方が強い気がしてきた\nこれは俺じゃなくてスパアマ反射があるデンショッカーが悪い'
反射,'そ、人知を？自分でも意識してない、いざってときの反射神経は確かに…?\nだからか、びっくりするほどれいせいなのは？'
反射,'前居た界隈で絡んでた子の雑多を偶然発見して反射的にフォローしたけど普通に考えて界隈抜け出したやつから今更フォロー来ても怖くね？とか考えてしまっている。'
反射,'叫ぶのは条件反射というか本能なので無理かもしれない'
反射,'野性動物相手に目をあわせないようにって言うけど、そんな感じだなって思った。敵と判断されたら反射でなにされるかわからんからな…'
反射,'サビが流れると条件反射的に手が動く'
反射,'ふぇぇ…とてもいいものをいただいてしまった…😭😭😭✨\n家宝………🙏\n\nそして反射しないように撮ったら画質がえらいことになった… https://t.co/5M5WDvYyuu'
反射,'@kawausozx ありシャイニー✨デェス(=´∀｀)人(´∀｀=)\n\n身勝手にも自分のすこを呟かせていただきますw\n\n(脊髄反射的に描くから何が出来上がるのやら😂)'
反射,'んで帰りにラジオ聴いて帰った 反射的に笑うんだけど笑わなくなったら涙が出てきて泣きながら帰った。誰もいない道でよかった。帰ってから阿部に電話して話聞いてもらったけどやっぱ茶化したし茶化された。笑いながら勝手に涙出てきてビビった。こんなもんか？'
反射,'佐久間君のことは脊髄反射で(？)かわいい大好き🥰🥰🥰って思っちゃうのでキレッキレダンスを見るとバグが💥☄️💥好き💥☄️'
反射,'まだ途中段階の頃の修了制作\n1月、朝8時のアトリエ。\n箔が朝の光に反射して、神聖なものの様に見えました。 https://t.co/4aOIuFkNmV'
反射,'恋愛テク④\nただし、シャイで緊張しやすいタイプの場合は、好きな異性に接近されて反射的に逃げてしまう場合もあるので、相手のキャラを考慮しながら、試してみてください。'
反射,'冬の間の紫外線は一般的に\n比較的弱いですが、\n対策をしなくていい\nということではありません。\n\n特に雪の降る地域では、\n雪による反射により2倍近い\n紫外線量になることも\n十分あります。'
反射,'単なる迷走神経反射だと思うんだけど、コメント欄がワクチンの危険な副反応だと騒ぎになっていて、率直に言って地獄。\n勿論、迷走神経反射でも有害事象として報告はカウントされるけど、知識と学習って大事だよね。\n\n#Covid_19… https://t.co/auz720TfFC'
反射,'@sukabunoneko 脊髄反射する輩は、どのパターンでも湧いてくるという通常運転\n\n穿った見方をすれば、マスゴミも巻き込んだ炎上商法'
反射,'ここで武さんのご登場！\n山口県は萩市！好きな花はツバキであります‼️そして世界遺産の反射炉は有名！たたら製鉄は国内屈指であります。\n阿武を囲むようにある萩市はまさに要塞！\n有名人はなんとあの高杉晋作でありますヽ(*´▽)ノ♪\n実況… https://t.co/XdKby30iPV'
反射,'「黑き王」\n2021.1.30制作\n\nキラキラ絵の具を使用しているため\n光のある場所では反射して煌めきます。\n\nこちらの作品も\n#タツセレ2021 東京\nにて只今展示して頂いています👑\n\n2月21日より通販も始まります\nどうぞよろ… https://t.co/C2brPGx3kn'
反射,'サバイバーおすすめ内在人格\n・割れ窓理論、膝蓋腱反射\n窓と板を乗り越えた時移動速度が50%、3秒間上がる。\nチェイスするならおすすめ。ただし、医師や機械技師などの窓や板を乗り越えること自体が遅いサバイバーに付けても、乗り越えている時に攻撃されたら意味ないので注意が必要。'
反射,'マジックバリアって相手のウルトラブーツの効果も効かないのか…道理で反射しなかったわけだ'
反射,'Twitterで女子高生だと思ってた知り合いが「クッキー作ったよヾ(＠⌒ー⌒＠)ノ」って写真付きでツイートしてたけど、よく見たら奥の窓ガラスに反射してカメラを持った毛深いおじさんが映ってたときの私の心境を述べよ[5点]'
反射,'@asahimatsu187 顔反射してますよ！(嘘)'
反射,'@shojunryo1 運も実力のうちというか仙体、反射を引き出す立ち回りも含めて負けましたよ😢\n次こそはぴぇぱぉを…😡🔥\nまたよろしくお願いします😊'
反射,'反射的にフォローしてたりが多いですね！！失礼します(世界の中心で空リプ)また絵が見たいなって思ったらしがち🤭🤭'
反射,'◇それは、ナイフの反射。'
反射,'そして、きらめく太陽と反射する水面を輝くスワロフスキーでゴールドとエメラルドグリーンで表しています。\nまた、女性的な妖艶な赤色も指し、\u3000\n色彩の繊細さに非常に拘り、\u3000\n身に付けた方の女性の美しさをまるでヴィーナスのように誕生させる作品です。\n#ハンドメイド好きな方と繋がりたい'
反射,'高校の友達と初めてあまんぐあすやったけど楽しすぎて禿げた、そしてインポスターのことを反射的にインポと言ってしまう癖を治したい'
反射,'@_Snjr28 もうこういうミステリーもので心理カウンセラー出たら反射的にあっこいつ黒幕だって思っちゃうww'
反射,'@kuni4400 @mon_chancamera 正直、蛍光灯写してみると高級タイプでも中級クラスレンズのコーティングよりかなり反射が強いのでコレ最前面に付けたら悪影響はかなり有ると思います。\n入手性は悪いけど普通の高級フィルタ… https://t.co/1UfLP5zp5F'
反射,'@DOLAZAEMON オペラ🦋を上演する劇場が入ってるビルにonちゃんのHTB本社も入ってるの。\n我々は、キャラ見ると反射的にスマホで写真撮ってしまう習性があるよね😆'
反射,'背景綺麗、、、🥺\n水に反射してるのが雲雀さんだけで泣きそう😭😭🙏'
反射,'[0207]膝の腱をたたいた時、足が前方に跳ね上がる反射のことをなんというでしょう？'
反射,'今日gta5でレース誘われたから、前から悩んでた挙句レース用にしたストレート最速車両のパライア使った。\n\n相手がイタリRSXだったから、かなり苦戦したね。バックミラーもあまり映らないから鈍いライトの反射だけで判断しなきゃならないのも先行する上ではキツかった。'
反射,'しかしよくわかったな玉跳ね返ったやつ反射するの。'
反射,'@Trchan00 てことはコナミって反射？'
反射,'@_yukari_enishi いやいやいやいや…思いついた事を脊髄反射状態で描いている状態なので落ち着いてインプットもしたいところです😅'
反射,'脊髄反射でリプしちゃって、あれ？私すごく変態くさくない？？って思ってたのになんだこの癒し空間は💘優しい💘'
反射,'（遂）！！（しもた！ガソリンの刺激臭に反射的に立ち上がってもうた！）（じゃあこの娘の狙いは最初から－－）'
反射,'@FudoYukichan メカって光沢とか反射って大事だよねー\n\n参加はホント気まぐれなんだからねっ！'
反射,'112日目。墓標の間を回って五体目くらいで物理反射するの忘れて即パトったので今日の頑張りはすべて消えましたね…泣いてないよ、ものの30分くらいだし……'
反射,'反射的に受け止めるけど顔背けるストゥルティはかわいい。(かわいい)'
反射,'なんか私めちゃめちゃ人見知りっていうのもあって、ツイッターであっても初リプで馴れ馴れしすぎたり、煽られてるように感じたり、よくわかんないなって思うと怖くて反射ブロックミュートしてしまう。'
反射,'★スパンコールに光が反射して七色に光ります★ https://t.co/lJOW4pWl8l'
反射,'何かを食べてトイレに行かなければ吐かないことに気がついた\nがしかしトイレは普通に生活してれば行くし…\n吐きたいわけでも吐き気が酷いわけでもなく、\n反射的に出てしまう\n\nなんだこれ'
反射,'ほじてぃぶたんすたいむのmaster譜面は全然読めるんだけど早くて押せないの…そこまで反射神経よくねぇんだ…'
反射,'フロ反射は次回の一戦だけでガチガチに使いまくってるので楽しみにしててね'
反射,'動物は顔を付き合わせると喧嘩を売られていると認識したりするそうなので(反射で噛みついてきたりする)、顔を覗きこんだり、じっと目を見つめなければ問題ないかと'
反射,'@asahi_bayern 光に反射したり、左サイドの画面奥、２桁背番号、全然見えません‼️😅\nバイエルンの選手の背番号あまり覚えてないので、尚更分かりません💦'
反射,'@fassfa そうなの✨\n太陽に反射して綺麗なのに、我が家太陽が当たらない🥲'
反射,'@OJpQdkaUgqsqnNi こんばんは\u3000お疲れ様\u3000反射はデッキに入れてます\u3000澄んだ瞳と共に入れてます\u3000まぐろ'
反射,'@ssnix_xinss お茶汲みやらされ続ければ、ついつい反射的にそう思っちゃいますよね……(´;ω;`)\n下の世代には受け継がせたくない！'
反射,'@gudagudabrog 反射的に思っちゃっただけですすぐに冷静に判断しましたよ！😡()'
反射,'@A_himekawaP こう見るとグリーンまでの反射酷い'
反射,'ベッドからちょうど月が見えるから\n満月の時はだいぶ明るくて眩しいねん\nこれが太陽の反射と考えると、太陽すごすぎ'
反射,'仙台ラウワンのドラム、反射だけなんとかしてくれれば満点合格だな'
反射,'@itiyumo0731 私も黒使ってた〜！日光下だと自然髪よりちょっと反射強いかな〜？って感じかな！でも誤差の範囲だと思う🙆\u200d♀️\nあとは前髪を自分の長さにちゃんと合わせればよっぽどバレないと思うよ〜👍\nサイドの髪耳にかけちゃうと不自然に見えちゃう時もあるからそこも要注意\n⚠️'
反射,'すまん反射的に'
反射,'最初期⚪さんなら🔴ちゃんが肩に凭れてようが条件反射で駆け出すので🔴ちゃんは座面に頭ぶつけちゃうだろうな😫💦'
反射,'#あなたのIDの読み方を教えてください\n「月暈 白虹」\n\n月の光が周囲の薄い雲に反射して光の環を描く様を月暈と言います。\n本来は月暈は「つきがさ・げつうん」と読みますが、語呂で「つきかさ」に変更しました。\n白虹は月暈の別名で「はっこう・しろにじ」と読みます。'
反射,'でもやっぱりシュミレーションRPGっぽいブルアカはやってて楽しい\nもともとそっち系のが好きなのもあるけどさ\n反射神経使う音ゲーとかは向いてないんだ\n戦略練るゲームは攻略してる感良い'
反射,'修理に出したミシンを引き取りに行ったら、「先日はお子さんをお連れだったので…」とぼそぼそ声の男の子が荒れた指先で示したのが、手作りの針先ガードだった。なんでか反射的にいやらしいことを考えてしまって、マスクの中が熱くなってしまった。… https://t.co/zwGUIMps96'
反射,'やんちゃ→マイフレのウルトラハピネス空間大好きで何回も観てるけど、暗転して暗くなった画面にめちゃめちゃ優しい顔で微笑むオタク(私)が反射で写るのが怖くて泣いてる'
反射,'@tsuru_mainiti 水の反射と網のきめ細やかな表現がたまりません。\nまた、ランタンの光がお顔に反射してのも味があってとても素敵です。'
反射,'手紙を書いていて気づいたのだけれど、わたしは目の前でゆらゆらひらひらするものに反射的にじゃれつきたくなってしまう本能を抱えているので現世は猫かもしれない\n駅とかで階段を降りる時に揺れるポニーテールとか和装の袖とか'
反射,'今日は配信後のリングフィットターイムとなった！\nてなわけで、本日の運動記録～\nここ最近はヨガマッタシリーズが複数体出てきたら、連続行動確定スムージーを条件反射で飲む身体となっている...回復オンパレードだけは勘弁だからねｼｶﾀﾅｲ… https://t.co/WKbB4OqkAr'
反射,'きめつトランプのハートの3、「よくやった\u3000天狗〜」まで読んで「はんてんぐだ！むざんさまに褒められてるやつ！」って反射で思ったけど違ったので笑ってしまった。うろこだきさんだった。 https://t.co/7WMmzIxR5e'
反射,'@NaNashi_loose アクリル板で\n不思議な前ボケと光の反射が\n凄くいい!!\n#前ボケ大好きカメコ'
反射,'2016年エベレストに登頂したとされていたインド人二人の登頂記録を抹消、今後10年ネパールのすべての山の登山を禁止される。山頂で撮ったとされる写真には、強風に旗が揺れる様子もなく、酸素マスクはボンベに繋がれておらず、ゴーグルには雪… https://t.co/AJDzssLmRd'
反射,'インスタたまたまコメントついた瞬間を見たので反射的に「1秒前」なのに♡とリプ飛ばそうとしたけど思いとどまってちゃんと時間おいてるのえらくない？'
反射,'素敵〜！\u3000好き！\u3000わかる〜！\u3000と思ったら反射でふぁぼ送っている人間なのでね……'
反射,'@_kae_56 こいつが脳裏をよぎったから反射的にリプしたw'
反射,'晩酌\n(反射してないよね) https://t.co/VZGR6PVsVs'
反射,'なんかこういうミラーに反射した風景の写真に可能性を感じた。 https://t.co/peVyv80hBD'
反射,'@_tkek 7割覚えで、3割が反射神経ゲーかな\n\n叩きつけ攻撃は骨が出てくる場所は毎回決まってるから、あとは叩きつけられた後に素早く入力できるかが求められる'
反射,'@boushiya6 個人的には欲しいです(´ω｀*)♪ \nクリアアクリルでプレートにして、フロントガラスに置くといい感じに反射してかっこいいので欲しかったりします(*´﹃`*)'
反射,'@toshi01280411 あれはたまたまですよ😰\nそれに反射パの時はすごく眠いのに\n耐えて反射耐えて反射の繰り返しで\nかなりしんどかったです🙄w'
反射,'決算期で仕事忙し限界過ぎて、家を出る時にバッグから鍵を取り出そうとしたら仕事中いつも首から下げてる社員証入りのネームホルダーが目についたので、条件反射で玄関先で社員証を首から下げてしばらく「？」となりながら立ち尽くしたくらい限界。\nそれはともかく今日のメロガッパ格好ええ幸せ☺️'
反射,'そおや毎回反射するんよむずない❓ https://t.co/yixN1Yk4b4'
反射,'彼は奈落で内臓を晒して果てるだろうが きっと誰かが一粒の白い光に戻してくれると祈っている\nそういうあてのない白状に頷いてくれるだけでいい \n反射光がほしい ひとりでは本当に呼吸しているのかわからない\n\n二人なら芋だけのシチューもおいしかった'
反射,'小テストの点数が悪くて、机にふせって落ち込んでたら、先生の冷たい手を首筋に当てられて、ひゃって飛び起きたら「今のが『反射』だ」ってテストの解答欄を指でトントンして笑ってた。あの頃から理系男子が好きです。'
反射,'favが反射してきた'
反射,'個人的にこのお二方のツイートは\n本当に勉強になる。\n実践レベルの知識だなあと感じております。\n\n私が経験したのは、\n午前中だったな。\n反射前の症状知らなかったから\n押さえておこう。\n\n少なくとも私にとってとても有益な発信をありがと… https://t.co/2VWGVcpuKG'
反射,'絵ぇ可愛いっ好きって脊髄反射でいいねする図'
反射,'みんな同じ照明の反射の仕方してるじゃん、どういう偶然！？と思ってたけど、そういうジャケットなんだな https://t.co/rjQR9c61kp'
反射,'@takum_0225 コミカライズは当たりハズレが激しいですからね……\n\n自分も以前は面白かったアニメやラノベ作品のコミカライズを反射的に買っていたりしたのですが、結構期待ハズレな作品も多くて今では買うのに躊躇してしまっている節があります'
反射,'最近さ、歯磨きするたびおえってなるの本気でつらいんやけど。嘔吐反射強すぎ問題。'
反射,'生徒「SUBWAYに寄って...」\njig「パブゥッ!?」\n解説\nある生徒がホームステイの感想を述べていた際に言い放ったとんでもない聞き間違え。わざととしか思えないレベルである。反射的に口から出てしまうほど、彼の脳内は如何わしいことで破裂寸前だ。'
反射,'上のマミはmommyです😂\n\nパパ/daddy\nママ/mommy\n\nって両方認識してるんだけど、よく聞く方、つまりパパとmommyで呼びがちな娘。\n\n色とかは呼び分けきちんとできてるけど、わたしたちを呼ぶ時は反射的だからまだ混ざっちゃうんだろうな。\n\n#バイリンガル育児'
反射,'入射角と反射角は同じになる。これを反射の法則という。'
反射,'ちょっと自分反射してるけど許してｸﾀﾞﾁｬｲ｡o.ﾟ｡'
反射,'@mofuyukii 照れるなぁ(*´꒳`*)長めの動画多いから是非寝落ちに使って💕\nどんな夢ww放射線反射カーテンって強そう（笑）\n近未来的な夢だねwちょっと面白い🤣'
反射,'反射神経で描いてる感あるな'
反射,'対人不安を感じた時は、「なぜ怖いのか？」「恥じる必要があるか？」と自分の中で問い続けてみてほしい。実は、「不安」が単なる脳の無意識の反応＝反射になっている可能性もあるからだ。その都度脳の誤解を解いていくことが、着実な改善に繋がる。'
反射,'えびちゃんいると条件反射してまうんだな( https://t.co/OZeyYcAvc5'
反射,'@Eriasu_immortal ごめ、反射的に思った事を返信してたんだ、、\nまあ、シーズンは程々に頑張れ'
反射,'あ〜〜〜〜\nばるうさんの絵見るたびにうわー好きーーーーーってなる………\n反射的に♥押してしまう…'
反射,'@lens2534 空と湖の色が反射しています😳青い手！！！💙'
反射,'@KATANAGAMI_kabe \n桜森は「好きです！」って言われたら「わっ、私もです！」って反射で返しちゃうチョロ女ですよ！！！！！'
反射,'人間が、ドラちゃんって言ってる時、それは十中八九ドラえもんさんの事なのに、アンドラスの話した？！って思って脊髄反射でホーム見に行くの悲しい習性すぎて涙出てしまった'
反射,'@cluaptk 照明の反射ではなく、中央の白っぽいのですよね😨ありますね💧'
反射,'@Atto11_26 @yonyon0913 かーたんに怒られてないのに逃げてるwwこれは条件反射ってヤツ？？'
反射,'@mnmn_10111 言われるまでもなく脊椎反射で勝手にえっちなのだと思っちゃっ…て…😂あ～～～ありがとうございます８月まで生きます……楽しみ……🙏💕✨✨'
反射,'@Go704 江川はその反射炉を製作した\n幕末の関東の武士ですね、\n日本の技術水準を西洋列強に\n対抗して上げようとしていたと\n言われて居ます。\n\n竹の子さんの家系やお知り合いなら\nかなり詳しい人が多そうですね'
反射,'リバースカードオープン！\n自己防衛！\n\n出会い厨属性のモンスターからの攻撃を無効化し、代わりに相手に999999の反射ダメージを与える！ https://t.co/LXTDteoddR'
反射,'この子はホント優秀なんだよ\n\nどげん呑んでも\n悪酔いしないし\n二日酔いにはしてくれないし\n寧ろスッキリ起きれるし\nぐっすり朝まで寝れるし\n嘔吐反射しないし\n\n肴の相性も\n甘味よし\n乾き物よし\n油物よし\n塩辛いものよし\nホンマ万能'
反射,'チート使って3試合59-16はショボすぎるだろ\nノーマルのおっさんに撃ち負けるとかどんだけ素の反射とろいの？'
反射,'【中の人のステータス◆Reflexes（反射神経）：(1~10)】'
反射,'マウスピースがお口に馴染んできたので良かった……嘔吐反射かと焦ったわ…………'
反射,'今日お風呂にiPhone持ってって蓋の上に置いたら足が蓋に当たってiPhone落ちてきて反射的に手より腕の方が先に出て腕でiPhoneキャッチしてギリ風呂ポチャしなかった話する？☺️'
反射,'エペの調子が悪い\nダメやキルとかは激烈に落ちてるというわけではないんやけど\nしたいと思ってることができなかったり咄嗟の判断がゴミのようになってる\nぼけーっとしながらやって反射でやってるみたいな…'
反射,'1代目衣装についてるこのキラキラが壁中に反射してミラーボールみたいになってたからみんなで踊ってた。明日まぜる〜む17:00-20:00、2階ですので誰でも会いに来てね。ぽや〜🌛 https://t.co/j1HEY4OkuN'
反射,'きょう3回転んで、体力や反射神経は衰えているのだけど、現状の対応能力でどう対処したら良いか即座に判断して事なきを得ていた。すげえなぁと。'
反射,'赤iさんのことが好きだと自覚した新iち君が告白する覚悟を決める前に志i保ちゃんからバラされて恨みつつ真偽を確かめに来た赤iさんから反射的に逃げてしまい地獄の追いかけっこしながら新iち君が決意するまでの赤新'
反射,'いぬぼくカフェ池袋に連れて行ったけどうまく生かせなかった子たち😂\n小さいし反射光もあるしで、うまく写るわけがなかった。 https://t.co/f7q1mQ15uB'
反射,'車の荷台から30㎏の米3つ降ろしてくれと頼まれたから車体の後ろに回り込んだ瞬間存在を忘れられて急発進でバックして来た実母もカナリヤバい老化現象だったな…まだ反射神経が達者だったから瞬時に米を投げて横に飛んで回避したけど💦'
反射,'フォボス\n\n陣の中からの通常攻撃か、陣の外からのスキル攻撃でしかダメージを与えられない。状態異常反射の攻撃や、混乱を付与する玉及び鏡を召喚を行う。モンスターも召喚し、その際はダメージが与えられない他、たまに消える。\n\nイクサルフリ… https://t.co/L2l5VqkwPa'
反射,'@TRPG_TL ヘキの照れ方する人間みると反射で”犯”と発言しそうになるな'
反射,'@sanoyuki_128 そうだwwwwwwwwww脊髄反射で反応してしまったwwwwwwwwww'
反射,'汗の反射描き忘れてた。\nやっぱ急ぐといかんね。'
反射,'ノクターン貫通ゲーやんけ\n反射艦隊で行ったら一生ぷよ処理できなくて死んだわwww'
反射,'チャットじゃないけど、通話も基本反射で話してるからさ。この前、ぽろっと発した言葉忘れて周りを困惑させてしまったし。申し訳ない事したなと思ってる…マジで覚えてなくて…'
反射,'「ここぞ！！」マークかわいいからリフレクターキーホルダーとか出ないかな\n反射素材で夜道のあるじを守って欲しい\n\n#壽乱舞音曲祭'
反射,'一番怖いのが最初の人柱の王獣の宣戦布告。あいつ物理反射なのでこっちが激怒してしまったらパトってしまう。もう激怒無効つけといて主人公はサポ役に徹するかね。。。FFのリボン的アクセサリがなぜないんだ？'
反射,'呼ばれて反射的にふぁぼったけどなにがはじまるんです？？？'
反射,'光は反射で闇は吸収っていう文見かけてえっも…ってなったわ'
反射,'最初は対空出せないって言うからタイミング掴むための練習でステ止め対空やらせてたんだけど余裕でこなすから色々やって結局この練習になってた。ハッキリ言って神の反射してる。 https://t.co/5QXvQZ2g4I'
反射,'今日だけで虹同じ人3回ぐらいフレンドリファイアしたかも\n人がいたら反射的に撃っちまうのなおさないとやばいおー;  ;'
反射,'@tikiranran 物理は公式暗記と条件代入の繰り返しだから公式暗記と条件反射がうまくいけば勉強しなくても問題ない。\n\nなどと、物理以外まともに点が取れない人間が申しております()'
反射,'申し訳ない！あたしチャットとかそういう奴使うとき特に反射で打ってるから口悪くなるの！！！育ちの悪い🥝だから！！！'
反射,'ベリーをアンチ外に飛ばしたのにこの子反射神経よかった🤥 https://t.co/1trCeFaTES'
反射,'撮ろうとすると変に反射して？明るくなるから難しいけど早くスタイリングしたい寝て起きたら出勤'
反射,'@shirakabaruruha 俺はカメラから見て右側のギター弾いてるやーつだ✌️\nステージとフロアの間に透明のアクリル板があって(コロナ対策)反射してるから見にくい笑'
反射,'@y_hirai_018 反射ある右が好き'
反射,'カッパめぐみかわい〜（反射） https://t.co/yGr067fk8M'
反射,'@PLLLL_____ ウィング上げたらホウキ落ちてきそうですねwww\nメッキ部に反射して写ってるのが奇妙です🙄'
反射,'波使いも反射も強かったんだけど本当はどっちかが強くて別ゲーした方が強いのかもしれないのは気に留めておこう'
反射,'反射してるから影ではないか\u3000足元照明的な何か'
反射,'私の部屋天井も壁も真っ白でピンクの薄いカーテンがあるんだけど天気いい日は日が差してくると色が反射して部屋がピンクになるからかわいい。'
反射,'アニメキャラで誰がいちばんかわいい？って聞かれたら条件反射的に18号って答える'
反射,'作業の箸休めにFusionで設計したスバルドダック\n材質をアルミ(表面磨き)にしたので反射がすごい...\n\n多分CNCフライス盤なんかがあれば実際に作れます\n #プロテインザスバル https://t.co/wchtKvIN5I'
反射,'麺麺の腕を飛び道具と勘違いして反射狙ってくるマリオとミュウツーまじでカモだわ'
反射,'タクルートも最後の最後のセリフで条件反射みたいな感じで泣いたしなんなんだこれは'
反射,'もうあれだ、シドウ戦の一騎打ちはランダを使いつつ、マジック軟膏を毎回使って反射勝ちさせるわ。幸いお金は死ぬほど溜まってるし'
反射,'@b2n8cn \nこのツイートに普通にリツイートして\nやべってなって反射的に解除したのでちゃんと晒します笑 https://t.co/VSq4CnZX7b'
反射,'地面の影ビビットカラーにして反射表現するの面白いな'
反射,'メイド八緒兼出す時はWorkingfloor切って床反射無くす小ネタを仕込みたいよね(メモ)'
反射,'新板橋の改札内で麻雀してたら知らないおじさん(在日っぽい)に何か問題ありましたか？大丈夫？お金ならたくさんありますよって超近距離で声かけられてワロタ\u3000反射でつい何も問題ありませんと答えてしまった'
反射,'っていうか写真あげたいのに、うちのあらゆるものが反射する兼ね合いで絶対になにかうつりこんでいないものが映り込むのでこれはしんどい。'
反射,'@shikinoob_V ですよね！\nアーカイブだと反射的にコメントしようとした指の下ろし先がなくてすごく虚しい気持ちになりますよね…(おれだけかな？)'
反射,'ワールドの色変えて影の色変えたりリムライトいい感じに置いたりAO有効にしたり反射光を発行させたりするといい感じになる'
反射,'運転中、ふと横を見ると真が指で窓に落書きをしていた。その細い指先が息で曇らせたガラスにハートを描き終わる頃、鮮明になった窓の外の景色から、反射した真の目が覗いた。その瞳に全てを射抜かれてしまうような気がして俺は、思わず目を逸らした。菊地真が生きている。'
反射,'@ntvs_funagoods 可愛い子ちゃんのお写真、ありがとうございます😆💕\nどうしても三枚目の反射ごろーに目がいってしまいます😂😂😂'
反射,'バナーのやつ、人のやつなのについ反射的にいいねしてしまって不審者みたいになっちゃうな、、'
反射,'経験上から🍁マークの方は、カブを前方で見ると条件反射でルール無視で抜いて来る方が多いので直ぐに横に退いた方が安全です。そのような方は先に行かせてください。後ろに居たら嫌ですよね。全く動きが読めませんよ。'
反射,'@kuma_kuma_56 Twitterは、割と叩く人が多めなだけでは？？\n\n文章の内容が読み取れず、\n反射的に怒る人は多いイメージです。\n(๑•́ ₃ •̀๑)'
反射,'#ゲームなんとか\nCMと言えば、始まる時のジングル的なのも印象深いですね。任天堂を代表する「コイ～ン」とかSwitchの「カッ」とか。PSなら「ジョン…」。\n音が聞こえた瞬間にテレビ画面を反射的に見てしまう。そう、まるでパブロフの… https://t.co/I0EFfya78K'
反射,'反射材はついてるけどはんこ自身にはついてないからなんか工事現場の人みたいなやつかった方がいいのかな'
反射,'あかんあかん\n脊髄反射で糞リプを返そうとしてしまった。'
反射,'すぐ脊髄反射でツイートするから何の垢かわかんねえ…'
反射,'zero公式さんがオタクの反射速度なんですけども'
反射,'シャムダの真・闇竜のオーラみたいにWORLDの究極のオーラも新生の時に「真・究極のオーラ」に名前変わって開幕体技反射＆つねにマインド＆封じ無効になるかもね。 https://t.co/Pdq5D0Q7JL'
反射,'@ninzindawasa ま絡んだことあるww敬語だったから反射的に敬語で返しちゃったww'
反射,'反射のように口から出た言葉だけど\u3000今なら心からそう願える\u3000君をなかせたくない笑ってほしい自分の手で笑わせたい\u3000そばにいたい抱きしめる肌もぬくもりもキスも君とじゃなきゃ意味がない'
反射,'猫じゃらし振りたい…けど多分反射で飛び付いた後、怒られるな…w'
反射,'@nakamuslo 脚の形がサッカーやってた人ぽいんだよね\nだから反射神経いいんだと思う🌟'
反射,'TK全称为tickle（意为使发痒、使高兴、使满足），理论依据为足反射疗法，现作为缓解多巴胺分泌异常或障碍的理疗方式受到认可。人体有三大反射区，即耳、手和足，足部反射区又分为足底、足内侧、足外侧、足背部四大部分。TK则以足部为主，… https://t.co/R4u5rToTf1'
反射,'反射神経が無くなってるな...'
反射,'@tatta_fa 反射神経よ'
反射,'文字を読まない人増えてて、日本の識字率下がっているのでは？と感じる。\n本は読まないわ、ニュース記事も読まずに見出しだけで脊髄反射するわ。そら漢字も読めなくて耳で聞いた音に勝手に漢字当ててるだけだからそうなる。\n警察駄々(沙汰)、う… https://t.co/F26u1wgLt5'
反射,'ふと、ガンQって戦国時代の呪術士がどうこうって経緯の怪獣だけど、「じゃあ呪術的には呪霊扱いで、あの反射能力術式ってことになんの？」って考えてしまいひとりで困惑している'
反射,'色の塗り方の本読んで過去絵のリメイクをしたくなっている\u3000光の反射のしかたの違いめちゃくちゃ大事じゃん……oh......\n知識大事'
反射,'へいむな！の反射で自分が映ってるやつ芸が細かーいで草ぺこ'
反射,'猿でもわかると書いている通り、猿真似w\n情報発信社会でカモになるのは、こういった表層情報に釣られる方々。\n本質的な価値は表層の下にある構造部分なんだけど、短絡的に安い、儲かる、簡単、誰でも、得する、あたりのキーワードに脊髄反射する… https://t.co/0xm2tIFQLv'
反射,'@sota_yeonjun テレビに反射して写ってるw'
反射,'程普ちゃん再販早いって言うから見たら３ヶ月ぐらいで再販なのか、確かにそれは早い…\n反射140%あるの強いな、ほしいけどもうすぐナタちゃんくるよね…どうしよう…元宝43000しかないんよね…'
反射,'@ssr_1gou 顔反射して見えてるよ'
反射,'@alicecirno 多分おじいちゃんになったから反射で押せない…'
反射,'#パチンコ\n\nリゼロというか大都のパチンコ、場面押し込めってやつ、ガラス部分触るのがなんか嫌(海とかはボタン押す)なので、反射的に枠の縁を押して、指を挟みそうになります💦💦\n大都の台あんまり見ないけど、秘宝伝も挟みそうになったし💦… https://t.co/i6sofZY24U'
反射,'オービスの真下を通るとき、\n「あれっ 今 光った！？反射しただけだよね！？そうだと言ってｪｪｪ！！」って一瞬焦るときがある'
反射,'今天跑了5公里orz. \n明天继续……\n感觉上还是要多刷题，让自己习惯题目字眼意思，养成反射……'
反射,'@seaglasstera 事故だよそれは😹😹w\nイケメンで反射神経もいいなんて😾'
反射,'【ワレンベルグ症候群】病巣側の顔面の温痛覚脱失、角膜反射の消失(三叉神経脊髄路核)、病巣と反対側の体幹・手足の温痛覚脱失(外側脊髄視床路)、病巣側の失調・筋緊張低下・共同運動障害(前脊髄小脳路、下小脳脚)、ホルネル症候群、病巣側顔面発汗減少(中枢性交感神経路)、味覚障害、嚥下障害'
反射,'@takeadormir そうなんだよねーーーーー\nしかもその拘りがカメラマンさんにとっては「そんな小さいこと？」って思うこともあると思うからさ\n\n眼鏡のレンズだって無い方が反射的に絶対楽だし写真で見た時にレンズなくても気にならな… https://t.co/BOCv8DZXCm'
反射,'写真だと左下のラメは室内灯を反射してるのか、色味がうつらなかった💦濃いブラウンはだいぶ肉眼に近い。\nベースカラーはイタチよりも灰リスとかのやわらかいブラシで伸ばして、パール感を出したりもするけど、前述のカフェラテ感には塗り重ねない… https://t.co/GgN9PrG1bM'
反射,'条件反射でうおおおおおやめろ'
反射,'@UpxqUoOuniuni うにさん‼\nしそうになるという事は\n出来ているという事ですね😉✌\n後は条件反射で\n頭で考える前に\n言葉にするトレーニングだけですね👍✨'
反射,"'""Re:valeのこと""で「結婚ですか？」という文脈はどう考えてもユキとモモの二人を指しているのに、モモちゃんの「どっちの？」はおかしいんだよね。反射でその答えが出てくるのは潜在的に自分とユキが…なんてありえないと考えているからで… https://t.co/L8a1gHe4WY'"
反射,'夜間は反射材を着用しましょう https://t.co/7VlmYsxETc @YouTubeより'
反射,'@honeymcac 昔地面に反射？するくらい、雷光ってたときあったな🙄きっともこちすきだわ'
反射,'@yumalove45 たしかに！！笑笑\nめちゃくちゃ画質綺麗だ！！🤣\nバキバキのiPhoneとおさらばできたんだね。笑\nスープに反射して岸くんが映っていないから拡大して見ちゃった🤭（やば笑）'
反射,'@yuuuuuu084m 藤くんのは反射のネックレスと接吻の7連リングだよ！めちゃくちゃ有名！\n私は雪解けとLOVEと接吻持ってる！\n指輪買い足したい〜🥺🥺 https://t.co/WPin4O6qcr'
反射,'CDってどうやったらオシャレに撮れるの…\n試みたけど反射するわセンス無いわ生活感出るわで\n悲しくなって諦めた😭'
反射,'は？って反射的に言っちゃうやつ\nなんでそんな喧嘩腰なの？？？'
反射,'存在感が薄いのか、のそのそ歩いているのか、歩道で車が強引に右折してくる。行ける！と強引にアクセル踏むのの怖くないのかな？\nワシの場合、女性ドライバーに轢かれそうになる率が高い気もする。反射ベストとか着るべき？ https://t.co/ie42AlJkgN'
反射,'精髄反射でふぁぼるのをやめたい すいません'
反射,'ふるやさんがかざみさんの下唇はんで舌で濡らし始めたら、いやいやするみたいに顔逸らすので睨むと「口内炎が痛くて今日は中までしないでほしい」とか言うので「知らないのかかざみ。他人の唾液には炎症を抑える効果があるんだぞ」って真顔で言って。後で痛みの反射で一発食らったふるやさんほし…'
反射,'地味に反射してて草だにょん'
反射,'しまい忘れの舌ぺろ急に触られて反射的に引っ込めたらその勢いで🥂の指も一緒に口に収納しちゃってどうしたらいいかわからなくなるネコ👔見たい'
反射,'@axtosss すごい勢いで島に入ってきて、くるんと避けてくれました笑\n醜態というよりも、反射神経すごーい！！と思った私はバカです😇'
反射,'孫ちゃんズにフクロウ（コミミズク？）の写真を見せるため、夜な夜な反射板バンドを手足に巻いてデジカメと懐中電灯を握ってあたりを徘徊する怪しい中年の男女、それが私の両親です😌😌😌😌😌笑 https://t.co/VkP4XyqS5E'
反射,'返信クソミスって反射的にアプリ閉じちゃった…ごめんなす'
反射,'@cnk_km ねっ！！！(圧が強い\nでっでっ、本人の意思とは別の反射挙動でぴるぴるしたりペしょってしたり……\n挙動は敏感に、でも本人が受け取る感覚はどこか一枚隔てたように鈍感に。特に末端部は感覚がじわじわ蓄積していく感じで根本にいくほど敏感になる感じでよろしくお願い申し上げ候。'
反射,'@FazonUltra そう！あとは柔軟性\n\n瞬発力と言うか、捻りかけた時に反射的にできたらいいの\n左足を捻りかけた時に、そのまま左足に体重をかけたら怪我をする\nだから捻りかけたら体重をかけないようにするの\n転んじゃうけど骨折よりはマシ'
反射,'@sugai_ooze (*´･д｀)-д-)))ｿｩｿｩ\n反射してくっそ綺麗'
反射,'この黒耳に反射する青いピラーが超好き https://t.co/3zHOAXpPxP'
反射,'リムル特異型\n\n確かに背面をみせない面倒なボスですが、後半になると反射そのものをそこまで使ってこなくなるので強気でギアスキルを出せる気がした。'
反射,'かなり砂ダメになった気がする。\n何より目の反射神経が指に追いつかない。指でできてても目では認識できてない'
反射,'おかしい。この脳死かつ脊髄反射会議に身に覚えがありすぎる'
反射,'@kukuragmas プリ様の支援に助けられること多すぎるので、感謝しかありません…\nほんとにプリ様が居なかったら、反射する敵とか即死攻撃する敵とか毒とか…もうやだぁってなりますからねw\nだから、不甲斐ない支援はないと思ってます！'
反射,'写真撮るのヘタクソすぎる、、、\n反射ヤバイな💦\n最大の原因は家の照明💡'
反射,'商材撮影に挑戦中なのだが、シルバーアクセサリーなんて鏡面仕上げでいろんなものを反射して撮影なんて出来んばい‼︎\n頭からケムリ\n\n#アクセサリー \n#商材撮影 \n#マクロ\n#照明 https://t.co/9a6kRxkMHU'
反射,'@mo_zahrada 合ってますよそれです。\n身体感覚と感情認知反射含む右脳フェーズと、左脳の思考とかそーいう話です。\nそれを何となく具体的に感じ取ってるというか？\n瞬間的には分からなくても、居るのは分かってるから後から「ああ、… https://t.co/Q8aIeXSwAH'
反射,'反射で買っちまった、誰かこれ使って一緒にプリキュアになりましょう https://t.co/oeEABZi9XC'
反射,'反射してるじゃんこわいなやっぱ消しとこ'
反射,'猫の日\n残り10分\n\nグリーンのクッションがいい感じに反射してるよ https://t.co/lWv0d9wB9J'
反射,'色々反射的に買うのやめたい🤦\u200d♀️'
反射,'@10sionMax 反射に配慮した結果や'
反射,'ガラスの反射で白くなって葉っぱが鮮明に浮き出る\u3000素敵'
反射,'@nokeyotsu 私、明日千代ちゃんが反射的に一平ビンタして舞台メチャクチャになっちゃったりしないかしらーとか思って…😅千代ちゃんならやりかねない💧💧'
反射,'俺は知っている コラボキャラは大量の反射や吸収を持っていて、デミグラスが人権になるんだ'
反射,'@kishabiyori 新101系近日また譲渡ですね。\n小手指車両管理所の留置線で甲種輸送札と後部反射板装着済みでした❗'
反射,'@miyuko14806828 @kouen55267724 光は通過するけど熱は反射するような分子を成層圏下部で拡散させられるといいのでしょうが、費用対効果の高い分子はあるんでしょうか。または短時間に二酸化炭素を酸素と石灰岩に変… https://t.co/zBMTwPkm8j'
反射,'もう流石に東京のことは「遠いところ」って認識してるけど「永福町」とかピンポイントで言われると反射で「近所！」となる。'
反射,'@Genzoujan 片手で長押しのノーツしながら別のノーツタップできない(語彙力)\nあと絶望的動体視力と反射神経'
反射,'VALORANTデスマッチとかはまだAIM当たるんだけど、置きAIMが勝てない\n押すだけで当たるとこに置いてるのに反射で無駄にフリックしてずらしちゃう'
反射,'ほんと誰でもいいからやりたいゆなちゃんってアカウントにフォローされたので反射的にブロってしまった…ゆなちゃんほんま誰でもええんやな…ワイ寺嫁'
反射,'アオミノウミウシ…バースト反射…レーザー波状…（ﾌﾞﾙﾌﾞﾙ'
反射,'あと、鍛練のために私が立ち回りをあえて崩してるのに、危なくなると反射的に戻してしまうのが私の弱いところ←'
反射,'とりあえず今日彼氏宅にお邪魔して思ったのが「ここでコスプレしたい」でしたね\n\n家の作りが綺麗でさ……\n和室が映えるんよ……\n深い茶色の机に反射する庭の紅梅がまぁ綺麗なこと……\n\n見事に家に送ってくれた最後までデレ多めかつかっこいい彼氏でした、ありがとう世界。'
反射,'[理タイ]空気中のダイヤモンドダストに太陽光が反射して柱状に輝いて見える自然現象を○○○○現象という？ Aサンピラー'
反射,'@oru_nagi ぐるぐるヤー！ぐるぐるニャー！(反射)'
反射,"'ジーク\u3000""ヴ""\u3000ルム！！！！！！(条件反射)\nこれはファイヤーエンブレムくらい許されない誤字。つまりはそんなに気にしなくていい'"
反射,'最近、酒を口に含むと反射でくしゃみが出るようになった'
反射,'そういうルールあるんやね\n竜巻？を発生させる珍兵器最近見たけどアレは時代的にも法的にもセーフだったんかな\nでも太陽光とか反射させる兵器的なものって自然の力を利用してるけど間接的ならセーフなんかな？？？\nガバガバな法だったりするんかね'
反射,'ドラクエのバトルの音楽聴くと反射的にコマンド選ぶ脳になるな？'
反射,'@kaho_yamanobori 今帰宅して、かほさんtweetに気付いて、フツーに反射で「いいね」しましたが、これってしちゃいけないやつだったっスかね…。\n…がしかーし、熊の冬眠前活動くらい自粛明けのカロリー溜め込んでんじゃあ～⁉️って自分にいい聞かせるやつっスよね…。'
反射,'この時間ならと果南のプレート刺し直してみたけど、まだ風強いし、ちゃんとした道具使って直したわけじゃないからまた倒れちゃうかも。つじ写真館さんの黒板は昼より夜の方が反射しなくて綺麗に撮れる様な気がする。こんな時間に欧米のラブライバー… https://t.co/xARPDM38MR'
反射,'イ・ジュンギの涙が綺麗に見えるのは切れ長の目の横幅が広いから溜まった涙がすぐにはこぼれなくて限界まで溜め込まれた涙に光が反射してきらきら輝くから。これに対しムン・チェウォンの涙は大きく縦に見開いたような目に貯まる間もなくぼろぼろと… https://t.co/xqO2lCelGb'
反射,'もはやボックス飛んできたら反射で切り捨てるくらいの反射神経になってるw'
反射,'【アフレコ】闇スティッチ疾風伝 1話 https://t.co/Yt0IumHwPl @YouTubeより\n\n負の感情に関する表現力と脊髄反射で会話するのすきだよ 扱ってる題材がチキンレース過ぎるけど'
反射,'わかるよ無駄な抵抗だし手間を増やしてる……わかる…でもアズの眼鏡はアズの陸の姿の特徴の一つだから妥協したくない…反射は嫌だ………ぐぅぅぅぅぅ'
反射,'今日のアリスギア\n\n野良マルチで避けていた上級者募集枠に初参加。\nやってみて分かったのはメンツがポンポン墜ちる。ショットやスキルで反射されまくってる…結局俺だけ墜ちることもなく終了したんだけど上級者って何なのだろ？'
反射,'颯太は渚くんに拒否られたら諦めていたけど途中からガチで嫌がってる時と嫌じゃないけど反射的に嫌がってる時の区別がついてきて後者の場合は強行突破するようになる\nもしくは押してダメなら引いてみろ作戦を使う'
反射,'@chiak623 おねえちゃん💦💦💦💦それはいいんたけど、ラベルに反射しておねえちゃんが写っているけど大丈夫かなｯ💦💦💦💦いい加減にしてください💦💦💦💦そんな顔でこっち見ないでください💦💦💦 https://t.co/NcJUfNR4H8'
反射,'@meunpi_pipipi 2年だったら女の子枠でまきさんあるかな…って思ったけど多分2年は無いね💦\n上の服ビリィが必須だからねwww\nいやいやいやいやw目を見開いても反射がクソノロマすぎて😂判定ホントにシビア…さすが黒せん…さすがめうちゃん…'
反射,'#私がGを発見したときの第一声\n条件反射みたいにGが重力を指していると思った(＊三島由紀夫的)'
反射,'でも反射は困るんですよお客様〜〜〜！！！！！！！！！！'
反射,'美しすぎる反射♪ https://t.co/T5Q47lTtHS'
反射,'@flyingohiyo おひよと会話してると反射的にショタ化して甘えたくなる衝動が起こるようになったかもしれない(大問題)'
反射,'ネスのバット... 反射エグい...'
反射,'マンセマットは反射多いから破魔（準）貫通あれば強闘タワーで重宝される未来もありそうな気がするんだけどなー。'
反射,'@wk_25_ 迷ったら送るしかないんやで(反射的にリプ飛ばして後で反省する人)'
反射,'@JarJarnomusuko あれは反射神経測定装置()'
反射,'@paparamai なるほどーー\n\nあと忙しくなくても、暇？てきかれたら反射的に暇じゃないといいたくなりますよね(*_*)'
反射,"'・ペンデュラム:振り子の帝国\n貴族となり振り子の帝国の支配者""無窮王""の後継者を目指す。手番なしのリアルタイムワーカープレイスメント。砂時計によりワーカーの移動が制限される。計画性と反射神経が求められる。\n\n・ナゲッツ\nファースト… https://t.co/AFNJFY5FTf'"
反射,'ギャグテイストで｢お前も鳥｣したくてＧＢＮ始めたダイバーの話が見たい…\n\n案の定ＧＢＮに愛がない判定されて必殺技もなく性能もアレだけど、野生(猿)の反射神経でなんだかんだ捌いていく的な\n\n最終装備(Ｃ装備にフェネクス要素追加)でやっとこさ｢お前も鳥｣習得してだね…'
反射,'そういう可能性も演劇にはあって、いずみやあいりやせりあはそれを求め続けている。\nTMシステムの異常性に気づいたせりあが、真実を見せるよう要求した時、ドールは拒まなかった。\n機械はあくまで、使う側の欲望を反射していく。\nそれを越えていける創造力と意外性が、舞台にはあるべき…'
反射,'膝蓋腱反射を連続でやるとビクビクして楽しいですよね、所で性的絶頂の際は痙攣が起こるらしいですがどんな感覚なんだろう'
反射,'「俺ら東京さ行ぐだ」と「港のヨーコ・ヨコハマ・ヨコスカ」を使ったネタで、今のところおもろいネタしか見たことないから、この曲流れるだけで条件反射で笑っちゃう'
反射,'ALLPERFECTなんて一曲も出してないです(クソ雑魚ナメクジ)\n\nリズム感ないので反射で叩いてます。獣か。'
反射,'@Riitan_o 今日も楽しい配信良きでした＼(^^)／\n\nやっぱり沸ける曲で反射的にコール打ってしまうのは許してにゃん♥️←'
反射,'@4941mari 反射的にでぃらりらりーん！という例のSEが脳内再生されてしまうやつですw'
反射,'「･･･朝はあっさりあさりのスープ♪」\n「キタコレいいね♪キタコレいいよ♪」\n「･･･昼はひるま･･･ﾌﾞｯﾌｫwwwwwww」\n「違うんだ、これは違うんだ、つい条件反射で」\n「花宮も俺のキャラソン聞いてくれてるんだね、ありがとう(笑)」\n「うわぁ殴りてぇ」'
反射,'@porksaute あの反射ケースはなんとかしてほしかったです…'
反射,'@nonbee_aya 今の防具は意図せず2箇所にとげ付いてしまって…。\nでもいちばん小さいバージョンならワンパン(向こうのタックル反射)で消えていきますね(笑)'
反射,'@lauri_whitecat その反射神経を活かしてスマブラを始めてみてはどうだろう←'
反射,'wtdi、wtrさんはdigさんのことは強くて優れた素晴らしいﾄﾚｰﾅｰだと思ってるし信頼してそうだけど、危機的状況(銃向けられたり、pkの攻撃対象にされる等)になったら反射で庇うと思う(これ前も言った気がする)'
反射,'鏡見たら反射でなんでこんな顔なんだって声出た'
反射,'檻\u300020秒35秒70秒\u3000終盤は70秒\n反射\u3000檻の少し後\nイレイサー\u300035秒70秒\u3000終盤70秒\n石碑\u300035秒\n\n檻とイレイサーは中盤でタイミングリセットされる？\n\n分からんʅ(๑ \xa0᷄ω\xa0᷅ )ʃ\n\n石碑は序盤と終盤\n\n35秒2回で… https://t.co/AgMbuR85lN'
反射,'@moukuda_WGJ 第四部分是水面上的反射光，非常神秘和美丽。'
反射,'注射で気持ち悪くなっちゃうやつ血管迷走神経反射って言うらしい俺はならない'
反射,'天火「白子……殴ってもい？」\n白子「反射的に殴り返すがいいか？」'
反射,'イベランが落ちてるの見たら反射でこうなるのほんとどうにかしたい https://t.co/M9B1g281T4'
反射,'@gincho48 おお、さんくす！願い込めて揉み込みすぎてもはや絞ってるレベルで垂れるトリートメント。もう少し優しくやりますわ。\n久々にセルフカラーで暗くしたら暗髪ってツヤないとマジでカスだなと気づいた。\n今これぐらい、これでも… https://t.co/a3lSycI3is'
反射,'渋谷モディのリーダー、萌えちゃん、詩ちゃんのCMも見たが割とすぐ流れる。新宿タワレコの方が渋谷ツタヤよりナナニジブースに来訪者多い。萌ちゃんの展示衣装は反射しまくりのケースのせいで目視でもよく見辛く撮影にも向かないね。#ナナニジ'
反射,'10位以内確定すると落ちてくる速度が鬼 動体視力と反射が追いつかない'
反射,'頭めちゃくちゃ反射してますやん\n https://t.co/3dROU8OIRG'
反射,'SK-IIみたいな謎のアニメを見る運びとなったのわからん わからんけど自分の口からみますって誓ってたし、えりー(仮)さんに先生はこのキャラが好きそうって言われるとどれどれ〜？👶🏻🍼💗って反射で導かれてしまうことがわかった オタクたのしい'
反射,'本日のお買い物とかお届きものとか😇\n\n某所で見かけたポルトガル語のひかるルギアは脊髄反射即ポチー😎\n\nあとは日本橋で見つけたルギアのプロモとマグネット、これまでブラインドパッケージ故に欲しいの当たらなかったら・・・とチキってスルー… https://t.co/BbCWLL7zIU'
反射,'@kisenra421d なんだろう、ヘラクレスオオカブトを見て反射的に美味しそうって思ってしまいました。疲れてるのかな。\nコツコツ稼ぎましょ❕💪'
反射,'展開自体もタイニーと突然現れたダテ博士による超アイテム頼り2連続の文字通りの「超展開」だったり、全体的に前後編の尺があったのにやりたい場面を全部詰め込んだばかりに内容がとっ散らかっているように思いました。分身やスペルゲン反射鏡など、能力を存分に活かしたバトルシーンは良かったです。'
反射,'つうわけで、勝負の日々はあっという間に過ぎていく。団員は必死に動員を稼ぎ、ドールは再び人間の欲望を加速させ、反射していく。\nそらいずみも、『こんなの演劇じゃない！』言うわ。超技術によるマインドコントロールだもんな…。\n©ゲキドル製… https://t.co/U9xJUw4UnG'
反射,'ばれてんぞ❤️鏡の反射で遊んでるの❤️ https://t.co/Wz5Wx3WknW'
反射,'【解剖】\n\n・アキレス腱反射や、膝蓋腱反射が代表的な伸張反射である。\n\n・筋紡錘は、骨格筋繊維と並行に位置する。'
反射,'脊髄反射アホノミドリくんは未だに反中リベラルなんかやってるの自分だけしかいないことをわかっていないのか？ｗ\n\nお坊さんになるとか誰も得しない座禅ツイートとかどこにいったんだ？'
反射,'女児や女子、若い女性にも「腕力を持つ女性の印象操作」も狙えます。女子プロレスラーに憧れる女子が量産され、プロレスラー目指せるほど女子達が鍛えられたら、痴漢や変質者は確実に警戒するでしょうね。自分もぶつかる気配に反射で動いて、避けた… https://t.co/xEWiFY4wua'
反射,'@Kouhi_ekaki アイコンの子がすごく可愛かったので脊髄反射でフォローさせていただいちゃいました…！\n\n全身描くのって難しいですよね😭\nひゃー！男の子描くのずっと苦手だったので、素敵な男の子描かれる方にそう仰っていただける… https://t.co/P6owIYhxWG'
反射,'珍しい羽織式の反射板です。水平方向からやや下にかけて無茶苦茶明るいです。'
反射,'橋から見える川の流れは今日も穏やかで 日差しを反射してキラキラと海へ向かってゆく 借りてきた映画は夕飯の後観ようねと はりきってるけどいつだって君は寝てしまう【光の街】'
反射,'@usacha12 あああお返事遅れました🙇🏻\u200d♀️🙇🏻\u200d♀️\nそうなんです〜！！ユキちゃんトモミちゃんのイラストからメディア欄拝見させていただきまして…そしたらカッコいい仗助くんがいたので反射で❤押してました…☺︎︎︎︎\nえっっ… https://t.co/OnXCIn8F4U'
反射,'@sk_poshi12 いや草\nこの音聞く時大抵イベントとかでヒョロワーに会いに行く前だから条件反射で緊張とソワソワが来るなw'
反射,'水を張りました。\n使ったのはディープウォーター。\n\n室内灯が水面に反射するのが最高ですね♪\n#Nゲージ  #鉄道模型  #レイアウト https://t.co/ELrPULRFNw'
反射,'連投すみません。このへんにします。\n\nデンタザウルスによる物理反射は常設かと思われるので、これも試みたいと考えています。\n\n問題は、物理被ダメの正確な最大化条件を私が知らないことです。\n\n気合溜め+捨身+会心かつマホカンタからのル… https://t.co/sy3sUAEFzv'
反射,'種牡馬引退後は宮崎県の牧場で/ （脊髄反射で）ﾋﾟﾝﾎﾟｰﾝ「ヒカルイマイ」ﾌﾞｰ\nしかもよくよく調べてみたら鹿児島だった…（ニルキング牧場'
反射,'光光線(違う)光の加減が凄いシリーズww\nなんでかのぉ最近こう撮れがち😶\n1枚目は青信号🚥反射=͟͟͞͞ ♡︎\n2枚目は豆電球？豆ライト？反射=͟͟͞͞ ♡︎\nまぁズームの加減によるのは知っておる(知ってんやん😆)\n#写真 https://t.co/3GgluvDujN'
反射,'もうちょっとした埃でも虫に見えてしまって過敏に反応してしまう……反射速度まじやばいぜ……'
反射,'@8gi_orihika そうだなー、FPSは反射神経とかエイム力とか必要になるし、それに比べると思ったより気軽に遊べて面白いわ'
反射,'鬼金ソングの話聞けてよかった😭✨\n脊髄反射っていう表現めちゃくちゃ好きww\nあそこ鬼先輩も金ちゃんも完璧に憑依してて凄い。'
反射,'【交換】A3！\u3000一番コフレ\n\n譲→H賞シングルカラー\u3000冬組\u3000密\n\n求→G賞シングルカラー\u3000秋組\u3000臣&gt;&gt;&gt;緑系の色何でも\n\n固ツイ参照＊手渡し優先＊写真反射してしまってます💦＊宜しくお願い致します🙇\u200d♂️ https://t.co/yFUnhveTlS'
反射,'攻撃モーション入ってから香水振られたっていうのはわかるんだけど攻撃すかせないのこれはもう…は…………反射神経が……………'
反射,'@_a_k_a_aka_ はじめまして！明日香と申します🙇フォローありがとうございます！あかさんの五伏可愛くてめちゃめちゃ素敵なので反射でタグ反応しちゃいました😍こちらこそよろしくお願いします～♥️😊🙌'
反射,'@Funwari_Kaoru_ 15分でこんな素敵なオンリーワンができるなんて…👏✨動画も見ましたが、キラキラと反射するところも魅力的ですね…！\n海好きにはたまらんカーテンだ…🏄\u200d♀️'
反射,'@teto_tyaa もしかしたら味覚過敏かも？\nうちの上の子も味覚過敏持ちで口に入れた瞬間に噛まなくてもオエっ！ってなって食べれないよ！\n「なんでオエッってなるんだろう？オエッてなんなければ食べれるのに」っていつも言ってるからもう条件反射なんだろーなと思う💦'
反射,'@jima80502498 \n赤井まふらーと申します。\n繋がりタグ反応いただきありがとうございます🙇\u200d♂️誤反応でなければ繋がりませんか？\nTLで以前からお見かけしていて嬉しかったため反射でフォロー失礼してしまいました(気が早い)\nTLでそっと作品を拝ませていただきます……🙏'
反射,'@hanaikusa 手を広げたら飛び込んできてくれる＆抱きしめる条件反射あるくらい安心感＆信頼感がすごい❣❣❣と思ったらエモエモのEMOOOOOOOOOOOOO……∞（無限）'
反射,'ポケマスぷれいしててかつまだ今回のＸＹイベやっていなくてプラターヌ入手してない人、絶対に手に入れておくべきやで\u3000これ手に入れない手がない…だってプラターヌ博士のウインクがかわいい素敵な笑顔がただで手に入ってしまう……状態異常を反射しゲージ加速してジオコンできる最強タンクにもなる'
反射,'ファンタジーで人の惨殺死体見て反射的にゲボ吐いた直後恐怖や嫌悪感より先に怒り湧く女が好きだよ。'
反射,'私「おなかすいた」\n母「久しぶりにおにぎり作ったろか。一口サイズのを沢山」\n私「やめろ。反射的に口に入れてまう」\n母「作ってくるわ」\n私「やめろおおおおおお」'
反射,'上手く狙って撃ち落とせばいけるはずなんだけど一個ミスったら詰められてカバー出来んな〜ちょっとこの衰えた反射神経では無理…🤤'
反射,'マックスのギャラクシーカノンなど…見よ！\n\n沢木「うお！？ お胸パッカーンした！？」\n\n対ウルトラマン用装備 スペルゲン反射鏡よ✨\n\nタルデ「2代目だけでなくダークバルタンも装備していたとは…」\n\nメフィ「案外バルタン族の標準装備… https://t.co/G0prI27m6L'
反射,'バルダーズゲートはついに快進撃がストップ。敵魔法使いが強い。物理＆魔法バリアを張り反射電撃とテレポートを繰り返すという仲間がいたら絶対使えない馬鹿丸出しの戦法に敗れ去る。こちらも仲間に火炎バリアを張って突っ込ませ、仲間ごと焼くという手段でかろうじて突破。何という馬鹿丸出しの戦法。'
反射,'チェイスの基本4選\n・暗号解読してる時に逃げ道を考えておく\n・板を温存せず、膝蓋腱反射で加速に使う\n・板に体を隠すように位置出来たら有利\n・カメラ位置を動かす（後ろを見る）タイミングは曲がる時、板を倒す時、窓を乗り越える時\n#第五人格\n#初心者向け\n#サバイバー'
反射,'今日滑舌ゴミで上手に喋れないからどうしようかなって迷ってたらラスト1枠になってたから条件反射で買ってしもうた🥳\n\nリスニング問題だと思って聞いてください･･･！'
反射,'だwめwだwﾌﾝｽｯ!が目に入ると条件反射で面白くなっちゃうww'
反射,'ﾎﾟｺﾎﾟｺ…ﾎﾟｺﾎﾟｺﾎﾟｺ…\n\nと、水音と共にブルーのビジュアルを提示されると反射的に「恋アクか！？」ってなるオタクだけど結果的に振るブレードのカラーはブルーなのでおっけー🙆\u200d♂️'
反射,'@AkdsCLlZgVZ92Kw 同じすぎです😭脊椎反射のように論点ずらして即座に噛みついてきますよね。脳内どういう仕組みなのか…'
反射,'@gothicpanda8050 @ori2rainbow1 あー、わかります！\n私は肛門から直腸へ楔を打ち込まれたような痛みが走ります\n変な声でて座ってても反射的に立ち上がるほどです\n\n便秘とか下痢とか規則性は無く来るんです'
反射,'@ple1703 確かに全部冷蔵保管できればベストですけど、なかなかそうはいかないので、太陽・証明の光が当たらないで温度が一定なら及第点でしょうね。\nこの店の場合、窓に近いってのが大問題かと。\n醸造酒は弱い酒なので、直射日光は論外… https://t.co/vFmcGevt7P'
反射,'金からのステップアップで反射的にホームボタン押しちゃた https://t.co/2Hurk3vUzj'
反射,'@chiyopachi フェスゴリ押しで行けた笑\nエリの反射で勝手に敵がやられてくし'
反射,'ナツキ、ある日頭撫でようとした時に反射でビクってして欲しい'
反射,'@Around160cm 何故そこでめンどくさくなられたのか理解出来ねェ…\nさっきから言ってたンだけどなァ…反射'
反射,'@sera9sera MVのキラッキラな光の反射の演出めっちゃすき\n\n昨日位からやたらダフトパンクについて話題になってたのはそういうわけだったのね・・・'
反射,'@4545No2Crazy せやから反射して顔写ってるて https://t.co/Tesn4UtzRL'
反射,'@mafuo 推せる\n今通販見て条件反射でポチっちゃったわわわ、届くワクワクもあるわね'
反射,'いわゆる彩雲とは違うようですが、夕焼けに雲が一部だけ反射して（右側）不思議な情景でした。 https://t.co/Rg7BZi3Ro8'
反射,'反射神経悪すぎる'
反射,'自転車の反射材にテープで目張りの不審な男…声かけたら殴ってきたので取り押さえる（読売新聞オンライン） - Yahoo!ニュース https://t.co/jDDlXpolRS'
反射,'@sasya_vanitas いーや、そんな反射神経ないわ'
反射,'キャプテンスタッグの芯式オイルランタンのブロンズ小で無事に金属芯が使える事が確認できました。修理済みの芯送りユニットに交換して試しました。尚、特製反射板も問題なく使えます。 https://t.co/q0kfcYbE0X'
反射,'@KiraraS_tcl 確認せずに全部捻るのは、ほぼ脊髄反射の世界！！^^; 日本でお風呂で溺れる人は年か800人くらい居たと思う。危うしきららちゃん！！∑(ﾟДﾟ)'
反射,'@perutype03 脊髄反射...'
反射,'梶ちゃんだけセフレだと思ってる門梶！\n門倉さんの愛情表現を\n梶ちゃんはできる男のスマートな所作(愛とかじゃなくて反射みたくしてると思ってる)から\nそれが特別な気持ちに基づくって気がついたとき「えっ…誰にでもしてないの…じゃぁアレって…」ってパニックになって欲しい…'
反射,'この言葉がすき！とか嫌い！とかも。だれがどういう環境でどんな意図で発したものか、考えも調べもしないで脊椎反射しちゃうのは危険。リツイートするなら余計に。'
反射,'フラッシュ当てると反射して光るの凄いな'
反射,'私もびっくりした\u3000ちょうど更新したらいたから反射で'
反射,'５秒前までリングにいたの確認したし、なんできたんですかって言ったら、「真剣勝負は条件反射で入っちゃう」とのことでした。'
反射,'えへへを見ると反射的にリツイート押してしまう'
反射,'@wassann0125 マスクつけろってのを見ると反射的に「付けられない人もいるんです！」ってリプする奴なんなの🥺 わざわざそう言う奴は100%つけられるけどあえて付けない奴だろ🥺🥺🥺🥺'
反射,'この壁に反射してる照明より\n金子っちの頭の方が光ってるってどういうことやねん！！おかしいやろ！！ https://t.co/1w10THxO99'
反射,'ニダボに反射したたしくん撮っただけなのになんかカッコいい写真に仕上がった😏 https://t.co/QS9cruipme'
反射,'【交換】A3! チケコレ フィルコレ ましコレ\n譲) 画像1･2\n\n求)画像3 有栖川誉\n箔は、ましコレ箔鷺島(求マーク付き)との交換のみ\n\n⚠︎郵送のみ\n反射が酷かった為1度スリーブから出し撮影致しました https://t.co/YaxwSUIg9u'
反射,'後これは普段以上の妄言なんですけどあくまでも肉体は無いのでその場に居ないはずの宿が視界の端でチラついて何も居ないのに思い切り振り返ったり反射的に壁を殴りつけたり、鏡を見た時の自分の顔に模様が見えて鏡を殴りつけたりする正気じゃない🐯も見たいです'
反射,'金子さん、頭の光が反射してんで☀️ https://t.co/Y1W7QbQbhx'
反射,'フォロワー「鬼の天敵である太陽光を反射した光が月光なのに」\n\n切果ちゃんに天照・月夜見を覚えさせたわたし「ほんとそれな、マジでそれ」'
反射,'@s_kokki_1059WLW エルルカンの2スキル反射見極めて三回ともギりよけしてなきゃ奥とられて終わってたね背中でマリアンしんでたもん'
反射,'ポジって20秒くらいで5000円プラスだったから反射的に利確してしまたわ'
反射,'カメラ部分に水が入り光の反射率が狂っているんですねわかります'
反射,'ほっほっほっ。。。ホッキョイキョイキョイ♪【あ、自分の姿が反射して映る場所を発見したみたい！】'
反射,'そこにオーロラに彩られた崩壊世界とか、燃え上がる緑の情欲とか、欲望を反射する機械とか、一瞬で沸騰する感情とビンタとか、色んなものがくっついてくるわけだが。\nそれが夾雑物というわけではなく、それぞれ独自の面白さを勝手に回転させて、非常に独特のリズムが生まれている。'
