収集,'鬼周回もちまちま継続…あと3万ぐらいのアイテム収集で終わる😆\n一周100ドロップとして300周…まだ先は長かった😇\nまぁ、実際のドロップは30～200ぐらい幅あるので…💦'
収集,'駅メモも気が向くままに収集しています。 https://t.co/otpQBobOaS'
収集,'@rionhono せめてボイチャじゃなくて文字チャットならって思うけど話し合いの時間で終わらない上に文字みんなが打ちまくって収集が付かなくなって終わりそうっていう'
収集,'@CLPSSDX99 首都圏ならゴミ収集がある'
収集,'2003年自慢党と連立与党を組んでいた少数政党ゲノム党の提案により政府が民間企業に委託して個人の遺伝子情報を収集する事の出来る法律「国民健康データ法」が国会に提出された\u3000この法律は国民の90％以上が賛成しすみやかに成立した（八角秀明）'
収集,'ホビージャパンあたりが1/64スケールで32スイスポのミニカー発売してくれたらミニカー収集やめます'
収集,'野球チーム応援垢（シーズンオフも週番で、だんだんまた始動しかけてる\n\nツイ界隈の著名人の発言など、情報収集垢（ほぼほぼ呟かない98％ROM専\n\n日記垢、メモ垢、ツイでの交流垢（つまりここ、他愛もないことをなんでも呟く\n\nアカウント… https://t.co/DeOOswuILj'
収集,'本日も当社サイトをご覧頂きありがとうございました。日々売買事例を更新し、成約事例として情報収集し売却版サイトに反映しております。販売事例一覧も日々更新しますのでチェック頂ければと存じます。https://t.co/eF8tUeYrv9'
収集,'ぷよクエの収集イベントなんとかギリギリ30万個集まった～ https://t.co/INPduWsLPb'
収集,'収集癖があるオタクなので母上には諦められてる'
収集,'妊活&amp;育児情報収集のため、アカウント初めました！よろしくお願いいたします😌'
収集,'@yutarisa_1 そうだね💦\n何とか収集付けばいいのだけれど💦'
収集,'スピーディで的確な情報収集実現のために！非メイン行のこんなハンデをどう克服するか【中編】 https://t.co/DrYFQf7GGF'
収集,'@mlbrry キャラレベル上げ、聖遺物収集、突破素材集め、無限に時間溶けるのでおすすめですよ！'
収集,'てさんまで言い出したらこのグループ大暴れだよ収集つかん(笑)'
収集,'メモ･情報収集用として使ってるから愚痴消さないとめっちゃ邪魔だーーー、'
収集,'#今日の積み上げ 結果\n\n・クリ★スタさん中級模写(0.5時間)\n・情報収集(0.5時間)\n\n今日も「すこしだけでも毎日やる」の目標達成です。\n腕は相変わらず痛いですが、これでコーディング気分忘れない✨\n\nやっとハンバーガー以外の… https://t.co/kLfWvN36qL'
収集,'@chihon46 情報収集される側なのぉ？'
収集,'@koyanoakaunto あー！わかるー！！！\nうん！！！一緒に騒ごう笑笑\n収集つかなくなりそうだけど笑'
収集,'てさんだけはそのままでいてくれ、、、\n収集つかないからwwwwww'
収集,'そう言えばもう大学の合格発表の時期やんな………\n懐かしすぎる\n\nTwitterで繋がるのは若干あれだが\n情報収集大事よね'
収集,'それっ\n動物虐待をしたいから情報収集するサイコパスな人って絶対いると思う\n野良ちゃんのドアップ写真とか画像の位置情報OFFにするとかしてあげて欲しい🙏\n野良ちゃんでも大切な命だから https://t.co/cgWmGr0ooV'
収集,'MDC童貞の収集秒だな'
収集,'気象予報士とかデータ収集してるとか特定の人以外は、過去の一週間の天気、そんなに気にしなくない？\n\nなんなの？アリバイ作りに天気を思い出せるようにとかなの？\nアリバイ作りしなきゃいけないことしてないよ😓'
収集,'@nostalism あああああ…ありがとうございますぅ………沼すぎて収集つかなさそうなんですが、ポイピクだし好き勝手やってやろうと思います🤪w'
収集,'@TAKESH_SGS 小説家だけじゃなく実話怪談収集家やカルト映画評論家とか色んな顔を持ってる人なんですよ！'
収集,'データ収集中。\n通し番号に文字を付け加えるのはやめてほしい。うまく並び替えできない。\n月日だけの表記はやめてほしい。今年の日付として読み込まれてしまうし、そもそも後で見返すとき何年かすぐわからない。西暦か和暦つけてほしい。'
収集,'罪を収集して魔王と天使の均衡を崩してたユスティーツァが罪まみれだったから罪ビーム跳ね返されたら罪の意識で死ぬのすき'
収集,'・戦国無双\n戦国時代にのみじゃっかん詳しくなったのはこの作品から。私の推し、史実では死ぬんですが(そりゃそう)。でもだいたい史実通りだからこそ調べたりだとか、刀収集とかしまくったなぁと。'
収集,'興味のある学問分野があって，ぼんやりとでも研究したいこと，やりたいこともあったはずなのに，そのための実装とかデータ収集とか論文書きとか発表練習とかの地味な作業したり，教員からの批判に耐えたり，土日祝日遊び時間削ってまでやりたいことじゃないと卒研1年で気づいたみんなーーーー！！！！'
収集,'スナイパー銃撃戦なのにも関わらず\n収集ツールさんに負けてしまう僕モブ😶'
収集,'これは原宿フラミンゴで買ったワッペン\nワッペン収集はじめてからこっちネット通販ばかりで\nアメカジ古着屋で、キャッチーなロゴがズラリ並ぶ中から物色できたのは今日が初めてなんだよ…興奮した\nまた行かざるを得ない https://t.co/iV4Fx74gB3'
収集,'クリプトで情報収集しつつ作戦考えるのめっちゃ良かった！'
収集,'プリズムストーンとアイカツカードはただの収集癖で集め直したいと思ってまして。\nとにかくコンテンツ問わずカード類が好きなんですよ私'
収集,'花園町\n収集から中間処理まで廃棄物 収集･運搬処分業 山田衛生へお越しの方は次でお降りください。'
収集,'わあ綺麗！ってなることよりも先に黒い鳥収集ガチ勢は手を止められなかった………'
収集,'これだから情報収集はやめられない\n楽し'
収集,'ポケカしか収集してないけど、\n\n観てるYoutubeは、遊戯王・デュエマ・MTG系という謎🤔\n\nしゃまさんとか、トモハッピーさんとか、企業の社長やってる方々は他には真似できない企画があって面白い☺️'
収集,'配信来てくれてありがとね～！\n\nMinecraftMODマルチ「黄昏の森」\n\n九つのパートを経て、ようやくラスボス（？）の撃破を達成することができました！🤟🦊🤙\n冒険だけでなく、建築や収集も充実したMOD...超絶楽しかった！… https://t.co/0JQTfw2VzL'
収集,'えげつない収集癖とかに進化しそうでこわ…'
収集,'モモナ「ＬＢＸパーツ収集あるある。\nあと残ってるのはアームＲだけ！ って状況でやったぁああドロップしたあああ！！！ って喜んだのも束の間、あと残ってたのはアームＬだった」\nバン「めちゃくちゃ分かる、それ……」'
収集,'FVTT初プレイ時の問題点。\nキャラクターが、思い思いの方向に進んで\n収集がつかなくなる。\n\n▶️解決策\n隊列を決めて、先頭の者かローグの駒だけ動かす。'
収集,'@monkeybloger2 初めまして！むねと申します！\n\n情報収集お疲れ様です！大変ですよね😅\n\nお調子者のサルさんはいつ頃までに脱サラを目指される\nご予定なんですか？'
収集,'@Rebell_J 全クリだけなら青クリアくらいで済むかもだけど収集要素の金いちごがステージノーデスで手に入るからそれがつらみ\nまあ端っから集めないという方向でやると良いと思う'
収集,'あまりノウハウがなかった頃に収集したきっぷの方が綺麗に印影が残っている謎。'
収集,'https://t.co/iQRa17vbWf\n\n声劇台本:送り人シリーズ\n第20話目、今、追加しましたー(ФωФ)！\n\n何とか滑り込み投稿。\n物語の基本ルール、RPG要素の情報収集のたらい回し。その回です。\n謎は一つ解明されれば… https://t.co/bNdQSlCTMd'
収集,'いまのぴっかぺキャラ全員揃ったので俺のガチャレンジはおわった\u3000めちゃくちゃ石使った\u3000武器収集種類数が物語っています https://t.co/hC3WWJYWbW'
収集,'月に一度のペットボトル回収日なので日付が変わる前にマンションのごみ収集所に持って行ったらいつになく量が多くて扉が閉まらなかった。\n（福岡市は日没後のゴミ出しルール＆深夜回収）'
収集,'@Miho66087140 ご検討頂けますと幸いです。よろしくお願い致します🙇降谷(推しですがグッズの収集を縮小したためお譲りに出させて頂いております)'
収集,'@LLL0563777 情報収集のためのサイトとかあったりするんだろうか？それとも自力で全部調べてるとか？'
収集,'本部の台詞はなかなか出会えないので色んな人が積極的にツイートするようにならないかな、と思っていたり……。収集家の方がいらっしゃったりします？いたらもう凄すぎます。'
収集,'#今日の積み上げ\n\n☑勉強\n☑ブログ編集\n☑ブログ素材収集\n☑勉強の振り返り\n☑布団干す\n☑PCにiTunes入れる\n☑iPhone内データの断捨離\n☑剃毛\n\n今日も結構身辺整理ができたな。\n明日は仕事じゃ。やる気ないけど。\n仕事… https://t.co/SpPY85UWBN'
収集,'@toshiki_nakaya @kaori07455000 @kayumayuka @MonkeydanceHi まったく同感です。\n地域により ここまで明確になり\n「バカも含まれる」\nそれを折り込み済みの対策で\n透明度ある攻撃的な情報収集と発信ですね。'
収集,'何かの分野でとても純粋な集中力をもって研究分析考察収集する、というオタクの性質は学問に応用されれば高学歴になりやすいと思うので、イコール高学歴とまではいわないでも、そうなれる素養はありがちと考える次第です。 https://t.co/kposnDCozN'
収集,'@HOLLYHIDE8932 Twitter上で会話で仮面ライダー画像を使っている方がたくさん居るのでのネタに使えるシーンが無いかとライダーの情報を収集していたり共感できるライダーの感想を探している方がいたりとTwitterはライダーのファンが多い場所ではないかと思います。'
収集,'会見とかコメントを直接翻訳しないけど向こうで何らかの記事になったものを間接翻訳するのはどうなんやろなぁ\n正直リーグ自体がマイナーなこともあって普段からアレな手段で試合観てるからグレーなところには積極的に突っ込むと思われ\n機械翻訳感… https://t.co/5MD6THqATd'
収集,'ストレングスファインダーによると、\n\n1.個別化\n2.達成欲\n3.学習欲\n4.収集心\n5.内省\n\n私の上位5つの資質。インサイトの説明は高確率で当たってる。自分の強みをもっと活かしていきたい。私は物事を100％信じることはないけど… https://t.co/XmxXxbP9VB'
収集,'@LIME1131 最近シャンプーしていないのでやんわりと猫くさくなってますがふかふかしてます～\n\nヘッドフォンに限らず収集癖があるのでものがとにかくあふれてしまうという。'
収集,'漫画『ちいかわ』に感じる不安について「喫茶店で情報商材の勧誘を受けている若い子があの表情をしている」 - Togetter https://t.co/MTCNZkJbG4 「思考」というのはほぼ訓練と習慣の問題であると感じているの… https://t.co/N5bOTpg4i5'
収集,"'青い表紙の本がズラリ…茅野市民館図書室について図書館員が感じたこと https://t.co/A7iBM9i0b4 \n""「図書館」ではなく「市民館図書室」"" ""つまりこの施設のコンセプトとしては、主に茅野市に住んでる方々が集まる場… https://t.co/3dAkrMTlre'"
収集,'@liebenarunaru それはとてもわかります！別垢はフォローしてても語ることはなかったので…。私もリア友はここの垢知らないんですが、Twitter自体無駄に垢いっぱい持ってるので1番当たり障りない所でフォローしてました。た… https://t.co/dK8fmizG9X'
収集,'@chiepu @poppo2qto 暗記するほど読み込んだという原作漫画からの台詞リプライを期待したい…😋\n\nでもTさんもSさんも同人活動とは無縁だったって言ってたしグッズもさほど収集していないし、一般の漫画好きってそんな感じなんですかね🤔'
収集,'収集癖がぶっちぎりだぁ！ https://t.co/kgUVWRmGOP'
収集,'あまりにおもんなくてｴﾁ画像収集始めたけど終わる気がしない'
収集,'@haruno_ulala うららさん！年内の旅行は無理そうだけど、近場のお楽しみは解禁になりそうだね🤗今から情報収集して予定を立てるのも楽しいかも😅皆さん、おやすみなさい。また明日ね♪'
収集,'収集癖バレてるぁ https://t.co/whIxHCF58z'
収集,'ムジュラの仮面、ツイッターで断片的に得た情報からすると強くてニューゲーム系というか繰り返して情報収集して真実に迫る感じっぽい？ので興味がわいてきた'
収集,'久美子がもし仮に麗奈を嫌う状況になったら\nもしも久美子や部員が滝先生に強い不満を持っていたら\nもしも久美子が二人に対して悪意や害意を持って滝先生の事情や麗奈の気持ちを部員らの前で暴露したら…\nあすか先輩以外には収集が付けられなくなると思う'
収集,'思ったよりバケツ収集がうまく言ってるので、バケツ消費レベリングぼちぼちやっても良いかな感はある\n今はレベリングに重きを置いてはいないんだけど、もうすこーしやっときたい艦娘は居るには居るんだよね'
収集,'当文庫の取扱外国紙幣の範囲基準\n\n収集範囲は文庫長が実際に足を運んだ国や文庫長と多数の視聴者双方が興味を持っている国を原則としている\n\nまた特段の事情が無ければ収集時点で通常流通している現行紙幣から収集を開始させていく\n\nロシアや… https://t.co/Ecxm0SgUge'
収集,'今流行りのポメバが適用されてたら、７話はランレがどっちもポメになって収集つかなくなってたと思う（？）'
収集,'@uuu_155 収集癖もあるの怖い'
収集,'好きな事\n・シンプル料理を美味しそうに盛り付ける\n・100均グッズで整理収納\n・お金の管理や計画\n\n最近ハマってる事\n・メルカリやジモティで断捨離と収集\n・携帯アプリで3Dパース作成\n\n今年の目標\n-20kgダイエット(現在-5k… https://t.co/bJpEbotggh'
収集,'収集癖のパロメータ草 https://t.co/zziil8WUE2'
収集,'どっかの町の駐車場（デイパーク等）に車停めて自転車でウロチョロするの、ネタ収集がでけておもろい。'
収集,'楽譜もヴァイナルも残されなかったら、数百年後に今の時代の音を収集することってできんのかな。波形とか音階をモノで残すって途方もなくロマンある。'
収集,'変態楽器収集家の島やんがオンドマルトノ持ってたら面白そう。\n#関ジャム'
収集,'@MNHR_Labo ご意見、強く同意します。\n昔 治験関連の仕事をしていました。なので今回ワ◯チンがたった数ヵ月～１年足らずで承認＆接種開始という状況に違和感と危機感を抱いています。\n接種判断は個人次第ですが、命に関わる事だけに… https://t.co/wzsmnPtFgo'
収集,'@Riin39Heart シェフシルバー出た時はまじでケツ浮きそうになりましたよ！\n早速シェフリドルお迎えして来ました～\nヾ(●´∇｀●)ﾉ🎶\n間もなく食材収集隊帰ってくるので、次の収集からシェフ2人目体制！o(^o^)o ﾜｸﾜｸ'
収集,'@ari3477 リーパーくん今回のスキンも綺麗でしたね…！！収集に力入りますわ🙏'
収集,'明日から半額か…枯渇寸前の素材回収、銀片、朽ち武器、光鱗収集、日課増加、ババ連戦…半草的にも肉体的にも死にそうw\n#グラブル https://t.co/9q3V7imF7r'
収集,'Amazonで人をダメにする●●シリーズっぽいのが出てきた。ほんとAmazonさんどんなデータ収集してんの？マジすごい。 https://t.co/8Flm3zeQy9'
収集,'📺どらま観ながらめっちゃ無意識にばびたんの画像を収集していたは…ぉゃすみなさい(´Д｀)ﾏｼﾞﾃﾞ、(ねろや) https://t.co/HM6jwmRcz7'
収集,'さて風呂\n上がってきたら\n本誌のTL凄いだろうな😆\n情報収集'
収集,'ゴッドゲキリュウケンとゴウリュウガンとアクアキーとマグナウルフキーというあべこべ収集になってるけど頼むから売るなら全部ちゃんと揃えて売ってくれ……'
収集,'疫病に罹ると被差別、ワクチンを摂取しなければ被差別。オカシナ国なってきた。多数が常に正しいとは限らない。浅慮で薄知な人ほど多数やマスメディアに流される。そんな人に限り不利益を被ると他人に責任転嫁。自分で情報収集し考え判断し自己責任とするのが真の大人。大人と言えない年だけ大人増加中'
収集,'結局空いた棚はエースくんとすー様置いたけど、それぞれそんなにグッズ収集できてないからまだ寂しいな… https://t.co/rBcezYuNc0'
収集,'明日仕事休みにしてたら、マウスピースつけようと思わなかったはずだから、ゴミも明日のゴミの日で収集されていただろな。\n助かった〜明日仕事でよかったよ。笑'
収集,'春日さん英語わからん資料収集能力が皆無だったので、アートオブJCライエンデッカーでのみほぼライエンデッカーの周辺を脳内補完してたので、むしろ新しい資料とかがあったら全力で食いついてしまうんです…'
収集,'メンテ恒例ツイートで溢れてうるせーなって思っちゃうから、多分Twitter向いてない\n非ガチャ編成中心にひっそり情報収集だけやる'
収集,'@ChofuChiikiNeko 素早い情報収集と拡散ありがとうございます\n1匹の猫ちゃんが亡くなってしまい、日も経つばかりなので心配で心配で…\n怖かったでしょうね…😭お世話してる方にはきっとまた姿を見せてくれると思います\nノコギ… https://t.co/EaQMqLWUFq'
収集,'@menikawa やったね！！\n殺す気満々みたいwwwwww\nよし、じゃあ収集かけようか！！！(◜◡◝)'
収集,'今回は情報収集が遅れた…ｸｯ不覚…'
収集,'ゴミ収集車 https://t.co/EfouWB3okZ'
収集,'最近、\n鬼滅🔥\nポケモンGO\nあつ森で忙しい🤔\nディズニーはやっぱり1番だけど\nすぐに行けないし\n新しいグッズが出ないのが悲しい😭\nハマると、とことんな性格と収集癖で\nクレカの引き落とし額がやばい🤪'
収集,'わたしはクリス！オーキド博士に全ポケモンのデータ収集を依頼された「捕獲の専門家」よ！！'
収集,"""とある事情でおはるさんの\n写真を収集中なんだけど、\n髪型違うだけで色々な表情があって\nとても楽しいお気持ち(*'ω'*)"""
収集,'後半は兼業デッカー&amp;ガンスリンガーアデプトのヘレナでラン｡色々情報収集で活躍するも途中で敵デッカーに見つかり、兼業ではつらく。でもARでやってたのでささっとシャットダウンしてことなきを得る。\n戦闘は収束具モノフィラメントウィップと… https://t.co/HR9N6XYsGT'
収集,'🌟200人フォロワーありがとうございます🌟\n\n引き続き情報収集中心にやっていきたいとおもいます🦩'
収集,'ガンプラという良くない道に足を踏み入れようとしている………\n\n(収集癖)(細かい作業好き)(今はナノブロックにハマっている)(置き場所に困っている)'
収集,'よし、これから徐々にグッズ収集やめれるようになろう…🥺'
収集,'似たようなピンク色のネイルばっか収集してっからこの次は似たようなピンク色のポリッシュ選手権(？)しようかな 全部の指違うピンク塗る'
収集,'@MINENKA わ！ありがとうございます！このページは見落としてました。マドリードの病院乗ってるのは確認したのですが、、まだ帰国はチケットも買ってないし確実じゃないですが、手続き多そうなのでぼちぼち情報収集…_(:3」z)_'
収集,'マジでこういうの新人研修とかよくあることとか大したことないとか言っちゃうんじゃなくてちゃんと予兆見極めたいよね。FRより乖離率見る？とか出来高とかどこの取引所がとか、cryptoだけじゃなくて様々な市場の傾向とか。データ収集ですな。まあ、全体の雰囲気で。'
収集,'ラキのこと自分で収集つかないくらい好き #ASTRO5thANNIVERSARY'
収集,'@bts_mimamoritai こちらこそありがとうございます✨私もド新規過ぎて、みんなの情報収集の速さに日々圧倒されてます😂\nわたしはオルペンですが最近ちょっとホビジミンちゃん寄りです💜\nよろしくお願いします😌💕'
収集,'マイナーな漫画収集に付き合ってください'
収集,'ふむふむ、地球の情報収集のためトリコというマンガを読んでいるのだが地球は危険な所だと改めて認識させられた！'
収集,'また中途半端に部屋めちゃくちゃにするだけして、収集つかなくなっちまった…もう寝たいむねがいっぱい'
収集,'新しい髪形欲しいけど欲しいだけなんだよね…手に入れたら満足なんだよね…収集癖ってやつ🦒'
収集,'アズール 、趣味のコイン収集の集めてるコインの額が一枚数十万円とかの物❌200枚程度だったし。寮の部屋の家具も自前で買ってるぽいから、趣味だけでも5000万〜1億円近く使ってる超金持ち坊ちゃんてことですか？'
収集,'収集した情報の保存'
収集,'今日から本気出すための名言\u3000026\n\n人は世界一のゴミ収集人になれる。世界一のモデルにだってなれる。 たとえ何をやろうと、それが世界一なら何も問題はない。\nモハメド・アリ\n\n●気に入った言葉があったら、リツイートお願いします。'
収集,'3人ともこんなんだと収集つかない'
収集,'勝ちたいなら情報収集を欠かさない方がいいぞ\n\nいざって時にこいつの素早さ種族値どれくらいだったかなとかおぼえとかないと\n\n抜かれたりして後悔する羽目に・・・\u3000ネットで検索すれば一発ですかそうですか'
収集,'@bell_jxx 腐った食べ物を収集するんだ。'
収集,'私のClubhouseの用途は情報収集と芸能人と喋れる😆!!みたいな感じだったのですがもし自分が発信する側、世に伝えたい事があるとするならば家庭環境に難がある子を救う事です。チラッとは考えていましたが何から始めたら良いのやら。\nだ… https://t.co/IEArvkoFJp'
収集,'@mysterydrama0 素敵な思い出ですね☺️\n\n我が家は、ゴミ収集車が大好きでした😆'
収集,'イベント家具、1つだけ交換出来ないで終わっちゃったけどあと🎈150個は丸一日でもキツい💦\nそもそもfreeクエで🎫集めてからのイベクエでの🎈集め(🎫60枚で最大8個)の2段階収集は飽きる。せめてどのクエでもイベ🎫と一緒に🎈も集めら… https://t.co/tJEMNJr7pL'
収集,'@Luna88754089 トトは渋いですぞ〜（経験者談\nエイミの異節10自力収集中にレアエリアはぜんっぜん出なかった記憶ありますねー😵\nぶ、物欲センサー・・😇'
収集,'孫氏の言葉に「彼を知り己を知れば百戦殆からず」というものがありますよね。パワハラ問題でも、この視点はとても大事なんです。\n自分が何をすればよいかを情報収集するだけでなく、たとえば相談を受けた担当者になったつもりで情報収集もしてみてください。そうすると、相手の行動を先回りできます。'
収集,'@jOOvi1dbneN3Shm あと少しずれますが、編集(編輯)とか回復(恢復)とか収集(蒐集)みたいな謎の漢字の置き換えは嫌いです。別の某国の簡体字レベルでの愚策ですね。まぁ仕方ないのでしょういろいろと。'
収集,'葬送のフリーレンの独特の空気を生み出してるのは9割フリーレンの仕業。魔法収集に執着するエルフ…のはずなんだけどそれ以外に興味のないオタクで集める魔法も周りから呆れられくだらないと言われるものばかりだけどそれがとても微笑ましいのです… https://t.co/2GlLm1DZpN'
収集,'#スガの放送利権を許さない\u3000どこかの国のような反腐敗キャンペーンでもしないと収集が付かないなと思ってしまう😡'
収集,'amiiboはじめはイイダだけ買おう…って買ったらイイダの隣にヒメちゃん先輩がいないなんてこんなのおかしいよ！？って速攻テンタで買ってそっからは新しく出るタコガールだけなら…ヒレオくん…とコンプしていったから恐ろしいジャンルだ。収集してしまう。'
収集,'【失敗談】情報収集編\n・書籍だけで研究する\n業界研究や企業研究を業界本一冊、関連本一冊、日経記事、とかで済ませ、人に会って話を聞いたりインターンに参加しようとしない。ディスクロージャーやアニュアルレポートで十分だと考えてしまう。'
収集,'デュナメスが予約開始する直前なのにメタルビルドの収集やめるとか言い出すのほんとうに笑えるけど実際は笑えない_(:3/L)_\n\nとりあえず蕎麦食べたい'
収集,'ついにピオフィのグッズに手を出してしまった、、、必死に我慢してたはずが収集癖が静かに発動してた\nだってこのダンテとニコラの顔が好きすぎるんだもの(  ◜ω◝ ) https://t.co/rIaVCaUUrC'
収集,'看護師でブランクがあっても大丈夫。でも、ブランクがあるために情報収集に弱くなっています。そのため、相談が大切という話です。\n\n求人情報はしっかりと取捨選択しないと大変です！\nhttps://t.co/EDIOqJVf5f'
収集,'マリオの収集要素は全部やり尽くしたいタイプの人なので一周しただけで最終ステージの解放条件クリアできて良かった'
収集,'育児関係の情報を収集し目にすることが多くなったタイミングで、知人が育児ですごく大変な思いをしていてこれが現実の一端なのだよなぁと考える。'
収集,'現代アートをケタ違いに集めた男が達した境地 2000点超保有の精神科医･高橋龍太郎の収集哲学 | 最新の週刊東洋経済 - 東洋経済オンライン https://t.co/zDXrNyhKO6 #東洋経済オンライン @Toyokeizaiより\n#art'
収集,'編成画面から強化ページに直リンして欲しい\nユーザーのTwitter拾って情報収集しろ'
収集,'川越02と鳩山町営は…無理。\n川越02なんて時間も素材収集もお金(乗る分)も結構かかる。'
収集,'気になる話題\n盲信すべきではないですね…\n栄養はとても興味深いので様々に情報収集してますが、それぞれ真逆の話や矛盾もある\n分子栄養学では食事ではなくサプリメントなのが引っかかりました。\n研究内容や論文を素人にはどの程度の信頼かは判… https://t.co/GphhAfCGip'
収集,'もし空想の生き物だったら…\nとぅるは【マーメイド】です！\n\n✔️自己犠牲の精神が強い\n✔️頼られることが大好き\n✔️惚れっぽい\n✔️収集癖のあるオタク気質\n\n#空想の生き物だったら診断 #ホイミー\nhttps://t.co/iBu1V0Gno2'
収集,'自分には情報収集力が全く無いことを、堂々と宣言してますね。 https://t.co/a3KZplk8SF'
収集,'論文合格しました！\n情報収集用にTwitter始めたのでよろしくおねがいします🙇\u200d♂️'
収集,'せっかく休みやのに燃えるごみの日とか💨\n\n早いんだよ😱\n\nでも祝日まで収集ありがとうございます( ﾉ;_ _)ﾉ'
収集,'@Ladybug98707471 阿呆が思い付きでそのまま口にするから収集がつかん。\nそれをその都度、マスゴミが卒無く拾うから始末が悪い。\n個人だと逃げられるから、叩くなら野党と政府に直接凸かました方が、断然、効果的だと思います。'
収集,'まだ病院も決まっていませんが歯科矯正、外科矯正を考えています、、💭\n\n高校生でまだ診断は受けていませんが下顎前突（親によるとそこまでは気にならないらしい）と開咬です。\n\n情報収集のため無言フォロー失礼します、、！'
収集,'死んだように寝てしまっていたので色々収集するのにもまた時間が掛かり風呂に入る時間がどんどん遅くなりこうしてまたショートスリパーオタクが完成してしまった。'
収集,'@karoAzu_1012 だよねー🥲🥲\n新規絵とかないから仕方ないのかな🤔\n私も最近ちょっと鬼滅傾いちゃってるけどグッズ収集がやめられない😂😂😂'
収集,'初年度短期講座で教えられた鉄則\n数年前に受かったの友人のアドバイス\n今考えるとありえないことが多くて…当時の自分の情報収集が下手くそすぎるのが悪いのだけど、情報の精査をしたらよかったなぁという後悔'
収集,'今日同僚とcovidのワクチンについて話したんだけど、同僚はなんとなく怖いから希望しないにしたらしい。看護職でもこの反応かとガッカリした。アレルギー体質なら仕方ないけど、アナフィラキシーを起こすとか確率的には低いのに。もっとテレビのワイドショー以外でも情報収集してほしいなあ'
収集,'ゴミ収集機付きでコスパモデル出たのか...！\nごみ捨ての手間減るのいいよね...'
収集,'というかそうじゃなかったらいきなり新人のハンターに「全面戦争に突入するかもしれない状況における中、情報収集などを一任する」ようなことはしない。それこそシロウ４や潜みし者達の仕事であろうが、敢えてクロウにやらせているのは周りに彼を認めさせるためではあるまいか'
収集,'@neige_manille 領事館に載ってるのマドリードだけだったんですが問い合わせれば教えてくれるんですね。\nまだ確実じゃないですけど、私と娘は帰れるのでボチボチ情報収集しないとな〜なんて思い始めてます。なんかフォーマットも決まってますよね、、'
収集,'最近になって「初期ロットはコード分岐部分のデザインが違う」ことが判明し、その後早々とその初期ロットheaven IVを収集してしまったワタクシは、ある時はたと気がついてしまったのです。 https://t.co/dah5GF7Hcg'
収集,'あおいちゃんパニック！の絵とかほんと可愛くて好き\n古めの漫画を古本で収集するのが好きだから全巻持ってる\n古本はなんとなく経年を感じて好きだわ'
収集,'勉強方法や情報収集方法は色々あるけどブログやYouTubeなどの動画解説などをいろいろ漁って参考にしてる人\n今すぐやめたほうがいい。\n一言に不動産って言ってもたくさんの種類があって\nそれぞれメリットやリスクの種類も違ってくる。\nそんなやり方で大事な資産を検討してるから失敗する。'
収集,'@edo_tomo え、そうなんですか💦\n私もセカンドオピニオンおよび情報収集とにかくすると思います。\n穏やかに日常おくれますように。祈ってます。'
収集,'うむ。やはり情報をいち早く掴んで行動するのは大切だなー。あんまり多くの人には伝わらなかったみたいだけど\u3000まぁ自己満足でツイートしてるだけなので、いいかな。私は私の為に情報収集を続け、発信していくのだ。'
収集,'ゲームの進め方やアイテム収集方法が分からなかったのよ🙃'
収集,'翻訳不可の文章の入力元の情報収集している可能性(自分ならやりたくなる https://t.co/OeE4U68SXJ'
収集,'10年以上の付き合いだし情報収集に対する熱意とか考慮すれば多分高校までの授業より深い'
収集,'よし、しばらくは真紅眼と初期二期（主にノーマル）の収集に努めよう。\nそれ以外は…また田中書店か？\nはたまたプレ企画や友人に譲るか…。'
収集,'園に持参した娘の大切な絵本を友達2人が故意的に折った。（真顔で友達同士で手を重ねて必死に）収集つかないほどまで。折り目を見て「悲しい印だ」と娘が言った。その出来事は10月に起きていたらしい。気が付かない母。娘の深い傷を救うベストってなんだろう。'
収集,'転勤した友人A宅へ遊びに行くことに。俺の住まいは関東。友人Aの家は大阪。友人Bとともに新幹線に乗り込む。友人Bは終始風俗情報収集。一方の俺は大阪＝食い倒れ太郎の知識オンリー。まさに裸一貫で初の大阪に上陸する。友人Aとは日中会い、夜はBのみと行動。Aは既婚者のため。'
収集,'@9bic_miako 収集癖があるので集めるのを辞められません。'
収集,'@BTOB_momo_6 情報収集のスピードが異常なのよwww\nでもあんなに生えてるんだからきっとあるよ😌✊\n足趾エロい？じゃあ最後のお楽しみに取っとこうかな😌'
収集,'@pirorirorin0613 一緒に書こうね婚姻届💒\n\nあか〜しがいやって言っても辞めないぜ😎\nメディア欄見てきたけどコンスタントに300いいね付いてない？！すごいんだけどww\n\nツッコミいないと収集つかないからねww'
収集,'うっ、うっ…わかんない…わかんないょ…どうやって推しの情報収集するの…わかんないよ…ッ'
収集,'情報収集用に作りました'
収集,'今になってまじで煉獄さん好きすぎて毎日何かしらの情報収集(キモ)してる。死を受け止めきれなくて炎聴いただけで思い出してゲチョゲチョに泣いてる。こんな...チョロい女だったのか...？'
収集,'#120 Just do it! ではあるけどさ。 - 伊藤\u3000羊一 @youichi_itou\nhttps://t.co/dNw5Y9teYJ\n#Voicy スゲーと言って関心を持って情報収集、結論→根拠を素早く上から考える癖をつ… https://t.co/ByVWBQQDGT'
収集,'@suamashiratama 黒い鳥必死に探してたけど収集に関係あるのかな…物欲ww'
収集,'最近MLBの情報仕入れてないからどこかで収集しないと'
収集,'やはり情報収集＆実行に移すと着実に生活の質が上がります。なんかここ数カ月で一番いいお金の使い方した気分。'
収集,'アッププラス定期便バックナンバーまで頼んでしまった\u3000もはや化粧品収集が趣味みたい…でもめっちゃ使ってるからストックはあまり無い。'
収集,'この年のprismがセンタリング激甘クソ製品だったことが、減退していた僕のカード収集欲にとどめを刺したというのはなんとも皮肉な話である。'
収集,'@kokeuma ごみ収集業者の方でいきます'
収集,'無一郎グッズ収集も楽じゃないぜ'
収集,'中学生の頃からずっと、人並みにスキンケアに興味あったので、評判の良い物をちょっとずつ試したりしてます。でも、なかなか「これは‼️💓✨」みたいに効果を感じる相性の良い物に出会えてなくて、楽しみながら情報収集してます。'
収集,'妻とメンズエステの情報収集してたんですが、妻が立ったままですがバスルームで先日もらったローションとボディソープMIXしたみたいの使って「こんな感じかなぁ」されたら見事に手コキで発射してしまい(⊙ꇴ⊙)妻が「私、出た直後？？の精液の… https://t.co/j6wMBJuroa'
収集,'もうドール収集はそろそろ辞めないとな。今はオーダー待ちで、キットを考えてるけど候補はカイちゃんかレイブンちゃん。多分カイちゃんになると思う。しかし、最近、リアルリボーンの眠り目ちゃんて、もろ新生児でかわいいなぁ❤️と思い始めてる。'
収集,'韓国のアイドルや俳優女優から校内暴力やいじめを受けたという暴露、事実にしろデマにしろもう次から次へとって感じで収集がつかなくなってきてるので各事務所は早くほんとにちゃんと対応してください。'
収集,'@lalalacozy はじめまして。まろみです。乳がん治療中で、情報収集と交流用のアカウントを作ったので、フォローさせていただきました。よろしくお願いします🙇\u200d♀️'
収集,'@outlaw_wlw お、それならパンフ収集しに…料理教室のホームは梅田じゃないけど行きますわよ(見学しつつ体験日時のリサーチ目的で)\n\nうーん、コース(料理orパンor製菓)と店舗次第かな…？詳細はまたパンフ貰ってからDMかなんかで連絡しますよ'
収集,'つみたてNISAについて情報収集してたんだけど、唐突な鉄筋コンクリートにめっちゃ笑った。ナニコレ… https://t.co/9YXe3mUV2T'
収集,'@LG58Kb2mHP98xBs 小さい頃からキラキラした物に目が無くてですねw\n収集や創作はしてないですけど💧'
収集,'四葉（よつば）\n28歳の男性・AB型・178cm/68kg\u3000イメージCVは◆石田◆彰\n\n【必中の狙撃主】と言われた元・軍人。物腰の柔らかい礼儀正しい好青年で、情報収集やトラブルの仲介役となることも多い。戦闘においてはその経験から非… https://t.co/HXowmXuKVI'
収集,'またクマネズミとの競合も懸念されている。2007年から自動カメラや情報収集、罠の設置による生息調査が開始され、2008年にノネコのうんちからの痕跡確認から7年ぶり、捕獲例としては30年ぶりとなる生息が確認された。日本ではトゲネズミとして1972年に国の天然記念物に指定されている。'
収集,'@aroe121aroe 初めまして、検索よりお声がけありがとうございます。申し訳ございませんが当方からお譲りできるのは元ツイの通りです。ケムッソは手元に何もなく、ミミッキュは家族分で収集しているためお譲りはできません。条件違いですので今回はお断りさせて頂きます。'
収集,'@anda_double_up 若い人には情報収集力に期待して。\n私も何気にこの番組見たことはないです。'
収集,'それよりも大問題が😳助けて💨ここから、どーしたら良いの(. ❛ ᴗ ❛.)収集つかない¯\\(◉‿◉)/¯ https://t.co/YcPylsKjj6'
収集,'アメコミグッズ収集中。 https://t.co/daIjz8P1PQ'
収集,'まだ船のコンテナまでの情報収集中なんだけど、新聞記事の「蝙蝠型警備ロボット」とか私が勝手にヒェッてなってるだけだけど、だけどさ……！サイドストーリーも初めてひとつ解放されたぞー！と思ったらいっこめから重いな！すき！'
収集,'@VOLTEX_7 県外で問題を起こす前に対処しておかないと更にめんどくさくなりますもんね😂\n結構同じ様に思ってる人達もいたと思うので、これで収集付けれる様僕もお手伝いする所存です🙇\u200d♂️\n\nこちらこそこんな形になってしまいましたがどうぞ宜しくお願い致します🙏🙏🙏'
収集,'お家の掃除してると出てくる妹のキンプリグッズの数々\n高確率で無料の同じパンフが沢山出てくるんだけども、元グッズ収集オタクだったワイにはどうにも捨てられない'
収集,'弟子「要求収集にあたっては、文章を使ってはならないと仰るのですか？」センセイ「そうは言っておらん。我々の目標はあらゆる文書を駆逐することではない。文書そのものは善でもなければ悪でもない。どうするのが最も効率的な情報共有の手段なのかを常に意識することが大事なのだ。」'
収集,'相互フォロワーのツイート追いかけるしか情報収集方法しかまだわかんないけど、割とみんな別垢で動いてるから結局微塵も情報流れてこなくてだめだ'
収集,'@pyon_877 家具の収集が一番しんどいですよね💦もしど〜しても欲しい家具とかあったら気軽に声かけてください◎冬の季節系のレシピも集めていたので、もしかしたらお手伝い出来るかもしれません！☺️ウチにもぜひぜひ遊びに来てください… https://t.co/umil7zSJ5c'
収集,'そりゃ無駄に長く生きているからね、それなりにいろいろと経験値も積みましたよ。若い頃は特に知識を収集するのが楽しくて！   いやー、生涯現役、って言いたいですよねえ。'
収集,'関ジャニとSnow Manが同時のタイミングに大量の情報出すこと多くてやばいけどその情報収集してるのが楽しいっていうかあーやっぱ好きだなーって思う'
収集,'情報収集垢です、'
収集,'長崎県警 春の人事異動発表「防犯カメラ映像の収集や解析をする捜査支援課を新設」 | FNNプライムオンライン https://t.co/OryPavv0Ey'
収集,'燃えるゴミは[月・水・金]  byゴミ収集車 ⇒燃えるゴミを出す日を周知（明記）するときに'
収集,'人は世界一のゴミ収集人になれる。世界一のモデルにだってなれる。 たとえ何をやろうと、それが世界一なら何も問題はない。'
収集,'バラけそうになるエピソードをつなげるのもうまい。とっ散らかってきたなと思うと次の回で何故か収集しちゃう。'
収集,'@kuroneco_yukia ゴミ収集車行っちゃうのツラいね(；´∀｀)'
収集,'ダンジョンゲームが好きな人って、基本的に収集癖がある人っぽいもんな、自分もそうだし。そういう人は集めちゃうからな、売らないよなぁ。'
収集,'@Katze_Squirrel カッツちゃん3個収集おめでとぅ～🎉✨\nそして次点は27と僅差❣️\n凄～い👏👏👏嬉しい～🥰'
収集,'1日１回必ずパソコンを開きます。ネットの世界は情報が溢れています。社会から取り残されないためにも情報収集は必要です。情報をインプットして次はアウトプットです。https://t.co/BaxOhiU1Oz'
収集,'「地域を活性化！」なんて思わず、「自分が暮らす街を便利にしよう」くらいの意思で良いと思う。\n私はそんな思考で、デザイン＆webを活用して市内事業の情報をネットで収集できる仕組みを作ることを第一目標にしてます。'
収集,'箱車は、積荷部分が箱型になった清掃車の事だよ。廃品回収や持ち出し収集など、どんな仕事にも適した万能な清掃車なんだ。'
収集,'根本から包装を考えなかった結果でしかない。\n過剰包装、ゴミ収集時の指定ポリ袋、無菌志向…etc\n昭和の頃に戻るとある意味平和になるが、文化も戻る。\n\n2020年から定着しつつあるマイバッグ「予期していなかった」店側の悩み… https://t.co/owtC7Kpnin'
収集,'最近のゆきあさんハイライト\n\n洗濯機に詰め込みすぎて水が溢れかえる\nゴミ収集車が目の前で行ってしまう\n歯が抜ける夢を見る（n回目）'
収集,'@OP_KJ_AKI グッズ収集沼へようこそ😊'
収集,'@azukihime1203 サンキューアルよ☆(^人^)\n\n今週は師匠達のプレイ観て情報収集\nから始めるザンス♪'
収集,'@mackusp 確かに流通に置いて転売ヤーは不必要だね。付け加えて、無闇矢鱈に転売する奴も不必要。\nしかし、私は努力の評価点として\n情報収集能力や、お金に対する嗅覚、\n資金力のことを言っているのね。\n例えばジョーダンの靴を定価(… https://t.co/sfmJpdmejD'
収集,'あぶな！AP余らせて資料収集の日を終えるところだった！！セーフ！\n+５ポイント'
収集,'正剛氏は現在、メディア事業部趣味・エンタメコミュニティ統括部長の肩書を持つ\n1人４万円は下らない高級料亭で谷脇氏を接待したのは他、同社の二宮清隆社長、子会社の株式会社ザ・シネマの三上義之社長らだった\n\n「東北新社には菅ジュニアがい… https://t.co/58s2E8BzJF'
収集,'本日も当社サイトをご覧頂きありがとうございました。日々売買事例を更新し、成約事例として情報収集し売却版サイトに反映しております。販売事例一覧も日々更新しますのでチェック頂ければと存じます。https://t.co/eF8tUeYrv9'
収集,'@toaruprince 世界を見れば分かります。\nあなたには情報収集能力がないのでは？\nぜひporn hubを見ることをおすすめしますよ。'
収集,'@reimu_wct +収集っすかひょっとして'
収集,'情報収集のため一旦鍵外した\nそしたら同じ学科に女の子の後輩見つけてびっくり'
収集,'@Yodobashi_X \n\n𓂃𓂂𖡼.𖤣𖥧𓈒◌܀\n\nこんばんは🥰🌙\n\n育児でバタバタしていて\n家事もままならないので\nぜひ我が家にもルンバをお迎えして\n使ってみたいです🧹✨✨\n\n自動ゴミ収集機があれば\nなおさら時短になりますね🥺💕\nよろしくお願いします🙏\n\n𓂃𓂂𖡼.𖤣𖥧𓈒◌܀'
収集,'Twitterは情報収集にしか利用してなかったけど、グルミクのプライベートルームの募集なんかで利用するから少しやってみることにした(´Д` )'
収集,'臨時増刊: n試練でｺﾚｸｼｮﾝ収集へ。nAA→nHRC→nCRでﾊｼｺﾞ。ｴｾﾘｱﾙ保管庫/AAは久々すぎてほとんど何もかも忘れていたこの者\n今日もｺﾚｸｼｮﾝ枠が着実に埋まった。ありがとうございました～\n\n#ESO_JP https://t.co/Cx4VL0HpOZ'
収集,'@mina__227 ひたすら推しのことを考えてバイトするんやで…\nみんなグッズ収集ガチだったから俺は週3.5日くらいだけどみんな週5とか当たり前のようにやってたからなw\n俺が知る中で1番やばいのが夏休み中に35万稼いだやつw'
収集,'新しい靴買ったら古い靴捨てる方式で、新しいジャンルにハマったら古いジャンルのグッズ収集をやめるようにしてる…'
収集,'ようやくバトロのバッジを作り始めて収集率90%に\n残りのバトロ権で400いけるかなー'
収集,'@super_hogemi 収集つかなくなったとこで作者の体調不良による再開未定の休載になります！！✏️✏️✏️\nご期待ください！！！💪🏻🔥'
収集,'トロフィーなんで所詮SONYが儲かるための1コンテンツだから収集目的でやってるやつはまじでただのガイジだよ'
収集,'@bomc_313 トレカ収集癖治んないどうしよう🙂\n絶対いらないってわかってながらもミニフォト5個ポチってたよ🙂\n3個くらいにしておくつもりだったのに🙂\nでも後悔してないのなんで🙂'
収集,'霞が関が情報収集をやりにくくなりそうですね。白けて虚無感におおわれるのではないでしょうか。'
収集,'@yuu_natsuxx ユンギのイベントも色々やるといいよね😍✨そろそろカプホもどんなのがあるか情報収集しないと〜🥰🎶\nキャンドルと並べてるって言うといい感じに聞こえるけど、他にも並んでるから雑多な感じだよw😂'
収集,'あの界隈、収集癖のせいで降りるに降りれん。\nルの方は買わないって決めてるけど、アは推し絵師さんだから買ってる。\nドラCDがな〜初めは良かったけど、追うにつれてちゃちくなってるんだよな〜。\nもう意地で追ってる感じ。'
収集,'@kaMSBzpaKzgcnK7 まだこの3つだけなんですよ🥺\n本腰入れて収集したい所だけどなかなか'
収集,'人生とはなんぞや。禅問答修行中のお坊さんが答えようとしたタイミングで来るゴミ収集車から流れる好きです川崎愛の街\n#川崎あるある'
収集,'Goorecの投稿できるカテゴリに「仕事・ビジネス」を追加しました✨\n\n新しいイベントを始めるために、情報収集をやっていくことにしよ💪\n\nヘロヘロなので、もう寝ます〜💤\n\n今日も関わってくださった方、ありがとうございました☺️'
収集,'【失敗談】情報収集編\n・説明会・セミナーを軽視する\n単に企業の基本情報を得るだけならパンフレットを読んだ方が効率的かもしれませんが、具体的な業務内容や仕事のエピソードは社員の方からでないと聞けません。\nそういう情報を面接で言えるか言えないかで説得力に大きく違いが出てしまいます！'
収集,'フィギュアを集めていた時は毎月の発売に追い付けなくなって辞め、カード収集ならマイペースで集められるからいいな～とか甘い考えで始めたら相場が高くなる前に買わなきゃ❗️とか新弾は発売日に欲しい❗️とか結局マイペースで集められない自分が… https://t.co/SMHSasyWKE'
収集,'…折角アプデ後のララ弄りたいのに\nそう言う時に限って夜勤明け洗濯物\n溜まってるわ、明日明後日半日日勤\n金曜日は丸一日勤務土曜日はプール\n予定…結局丸々一週間出遅れるわ…\n\nまぁ、元々遅れて始めた事だし今回\n未だPC生きてるから〜…… https://t.co/2byhMCXIuU'
収集,'@yakioni_cr 確かに1回SRとかHRとか見ると収集しだしちゃいますねぇ...\nやっぱりパック剥いて好きなイラスト出たらわーい位がちょうどいいかな...'
収集,'@HashimotoKotoe ウォシュレットの開発者が女性のあそこの位置のデータ収集にストリップ通った話思い出した。'
収集,'@yi_ea8 お疲れ様です😊\nリポート早めに出すと安心感ありますよね！\n因みに我が家の1番近くのポストもももさんと同じく、1口の収集時間も1回です📮笑'
収集,'@sadakiy @taikosannjiro コラボ収集でえらまぜで\nコスト48取れるとしても\nかなりの石とキツーイスケジュールになりますけどね(´つヮ⊂)ｳｵｫｫｗｗｗｗ'
収集,'ラス前に衝撃展開のあった最近のアニメ 2019-2020\nケムリクサからMWZまで、雑に収集。\nhttps://t.co/dPq9qrIsYd https://t.co/06lMvUhbqd'
収集,'数年前に “あれ？自分Twitter依存症かも？” と感じ、フォロワーさんとのやり取りも絶ちきって暫くの間Twitter絶ち。\nその後閲覧を中心に少しずつ復帰。\n\n今は、Twitter始めた当初の目的である情報収集と思った事呟く、… https://t.co/fD1UPNfvcm'
収集,'@sharenewsjapan1 辞めとけもう遅いわ!!\n\n単なる個人情報収集機だろ（笑）'
収集,'薬学生は Twitter を使いましょう!\nなぜ?\n・多くの熱意溢れる薬学生から刺激をもらえます!🔥\n・自分の目標を明言する場として使えます!📜\n・自分に有益な情報を効率よく収集できます!🉐\nだから、薬学生は是非Twitterを使… https://t.co/AqKcrvB8NQ'
収集,'体験すること！！\n\nコミュニケーションで有利！\n\n情報収集よりも体験した感想\n\n判断基準\n個人の感覚よりもビジネスパーソン'
収集,'@yousuck2020 彼らの疑わしい意図で-確かに投資家の精通したグループ？！？ 🧐🤔\n\n彼らは、個人の電子メールアドレスとアプリケーションに関する情報を収集します。 落札者様に販売するものはすべて？\n\n知らないのにバカだと思われるのは侮辱!!\n😳😲🤬🤬😲😳'
収集,'自民党が、ファイザーワクチンの一回接種作戦を検討。全く英国のマネ。英国が、アストラゼネカ、一回接種を正当化するデータを集めている。(恣意的データ収集があるとは、思ってはいないが。)米国は、基本方針はブレて無いので、一回接種を正当化… https://t.co/B9NjXS1bln'
収集,'のばのば、チェンソマンのデンジみたいなやつで行くのもよかったかとおもったけどそれだったら収集ついてなかったとおもう'
収集,'収集価値77のインクシェルは滅せよ💢（これでもHQサイズらしいが）'
収集,'るぅとくん放送お疲れ様でした🙌🏻♡\n\n久しぶりのるぅころマイクラ放送とっても楽しかったです( ඉ́ .̫ ඉ̀ )💛💙\n\nるぅとくんかっこいいしかわいいし\n収集追いつきませんでした🤦🏻\u200d♀️\nまたるぅころコラボ放送見れるの楽しみにしてますね♡\n\nおやすみなさい🐹💤'
収集,'とりまディビ2はこれで一段落かなぁ、収集アイテムとか残りを気まぐれにちまちまやる程度で'
収集,'@Vf9pqI4kEFA1pcG 有難う御座います。\n\nもっと、情報収集して、\nお知らせ出来るように\nしていきますね。'
収集,'横アリのLucky Manの岩本さんのラップパートの情報収集がほんとに浄土真宗にしか聞こえなくて毎回私も浄土真宗って言っちゃう'
収集,'ま、こんなこと言いながらグッズでたら買ってるんでしょうけどね😀\nそれがトレカ収集癖の性😀🌟'
収集,'オタクの引っ越し、干からびた収集グッズで予想外の臨時収入入ってうれしい'
収集,'人間同士のスケジュール調整プロトコルの標準企画ってRFCとかのジョークRFCで無いのかな（笑）マスタとなるノード（代表者）が各ノードのスケジュールを収集し最終的な最適日を決める。ただし、最適日を確定する前に各ノードに最適日候補日をアドバタイズする。'
収集,'収集家で特定の１種類のみ見つからず、持ってるやつが５個も６個も被る現象に、なんかオシャレな名前を付けたい\n#RDO \n#レッドデッドオンライン'
収集,"'⚡️ ""七龍祭まとめ""\n2/28開催のオンラインイベント『#七龍祭』の記事をモーメントにまとめました。情報収集や当日の参加方法の確認にご利用ください🙇\n\n▶︎ハッシュタグ：#七龍祭\u3000#七龍祭企画\nhttps://t.co/bjlmx48qRF'"
収集,'仕事が休みで寝坊してしまい、慌ててゴミ出しに行ったらもう収集車が行った後だったので、大人しくゴミ持って帰ろうかと思ったんだけど、ゴミ出しに厳しい掃除のおじさんが笑いながら、ゴミBOXに入れてていいよって言ってくれた\n毎朝おはようございます！って言っといて良かった…挨拶は大事だわね'
収集,'とりあえず真暗ノ記憶クエ早くやりたいから66000まではアイテム惜しみなくガンガン使って戦力あげるぜ…多分あれキャラもらえるよね？キャラの衣装めちゃくちゃドストライクだから早よゲットしたい…そんで真暗パーティ組みたい…←収集癖に火がついたオタクw'
収集,'@xx0409x いやーわからん〜\n織田裕二が来なかったから阿部寛になった織田裕二は自殺したんだけど、その新しい方の織田裕二がどうなったかはわかんない、、もしかしたら違う未来があって次の話に繋がってくのかもね、、\nきよ結構ちゃんと… https://t.co/Z4usjulgZU'
収集,'昨日の高見沢さんのファミリーヒストリー長野の図書館や大学など色々な場所で資料収集などして番組を制作して下さったことがすごく嬉しかった😭ファミリーヒストリーお便り送れるページがあると知ったので感謝のお便り送ってきました😆\n桜井さんや… https://t.co/d3aQOlUVVp'
収集,'ゴミ収集の仕方とかしらねー！'
収集,'P4、ゲーム履修前は一応ルート収集マンとして恋人ルート全制覇しようとしていた時期もありました。\n陽介が好きすぎて無理だったのでP3では完遂したいです。'
収集,'昆虫収集するフォロワーさん！\n\n自分で持っているもので大切にしたり、特別だと思ったり、希少だと思う昆虫を教えてください！'
収集,'@mofumofu3648 つぎは遊郭がそれのイメージになるかもですねぇ💦\n\nあわわ、朝からお目汚しを💦💦\nもっと収集率の高い方をフレンドにお迎えしないとですにょ💦💦💦'
収集,'@yunyuntan12 慣れない情報収集に疲れたよ…\nめろりおつかれ…😇'
収集,'うーんやだなー\nせっかくの座談会、誰にもあの鉛飲んだみたいな重たい気持ちになってほしくない〜〜\n情報収集くらいの気持ちでドライでいこうそうしよう'
収集,'収集癖がついてるからトレカコンプしたいんよな〜'
収集,'え、ダフトパンク解散マジ？(劇遅情報収集)'
収集,'@aoGDOaFLVw6pZDU 旦那さん漫画好きなんや😄\nでも、収集となると場所取るね😅\n馬車馬😂😂ヒヒーン🐴'
収集,'話題が豊富。\n\nモテる男性は、女性が喜ぶ話題を豊富に持っていて、\n\n相手の女性に合わせて選ぶことができます。 \n\n芸能ゴシップ、流行のファッション、新しくできたレストラン、温泉旅行などなど。\n\n こうした情報に敏感で、常にアンテナをはって情報収集をしています。'
収集,'私Twitter初めて半年くらいなんですけどまじで始めてよかった、情報収集できるし、極めつけはめっちゃおもろい人いっぱいおる、最高'
収集,'たった2日でこのクオリティ。多分ネタは前から仕込んでたんだろうけど。データ収集能力半端ない\n\n【特撮】『魔進戦隊キラメイジャー』サブタイトル元ネタ全解説！【東映映画】 https://t.co/n7BwoFXUgj @YouTubeより'
収集,'・ひたすら野良でタンク練習。勢いって大事🏃真ビスで遊んでからの討滅ルレでラムウ、ナプリアレスと初挑戦が続いてタイタン、最後に怒涛のリットアティン三連続で当たって流石に可哀想になってきたので切り上げました()\n\nあと収集品開放したの… https://t.co/DbtIWu5aAY'
収集,'@1985kanazawa 拘束時間が長いからそれに耐えれる忍耐がまず必要w\nキャラ愛や収集癖がある人は楽しめるかなw\nゲーム内では他プレイヤーとの交流はクエストの同行者の役割以外とランキングしかないけど、ディスガイアRPGのTw… https://t.co/IWmitMo2Vx'
収集,'ブログの方のアイコンを萌え絵で無い無愛想な鬼太郎の猫娘にしており、実際対面で会った人の外部評価は猫っぽいようなのだが(羽鳥とか石川さんとか)子供の頃とか猫より中上健次に似てたし何で猫顔になったのかも何故寛いで居るときも猫的人相がデータ収集されてるのか解らないし原稿はクオリティの'
収集,'古くからある村落共同体の中に生きる普通の人々である常民の習俗を収集し、それを読み説く学問である民族を提唱し、民間でしょうの記録を呼びかける……柳田国男'
収集,'今月の給料じゃやっていけないなら来月の為に情報収集→\u3000https://t.co/mShz6Jqz8N'
収集,'確かに自分は外国人だけど日本語使ってゲーム実況しているけど、できれば「外国人」で伸びるじゃなく、ちゃんと「面白さ」で伸びたいな。でも再生数は相変わらずってことはまだ全然足りないってことですね。\n\nゲームでも本でもいいからまずは文章読みの練習、そして情報収集するわ。'
収集,'「辺野古に遺骨混じる土」政府に人道を問う\u3000戦没者遺骨収集の男性、ハンストへ（琉球新報）\n#Yahooニュース\n https://t.co/qDAfagNEa1 \n\n通常、表土は貴重な資源で、主に心土が埋め立てに使われるのでご遺骨が… https://t.co/p5dli56BoZ'
収集,'桜の木のエネルギー収集うまくいかない〜！！今までで一番死者が少ない結果だけど！！'
収集,'来年度のごみ収集カレンダーが届いていて動揺を禁じ得ない'
収集,'情報収集ならこのわたくしにお任せですわよ！戦うのが苦手な分、そういう事には長けていますの。'
収集,'収集品釣るのが案外一番楽かもしれない。わりといい調子。'
収集,'@tom_0411 戦闘に及ぼすデータ収集の為だって言い張ったら納得してくれそう…！！とむさん感想ありがとうございますっ🙏！！！'
収集,'クレスティーユクリアした。何年越しか分からんエンディング見れた。ようやくです。あとはトゥルーエンド目指さんなん…。その他もろもろの収集も…。'
収集,'#さ行に人生で1番要らない人物がいる \n\n最高\n収集品\n数\nせーの\nその'
収集,'@nanaki_pg おぉなかなかの収集癖ですなぁ！'
収集,'通算135時間以上、これだけハイラルを駆けずり回っていてまだ収集要素が450個残っています\n#ゼルダの伝説 #BreathoftheWild #NintendoSwitch https://t.co/WYUpS8i4kH'
収集,'@tora_0828\nフォロワーさんとかと仲良くリプを送り合ったりしてるのを楽しく見させて頂いておりますｗ変人かそうじゃないかで言ったら確実に変人枠(というかTwitterには変人しかいない気がする)面白い動画とかコラも流してくれ… https://t.co/SLEpcOFIcI'
収集,'トヨタ開発のスマートシティ、公用語を英語にする目的は？技術開発のためのデータ収集と関係あるか？\n#wbs'
収集,'すごい！キレイにデータ収集できてますね...😳！\n\nそして、部位によって全然栄養素違うんですね...🙄（笑）\n\n人によって応用する分野・テーマが違っていて面白いです😊 https://t.co/yKZCHoX67k'
収集,'ランキングにしろ収集にしろ終わりなんてないんですよ\n\n(hikiraramagi)'
収集,'@WHITE_ROOK2 集め切るのはやくね？\nメダルで交換できるんだっけか\n収集速度びみょい\nでもやっぱ星4A2ほすぃー！'
収集,'@chibigacha 美味しい情報いっぱいありがとうございます🙏やっぱり行くなら平日の早い時間ですよね☺️行ける日を楽しみに、それまではがんばって情報収集します💕'
収集,'たかひろさんの記事が載ってる過去雑誌をちまちまと収集してたけど、キンドルアンリミテッドとかに加入したほうが良いんじゃないか？という気づきを得た...(遅い)'
収集,'しゃしん収集で有効なのは、1日1回の話しかけとプレゼントです✨ プレゼントで低価効率を求める場合は自島以外の果物2個をラッピングしましょう♪もっと早く効率が良いのは青or金のバラのリースをラッピングプレゼントでオススメです♪ #あつ森 #取り放題'
収集,'やっとプラブナ収集終わったぞーーー！！！'
収集,'情報収集用にはじめました！よろしくお願いします。'
収集,'@Yodobashi_X 今使ってる古いサイクロン掃除機はゴミを捨てる時にチリが舞うから外に行ってゴミ袋に捨ててるから自動でクリーンベースでゴミを収集するのはありがたすぎます👏🥳\n\n仕事行ってる時に掃除してくれるなんて、お手伝いさ… https://t.co/Moqfs7salK'
収集,'イチオシ鯖はサポートに置いてないからフレンドさん達に主張する機会はないが、これまた運営のデータ収集用にプッシュ設定しておきましょうかね。さあビリー君、このバッヂをつけるのだ。'
収集,'まあ『TENET』観てからほしい場合は収集目的じゃないから、汚ければ汚いほどいいという面もあるな'
収集,'65歳以上高齢者のワクチン接種、4月12日から(毎日新聞)\n#Yahooニュース\nhttps://t.co/P65INIH911私はワクチンの接種をしたくありません。まずはワクチンの情報収集を。その上で必要か不要か自分で考えてみて… https://t.co/37lRmx6HYd'
収集,'私が化け物だったら綺麗な目を収集するやべータイプのやつになると思う'
収集,'勤務先の教育訓練が、非正規従業員が正社員の半分と統計されて\nいるとのこと。情報漏洩や技術流出への対策もあるだろうから、\n外資系や移民系の情報収集や技術掠奪などの侵略行為に加担して\nはいけない。２０２１年２月２４日日刊工業新聞２面。… https://t.co/iaxFbmWlTZ'
収集,'Twitterで急に栃木県をフォローしてうんぬん出てきたけどどういう基準なのか。ところで大阪でゴミ収集が23時過ぎなのにびっくりしてるんだけど、こんなもんなの？\n埼玉、千葉、東京、神奈川と住んできて朝じゃないこと無かったんだけど・・・。地域によるのか？'
収集,'エロ画像自動収集ツールというものを考えた事がある。肌色のRGBを範囲指定して、その範囲の色の割合が多い画像を自動で保存するクローラーである。テストコードを組んでwebキャッシュで動作確認をしたところ、主に、ニュースサイトの大相撲の画像が抽出されてきたため、実用化はされなかった。'
収集,'臨床現場にいないからこういった情報収集をもとに考えていってるけど、本当に大切な変化は現場にあると思う。\n\nそしてその大切な変化は些細な変化で、そこに気づけるかどうか。 https://t.co/j4QXOAdUlW'
収集,'某インフルエンサーさんのフォロワー、ほぼプロフがない。このフォロワーさんたちは情報収集アカと思われるが、果たして購買層になるのだろうか？\n単純にあんま人気なさそう。'
収集,'フルーツ狩り、名刺収集、明晰夢、模型、野球・草野球、野球カード、野球観戦、野菜ソムリエ、薬きょう、油絵、癒やし&amp;食、猶本光、遊園地、羊毛フェルト、落語、料理、歴史めぐり、恋仲、路上パフォーマンス、朗読、和太鼓、腕時計収集、櫻井翔、爬虫類飼育、瞑想、北海道、青森県、岩手県、宮城'
収集,'@fukazawa_baby5 オタクは経済回してこ🥺💭(笑)\n収集癖やめたい。(笑)\nそーなの！でも担当は違うの！🥺\nたいへん！でもマイペースにやってるよ〜🤤'
収集,'@AiHo410 いいと思う！！\nオタクって収集癖あるしあるだけ嬉しいと思う😂(偏見しない)'
収集,'@m_k_StPrinu 最高決めちゃおう🤣みおりちゃんと3人で日と場所決めてその日OKなりぬりす収集かければいいかな(？)'
収集,'最近PCしょっちゅう【問題が発生したため、PCを再起動する必要があります。エラー情報を収集しています。自動的に再起動します】出てくるんだけどこれやばいのでは……。'
収集,'情報収集って難しいんだな'
収集,'@spica_9648rin 大丈夫よ！！！まだ、グッズ収集まで手を出せていないから！せーんきゅーっ🥰'
収集,'忙しすぎて情報収集出来ない'
収集,'【生放送】発売したからクラッシュバンディクー4 とんでもマルチバースやっていくよ#144（プラチナトロフィー収集編#36） を開始しました。 https://t.co/TTjxUjQZ1n #lv330667501'
収集,'練習もかねてロゴ作成…だめだ～～～悩み過ぎて収集つかなくなってきた\u3000明日以降またいじります…ｸﾞｯﾅｲ https://t.co/wQGjcmHXwZ'
収集,'@fuyu_showgun46 収集癖は物語中のカラスのタップの数？？かな？？？それ以外は知りません(丸投げ)\nｮｩｼﾞょ＞イケメン🥺'
収集,'本日も当社サイトをご覧頂きありがとうございました。日々売買事例を更新し、成約事例として情報収集し売却版サイトに反映しております。販売事例一覧も日々更新しますのでチェック頂ければと存じます。https://t.co/eF8tUeYrv9'
収集,'@machi4039 自分も身の回りの情報収集を感度高くするしか出来ませんが、Twitter上でも見守ってくださる方がいる事は心強いです✨\nありがとうございます✨'
収集,'きょうはバヌバヌモーグリ（しばらく日課にしなければならないやつら）に園芸の収集の方の素材にグンヒルドにと結構いろいろした感'
収集,'@BOBmiyama これですかね笑笑\n\n確かに美しいですね～\nこれもいくら収集しても飽きないですね https://t.co/H5lu2IcVZC'
収集,'てかはよ大学の垢作らなよな、春から〇〇ってやつ、情報収集にとりあえずやっときたい'
収集,"'@nasken_jp @CCkeyboard 爆笑🤣🤣\n""CCさんのカバーで情報収集""←これ、わたしもです(*ﾟ∀ﾟ人ﾟ∀ﾟ*)♪'"
収集,'😅💦断捨離してました\n車の後席倒して不燃物＆燃えるゴミ満載で1回目。\n2回目は後席を元に戻して段ボールや40冊ほどの漫画など資源ごみを有価ポイントの貰える収集施設に運びました💪\n＃資源ごみ https://t.co/MqaCtdoWSy'
収集,'最近配信イベント多すぎて収集がつかなくなってる'
収集,'@sashiblog サシさん〜😭\nサシさんも家族みたいなもんなので心配です😖\n\n情報収集とか手伝えることがあれば何でもいってくださいね💪\n\n例の件はいろいろ落ち着いてからで大丈夫ですよ😆'
収集,'@ayapu04 あやぷちゃんこんばんは☺️🌸\n私もTwitterは情報収集の為に見てるだけだったから自分が感想ツイートとかすると思ってなかった(笑)ましてや推しにリプなど…🤦\u200d♀️\nあやぷちゃんとたくさんお話出来て私も楽しいです🥰こちらこそいつもありがとう😭💕'
収集,'@MAlk5NWDhPiqf59 @ibonibon0312 （今日の集まり並に話の収集つかねぇ）'
収集,'国内有数の「ゲイタウン」新宿２丁目をクリーンに\u3000カラフルな収集袋でごみ出し意識を改革 (東京新聞) https://t.co/LTg7av0Hb5 #linenews'
収集,'【失敗談】情報収集編\n・ビジョン・理念だけ見て足元固めの情報収集をしない\n学生が企業の内部情報や就労実態を知るのは難しく、丹念に情報を収集しても限界がありますが、それはやらない理由にはなりません。OB訪問が奨励されるのは、可能な限り具体的かつ真実に近い情報を仕入れるためです！'
収集,'@monuu_ii 元気！！って感じが伝わるんですよね💕\n収集するの選ばないとどんどん増えちゃいますしね😅\n癒しを与えれてよかったです👍'
収集,'刀剣収集３６口…普通ですね'
収集,'まーたトーク収集癖つきそうやな'
収集,'そろそろDL民が動き出す時間になるけどここまではある意味じっくり情報収集出来てるって考えると有利になるなｗｗ\n #ぺこらいぶ'
収集,'㈱リサイクルクリーンは、静岡県及び浜松市から収集運搬業・処分業の「優良産廃処理業者認定」を受けております。 https://t.co/CfDUUCQbKo\n＃産業廃棄物\u3000＃優良認定\u3000＃廃棄物\u3000＃ごみ\u3000＃廃棄物\u3000＃静岡県\n＃浜松市 ＃リサイクル'
収集,'★デベちゃんの特技：情報収集と記憶力。趣味：まだない。\u3000https://t.co/24O9IOy2xG\u3000#facebook\u3000#プロダクト戦士\u3000#idea #アイディア\u3000#ものづくり\u3000#新商品\u3000#秘密'
収集,'ホイール前回転で収集いいね\n宝箱が開いてくれないのはバグだろか？\nマウスのサイドボタン二つ押し分けるのはなんか辛いので、手前だけ壁に割り当てといた/\n【極秘】ネフライトさんにキーマウ最強になれるボタン配置を教えてもらったので公開し… https://t.co/SEUwZw2Moj'
収集,'こないだライブで聞いた話。1クールとか2クールで終わるんじゃなくて、長く続く予定らしいよ。時代樹としての出番はまだあるって。まあ、かなり長く続けないと収集つかないぐらい風呂敷広げてるよね。'
収集,'春学期から半分対面になるようですしまた大学通い始めたら友人関係も色々出来てくると思います！\n就職不安なのは皆さん同じでしょうから、今から少しずつ情報収集してみたりしましょう。 \n案外何とかなりますので…\n\n続きは質問箱へ… https://t.co/hxwESG2zFW'
収集,'福岡のゴミ回収って夜だからゴミ収集車がいっぱい'
収集,'邪悪な気配がするメポ！急いで情報収集中。'
収集,'今日は眠すぎてやるから出ないから情報収集に勤しむ'
収集,'カイルのバッジ、どんなのだろう🤔\nとにかく各1で収集しよっかな(*´ω`*)\n\nそれにしても参加人数多いから大変だろうなー'
収集,'@lidges ライブ曲収集に特化すればあるいは。PvPは危険'
収集,'鉄印帳かあ。確かに収集欲がそそられるかも。\n\n「大ピンチ!鉄道業界に現れた救世主!?」 - NHK https://t.co/KosamRgp9O'
収集,'atomタブを情報収集用にしてみた。このぐらいの画面サイズは良き https://t.co/mAeJqW3IxG'
収集,'メドゥーサ 4\n情報収集のターン！\n秘密通信でやるってことは、密命とかに関わる情報が出るかもしれないってことかな。\n集合の音頭を取るPLが必要だったがために犠牲になったrbさん。南無。\nknさんは全力で冤罪晴らしたいんだろうなw… https://t.co/w3i1kwhR94'
収集,'@microcolony ヘビボ収集進捗'
収集,'@EstelleLeroy_ アルが阿鼻叫喚で収集つかなくなりそう…🤦\u200d♀️\n\n🎷｢レネ先輩大丈夫？ずーっと下腹さすってるけど｣💻｢2日目でな｣\n🎷｢そっかぁ……え？｣'
収集,'大学入学を控えて、情報収集や同じ大学で学ぶ方達と繋がりたいと思い、はじめたTwitter。\n中々うまく使いこなせず、大学についても先が見えず不安だったけれど、繋がった方達から温かいアドバイスなどをいただけて感激しています😭✨\n勇気を出してTwitterはじめて良かった🍀'
収集,'リモートポケカとか気になるけど、ポケカ初心者過ぎてなかなかハードルが高い…\n\nというか可愛いorカッコいいイラストのカード収集が楽しく、それだけで満足してそもそもデッキ組んだりすらしてないし笑。けど、いずれやってみたいなぁ…楽しそうだし！'
収集,'@ptgwjdwpakntx うん、収集癖だから…'
収集,'#今日の積み上げ \n☀︎情報収集\n☀︎たにぐちまことさんのBootstrap 入門\n☀︎動画みて写経\n\n今から韓国語します☺︎ みなさんお疲れ様です〜！\n\n#プログラミング勉強中\n#駆け出しエンジニアと繋がりたい'
収集,'芋虫を収集する黒いやつをみちみちにしてやりました。'
収集,'@Uessdeyfanwojd 愛というより、オタク特有の収集癖があるだけです...😅'
収集,'牧場物語をダウンロードしてプレイできるまであと数分。\n\n情報収集してたけど、なんかのんびりやってても周りは結婚しなさそうですね！！\n\n推しが来ても来なくても色んな人の好感度あげといて損はなさそう。楽しみます。'
収集,'ドゥバイヨルくんも買ってたんですね…\n缶出してくれたの嬉しくて買ってしまった…缶収集癖が… https://t.co/KznjtqGAlM'
収集,'「ブログネタが無い時におススメ！！googleアラートを使って情報収集！！ - 眼鏡サラリーマンの節約・投資生活！！ 」 https://t.co/Ug8l2bIsLA'
収集,'大智くん収集癖ありそうなのに\nないの意外(？？？)\n#関内デビル'
収集,'・先輩とユニバ行って遭遇したオタクが「先輩の後ろに隠れちゃった某くん可愛すぎる」とツイートし鬼バズる\n・島動画でよく分からん収集物紹介する\n・ケータリングではテリヤキバーガー好む https://t.co/oRRzxuPlJ5'
収集,'@ura__aini こんばんは、検索から失礼致します。当方画像1枚目のものを所持しております。印をつけさせていただいた品物との8⇄8の交換は可能でしょうか？北、リエーフは友人分になります。デザインにより大将も収集させていただいて… https://t.co/Rj9XKjAbid'
収集,'@mame_pika 情報収集としては割と優秀でした(笑)'
収集,'基礎マスター 法律基本科目 刑事訴訟法 I 14〜15をWebで受講。\n\n引き続き物的証拠の収集で、強制採尿とか出てきた。\nで、物的証拠の収集が終わり、供述証拠の収集に入った。'
収集,'この先、収集日が有効だ'
収集,'@HANO_con わかります🥵お仕事してTwitterで情報収集してたらあっとゆーまに一日おわっちゃう、、！すこし集中して仕事してると供給についてけなくなっちゃう🥵'
収集,'＼経済ニュースをもっと楽しく便利に／\n✨ニュースサービス日経落合✨\n\n✴️すべてのコンテンツ読み放題\n✴️情報収集を圧倒的に効率化\n✴️アプリで、もっと便利にスムーズに\n\n🔻日経電子版1カ月→2カ月無料🉐\n（申込期間 2021/2… https://t.co/i81BbRzA61'
収集,'最近色んな方のdiscordで仮想通貨の情報収集している。ただ私から提供できる情報は特にありません。\nこの場をお借りしてお詫び申し上げます。'
収集,'ﾅﾁくんもホストで仲良くなった女性がいるとめっちゃ聞き出してくるﾍﾟﾙさん\n｢ああいうのがタイプなのかな｣ってﾅﾁくんは誤解するけどﾍﾟﾙさんは取られないように相手の情報収集してるだけなんよな'
収集,'セミナービデオなど、講師の話し方にもよりますが、「えー」「そのー」というような部分を削除する「ケバ取り」を行うと、長さが2/3くらいになることもあります。\n話し方そのものが売り、という講師でない限り、ビデオはケバ取りして短くしましょう。見る人の目的は情報収集だからです。'
収集,'@moteru_deai 懐かしや吉原☺️\n当時は情報収集大変だったし店舗がありすぎて選ぶの大変だった😅'
収集,'もったいないジャパンでは「思い出回収事業」をスタートいたしました。故人が集めていた収集品や、施設に入るために処分をしなければいけないものなど、もったいないジャパンに寄付をしていただければ大切に活用をさせて頂きます。面談をし、できる限り希望の活用方法を実現させていただきます。'
収集,'@ic_choluv6 スカパーはさすがに隠せないなーと、思ってテレビ買い換えるか、スカパー観れる設備が欲しいと申し出たら却下、、笑\n腹いせにまた違うの買おうとしてる😇円盤収集癖があるから円盤は増えてるのバレてないんだけど🤣夢のバンタン生活、、まだまだスマホの小さな画面で過ごす😭'
収集,'@kwsm08 シリーズ展開していたのね…！！ではまずはアニメから入ろうかな…！それから本の方を収集していくぜ…！\nありがとう☺️'
収集,'いやまぁでも意味があったとしても普通に迷惑なのでアカウントは分けてほしい。ゲームの公式Twitterフォローする意味なんて新規イベと新規ガチャの実装情報収集する以外にほぼないので…。'
収集,'#情景描写\nごみ収集車 https://t.co/1IAxzSbNUB'
収集,'@teikado 謹んでお受け取りします🙇\u200d♂️\n\n→改名しておきました。\n\u3000期間限定かも？🤔\n\n変更前:パユ ||| タイ旧札収集🇹🇭🇯🇵'
収集,'いちやじろよりもさぶと接触する率が高いのはなんでなんだろって思ってるんだけど、さぶの能力というかIQの高さ、データ収集が得意って部分が父親譲りならそこに目をつけてたりするのかな…そうだったらヤダな…'
収集,'ビリーくん、ヨシキの声帯持ってるから可愛くてしょうがないんじゃよ あとグレイくんにも積極的にコミュニケーション取りに行ってるのも可愛い 恐らくは情報収集のツテとしてなんだろうけど'
収集,'明日は段ボール収集あるぞ！忘れるな俺！w https://t.co/jeOXDhlKQ8'
収集,'R2の5円は収集対象にしますか？？\nおそらく僕はしないと思います、\nんーでもどうしよう、微妙'
収集,'#ツイッター住民票\n生\u3000息：2020年2月25日～\n種\u3000族：諸多族\n現住所：ショタ村\n職\u3000業：抽選及びプレゼント情報の発信、収集\n性\u3000格：圧倒的な新しい性格\n一\u3000言：「（ピーッ）」\n\u3000顔\u3000：（ピーッ）… https://t.co/uzH3i49bJz'
収集,'やっぱ事前に情報収集するのは必要なんやなって'
収集,'【PFMOH】洞窟に潜む収集家【商人】 | カゼノキ #pixiv https://t.co/E6FV9gIkyy \n素敵ぴくふぁん鳥さんを見かけたので宣伝する'
収集,'アナログ映像機器の触感\u3000Vカメラなど収集し博物館\u3000: NIKKEI STYLE https://t.co/Yn5rdx5E62\n登別に行きたい'
収集,'@__38yn 何回も挙式開催しすぎて収集つかないパラダイス銀河なんだけど早く抱きしめたいので近々セルカあげてくださいな？(聞き方の癖)'
収集,'@BOBmiyama そうですね\n\n特に日本は韓国にもない種も、亜種も多いし収集する時に毎度驚いてますねｗｗ'
収集,'転職する為の情報収集してるんだけど、意外と大卒以上が多くて泣いてる'
収集,'独特な人生歩んでるから価値観合う人がいなくてしんどいのが本音。ヲタ垢やってる意味が分からんのや。もはや情報収集'
収集,'陰謀論に傾く人の気持ちが分かる気がする。MM Tのような合理的で疑いようの無い、考えれば理解出来る事実を、情報収集する環境がしっかり整っている議員さん達が理解出来ないはずが無いと思うから、だと思う。'
収集,'俺普段グッズ買わん人なんだがポのは収集しようと今心に決めました。'
収集,'「リコールの請求代表者たちは、署名収集の前に公報で請求代表者の住所・氏名が公開されることすら知らなかった」 https://t.co/iwebua1bMa'
収集,'米軍機の低空飛行。情報収集や指揮命令のために飛行していると\n考えられる。誰か米軍と無線交信している相手方が近辺に潜伏を\nしているのだろうか。質問しても回答が得られることは無いので、\n無線傍受で調査するしかなさそうだ。２０２１年２月… https://t.co/yC9dJs5AmK'
収集,'今日は本番期間中ステージの休演日。しかし‼️休みではなく……朝から稼働して、夕方からはビジュアル撮影。先ほど無事に終了👍✨プロの皆様、本当にさすがですっっっ‼️\n\n宅録可能な知り合いナレーターのボイスサンプルを収集しよう‼️と思い… https://t.co/3mLXBZn2gH'
収集,'特にNoCodeエンジニアは、技術力よりもいかに1人のお客様を満足させるかで次が繋がりますね。\n\n❶競合や良事例収集\n❷日々の対応の丁寧さ\n❸できる事のキャッチアップ\n\nShopifyサイト作れます。では弱くて、お客様の課題に対し… https://t.co/PK1v6R3QAt'
収集,'@materialgto どうやらNHKに問題があるというよりは放送法に問題があるようだし。ただNHKもこの強引な手法を改めないと、今はいいけれどもスマートフォンで情報収集が事足りるこの時代で受信能力を持つ機械自体を購入しない、持… https://t.co/W9PrK0aoub'
収集,'@hatyoooon ネットニュースや雑誌、テレビで情報収集と合わせて自分の興味を掘り起こす作業してます😆✨\nそういえばこれ気になってた！これ書けるかも！って意外と忘れがちなので☺️こんなとき、何でも書ける雑記ブログは助かります♬'
収集,'電気を点灯させまくってめちゃくちゃ派手なヤン車おるやんと思ったらゴミ収集車だった'
収集,'先月猛烈な掃除をして出たゴミ袋10袋、そのくせゴミ袋をごみ収集所にもっていくっていう行為がクソにがてなのでずっと家においてあったのですが、ついにだそうとおもいます。'
収集,'@mt_Paddy 結構育成難しいようやね🤔\nスマホの容量空ける気無いので3/10までマッタリ待つわよ。とりあえず情報収集だけしとく。'
収集,'@konana21517591 ストレスマッハ(・∀・)\n２往復したでぇ......\n\nなおこの後、収集品のシステムが変わったので今はここまで酷くならない、のかなぁ(｡-ω-)アヤシイ。'
収集,'めっちゃくそチキンなのと社会人1年目が始まるから今年の夏すぐ！\u3000とかじゃなく1年後とかめちゃくちゃ長期に計画立てて頑張ってみようかな……\nとりあえず情報収集と左目の一重を私はなんとかしような'
収集,'スマホを連絡用とオカズ収集用で分けたい\n他はタブレットでもPCでもいける'
収集,'ゴミ収集のおっちゃんの人も言う様に皇后崎のとこほんと頻繁に燃えてんな…'
収集,'@TakuDPT わたしもそれ意味わからずやりました😭\n収集価値あげるスキル回しをネットでググりました🥺'
収集,'見た目は怖いけど、心根は優しいみたいです。\n\n○アキちゃんとの出会い\n雨林に材料収集に行った時、茶屋で働くアキちゃんに一目惚れしました。その時は照れて声をかけられなかったようです。\n\nピアスバチバチでスプリットタンで体に大きな刺青入ってます！'
収集,'スコッティ：エロ画像自動収集ツールというものを考えた事がある。 肌色のRGBを範囲指定して、その範囲の色の割合が多い画像を自動で保存するシステム。 動作確認をしたところ、 ニュースサイトの大相撲の画像が抽出されてきたため、実用化には至らなかった'
収集,'PC前でデータ収集をばーっとやって、寝るまでの時間に推敲作業をする今日この頃。'
収集,'メモリーってただの収集品じゃないんだ！？(あほ)'
収集,'@ayaya_miyu お互いに情報収集しないとだね😉👍\n今日もお疲れでした❤️'
収集,'アドベントカレンダーって開ける時ワクワクしますね☺️\nそして並べてみたらついつい写真を何十枚も撮ってました😂\n\n星にも顔がついてて可愛い😍\n\n#IWAKO #iwako #イワコー #おもしろけしごむ #面白けしごむ… https://t.co/tEboAe8fDs'
収集,'@eiMMaBTYstV1HuE そこはまだ情報集め中です。\n私がわかってるのはcpマップと15階以上のマップで出ることくらいです。\nオーロラでは魂は出ないそうです。\n魂の種類に関してはランダムではないかと思います。(情報収集中)'
収集,'@twilight_mayun わー！セルフカラー！！いいね！😆行きつけの美容院が潰れるなんて…💦たしかに洗うと色変わるよね✨いつも赤系のイメージなんだけど今回はどんな色なの？😄私もライブ等我慢していてもっぱら家にいるよー😅お菓子作りとリリア様グッズ収集、とっても素敵な趣味💕'
収集,'@tos\n収集リスト更新🌸\n\n変わらずイバルは完凸を、それ以外は基本25までを目標💪\nとりあえずカイル・エミルは各1で❣️\n\nマイペースに集めながら、微力ながら相互さんのお手伝いをしたいと思ってます(๑･̑◡･̑๑) https://t.co/UK1yV5vWys'
収集,'787Bはどうやってドア開けようか、情報収集中w https://t.co/8NFBwKysz4'
収集,'本日も当社サイトをご覧頂きありがとうございました。日々売買事例を更新し、成約事例として情報収集し売却版サイトに反映しております。販売事例一覧も日々更新しますのでチェック頂ければと存じます。https://t.co/eF8tUfg2TJ'
収集,'11､脇差！わちゃわちゃ楽しくしていればそれでいい。打刀の闇鍋感も大好きなんだけれど、もう混沌と化していてもう収集つかなくなってきた気がする。'
収集,'投票結果を踏まえまして🙇🏻\u200d♀️\n\n実は幼い頃から、ディズニー（主に白雪姫）が大好きなんです...❗️\n\n（ばあちゃん家にほとんど置いてあるのでグッズは少ないですが）\n\n今は海外パークのピンバッジを収集してます☺️ https://t.co/Yg2Mkq62PK'
収集,'最近、サインよりタペ収集したくてたまらない\nKENZENなやつね'
収集,'#今日の積み上げ \n・ECサイト\u3000調整、付け足し\n・デザイン収集\n\nSP版までいかなかったけど、細部までみることができた。\nバナーの部分だけもう少しやろっと！\n\n他のデイトラ生の作品をみてたけど、同じ課題をやってるのか疑うくらいレ… https://t.co/xNrr5rknIn'
収集,'@waterize24 ゆりちゃ〜〜〜ん🐯🐭🤍\n今の垢が以前にロックかかっちゃったり\n情報とかでツイ流れちゃったりで寂しいから\n普段使う垢と取引&amp;情報収集垢でわけようと思って🥺\n新しい垢でもどうぞよろしくです🙇🏻\u200d♀️💕💕'
収集,'最近とうらぶに沼ってるんですが、\n色々手を出したら収集がつかなくなってます。'
収集,'砂の収集が楽しい。\n #Minecraft #マイクラ #マインクラフト #NintendoSwitch https://t.co/tHFQ72ITl8'
収集,'あんスタは紙類以外収集しない事にしたので明日讓渡ツイ流すと思います…！'
収集,'2021.6〜延世大学の語学堂で留学を考えて準備をしています😣💖❣️無事に行けるよう、情報収集のためにアカウント作りました！無言フォローやいいね、失礼します&gt;&lt;'
収集,'5勤の2日目終了！多職種連携難しい（笑）入居者さんを間近で見てる介護と間接的見てる他職種。なんの情報収集もせんとミーティング来られても困るし、自分で言ったこと忘れられてても困る…\n#介護職\u3000#介護士\u3000#多職種連携'
収集,'走れ、走れ。最後の駅伝のアンカーを務める俺に当時好きだった子がそう声をかけようとしたタイミングで来るゴミ収集車から流れる好きです川崎愛の街\n#川崎あるある'
収集,'@fujimotomomoko @makikatocodeca1 そうなんですよ、いい匂いしますよね！結構しっとりしてて冬に最適なんです_(:3 」∠)_←実はハンドクリーム収集魔'
収集,'ということで、人にもらったネタで記事をあげる(笑)\nでもまあ、意外と知られていないので、もっと興味を持つ人が増えるといいですねえ。\n\nJW ANDERSONとは？ - 収集家のハック https://t.co/IxVqS1gfsY @ms25967360より'
収集,'収集癖が何か持ってきたぞ？\nメモだー！『さぎょうしないとだめだよ』だってさ！！\nこいつ字書けたんだな！スゲーや！'
収集,'常に学ぶ姿勢を持ち、収集した情報を覚えておくことで、賢くなりたい。そして、集めた情報は、個人のものとして保存しておきたい――。それが日本人の考え方と相通じるものだったということです。'
収集,'@UmJCI9fAC5wHsvC そうなんですよね…😭収集と断捨離のバランス、難しいんですよね…\n\nドラマ、ぼっちさんのペースで見てみてください！😆'
収集,'災害派遣部隊指揮官は、任務を最も効果的に達成するため、上級部隊等と連携を図りながら現場の情報収集に努め、部隊の状況を踏まえつつ推移を見据えて適切な時期・場所に適切な人員、装備を派遣します。\n⇒災害時に派遣される自衛官・されない自衛… https://t.co/iqVzXuSCaT'
収集,'久々にプレイしてお金稼ぎして収集率82%まできた！今の頭(オンライン後+無双生放送+睡気)には作業ゲーがちょうどいい(笑)'
収集,'アロはザルだしなんかできそうだから、潜入中週末に情報収集のために行った学生たちのパーティーにてケッグスタンドでさらっと歴代1位の記録を打ち抜き寮の壁に名を残し(潜入が終われば消えるので)学生たちの間で語り継がれる伝説となってしまう…'
収集,'茸狩迷宮の遊び方から情報収集しないと、なんとも分からんなあ。'
収集,'＜生誕メッセージカードについて＞\n皆様ご協力頂いておりますカードの収集期限が2月末までとなります。\nライブ予定も26日、27日（28日はライブ未定）となっており、集めさせて頂ける日も残り少なくなりました。\n\n※代筆ご希望の方も今週… https://t.co/YkDsgf0a5S'
収集,'@XX  あまりにも此方から嫉妬させすぎるとヤンヘラ発動して収集つかなくなります 。しまいにはガン萎えして冷めます。我儘だったり素直になれずに口悪くなっちゃうのは君に甘えてる証拠だよ大目に見てね 。'
収集,'【朗報】やったぜｗアイテム収集イベント「写真館の謎」復刻開催ｸﾙ━━━━(ﾟ∀ﾟ)━━━━!! https://t.co/OosnPgmNAw #ドルフロ #ドールズフロントライン #少女前線'
収集,'いつか対馬行く時のために情報収集してるんだけど、金田城と白嶽行きたいなーと思って動画見てたら、金田城まではめちゃくちゃ道路が狭くて、白嶽は崖すぎて1人で行ったら危険かも、、\n特に白嶽の動画は開いた口が塞がらんかったw'
収集,'声を大にして言いたい、ドルオタするなら中国語、どこの国のアイドルでも中国語！仕事のできるオタクは微博にいる、微博で情報収集できれば速度も守備範囲も画質もかなり広がる'
収集,'最近ギルメンWZ🐷の倉庫整理を見習って自分も整理した。エリクサーいっぱい売った。収集癖が若干あるのか溜め込んじゃうんだよなぁ。'
収集,'リアアカ消そうか悩む🥱💭\nこっちでツイッターやってたら薬剤師系の情報収集は出来るよな～～～'
収集,'【タ】フランス語の「ニ度焼き」が語源の、19世紀のヨーロッパで流行し収集家に今なお人気が高い人形は○○○ドール？○を答えなさい→「ビスク」ドール（☆5）'
収集,'この類のやつで10超えるの初めてだわ\n\n11.謎解き&amp;謎解き制作\n\u3000.クイズ&amp;クイズ制作(主にみんはや)\n\u3000.好みの漫画収集\n\u3000.妖怪ぷに\n\u3000.動画観る\n\u3000.ルービックキューブ(暇つぶしに)\n…こんなもん？'
収集,'【女性限定】Web実験によるデータ収集の案件！※男性は別依頼ページあり。の依頼・外注 | データ収集・入力・リスト作成の仕事・副業 【クラウドソーシング ランサーズ】[ID:3475159]\n\nご参加お待ちしております。 https://t.co/vsosurcCH6'
収集,'好きになったら収集する癖やめてぇ〜'
収集,'【男性限定】Web実験によるデータ収集の案件！※女性は別依頼ページあり。の依頼・外注 | データ収集・入力・リスト作成の仕事・副業 【クラウドソーシング ランサーズ】[ID:3475149]\n\nご参加お待ちしております。 https://t.co/hm9HUqFpy2'
収集,'⑥⑦⑧\n【色】黄色、オレンジ、白\n\n明るい色が好き。黄色とオレンジ可愛いのでその色の小物買いがち。服は白系を好んで着てる。白系ブラウス収集してる。根暗なので明るいお色味の服着てバランス取ろうとしてます。'
収集,'情報収集の時に取るべき態度だ！！！！！'
収集,'あんスタ5周年のぱしゃこれ、マヨイ英智渉を買取で探しております。マヨイ含めてで。最近グッズ収集再開したので交換ではなく申し訳ないですが😢\n缶バッジ マヨイも探してます…'
収集,'@akikaze1032 それともツン気味に一緒に食べようって誘ってくれるんですか！？（ココまで一息）\nえ～～～じゃあせっかくだし遊んでいこうかな～～～～！！！遊びながら密かに情報収集もできるねｯ\n仕事終わったらファーレンくん、帰… https://t.co/21vD7Uokch'
収集,'コロナワクチンの出荷によって経済状況は大きく変わってきています\n\nGWの航空機の予約率\nハワイ便の予約率\nGo toどうなるか\nリア充銘柄への投資\n\n全部理解できていますか？\n\nいつまでテレワークがどうこうじゃ遅いんですよ\n\n日々の情報収集の積み重ねで企業分析レベルを高めてほしい'
収集,'@ashitubonohito いつも骨太の投稿を拝読しております。\n\nわたしは収集癖はないはずですが、これは欲しい。履きたいし、飾りたいです！'
収集,'中学の時から収集した長尾の厚紙とデタカ達バイバイした😇'
収集,'テレビや新聞の言ってることが嘘ばっかりだと気づいてネットにくる。\n↓\nネットで情報収集するも、情報を喧伝している発信者へと依存の対象を変えるだけ。\n\nこの二重のシステム、本当に良くできてる。悔しいが心理誘導が巧すぎる。常に疑い続けることは体力的、精神的、時間的に困難だと痛感する。'
収集,'CRを完全に諦めるとしても、収集対象のカードが多すぎなー…\n対戦イベントで枚数がボッと増えた辺りから、取引募集には応じようっと\nそれまでは、フォロワー相手に何気なく問いかけるスタイルで'
収集,'初めて海外行った帰りに免税店でウォッカを\nお土産にしました\n私はひと口しか飲みませんでしたが美味しかったです\n\n私ツイッターは読書と国際政治について情報収集しようと思って始めたのですが\n\n今は映画やテレビやねこも入れてツイートして… https://t.co/1ZKI9yaqnm'
収集,'一応置き持ち出しておくと、情報が一切ないのでノーコメントです。気になる人は運営とか別角度から情報収集してみてもいいと思う。多分出てこない気もするが。\n強いて言えることは、スゥちゃんは今もエゴサしてる可能性が高いってことだ。あの子元々エゴサの鬼だったから'
収集,'→保育園の情報収集を夫が担当する→産後クライシスの本を読む(産前産後の恨みは一生ものと心得る)→前もって必要なものとかはそんなにないから、産まれる前にいちばん大事なのは夫婦ふたりの時間を楽しむこと、美味しいディナーとかへ行っとけ！\n\nという感じ…！'
収集,'情報収集という名目でTwitterを見る時間が長くなってしまったが、こんなことやってても長い目で見て成長しないわけで…\nってことで、ディープラーニング(研究)とサッカーをしつつ、のんびり株の勉強をしていくという結論になった。'
収集,'@M1114K0101 あー✨✨✨そういうことね！\nシリアルだいたい期限ギリギリに確認してるくせに、こういうのは対応枚数買うの収集癖だな😑\nありがとう！'
収集,'ふぅ。Instagramのfollowを少し整理した。自分の興味が変わったのを感じたから。必要な情報に絞る。後は本当に仲の良い知り合い。私にとってインスタは仕事上の情報開示であり、情報収集の場。不要な上部だけのつきあいに時間とエネ… https://t.co/S4dl7ET3AU'
収集,'@soos_ss214 メルカリめっちゃ見張ってるんで今後も見つけ次第伝えますww\n収集頑張ってください🙌'
収集,'タブレット端末が変形して銃になるやつを持ってる。\n一般市民に紛れているけど、情報収集の為である。\nハイヒールのカカトにナイフを仕込んでそう。 https://t.co/Gh18kTgnSy'
収集,'素材収集とかオブジェクトに触れるだけで取れるように修正したいな？'
収集,'あんすすみゅさ、育ってない星5渋滞してて収集つかん'
収集,'好きな作品をいっぱい見せてもらえて幸せで涙がでる……\nわたしも収集していこ…そばにあるって嬉しいよね…'
収集,'テッドの迷宮\u3000キャラ作り直してレベル５でアイテム収集状況こんくらい\u3000そろそろ下のフロアいけるのかな https://t.co/ovQ4FuHmXc'
収集,'Twitterやってる＝「情報収集したい」はまあ当然として承認欲求も満たしたいというのが大半の理由だと思う\nどんな内容でも自分の呟きにファボ来ると満たされるやん？'
収集,'✖✖━━━━━━━━\n˗ˋˏ   #今日の積み上げ  ˎˊ˗\n━━━━━━━━✖✖\n\n【DAY 5 】\n💥情報収集\n💥予約投稿用Twitter作成\n💥読書\n\u3000└昨日と同\n\n学習すればする程、分からないところが見えてくる〜👻👻\n明日… https://t.co/wslfTte6oF'
収集,'バトンのやつ、”絵”じゃなくて”画像”だったら（広がりすぎて収集つかなくなるけど💦）文字書きさんとかレイヤーさんとか写真撮る方で回したい方々がいるのよぉぉぉぉぉ！！！くぁぁ！'
収集,'あと16曲！収集癖全開っす。\n177曲の一流のHIPHOPビートを初心者が乗り越える気概で塗り替えてく暮らし。\n始めます。'
収集,'ネットビジネスを始めると色々なメールのやり取りをする事になります。中にはメールアドレスを収集するのが目的のメールも混ざっている事があります。こんな感じのメールです。https://t.co/tAvTOUNJHl'
収集,'@vanh__08 初めまして、こんばんは。\n検索より失礼致します。\nこちらの虎杖を定価にてお譲りしていただくことは可能でしょうか？\n当方未成年ですが都内手渡し可能です。\n難しいと思いますがご検討よろしくお願い致します。▼伏黒恵\u30001年ズ収集のため'
収集,'@JUGGLERzyasin 瀬奈)そうねー…ん？(キラメイチェンジャーからコール音がなる\nごめん、ちょっと待ってて💦\n(応答中)\nごめん蛇倉さん💦ちょっと収集かかったからそろそろ行かなきゃ💧'
収集,'たぶん私の定義におけるマグナ2完成の8割は扇風機収集率にかかってる(火水放棄土ハイランダーマン並感)'
収集,'（・・・スマフォで情報収集なう。）'
収集,'私は天才的な経営能力の持ち主など存在していないと考えている。問題は競争に勝つ努力をするかしないかである。その努力を担保するのは、「発想の先見性」と「知識と情報収集力」、それに「洞察力」である。\n(マクドナルド\u3000藤田田)'
収集,'ゴミ収集車 https://t.co/dkpjhfc8bu'
収集,'【一般学生団体の方へ】新推委と3系の負担増のため来年度新歓祭本祭は一般学生団体はポスター＆ビラのみとなりました。https://t.co/ZHKv3C2PK6\u3000これを機に一般学生団体の今後を考える会を立ち上げ意見収集する場をつくり… https://t.co/J5vQL4jZcr'
収集,'限定50名だけですが、「完全無料」で体験！！\n※先着順なのでお急ぎください\n※50名のダウンロードが終わったらサイトは閉じます。\n「現金自動収集」←体感してみてください。\nhttps://t.co/QygWp5lIFu'
収集,'スズネは収集イベだったから神級追加はマオだけか\n金モンク集め放題'
収集,'【狩猟の皆様、標本収集者の皆様】\n草食動物ですが、標本とシカなどのお肉用にストッカーを探しています🐐100㍑以上でこれよかった〜とか、これ使ってる〜とかあったら教えていただけないでしょうか。-20℃もあれば…。\nいまのところ、三菱… https://t.co/W5O9dCfpL5'
収集,'【実話】死体収集家の1日。イケメンばかり集めて…まとめて煮込む。 https://t.co/N8KAGFRSsw @YouTubeより'
収集,'@ecoyuri 公共事業だからと言って夜間騒音工事で環境権長期間侵していいわけでない。訴訟のための証拠資料収集中である事を肝に銘じて工事したまえ。何ら周辺住民に配慮もなく、説明もなし。'
収集,'F1主要情報のまとめサイト「F1超まとめ」です。最新F1情報をまとめています。F1情報収集にお役立て下さい。 https://t.co/zniEepbgR9  #f1jp'
収集,'与那原町\n町史編集員\n\n町史編纂業務（資料収集、聞き取り調査等）\n 月額：１５３，９０９円～\n 学芸員資格所持者\n\nhttps://t.co/xYw7s3Rgwh'
収集,'最近ルンバの調子が悪い。4時間で済んでいた掃除が7時間経っても終わらないし、目の前のクリーンベースに戻れなくて電池切れしちゃう。昨日からクリーンマップも作れなくなった。まだ買って半年。ルーロに買い替えようかなあ。でも勝手にゴミ収集… https://t.co/Jpz4tzK1iF'
収集,'@nonnon64016658 開けれちゃうの凄い😍😍😍襟もきちんと立っててそのままですね😂\nぜひ腰巻してみてください😍✨\n天地さまと腰巻さんとリンク挨拶と…あちこち手をつけて収集つかなくなってます、頑張ります😱💦'
収集,'情報収集も兼ねて就活アカ始めます❗\nほんとに就活始めたばかりの激焦り出遅れ22卒です。何していいか分かんなくて不安すぎるので22卒のみなさん良ければ仲良くしてください🥺\n#22卒 #22卒と繋がりたい #就活生と繋がりたい #就活仲間募集中'
収集,'解像度の高い情報収集のために拡散希望なんだけど、アイドルマスターシンデレラガールズで『オンリーマイ』と名のつく肩書のカードが実装されてるアイドルって誰がいる？\nできればエピソードも含めて教えてほしい'
収集,'@cooo55 もちろん、当然、真っ先に周知され、事前にプロフィールなど情報収集を怠る筈はない。'
収集,'会社とお金のストレスから解放される手段は何も転売だけではないです。\n様々な方法があり、自分に合うものと会わないものがあります。\n\nまずは情報収集、そして実践。\n\nその繰り返しが必要なので、\n早く行動し、\n自分に合うものを早く見つけましょう！'
収集,'収集品採集のUI画面見てるの地味に楽しい\n\n価値の数値変わるの円で表示してくれるのありがたい:３'
収集,'修習地？収集地？収拾地？\nいちいちどこがどうとか面倒やから、別にどこでもええわ！'
収集,'株式会社セキュアヴェイル、様々なシステムのログを収集してSIEMへ転送するログ転送モジュール「okurun.jar（おくるんじゃ）」の無償提供を開始 https://t.co/rUU3AeAhSU'
収集,'マニアックな作品だけを収集!! https://t.co/RzDTqA0Cxy'
