幻想,'@riorio3636 （とりあえず）最後の幻想薬割った'
幻想,'@TRRRUA1 幻想郷でも忘れられるで'
幻想,'「幻想神域 -Another Fate-」，幻神“優麗なるメイド・ヘスティア”が新登場 https://t.co/fhGepBky7P'
幻想,'わっっっっっ幻想乙女懐かしいな！！！？？？'
幻想,'GR幻想翠華さんは尊厳を失う代わりに心の拠り所を得ました。良かったですね。\n#何かを失う代わりに何かを得る #shindanmaker\nhttps://t.co/Jc0jmGpsm3\n心の拠り所……あっ！(複数在)'
幻想,'あとはなんかレベルが足らなくてミラプリが開いてなかったりとか、まだ配給が行き渡ってなかったりとか、そもそも幻想中で元の姿に戻ってなかったりする子がいるのでまた第二弾、第三弾します'
幻想,'@photono_gen @kanojo2014 幻想的✨'
幻想,'@mukorosu 今思いついた。自分の名前をロストワードにすれば忘れ去られて幻想郷に行けるのでは？'
幻想,'気づいたら前投稿した幻想入りとは全く違う幻想入りのストーリーを作ってる俺\n\n許してください物語思いついたら作りたくなるんです（）\nかれこれ3、4個くらい中途半端に作って放置してる(((('
幻想,'美少女神々どともに、超次元の旅に出発しましょう。神姫放置の幻想楽園＃超次元彼女 https://t.co/gwKHPod89a'
幻想,'凛世ちゃんソロは幻想に連れてかれる。'
幻想,'美少女神々どともに、超次元の旅に出発しましょう。神姫放置の幻想楽園＃超次元彼女 (https://t.co/Yd63ccE3Og) https://t.co/a3LUZ8v7Jv'
幻想,'岸辺露伴おじいちゃんっ子説あるな。なんやかんやで割と健全なご家族に育てられているっぽいし、おじいちゃんのこと好きだったからご年配には優しいのかもしれない。そういう幻想'
幻想,'元カレ、昔軽い鬱を患っていたから俺の鬱も理解してくれると思ってたけど、幻想だったよ。重度の鬱は同じ重度の鬱体験した人しかわからない。'
幻想,'@yahooodesu 幻想だ！！！w'
幻想,'今回のウイッグのこだわりはフード被れること！！\n\n別にスマイルがフード被ってるキャラとかではないけどわたし的にフード被れるとポイント高いと思うんです！！\n\nこの無重力ヘアというか2次元ヘアはレジンキャストならでは！！\n\nめっちゃ盛… https://t.co/sX4T5iSp44'
幻想,'@ari_ari_aiLEEN アイドルさんの恋愛禁止騒動から、アイドル←偶像の直訳からのオタクの共通幻想オタクの疑似恋愛の対象だそうですね。😉'
幻想,'ベルリオーズの幻想…？学生の頃だからうろ覚えだけど。。\n\n#人生初の交響曲'
幻想,'5\nラストリモート\n霊知の太陽信仰\n少女さとり\nハートフェルトファンシー\nハルトマンの妖怪少女\n死体旅行\n風神少女\n神さびた古戦場\n千年幻想郷\n感情の摩天楼\n幽雅に咲かせ、墨染の桜'
幻想,'真実と幻想と はさ、ワンフレーズ目がもう最強よね。どうしたらこんな詞が出てくるの？？って感じ。美しすぎる。'
幻想,'エネルギッシュで成功する人間は欲望という幻想を現実に変えることに成功する人間である\n\nbyジークムント・フロイト'
幻想,'フラワーマスター風見幽香とメディスン・メランコリーの服を作った！\n花全種類全色コンプしたら一度島を作り直して幻想郷風味の島にする予定。\nドレミー・スイー島だしね… https://t.co/xuAErZK2I0'
幻想,'幻想郷は全てを受け入れる....。ならば、幻想郷の全てを受け入れてこそ....... 。'
幻想,'お絵かきチャレンジその1\n社会科学の階in石亀図書館\n\n元福祉セフィラのケセドが司書を務める\nこの階、幻想体効果の良悪が文字通り\n「仲間との絆」の有無に係ってるのが\n最高にエモい…エモくない？ https://t.co/CXl7MWIyY9'
幻想,'米国に中立なジャーナリズムが存在するなんて幻想よ。 https://t.co/FNYGpEwkzK'
幻想,'幻想万華鏡ってゲームのルナティックに出てくるレミリア･ドール・ブルーレットが推しキャラです\n#東方好きと繋がりたい'
幻想,'美少女神々どともに、超次元の旅に出発しましょう。神姫放置の幻想楽園＃超次元彼女 (https://t.co/ke5fNsYaM7) https://t.co/70zzR6OXzh'
幻想,'@allnight14 幻想、、か？(さすがだな、、)'
幻想,'愛とは、この女が他の女とは違うという幻想である。 (byＨ・Ｌ・メンケン)\u3000love_m_bot'
幻想,'…悪くない。お前という幻想の中に見る夢の妙なる調べを探すのも、最後の夢となろう'
幻想,'なんか突然幻想ノ宴やりたくなってきた'
幻想,'如果我不偏离轨道，也许就不会那么难受了吧，像一直以来的样子生活才是对的，抱有不切实际的幻想的我，离谱了。\n我自己可以很好，我自己可以爱自己，我自己可以珍视自己。\n我不需要别人。'
幻想,'10\nナイト・オブ・ナイツ\nさっきゅんライト\n酔いどれ幻想郷\nゆけむり魂温泉Ⅱ\nBad Apple!!\n悪戯センセーション\nトランスダンスアナーキー\n色は匂へど散りぬるを\nヘルプミーエーリン\n物凄いヴァイブスで魔理沙が物凄いラップ\n多すぎ'
幻想,'Gackt ｺﾝｻｰﾄ 幻想的な空間が好きでした🐰♪♬.*ﾟ https://t.co/AHujLXhI2Y'
幻想,'@raimu_charlott2 幻想水滸伝は？'
幻想,'メールたくさんありがとう！\nスプラトゥーンやってみたいけどまだやったことないんだよね😭\nわたし桜柄のマステ100均で買ったよ😊\nこの時期桜のグッズ増えるから無意識に買っちゃう💓🌸\n印象に残ってる写真いっぱいあってすぐに選べないけど… https://t.co/ZRcYSLM3PO'
幻想,'今、楽して稼げてる人を見て、「はじめから楽に稼げる」って思う幻想はいい加減捨てた方が良い。って事を言い続ける事もいい加減飽きてきたのでやめた方がいいのかな。たまには言おうと思うけど。【みんてぃあ】'
幻想,'ワカメ「お兄ちゃん怖い……」\nサザエ「どうしちゃったのよ……」\n波平「昔のカツオに戻ってくれ……」\n道を誤って哲学科を選んだカツオ「不可能だね。ラッセル曰く過去とは既に消滅した幻想であり我々は現在しか認識し得ず、従って昔の僕など存在しないんだ」\nタラちゃん「興味深いですぅ」'
幻想,'【味方は信用しない 】「アイツがあそこ見張っているから大丈夫」なんてものは幻想だ.カカシぐらいに思っておけ'
幻想,'気づいたんですけど、幻想魔録再インストできないのはこれ登録情報紛失した私のせいだな？？'
幻想,'@lulu35656610 そんな母親は幻想ちゃうかな？🤔\n\nリアルは子どもを必死に愛し守るやん^ ^\nそんな懸命なお母さんっぷりが一番素敵💕'
幻想,'#体育生 #奴隶 #原味臭袜子 #atm奴 #报销奴 #账单奴 想让老子骂爽你 先扫下面的二维码再加微信 幻想一下给爹下跪磕头上贡的场景 给我征服感你就可以爽 https://t.co/fV9ALouQ9U'
幻想,'@cgirls_natsumi 金髪ショートで片耳だけピアスがバチバチにあいてて黒マスクしてる強そうな女の子が好きです(幻想)'
幻想,'@yuuki_1101_ いいなー\u3000早く幻想馬ほすぃ〜'
幻想,'【リアルモルフォ ローマ Mサイズ モルフォ蝶の羽根文字盤 #シルバー925 】\n\n文字盤に本物のモルフォ蝶の翅を素材として使用した腕時計\nいろんな角度から覗いてみるとキラキラと光ってとても幻想的な腕時計です\n\n通販→… https://t.co/7OA5We74Xe'
幻想,'美少女神々どともに、超次元の旅に出発しましょう。神姫放置の幻想楽園＃超次元彼女 https://t.co/eqdTnSCdiQ'
幻想,'美少女神々どともに、超次元の旅に出発しましょう。神姫放置の幻想楽園＃超次元彼女 https://t.co/A87oPRWh8n'
幻想,'美少女神々どともに、超次元の旅に出発しましょう。神姫放置の幻想楽園＃超次元彼女 https://t.co/xBs09JqNMa'
幻想,'@kainne_layju @SyuMatubamGia すごい幻想的ですね…\n行ってみたい…'
幻想,'美少女神々どともに、超次元の旅に出発しましょう。神姫放置の幻想楽園＃超次元彼女 https://t.co/QUWb3fNs0A'
幻想,'@Ruito_FF14 起きてDM見て安心してFF離席解除して広場で固定メンに囲まれてないか確認して今スカイスチール始めてます(^O^)\n危うくまた幻想割らないといけないなって反省するところでしたw'
幻想,'激熱幻想毎日'
幻想,'美少女神々どともに、超次元の旅に出発しましょう。神姫放置の幻想楽園＃超次元彼女 (https://t.co/tQGUhS3gyQ) https://t.co/L0WGC2uLUk'
幻想,'偽りの愛も幻想だけの仮面も\u3000熱く燃えた後に未練さえも残らないように\u3000この夜の間にどんどん狂っていく。famous/Ltaemin \n\n#RTしたbotとペンを迎えにいく \n#RTしたbotとペンを迎えに行くr20 https://t.co/Bn0qcI0Bap'
幻想,'@Nyaa0206 @BONJAcod @___rksx 私は測りきれないぐらいあります(幻想)'
幻想,'@hazierim @Ivy01011 有时候面对孩子的一些问题真的很尴尬。我女儿最近特别喜欢去小动物园玩毛茸茸的小鸡，天天念叨小鸡，就跟以前迷恋恐龙一样。甚至还幻想出各种小鸡的名字，说自己是什么什么小鸡，我告诉她不能说自己是小鸡… https://t.co/VtcJlpfw3r'
幻想,'これあまりに幻想的すぎて'
幻想,'ずっと一緒にいても、泣き顔も笑顔も見ていてもね、その人のすべてを知り尽くすことなんてできないのよ。\nだから自他の境界、どうしても越えられないラインを知ることは大事なのよ。優しさとそれは切り離せない。\n幻想を抱くことはすなわち悪じゃ… https://t.co/ogopikLHut'
幻想,'ミスは100%潰せるなんて幻想だよ。\n同じミスは２度しないってのも綺麗事だと思ってる。自分以外の会社員は皆注意欠陥のADHDだと思って仕事しろよ。システム作れよ。環境構築しろよ。\n多分そんな事を社会が意識するだけで、万人が働きやす… https://t.co/wi9hw4CIkz'
幻想,'テテンのベビドン見てたらカイレイが見えた… 幻想？'
幻想,'@hiyoshimasumi ひよさん、こんばんは！\nリプありがとうございます☺\n昼間もすごく良いですし、夕陽がものすごく綺麗に見えてオススメなんですが、夜は幻想的で雰囲気ありますよ✨ぜひ行ってみてください😆'
幻想,'こう……幻想郷ってバチバチに男言葉な暴言吐く人いないわよね〜\n精神安定に繋がるわ……(?)'
幻想,'いやむしろ、童貞こそパイパンへのこだわり・幻想が強いんじゃないか？'
幻想,'来大姨妈了还是性欲旺盛怎么办\n没救惹呜呜呜\n只能幻想被主人揉奶子吃主人肉棒啦～\n#喘息 #娇喘 #女喘 #口交 #骚货 #反差 #主人 #磕炮 #聊骚 #性幻想 https://t.co/vZThRjzWN6'
幻想,'コロナ禍によるそれからくらべれば些細なとても些細なしわ寄せにやられていく。他のひとたちより自分はずっと元気なはずだから辛いとか言ってはいけないという幻想かもしれないことにやられていく。そんな状態が気づけば10年以上続いてるんだけど、なまじほんとにメンタルが丈夫なだけに解決しない。'
幻想,'ダニェの最期が幻想体によるものだとしたらダニカリが捗る\nダニェを失ってから全幻想体を鎮圧したカーリーの可能性が生まれる'
幻想,'激熱幻想毎日…'
幻想,'@_cosmea_ わあ、ありがとうございます💕✨\n\n私も明日、すこし\nアップしようかと\n写真を見てました✨(〃ω〃)\n\n幻想的にかわいくて…!\nいい役者さんやなあと💕✨\n思いました💕✨'
幻想,'@yoruaokiiro  \n夜原さんはじめまして！ \n32豆(みつまめ)と申します\nタグへの反応ありがとうございました✨\n夜原さんの幻想的お洒落な絵柄とても素敵でフォローさせて頂きました！\nぜひ仲良くしていただけると嬉しいです✨🧸'
幻想,'一番恵を幸せにしてくれそうなのがPという幻想を抱いている...'
幻想,'@mugiel_ ありがとう！幻想したくなっちゃいましたｗ'
幻想,'很多玩法都可以涉及金钱，小额压榨属于情趣，主要是让他感觉到那种，挨骂还得付钱，明白自己的地位，从内心中感觉到自己很下贱，很卑微。你们可以自己代入一下，幻想一下，这么玩是不是挺爽的？ https://t.co/7BBGjBAyfw'
幻想,'幻想的でアニメのワンシーンみたい https://t.co/C8xuFhwW4u'
幻想,'🎬2/26 ドキュメンタリー映画\n『今は、進め。』\n後8日です😊\n#QunQun もエンドロールに出演させて頂きます🙏!!\n\nテーマ曲(星の降る夜)\nhttps://t.co/jBrN9FxWeg\n\n幻想的な雰囲気でメンバーさんの… https://t.co/jfJ7N4CaXy'
幻想,'私と一緒に戦車に乗り込む大切な友達を紹介します！\n例えば…それは‘空想’からの征服 \n\n氾濫する幻想都市、悪辣なる理想郷 \nその地を支配するは、百花乱れる『女』たち—— \nFate/Grand Order Epic of Remnant\u3000伝承地底世界アガルタ'
幻想,'@koyuki345 泣きそう\u3000まじで\nポポロクロイス！！\u3000確か序盤の家に強い剣かなんかあったような\n幻想水滸伝アークザラッドが僕のエモーション'
幻想,'幻想郷は受け入れたくないのに全てを受け入れる、それはそれは恐ろしい事です…'
幻想,'@chickentatsut13 こんな……美しく……\n\n私って美人だなあ……（幻想'
幻想,'失礼ですが\n東京上京して、色々合わんかって東京から逃げ出せず収入も途絶えて人様の世話になる人\nほんまに自分由来でない不幸な事は致し方ないけど、東京に幻想抱きすぎ＆そもそもお金管理不十分じゃない？\n今のご時世地方でも出きる仕事、マネタイズあるのになんでそんな東京信仰なのかわからん'
幻想,'いや東方幻想麻雀やめろ不快'
幻想,'なかなか幻想的な終わり方だなー'
幻想,'美少女神々どともに、超次元の旅に出発しましょう。神姫放置の幻想楽園＃超次元彼女 https://t.co/GwRGEhuuhM'
幻想,"'幻想の""私""が消えたとき、無条件の愛だけが残ります。'"
幻想,'美少女神々どともに、超次元の旅に出発しましょう。神姫放置の幻想楽園＃超次元彼女 https://t.co/DIZQq9mdSw'
幻想,'幻想的 #PS4share https://t.co/djs0Xg8YAi'
幻想,'生放送お疲れ様でございました！\n幻想乙女のおかしな隠れ家は\u3000これにて終わり！\nとても素敵な作品でした！\nまた次回の生放送もお楽しみに(*´ω｀*)'
幻想,'15.ショパン\nショパンの曲が本当に好きです。弾いててめちゃくちゃ楽しいの。今はもう弾けない涙。いつか腕を取り戻したいです……華麗なる大演舞曲、幻想即興曲…………\n\n16.洗濯\n嫌だなって思う日も多いんだけど、何故か家事の中で一番好きだったりする。いや、面倒ではあるんですけどね？'
幻想,'『白い母』の幻想的であったかくなるのもとても良かった〜〜\u3000この作品があることで、この世界も悪くないんじゃないかなと思える'
幻想,'幻想したのでキャラカ更新です😆 https://t.co/p6sIrBDZXp'
幻想,'なら押しのテーマをツベで探して観るとより幻想郷に入り込みやすいですよ？(^^)d\n例えば妖夢押しなら二つの魂を剣に託してを聴いてみるとしっくり来ます(⌒‐⌒) https://t.co/2uknDiGlJ7'
幻想,'@harenchi4253 ああ、見なければよかった…だが私は怪奇と淫靡が錯綜した幻想の世界に足を踏み入れたのだった！@@'
幻想,'ペガサス・J・クロフォード幻想'
幻想,'@m____msq 推しメンだって、四六時中顔合わせてたら、多分ムリ……ってなりますからね（いや、○○さんに限ってはそんなことないか！＝幻想デス）'
幻想,'粒子は波\u3000波は粒子\u3000此は幻想の郷\u3000虹の下（たもと）\u3000萃まる夢！\u3000なればその虹！\u3000少しばかり萃めてやろう！\u3000この世の姿、理も\u3000多少なりと歪むけれど、天道が影に隠れ落ちた\u3000真実の片端が現れる！！'
幻想,'妖夢ちゃんにマットプレイでローション替わりにザーメンを使ったマッサージや食事にザーメンを混ぜたり河童の作ったテレビデオで録画した幽々子の輪姦ビデオ鑑賞をしながら現代では違法だけど幻想郷では合法の天然ハーブなどを吸引させながら妖夢ちゃんの理性を崩していきたい。'
幻想,'留学すれば、英語ペラペラになるっていうの幻想'
幻想,'3月28日のチャ22で出す異種ｷﾀﾞアンソロジーをよろしくお願いします‼️幻想的なｷﾀﾞがたくさん交尾してます🧡💜 https://t.co/JZu0t6LxrU'
幻想,'「私の中の幻想的世界観及びその顕現を想起させたある現実での出来事に関する一考察」\n凪ちゃんのソロ1曲目だよ！\n綺麗な声とピアノ...すごい！私もあんな音出せるようになりたいな！'
幻想,'可是初中时候就对着表哥幻想了（'
幻想,'如果幻想魔鬼可以变得善良，那么结局就是死亡！\n人家就是要弄死你，你却还觉得用道理和善良可以感化他！\n呵呵呵，这样的好人要是不被整死、不被欺负，天理都不容，对于这种人，我个人觉得所有的结果都是活该！\n请勿对号入座，否则必自寻烦恼，只… https://t.co/TPdr5Er8hk'
幻想,'@kouteisama1105 絶対に居たのに\n幻想のように記憶が\n曖昧なんだ\nもう多分辛すぎて無理矢理脳味噌が忘れさせようとしてるんだと思う'
幻想,'美少女神々どともに、超次元の旅に出発しましょう。神姫放置の幻想楽園＃超次元彼女 (https://t.co/ke5fNsYaM7) https://t.co/DzAHTxeMMp'
幻想,'『頭のいい人は●●しない！』\n『優秀な人は●●など見ない！』\nって論調あるけど、頭が良ければ幸せとは限らないし、なんなら優秀なら年収が高いっていうのも幻想やで\n\n私は頭の良さより、幸せかどうかで考えたいなぁ\n\u3000_(:3 」∠ )_ https://t.co/eeJJpZFVMJ'
幻想,'@nana77rey1 はい。結婚で姓が変わる不利益や、たかだか姓が違うことで家族が壊れるなんて言う幻想がすごいです。そんな同じ姓にこだわるなら、全国の山谷という性をもつ子供にお年玉でもあげるのなら話を聞いてもよいかと思います。'
幻想,'@Nata_de_coco0 真っ暗な場所だったのに花火のおかげで幻想的になりましたw'
幻想,'@GALMxLMR 突撃ぃ！（←フェンスを超えられない雑魚）\nネットの情報によると数年前まではフェンスが無かったっぽいんですけどね……行った情報を見る限り幻想郷も無さそうです；；'
幻想,'まじでディズニーチケット売ってる？幻じゃない？\n夢の国だからチケットすら幻想なのか？'
幻想,'童貞が幻想みんなよ'
幻想,'ルイズさんから本もらったわ。\n今回は幻想郷の本みたいね。\nこれは、、、漫画ってやつね。\u3000サラちゃんの知り合い（？）の門番さんも愛読してるって聞いたことあるけど、たしかに嵌るわ～\n\n……ルイズさんに続きねだってみようかな？'
幻想,'幻想の舞'
幻想,'ひぐらし業20話感想。途中「監獄学園」になってたｗお嬢様学校に独房設置するなよｗ（梨花と沙都子の視点から辻褄が合わないので夢、幻想等々かも）個人的に魅音さん、沙都子に追い抜かれそうで心πです（意味深）罰ゲーム用に用意したらしいが圭… https://t.co/lTVDGBEKyP'
幻想,'@haruakisan0221 この景色、幻想的!!!まるでCGです!!!!\n実際に行って見たいです......🥺'
幻想,'幻想再帰VDay！\n・SSR【VDハルアズ】\n「アズ、あーん」「あーん♪」「いま私があげるということは、」「もぐもぐ」「来月にお返しをもらえるということ」「え？今持ってきたのを渡そうと…」「じゃあ、ホワイトデーも交換ね。」… https://t.co/U8myigaJW7'
幻想,"""【好評発売中】\nWdfield's Music Library 「ペガサス幻想」(吹奏楽譜)\u3000編曲：木原塁\nご購入はこちらから→ https://t.co/Srfdbp9CW9\n\nデモ：https://t.co/IlsTI3EGmO"""
幻想,'@KUROnecoyk \n再迷「幻想郷の黄泉還り」'
幻想,'才能なんて幻想と高校あたりで気付いたのかい？\nバケモノみたいなやつがゴロゴロいると知ったのかい？\nそんな中誰よりも頑張ってる奴を見ちゃったのかい？\nそして自分の手には何も無かったのかい？\n\nこれ私の好きな歌の歌詞笑笑'
幻想,'美少女神々どともに、超次元の旅に出発しましょう。神姫放置の幻想楽園＃超次元彼女 (https://t.co/Yd63ccE3Og) https://t.co/KEh57X1yR4'
幻想,'ルイージマンションクリアにあたって印象深いところ\n①オバケを飛ばして月をぶっ壊せる\n夜空を歩く幻想的な雰囲気が好き\n②幼少期トラウマ、マダム・ミエール\u3000当時何者かわからなくて怖かったけど普通にいいオバケ\n③ステージが進む毎に水をあ… https://t.co/5Wa6fSVhXM'
幻想,'美少女神々どともに、超次元の旅に出発しましょう。神姫放置の幻想楽園＃超次元彼女 https://t.co/RFkySVZIvi'
幻想,'来る2月21日(日)に行われるシンデレラ☆ステージ9STEP\n青猫幻想団は未参加ですが、\nスペース【め-38】のオレテキジカンジク様に既刊を委託しております。\n相川千夏小説本『砂の中の北極星』\n鷺沢文香短編小説本『My favor… https://t.co/yMt2Tkve1b'
幻想,'飛行機のパイロット目指して頑張っていたけど夢叶わず、\n整備士として飛行機に関わっているだけでも幸せ…という彼に\n「飛行機を守ってるじゃんか凄いよ」\nって言ったんですけどね…\n\n理想どおりに行ってる人なんて\nホントに少ないんですよね… https://t.co/YQM3PmxOSw'
幻想,'今夜のbillboardlive横浜\n「LIKE A JAZZ 7」\n\nアンコール「幻想の理想」を\n歌われる前に話して下さったお友達とのお話(つづく)\n\n#石井竜也\n#billboardlive横浜\n#LIKEAJAZZ🌹'
幻想,'@smile760123 亮一點才會讓你有美好的幻想🤭'
幻想,'刻飛録は一話の時点で既に、幻想入り全体で見ても少し異質な感じするよなぁ'
幻想,'前にうっかり踏んでしまったネタバレ(名前)とMission#7までの出来事で、もしかして『生物兵器』だったりしねぇです？？って思い始めてるんだ……そう考えると色々しっくりくる事が幾つかあるんだ……主に某氏のスペック……ねぇ、そんな地獄は幻想だよね……？？(震えつつ先を進める)'
幻想,'@Ruka_0n 涙もふわふわとして、とても幻想的で綺麗です…！✨'
幻想,'幻想'
幻想,'歌合わせを観た時からずっとやりたいと思って言っていた概念衣装を出して来ました✨✨3日で作ったにしては綺麗に出来たし頑張った！捏造とも言えるので嫌いな人ごめんちゃい(*´꒳`*)💦雪いっぱいで幻想的でとてもよかった✨\n\n⚠︎捏造衣装🌙 https://t.co/f4dPvSXECC'
幻想,'どう？幻想的じゃね。\n今日はどんな夜になるか。笑笑 https://t.co/glOmIVM9pI'
幻想,'ドラビレコロシアム…もうお前にはポイントあげないぞという強い意志が感じられますね…まぁ弱い私が悪いんですよね…レート上がる段階で勝ちまくって幻想見た自分が悪いんですよね…欲張らないのでちょっと許してくれませんかね…'
幻想,'幻想郷は全てを受け入れる....。ならば、幻想郷の全てを受け入れてこそ....... 。'
幻想,'ルースターズとラウドネスは2000年代の頭にはリマスター盤出してたけどゴダイゴだけ何故か2000年代末期に出してたり。\nあのへんでどうも幻想が醒めたとこはあったかなと。'
幻想,'君が付けた名前 日記に鍵をかけて\n触れたらまた泣けちゃうから\n君がここに居るだけで嬉しい\n永遠なんて幻想 諦めたくなってた\n出会った日のことを\n思い出していた...居た\n\n☆RAINBOW'
幻想,'何日か前に幻想した羽角ちゃ。はい、おやすみー😴 https://t.co/NO2yMbhte3'
幻想,'…悪くない。お前という幻想の中に見る夢の妙なる調べを探すのも、最後の夢となろう'
幻想,'実際幻想郷で流行病とか起こったらえーりんが全て解決してくれるのかな？\n\n八意永琳の医学薬学は世界一ィィィ！！'
幻想,'Mステ、tictok特集みたいなのするなら、パチスロ神曲特集した方がいいと思う。\nコネクト、ルミナス、ペガサス幻想、distance、エンブレム、轟ドリーム、wild eyes、甲賀忍法帖、とりあえずこの辺出せば30分以上持つし、視聴率50パーはいく'
幻想,'@yuki_is_a_loser さすができる男、仕事がはやい😇👏🏻笑\nありがとうほんと好きなんよ〜\nギターじゃないけどこれもめっちゃかっこいいから時間あったら聴いてほしい🥺\n幻想アンダーグラウンド https://t.co/cVUNu1N3RF @YouTubeより'
幻想,'進化エルフしばらく回したけど、幻想の妖精竜とマドロスエルフはいらなかった'
幻想,'真夜中まで働いた帰り道で、少しでも良いことを探す。ちょい幻想で嬉しかった https://t.co/DbNmBM67Jw'
幻想,'希望など幻想にすぎないのです。'
幻想,'#ムジカピッコリーノ\nピッピ回良かったニャ。幻想即興曲も良いし、アレンジも良かった。\nポリリズムっつーからてっきりアレかと思ったけど……でもポリリズムという言葉の意味を初めて知りましたニャ。'
幻想,'美少女神々どともに、超次元の旅に出発しましょう。神姫放置の幻想楽園＃超次元彼女 (https://t.co/tQGUhS3gyQ) https://t.co/VBiJFlSyfH'
幻想,'@sukiayuzaw 現實與幻想都很正常'
幻想,'@oya24 幻想交響曲(*´Д`*)ｷｭﾝ…'
幻想,'原来你们装作粉我的时候，都在偷偷幻想我被对家压？\n君たち僕のファンのふりをして、僕がライバルに押し倒されるのをこっそり妄想してたわけ？\n\n（卫言梓）《我嗑了对家X我的CP》'
幻想,'「寒波に襲われた福井駅が完全に氷河期」 “雪×恐竜”の幻想的な写真に反響（ABEMA TIMES） https://t.co/kgAcxJlBKo'
幻想,'@Issel81413231 見張りはここ最近してないよ...幻想郷で風邪が流行してるからずっと家にいるんだ...'
幻想,'いまだに哲学幻想体を雰囲気で選んでいる'
幻想,'今日も涙ものだった。ピッピありがとう…成長したね。\n\n幻想即興曲はアレンジの落とし所が見つかって本当に良かったと思える回。\n\n#ムジカピッコリーノ'
幻想,'自分の幻想の中のエンデヴァーは、デクや燈矢みたいにもともとは個性が体に合ってない側の人間で、子供の頃から強くなる為にずっと努力し続けて、プルスウルトラなんて校訓が嫌いになる程頑張って頑張って、それこそどれだけ頑張りゃいい状態で…'
幻想,'@tatuyaishii_st 石井さんの曲で最も好きな幻想の理想が聴けて良かった😭\n瞳に溜まった涙と\n照明の光とで\n石井さんが3人に見えたよ( つω；`)\n緊急事態宣言中で心配はあったけど会いに行って良かった。\n明日からまた頑張… https://t.co/MtbRXiqZX3'
幻想,'@Stephan25278929 @Brianna41827074 我跟你们掌柜也在无话可说。你们最好别看得起我们，最好无视我们的存在，最好永远活在幻想里自以为我们不足为据微不足道。直到我们把銃口转向你们的脖颈子，你们都请继续快乐下去。'
幻想,'一夏の幻想の話です\nさんれんすいしゃ分かる人は友達です https://t.co/77OfKtV90F'
幻想,'今更だけど家ついて行っていいですか見た。今回ザ・ノンフィクション並みの胸糞親父出てきてムカムカする🥺娘の前で「信用を失ったので口をきかない」って発言したり、髪色だピアスだ飲酒だと幻想押し付けててキモい童貞みたいな思想だった'
幻想,'白雲大社の梅が綺麗⛩\n\n夕暮れ時は幻想的で素敵です！\n\n#笠岡 #笠岡市 #白雲大社 #このみ教 #梅 #梅の花 #夕暮れ #神社 #神社仏閣 https://t.co/vkSM6jdITL'
幻想,'美少女神々どともに、超次元の旅に出発しましょう。神姫放置の幻想楽園＃超次元彼女 (https://t.co/LwvldRpVJT) https://t.co/2LCf1Mkv9F'
幻想,'スクアーロな剣のルーツというか原点がフェンシングなのお耽美すぎない？？？？？\nわたしはフェンシングにお耽美という\n幻想を抱いますが他の人はどうお思いなのでしょか🤔'
幻想,'美少女神々どともに、超次元の旅に出発しましょう。神姫放置の幻想楽園＃超次元彼女 (https://t.co/bhx7mD4fDK) https://t.co/iZ7xWzCSZ4'
幻想,'花宮に幻想抱きすぎ\u3000アニメ見て冷静になろ'
幻想,'たとえ夢や幻想でもそうだろうなぁと思ってるな'
幻想,'多分今の世代は知らないゲーム\n\n武勇伝II－三国幻想記－\n\n#武勇伝2 https://t.co/RLNGs7zNx0'
幻想,'5.5幻想ナイツ来い'
幻想,'寒かったから綺麗に撮れた地味に幻想的 https://t.co/qd14JS9ULL'
幻想,'灰と幻想のグリムガル一日で見終わりました'
幻想,'セール「幻想ギネコクラシー 1 (楽園コミックス)」\n価格660円330pt(50%)3/3まで?\nhttps://t.co/WnfFo6zTos\n沙村広明、白泉社、Kindle\n応援… https://t.co/2NxO95ceYc'
幻想,'夜職って夢やら幻想を売りにしてるか分からんけど現実と切り離すのは訳分からん\n何を売ってるか、何を買ってるか理解できないやつは来なくていいって僕は思う\nビジネスだからそいつの落とす額よりも面倒だなって思うレベルのが多ければ赤字なんだわ\n商売の邪魔なら来なくていい。来ない方がマシ'
幻想,'✅「灰と幻想のグリムガル」最新刊17発売中です⭐️\n❇️アニメ情報はこちら⏬\nhttps://t.co/8UoeA4y2hr https://t.co/LBotwKyAZD'
幻想,'@hu0415 幻想馬二匹持ちプレイヤーに昇格した！'
幻想,'@mikoyuka 凄く幻想的ですね✨\n素敵です😍'
幻想,'本当は幻想麻雀の戦績も公表してみたかったんですけど、ある人物に止められてしまいました。その日から戦績は残しませんでした。無意味だったので。'
幻想,"'""卓巳が消えたのは、特に激しい雪の日だった。幻想的な白い霧が立ち込めて、町中を白く包み込んでいた。大きな雪片が降りはじめて、大空から降り注ぐ雪が、白煙にかかるカーテンのように大きく揺れ動いた。""'"
幻想,'🐻ちゃんの性別分かってるし、幻想抱いてる訳じゃないんだけど、文字にするとなんだか違和感を覚える(ΦωΦ)'
幻想,'溢れ出す言葉の羅列/滲み出す六弦の旋律/幻想的ウィスパー/叙情的メロディと/絶叫/抽象的劣情 [クリプティック]'
幻想,'今さら下品やエロが文化の土壌になると幻想抱くのは無理じゃないかな…。そういうもんが既存文化のアンチテーゼになり得たのっていいとこ20世紀後葉までで、もはや新規性も挑発性も持たないでしょ。理屈を捏ねられない下品とかエロってただのポル… https://t.co/Jx72Eq16NE'
幻想,'結婚とは、幻想を父とし、必要性を母として生まれるものである。 by ニーチェ'
幻想,'幻想再帰VDay！\n・SSR【VDミルーニャ】\n『またしばらく会いに来れません。手紙はまた出します。友達とすこし遠くまで探索に行きます。これはその友達と作ったチョコレートです。ひさしぶりに話せて嬉しかったです。ミルーニャより。』… https://t.co/rzHxft2nsq'
幻想,'@Rei_Ele もうこれを機に詰めるしかねえ\nArcaeaって幻想的な曲も入ってるからいいよね〜、曲が課金のことが多いのが難点だけど。\n\nピアノ曲とかはこういう配置になりがちな気がするわ、エアプだけど'
幻想,'よく生徒の言う「普通の家庭」なんか幻想やでっていう。「理想の家庭」な。'
幻想,'誰かが犠牲にならなきゃいけないなんて\n残酷な法則があるなら、\n\nまずはそんなふざけた幻想をぶち殺す'
幻想,'@lofinoiz これはまた貴重なレコードのお写真ありがとうございます！ あれだけ幻想的で素晴らしい世界観を出せるヴォーカリストはなかなかいらっしゃらないですよね✨'
幻想,'GX 薬屋のひとりごと10巻\n月精壬氏と猫猫の表紙が最高過ぎるー！大好き🥰\n月下で舞う壬氏も超綺麗で幻想的✨\nやり手婆の月精もすごく美人でびっくり😳\n香油をつけて～杏さま。の所の猫猫の全て見通すような表情が好き。\nバッチリメイクも… https://t.co/PfN4cAZMfe'
幻想,'美少女神々どともに、超次元の旅に出発しましょう。神姫放置の幻想楽園＃超次元彼女 https://t.co/DWKzcEETGq'
幻想,'美少女神々どともに、超次元の旅に出発しましょう。神姫放置の幻想楽園＃超次元彼女 https://t.co/oBgo6HIYYA'
幻想,'@toukenTL 今まで鶯丸のこと何も分かってなかったし、自分勝手な幻想を押し付けてたのかもしれないな……鶯丸が修行から帰ってくるのは明日の夜になるけど、早く極後の台詞が聞きたい……'
幻想,'物語の幕が上がった瞬間、音楽がお腹に響くほど大きくなり、照明が幻想的に照らされて世界を作り出すのを感じた瞬間にまず泣いた。生で観劇することにこんなに心が震える自分だったのか、と発見した。 #今日もしんでるあいしてる'
幻想,'#ハンフォード B炉を訪ねました。長崎原爆に詰められた #プルトニウム が製造された施設。原子炉は原爆から始まりました。「父が職員だった」と言う方が「父は独裁者を倒したと日本人に感謝されていた」と語りました。この虚偽、幻想を打ち破… https://t.co/dbKyjRLSRc'
幻想,'地元岩手県花巻市\n\n宮沢賢治\u3000銀河鉄道の夜を\nモチーフにした壁画のライトアップ\n\n真冬の夜\n幻想的で綺麗です✨ https://t.co/vPRxGGDRzj'
幻想,'幻想郷入りしたい。'
幻想,'現実逃避は好きだけど夢と幻想の中で生きてます（現実は悲惨）みたいな人間は無理だからそこに落ちるくらいならまじで消えた方がまし'
幻想,'@yatamega 逃げられない怖さを感じた..\n分かりあったかのようなハグ..がそれは幻想で現実は口から滴る赤い液体飛び散る赤い液体..衝動は怖いものです..\nレゴシリズこれからどうするのか気になります！'
幻想,'紅月がキュート属性なの俺たちの幻想じゃなかったから'
幻想,'子ども時代（90年代、00年代）の作品やアイドル文化にどっぷり浸かって、もう意識できないレベルまで影響を受けてるのでかなり難しいかもしれないけど、自分が愛したものから得られる幻想をきっぱり切り離していきたい。そうしなきゃ、目の前の現実を変えられないと思う。'
幻想,'幻想郷とは、だそうです https://t.co/rR8fPXCjcv'
幻想,'『痩せない豚は幻想を捨てろ』の上にある本が幻想そのものじゃないか『食べても食べても太らない法』'
幻想,'輝子には兄貴がいて輝子のメタル好きは兄貴の影響からという幻想を見てる'
幻想,'美少女神々どともに、超次元の旅に出発しましょう。神姫放置の幻想楽園＃超次元彼女 https://t.co/5rUvQIy30j'
幻想,'@Nahl08211267 昔は良かったは幻想、はっきりわかんだね'
幻想,'幻想進化素材BOXから出る不滅素材だけでは探索と配置のキャラが幻想化できない（全種類出ない）ということを今日知った（＝＝\n\nシラナカッタ……'
幻想,'この幻想郷では常識に囚われてはいけないのですね！'
幻想,'結構色んなところで言ってるけど、サーカスめっちゃ好きなんですよ……あの怪しさと幻想が入り交じる空間……よく連れて行ってもらってたなあ\n道化キャラとか特に好きで！うちにいるぞって方はぜひぜひ教えてください〜🎶'
幻想,'＞聖母的幻想を抱いているちゅーことや。\n\nお前だ、お前。'
幻想,'うちにも居るのだけれど、陽の光に当たる犬はふわふわした毛や瞳がキラキラ輝くので本当に可愛いし幻想的。\nのすけさんかわいい…'
幻想,'@SasugaServer 種注ぎ亭天膳 が幻想入りしました\n緑亭早苗 が幻想入りしました'
幻想,'@noi0313vtuber 清楚なんて幻想だもんね…'
幻想,'いま幻想水滸伝3が熱い(19年前'
幻想,'く、しょうがないから久しぶりに幻想入りシリーズの続きを明日作るかw'
幻想,'委員長、ゲロカスしてて歓喜\n\n美少女同士がひたすら罵り合うデスゲーム【幻想牢獄のカレイドスコープ/にじさんじ/月ノ美兎】 https://t.co/6tasnanYlV @YouTubeより'
幻想,'「宿星とは真の紋章を巡る戦乱の兆しが見えた時、この世のバランスを保つための存在。彼らを統べるとはどういう事なのか、貴方は遠からず知るでしょう」\u3000レックナート\u3000【幻想水滸伝3-運命の継承者 8より】'
幻想,'@maichon58 すごく幻想的です☺️✨素敵な風景をありがとうございます😌✨💕'
幻想,'絶テマ9日目、爆撃の幻想を最後まで見れたのは良かった！もっとジェイルの安定度を高めなければ🤔'
幻想,'そういや、幻想入りの醍醐味であるアンケートを取っていない。今度、話の分岐点でやってみるか。'
幻想,'#名刺代わりの小説10選 \nMissing/甲田学人\n断章のグリム/甲田学人\nGOTH/乙一\n十二国記/小野不由美\n赤い蝋燭と人魚/小川未明\n雪女/小泉八雲\n畜犬談/太宰治\n透明な夜の香り/千早茜\nマカン・マラン/古内一絵\n幻想古書店で珈琲を/蒼月海里'
幻想,'今日クガネ城でソロラーニングしてたらレンジの羅漢袴落ちてくれたので幻想胴とあわせることができた #PS4share https://t.co/DqORxyDDbX'
幻想,'なぜなら彼らは、どこまで言っても\n\n単なる居座り外国人でしかないのだから。\n\n日本における日本人との共生・同化は幻想。むしろ危険。'
幻想,'@nashi_PF 梨さん超速でお絵描きしてるから休憩も必要！！\n右のおしりをクリックされるときゃはきゃは笑いながら足をパタパタします！！！！！！！！！！幻想薬一気でどうぞ！！！！！！！！！！'
幻想,'この場合夢主のことが好きだからというのももちろんあるけどベルは何着てても許されるところある…でも度がすぎたり女性なのに荒っぽいことをやりすぎると🥃がキレ始めてベルが「女に変な幻想抱いてるんじゃないわよ、気持ち悪い」ってスッパリやる'
幻想,'@D_HaramakiVR 不思議の幻想郷のシリーズとかどうでしょうか？\nシリーズの中では個人的にTOD-RELOADEDを推します！'
幻想,'美少女同士がひたすら罵り合うデスゲーム【幻想牢獄のカレイドスコープ/にじさんじ/月ノ美兎】 https://t.co/LonWAyIY6j @YouTubeより ヤバいわね…'
幻想,'幻想牢獄のカレイドスコープめちゃくちゃ声優の演技いいな\nギスギスしたゲームだからこそ絶叫や追い詰める声の演技が素晴らしい'
幻想,'心まで乾きそうな\u3000１日がまた終わる\u3000自由が重すぎるのさ\u3000たえきれず逃げだすなよ\u3000使い古した歴史の\u3000英雄を葬り去れ\u3000幻想が造り上げた\u3000英雄を葬り去れ\u3000英雄を葬り去れ\u3000【HEROES～英雄たち】'
幻想,'美少女同士がひたすら罵り合うデスゲーム【幻想牢獄のカレイドスコープ/にじさんじ/月ノ美兎】 https://t.co/66u13Nhzqm @YouTubeより'
幻想,'陰陽師本格幻想で中国の方とマッチングしたんだけど、めっちゃ可愛い！笑\n面白い日本語使ってるけどちゃんと伝わるし、理解もできててすごいよね！\n私も頑張らないと💪💪'
幻想,'あの二人魔女幻想ってマジか・・・マジか・・・'
幻想,'『幻想で逢いたい』は忘れてはないけどいろんな人と関わりを持ってく感じがねぇ。んーまああれで秘封観植え付けられたんですが……。'
幻想,'幻想薬割ったしタレ目ッテつくろ……'
幻想,'美少女神々どともに、超次元の旅に出発しましょう。神姫放置の幻想楽園＃超次元彼女 https://t.co/v8h4g7zRgx'
幻想,'ミュルエルの森の小屋前に幻想画出現中'
幻想,'幻想旅館の写真がチラホラ上がってきてる…いいなぁ。行きたかったな…冬の岩木山のふもとってどんななんだろう。都会のもやしっ子育ちには想像できない雪の量だろうな…'
幻想,'美少女神々どともに、超次元の旅に出発しましょう。神姫放置の幻想楽園＃超次元彼女 (https://t.co/2o8jUJ2jRh) https://t.co/ODIbLsYem0'
幻想,'メギ行ったら幻想画出てるっていってたので、数年ぶりに行ってきたw\n #DQ10 #NintendoSwitch https://t.co/HM2LHz7pqj'
幻想,'Chasing the Sunset\n2019.04.19\n\n初めてアメリカに行った時に飛行機が夕日と同じ方角へ飛んでいるときに撮った一枚。\n\n3時間ほど日が沈まずこの状態が続く幻想的な時間でした。\n\n#写真好きな人と繫がりたい… https://t.co/RdrHX4FMf8'
幻想,'迫力ある声量の女性Voに元気をもらえるバンド。\n爽やかなリズムにのせられた歌声は幻想的な夏を想起させる。RO69のコンテストにエントリーされている。新宿を中心と活動中の一押しバンド\nhttps://t.co/LVqP1TbePF'
幻想,'美少女神々どともに、超次元の旅に出発しましょう。神姫放置の幻想楽園＃超次元彼女 (https://t.co/2o8jUJ2jRh) https://t.co/qRe1iPAill'
幻想,'幻想郷は全てを受け入れる....。ならば、幻想郷の全てを受け入れてこそ....... 。'
幻想,'美少女神々どともに、超次元の旅に出発しましょう。神姫放置の幻想楽園＃超次元彼女 https://t.co/KiHkPtUVtN'
幻想,'国の指導者が任期を延長する動きが相次いでいるけれど、現状を考えたら選挙を忌避したくなるのも理解出来ない訳ではない（大体「任期に制限を付ければ腐敗が防止出来る」なんて主張は、米帝を見れば幻想だと解る）。選挙の度にカラー革命を起こされたのでは堪ったものではない。'
幻想,'ゲロカスの実況やってる👀\nプレイはしたけど🎮\n\n美少女同士がひたすら罵り合うデスゲーム【幻想牢獄のカレイドスコープ/にじさんじ/月ノ美兎】 https://t.co/sb3ziJUmqo @YouTubeより'
幻想,'…悪くない。お前という幻想の中に見る夢の妙なる調べを探すのも、最後の夢となろう'
幻想,'多くの人は\n人からどう見られるかを氣にします\n\nでもどう見られるかを\n氣にし続ける限り\nあなたが心から自分らしく生きられる日は\n来ません\n\n自分を出すことへの恐れは\n自分が作り出した幻想なんです\n\n自分で自分にかけた制限を解き放ち… https://t.co/RS8TeZsEoV'
幻想,'幻想，是補完世界的手段。至少精神世界是豐富、富足的，這樣還不夠嗎？'
幻想,'ピクミンのやりすぎで、映画観てるときに作中で恋人同士に距離があるシーンで無意識に幻想のカーソルを片方に合わせ、心の中で笛を吹いてしまった時はちょっと焦った'
幻想,'【東方幻想クリッカー】\n「チルノ」育成中！\n\n【iOS/Android】https://t.co/njZ6Yye9vp\n#東方 #放置\n\nめっちゃ頑張ってたじゃん\n過去の私 https://t.co/zVecyezHDf'
幻想,'美少女同士がひたすら罵り合うデスゲーム【幻想牢獄のカレイドスコープ/にじさんじ/月ノ美兎】 https://t.co/mtY9GnqHvb @YouTubeより'
幻想,'幻想牢獄面白そうだな'
幻想,'@AkkiyGames 東方とか知らんすよね\n\n不思議の幻想郷TODRってのが割と出来は良かったですよ(＊´ω｀)\n\n難易度も割と高いですけど、システムが独特なので慣れるまで難しいですけど、結構楽しめましたよ！'
幻想,'今更ながらの幻想入り\u3000その３\u3000～地霊殿までしか知らない社会人男性が、曖昧な知識で幻想郷ぶらり旅（仮）～ https://t.co/cnImGqaSnP #sm38305569 #ニコニコ動画 \nせんでーん！\n気軽にマイリス、コメントなど！！\n応援よろしくでっす！！'
幻想,'それこそが幻想忌憚～アパルトヘイト～'
幻想,'@hirokimi3 剛幻想了一下主將組跳騎士的\n噢噢噢噢噢噢噢太萌了吧!!!!!!!!!!!!!!!!\n誰快做給我看啊啊啊啊啊'
幻想,'今見てる髪はもしかしたら幻想かもξ^.^ξ https://t.co/KNOlOWIEyf'
幻想,'@Kokuya_anime 僕のヒーローアカデミア\n3月のライオン\n灰と幻想のグリムガル'
幻想,'たまにはニコニコで幻想入り見るのもいいかもね'
幻想,'幻想馬は9世代扱いなら名匠Lv9で育成可能になるはずなんだよね。その先に有るものを想像して震えてるんですけど(笑)'
幻想,'幻想杯メンバー決まったね\n人数少なくてサクッと終わりそう\n出番が無さすぎた6人と違って印象が無い印象が強いデロイとインテリはある意味凄いのかも？'
幻想,'「星痕を巡る七つの異文」時里二郎\n幻想的な散文詩集。\n若き王の厳しい遠征はアレクサンドロス大王が透けて見え、そこからシュオッブや須永朝彦の絢爛とした小説群を彷彿とさせる。\nありのままで贅沢な情景、しかし中々掴めない。よろめきながら… https://t.co/PI0Q16b4tt'
幻想,'@Yuri_June6 サーカスのお話好きだからいつか自分でもかけたらなあと密かに思っていたり😊というか道化キャラが好きなんですね私……そう！まさに怪しさと幻想の狭間にあるサーカスの描写がとても秀逸で……久々に行きたくなっちゃいま… https://t.co/xggSRFybKD'
幻想,'客「この書店には社会主義に関する本はないのですか？」\n\n店員「いいえ、ありますよ。あちらのジョーク本コーナーに置いてあります。」\n\nすると客はキレてこう言った。\n「分かりづらい！次からは幻想文学コーナーに置いてくれ！」'
幻想,'美少女神々どともに、超次元の旅に出発しましょう。神姫放置の幻想楽園＃超次元彼女 https://t.co/xrsq1dmCEx'
幻想,'お衣装の華やかさにビジュも負けてないし尚且つ赤髪が幻想的で非現実ぽさ…そのままMV撮りして欲しいですマジで'
幻想,'幽世......幻想的やなあ.... #PS4share https://t.co/f6RCl3DqyD'
幻想,'あとは太陽と言っても、燃え盛る灼熱のフレアというよりはキラキラ眩しくて日差しが胸を焦がすようなイメージだったので、タロットなどに出てくる幻想的なものでなく、あえて極端に単純化した太陽にしました🌞'
幻想,'【東方幻想クリッカー】\n「橙」育成中！\n\n【iOS/Android】https://t.co/DFhaLcayN3\n#東方 #東方二次創作 https://t.co/nssqHOCV47'
幻想,'@00Z_8962 幻想殺し呼ぶ？'
幻想,'幻想牢獄のカレイドスコープ面白すぎる'
幻想,'まめちゃんのSo whatの舌ぺろ？舌舐め？がもう現役高校生のそれではなくて軽率に大興奮してしまいましたが(おい)幻想でしたか？確認のためアーカイブを待っているところですがいかがでしょうか？_:(´ཀ`」 ∠):'
幻想,'星4とニーゴの存在は幻想だったのか？ https://t.co/LPvdFGzFDe'
幻想,'少し変だぞＮＨＫローカル～福島県沖地震にみる“安全・安心放送”の幻想～(鈴木祐司) - Y!ニュース https://t.co/zKnfBHrKM8\n野次馬根性で混乱する町にわざわざ出て放送しろと？\nとりあえずNHKを叩いとけばP… https://t.co/vPdYnvxerv'
幻想,'さっきアルバロから「幻想杯で必ず優勝して次の大型に出場してやる」と連絡がきたので「ロハス確定枠だぞドン」と返しておいたドン'
幻想,'美少女同士がひたすら罵り合うデスゲーム【幻想牢獄のカレイドスコープ/にじさんじ/月ノ美兎】 https://t.co/f8vJgZGle0 @YouTubeより'
幻想,'最近やってる乙女ゲーは幻想喫茶アンシャンテ'
幻想,'少し変だぞＮＨＫローカル～福島県沖地震にみる“安全・安心放送”の幻想～(鈴木祐司) - Y!ニュース https://t.co/xV2O13h4su 東北放送は強いからな。というか、NHK仙台の映像で激しい揺れを感じられるのが仙台… https://t.co/n1dZbnOc4n'
幻想,'最近の自分の中での流行りは、「本編見てないけど印象に残るアニメOPを買うこと」なんですが、なんでペガサス幻想はあるのにムーンライト伝説がないんですか？iTunesに…。'
幻想,'やっぱり前角がよくて幻想したヤツがおるらしい'
幻想,'@sawaP_forever 正直全然悪くないと思うレベル……パックでアドとるなんて幻想なんで………'
幻想,'@tyty5_BBA むちゃくちゃやりたい！！！！！！！よしおさんがこだわりなければ次の幻想薬割るときとかでもいいよ…！、！でもららよしおちゃんもかわいくて好きなの…！！'
幻想,'【オルガンと朗読で聴く幻想交響曲】ご来場ありがとうございました😊\n忘れられない日となりそうです。 https://t.co/g1ITcxQiEk'
幻想,'意外と気づかれていなかった・・？しれっと女の子幻想を一杯ﾊﾟﾘﾝしておりました\nはぁ～可愛い\u3000 #PS4share https://t.co/R13ddi8Oyq'
幻想,'パソスのトLェセンペェ眼鏡紙やすりで拭いてるでしょみたいな話たびたびしちゃうけど同時に丸2年あんな過激な環境で生きてても未だに面白いくらい夢いっぱいな幻想を他人に抱ける可愛さについても話してるから釣り合いはとれてますよ。なんの釣り合いかは知らないけど……'
幻想,'ある事柄が個人幻想かつ共同幻想ということはありえると思います。\n例えばスタンフォード大学が独特のいい雰囲気を持っている（個人幻想）かつ、自分のビジョンと1年前にやっていた様々な場所を結びつける中継地点の様な場所として実際に機能しうる（共同幻想）ということはあると思います。'
幻想,'幻想万華鏡気になりますな'
幻想,'やりたい事あるなら、すぐにやらなきゃ幻想で終わっちゃう。技術はやったら身につく。最初から上手く出来る人なんてほとんどいないから。'
幻想,'やりたい事あるなら、すぐにやらなきゃ幻想で終わっちゃう。技術はやったら身につく。最初から上手く出来る人なんてほとんどいないから。'
幻想,'賀太郎はそのまま、勝ち組の幻想を抱いたまま路上の露と消えたのだろうか。\u3000#その女ジルバ'
幻想,'幻想的イェッタイガー ##毎日◯◯的イェッタイガー'
幻想,'おれが変身能力手に入れたら真っ先にジャミさんのパンツになってあげるよ\u3000魅魔幻想/告白'
幻想,'『陰陽師本格幻想RPG』、いますぐダウンロード！ https://t.co/57zAoxDxRP #陰陽師本格幻想RPG https://t.co/dIWGudm2hL'
幻想,'幻想です\n〜らしさ、というのは全て幻想\n人が便宜的に作り上げたもの\n\nそれを前提に話をすすめると、\n一般的な男らしさというのは、生物的な雄のような異性を引きつけるようなもの、だと思います \n\n#Peing #質問箱 https://t.co/oL01sLV96o'
幻想,'幻想郷もほんとはあんな感じなのかなぁ'
幻想,'『陰陽師本格幻想RPG』イラストコンテストに参戦しました！清きご一票、お願いします♪素敵な作品が勢揃い中！投稿で豪華景品をGET！さらにスキン部門受賞作品はゲーム実装も？！是非ともご参加ください！ https://t.co/RZt188gFtB'
幻想,'幻想的'
幻想,'今日のコーデ✨\n\n今日はCorotショップのアイテムを使ったコーデ✨\n小物の使い方で普通のつなぎも幻想的な雰囲気をまとったロリータコーデに早変わり💎🌹\n\n #ポケコロ\n#ポケコロコーデ\n#ポケコロ公認モデル\n#puyoコーデ https://t.co/Bir2JLYAv0'
幻想,'『陰陽師本格幻想RPG』、いますぐダウンロード！ https://t.co/MAXImT3r2X #陰陽師本格幻想RPG https://t.co/mNHa8POxKQ'
幻想,'@DKStSIlYFb9wfUW ありがとうございます😊美しいピアノと絶妙なエフェクトで幻想的ですよね…(^^)🎶'
幻想,'美少女神々どともに、超次元の旅に出発しましょう。神姫放置の幻想楽園＃超次元彼女 https://t.co/eDFbvAwePI'
幻想,'メディアのパワーは強力だ。作り上げられた共同幻想と、まったく違う本当の世界の姿を見せてしまう。'
幻想,'古来より人知の限りを尽くし作られ\n時には争いの元となり\n肉体を蝕むも、その甘美なる幻想と力を与える\n古からの技\n\n飲酒ッ！！！！\n\nシナリオハカドルハカドルドゥルルルルルルル'
幻想,'@ENOENO3_b 幻想的で素晴らしいと思います'
幻想,'お豆腐さん、素敵な瞳ありがとうございます✨\nエーデルガルトをイメージした赤い瞳、幻想的で素敵です💕 https://t.co/5xWyfqpyeL'
幻想,'この世は充足しかなく、不足は思考が作り出した幻想でしかないので存在しない。そんな存在しないものに支配されて苦しめられてるなんて、アホにも程がある。'
幻想,'美少女神々どともに、超次元の旅に出発しましょう。神姫放置の幻想楽園＃超次元彼女 https://t.co/sKWbIOJRrS'
幻想,'本日は天龍峡ナイトミュージアムに行ってきました。\n日中の龍角峯も絶景ですが、ライトアップされると一段と幻想的になります。\n\n係員さんのおかげでスタンプラリーも達成。クッキーを頂きました。\n2月28日までやっているそうです。… https://t.co/JjIEJMozv0'
幻想,'@ponzuchan104 幻想的ですね！\nフォトツアーってなんですか？'
幻想,'たまに言ってるけど\n東方の神とか妖怪、幻想的な技術や現象とかって「過去を変える」力があると思っている\n正確に言うとそれら自身が過去を変えるというより「人間の想いにより『新たに作られた過去』に具現化して『今現在まで続いていた事になった』存在、概念」というか'
幻想,'「私はこの戦いを終わらせるというあなたの考えに賛同し、あなたの軍師を引き受けたのです。\u3000もう一度お伺いしますが、あなたは最後まで戦い抜く覚悟がおありでしょうな？」\u3000レオン・シルバーバーグ\u3000【小説\u3000幻想水滸伝2\u30004より】'
幻想,'福祉予算の削減には「人は福祉に頼るのではなく働くべき」という考えが存在し、この背景には「社会には教育水準が低かったり障害があったり犯罪歴があったりしても職を得ることができる」「職を得るのにトレーニングや援助は必要ない」という幻想が存在するとのこと。'
幻想,'21世紀のアメリカ経済において自分のコントロールを超えた事柄によって貧困に陥る可能性がない人はむしろ少数であり、アメリカンドリームは急速に幻想と化しているとAlston氏は語りました。'
幻想,'@takannt ゼルダの伝説ブレスオブザワイルド\n幻想異聞録♯fe\nゼノブレイドde\nオクトパストラベラー\n九龍妖魔學園記'
幻想,'心まで乾きそうな\u3000１日がまた終わる\u3000自由が重すぎるのさ\u3000たえきれず逃げだすなよ\u3000使い古した歴史の\u3000英雄を葬り去れ\u3000幻想が造り上げた\u3000英雄を葬り去れ\u3000英雄を葬り去れ\u3000【HEROES～英雄たち】'
幻想,'ワンダーライドブック、幻想モチーフだから余計トイならではの継ぎ目の肉抜きとかが気になっちゃうのよね…'
幻想,'美少女神々どともに、超次元の旅に出発しましょう。神姫放置の幻想楽園＃超次元彼女 https://t.co/Emg5gyH5pC'
幻想,'这是现在国内大学的APP。\n“好的大学，没有围墙”滑天下之大稽\n不说寒门难出贵子了，连小学生都可以发学术性文章，大学生遍地都是，研究生也就是个弟弟。\n人均985，月入百万，你都不好意思都跟别人说。人在蒙古，刚下航母。媒体天天都是大… https://t.co/7OItT5VyA3'
幻想,'@arni_elnido きっと蒙古から幻想郷を守るために誉れを失ったんやろなぁ、、、'
幻想,'#歌詞を呟くだけでフォロワーが曲名を当ててくれる \n泣かないで囚われた幻想を壊し\n1度きりの終焉をあげよう\n果たせない約束は胸の奥\n焦げ付いて赤く赤く爆ぜてくよ\nねえ？'
幻想,'幻想牢獄のカレイドスコープ、ノクチルの面子でやったら面白そうじゃない？'
幻想,'nwの何がやばいって『2人だけの世界』であることを2人が容認してることなんだよな\n言ったって生きてるんだから2人だけで生きてるわけないじゃんお互いがお互いだけでいいなんて思えるはずないじゃん\n現実とは違っても、そういう幻想を私たち… https://t.co/QZQPqLzEFA'
幻想,'@yussan__kame かわいいですあまりにも天才👏🌈💓\nそれは幻想です、かわいくなりてぇ😭！！\n本当にありがとうございます🥳💓💓💓'
幻想,'『陰陽師本格幻想RPG』、いますぐダウンロード！ https://t.co/kOveXlN55B #陰陽師本格幻想RPG https://t.co/vyR76CNZ15'
幻想,'美少女神々どともに、超次元の旅に出発しましょう。神姫放置の幻想楽園＃超次元彼女 https://t.co/zOzcOUS3Gs'
幻想,'美少女神々どともに、超次元の旅に出発しましょう。神姫放置の幻想楽園＃超次元彼女 https://t.co/uL1ECL36a3'
幻想,'ラブラブエンドって本当にあるんです？幻想じゃ無くて？？'
幻想,'@Hiroe_Suga え、美と科学についての幻想奇譚を書き続けた方として、私のほうが追いかける側です。むしろこっちが頑張らないとって思っています。'
幻想,'ジャンプアニメ縛り、ふりゃさんには是非ペガサス幻想歌っていただきたい'
幻想,'@shiako_kayowai 機械翻訳だけど話しかけるような描写とか自分が幻想でないと主張してるし全部ハリエット視点かも https://t.co/e72lUJwjE8'
幻想,'普段某最終幻想的の１４番目のゲームやってるんだけど、なかなか知らない人とコミュニケーション取らないから原神はMMOじゃないけど新鮮だったなぁｗ'
幻想,'大きなクジラが空を泳いでいたらそれはそれは幻想的だと思うのよ、\n\nあれ？曇ってきたのかな？って空を見上げたら悠々と泳ぐクジラが空を覆っていてな...\n\nボーッと見蕩れていると急に太陽の光が目に入ってきたことで時間がいつの間にか過ぎていたことに気づくわけですよ...'
幻想,'@Task_Natsuki え？幻想セレナーデおじさんと同じ日…\nおめでとうー'
幻想,'『陰陽師本格幻想RPG』、いますぐダウンロード！ https://t.co/8B4aLNSetP #陰陽師本格幻想RPG https://t.co/dm1RVn6QWh'
幻想,'美少女神々どともに、超次元の旅に出発しましょう。神姫放置の幻想楽園＃超次元彼女 https://t.co/RP44gYqPNB'
幻想,'神話といった作り話を生み出し、それを共有することができたからこそ強力なチームワークが生まれ、屈強な他人種を圧倒できたのだと。つまりコミュニティにはフィクションの物語を皆が共有する共同幻想が必要ということ。'
幻想,'@ferrule_music ありがとうございます；\nferruleさんの作られた天二願ウもとても幻想的だけど、力強い雰囲気とても素敵でした！\n改めてよろしくお願いします！'
幻想,'メテオライト・オーロラデイズ / ゆうゆ feat.巡音ルカ\n各方面で活躍しているゆうゆの幻想的でオシャレな曲\nryoのゆかり曲やじんのGUMI曲が聴けるということで買った名盤ですが個人的にはこれが一番気に入ってます https://t.co/ozwLAbpqu2'
幻想,'@Alice_DRG アウラもララも可愛すぎてよく幻想します🥺笑'
幻想,'@R_legem02 居場所は幻想だった'
幻想,'幻想郷は全てを受け入れる....。ならば、幻想郷の全てを受け入れてこそ....... 。'
幻想,'美少女神々どともに、超次元の旅に出発しましょう。神姫放置の幻想楽園＃超次元彼女 https://t.co/hRfxsrb5RX'
幻想,'…悪くない。お前という幻想の中に見る夢の妙なる調べを探すのも、最後の夢となろう'
幻想,'@bane_byonbxon あの伝説の回のぐだくんのスクショだ.....!(幻想)\nアニメ塗りすっごく上手くてほんとに放映されてるものかと思いました....!表情最高です.....'
幻想,'@s_memoria ③が出ましたね(笑)\n幻想的な写真✨'
幻想,'山吹さんの演奏する笛の音はとても幻想的で素敵なんです'
幻想,'じゃあ僕は幻想殺しにします #bot'
幻想,'大学生になれば彼女ができるかと思ったけどそんなことはただの幻想郷だったというお話。'
幻想,'美少女同士がすごいテンションで罵り合うデスゲーム【幻想牢獄のカレイドスコープ/にじさんじ/月ノ美兎】 https://t.co/09LM1CMId3 @YouTubeより \nおもろそう'
幻想,'脚上穿着白丝，手脚绑着黑丝，视觉被剥夺，剩下就是无尽的蹂躏和幻想 https://t.co/lKBRxna4fX'
幻想,'幻想水滸伝 https://t.co/EA1odPFfB9 @YouTubeより \n\n再生リスト作りました'
幻想,'@duppychan0513 前も前、最前列で腰にグー✊をいつも充ててましたー😂😂😂そそ、こちょうらんさんより前です！\n今回の幻想は海外配送と国内配送のよこセットを欲張り注文したので両方楽しめます😍毎回こんな感じなので到着をゆるゆ… https://t.co/YNzwjKpAb8'
幻想,'折角まじめにやるなら気分変えるついでに幻想と思ったけどどうするか'
幻想,'『陰陽師本格幻想RPG』、いますぐダウンロード！ https://t.co/HTjoNcCICQ #陰陽師本格幻想RPG https://t.co/FlGNsKgnx2'
幻想,'今日のコーデ✨\n\nアトフェスは一周してドナが貯まってから購入する予定なので今日は幻想的なテーマパークに誘うコーデ💎✨\nこのボンネットとマント、めちゃくちゃお気に入りです…😇\n\n#ポケコロ\n#ポケコロコーデ\n#ポケコロ公認モデル… https://t.co/hUMFCR2Ysj'
幻想,'@mihisama あ、隠岐奈様でしたか。\n\n隠岐奈様は、まぁ幻想郷の様子見と自己の存在誇示も理由でしたがあのタイミングだったのは三月精から見ると「地獄の存在への牽制」という側面も大きかったみたいです。\nちょうどヘカーティア様とクラピが動き始めたとこですし。'
幻想,'ワールド：MIRRORED FLOWERS - 鏡に咲く花 \n\n宙の下に青白い花々が鏡の上に咲く\nとても幻想的なワールドでした。\n花からは星々が生まれそう😆\n\n#VRchat_World紹介 https://t.co/z2yO6TNTkv'
幻想,'RONCのスタッフは元々読者・ファン側の人間で、ファンが抱いているイメージと近い発想ができ、一方原作は作者さまが描きたい内容だけで成り立つ…。ファンの抱く幻想なんて二の次でいいものね。当然のことなんだけど'
幻想,'価値観が月日によって変化するのは当たり前のことで\u3000だから今あるモノをよりよい形で出力する方が色んなメリットがあって\u3000それがある種の擬似的な普遍性みたいなものになるんじゃないのかしら\n絶対的な普遍性なんてものは自己の客観視と同じぐらい幻想なんだと思うけど'
幻想,'【東方幻想クリッカー】\n43体の仲間と共に、301F爆進中！\n指１本で遊べる放置系弾幕RPG！！\n\n【Android/iOS】https://t.co/bSZ4QPW4gc\n#東方 #フリーゲーム https://t.co/nL46rIyrUJ'
幻想,'星送り衣装のデュースでこのライブ見たい幻想的で絶対似合う'
幻想,'@smussyu6348 路面に映すのもそう言うのかはわかりませんが幻想的で美しかったです\nまたあの上を歩きたい'
幻想,'舞台の「ポーの一族」はバンパネラという存在を、宝塚版では幻想的で美しい方に振り切って描いて、梅芸版では少し現実的に人を脅かす存在（それゆえに孤独）として描いているのかなーと思った。\n\nエドガーの演じ方が違うんだよね。\n当たり前かもしれないけどすごいよね。\n\n#ポーの一族'
幻想,'@Loreelibrarian あの時Ｈさんがアングレ吹いてくれたら良かったのに…。\nその後幻想やった時も舞台裏のオーボエやってくれることになっていたのに本番直前で翻されてプルプルしながら舞台裏で吹きました…(苦笑)'
幻想,'高校生活で青春できない陰キャ→エロゲで青春イチャコラ（幻想）を知る→自分の高校生活に虚しさを覚える→また現実逃避エロゲのループ'
幻想,'美少女神々どともに、超次元の旅に出発しましょう。神姫放置の幻想楽園＃超次元彼女 https://t.co/DpKRVSdCWM'
幻想,'『陰陽師本格幻想RPG』、いますぐダウンロード！ https://t.co/EbIiYkg0ow #陰陽師本格幻想RPG https://t.co/LdA08vO9Zb'
幻想,'神秘的で幻想的な光景が取れました\nかびさん折紙さんありがとうございました、VCで生き残れるよう頑張りま https://t.co/g3jVcxo51O'
幻想,'@_____9bic_kx 絶対わたしたち再生回数の8割占めてる〰️🎶\nはあ、、頭わしゃわしゃされたい😺💭💖(願望)\nもくもくってなにwwどーゆー状況wwww\n激熱幻想毎日by👦🏻💖‼️'
幻想,'@Zhangzejun41 既有立牌坊的幻想，又有当婊子的行动。所以说，不是真蠢，因为目的不是为人民服务，而是学人家造镰刀呢'
幻想,'１話で家屋の中の明るさにうおおおおおお！！！ってなったんだけど後々原点として出しやすいようになのか幻想的な画だよな輪郭もほわほわしてたし。あとあお色が目に優しい。'
幻想,'希望一些男士今晚在迪士尼旁边的酒店干自己女朋友时，能把胯下的人想象成我女朋友。我不用幻想，她现在就在给我舔鸡巴。'
幻想,'我负责的中国漫画作品、获得2018京都国际漫画奖海外单元大奖的《她他》（作者：薰），也在JUMP+上连载近两年了。希望中国的漫画创作者勇于表达自己的幻想！ https://t.co/O0fNmsMPpu'
幻想,'美少女神々どともに、超次元の旅に出発しましょう。神姫放置の幻想楽園＃超次元彼女 (https://t.co/4FNHRts6aQ) https://t.co/m2iIZfSRCu'
幻想,'ポップだけど幻想的でとても不思議な曲だと思う。\nショーキチさんにしか作れない世界観でこのバンドにしか出せない音なんだろう。 https://t.co/pUgkAFF6gI'
幻想,'「ビフォー・アライビング・アット・ザ・ターミナル」\n\nsteamのフリーゲーム。ジャンルはサウンドノベル。極めて高品質な群像劇ホラー。驚かし系のホラーとは異なる、質の良い幻想小説の系譜。世界観も文章も練られており読みやすい。幻想小… https://t.co/z1itMX32fh'
幻想,'@izumikawamoto 何となく幻想的。'
幻想,'美少女神々どともに、超次元の旅に出発しましょう。神姫放置の幻想楽園＃超次元彼女 https://t.co/MtHRLBckOY'
幻想,'@HI_Mainaka 幻想郷の可愛い子をモフモフ（意味深）し、あらゆるところをモフり尽くしてくれよう！（暴君風）'
幻想,'【実況】最高のKONAMIをお見せしよう【幻想水滸伝 その2】 https://t.co/nEtnB5J3iS @YouTubeより \n\n今回のアーカイブ、グレミオ…やっぱお前じゃｍ'
幻想,'@MusesAthena 好性感的唇型！幻想…假如能夠深情的吻、咬著…不規律的吸吮，舌尖挑動著，傳遞我的熱情予妳！這是多麼浪漫又深情的吻！'
幻想,'@hao60800 綺麗ですねー😃\n雲が幻想的です✨'
幻想,'灰と幻想のグリムガルを視聴中なんだけど、これ続きアニメ化してないのか……小説って完結してるのかな？連載中？面白いからアニメ視聴終わったら続き気になっちゃいそうだなぁ。'
幻想,'せんせーうちのFCに幻想中毒者がいまーす'
幻想,'@KUROATHENA わたし、幻想入り作ってたんだけど、動画ね？大変(´・ω・｀)'
幻想,'ひぐらし業、郷壊し編や業全体が現実ではなく幻想世界であるって考察はめちゃくちゃ多いけど、ホントそうなって欲しいよ…'
幻想,'まず目を見開いて、周りをよく見渡すこと。それが現実を受け入れるということ。考える必要はない。何故ならそれは自分の思考が作り出した幻想に過ぎず、現実ではないから。(自動ツィート)'
幻想,'「紅色の幻想郷」 / 「홍색의 환상향」 / 레밀리아 스칼렛 / 동방홍마향 6면 / H · L / v1.1'
幻想,'『幻想博物館』『悪夢の骨牌』を含む「とらんぷ譚」は電子書籍もあります。ずっと中井英夫作品の電書は『虚無への供物』のみだったので、中井の短編を紹介しやすくなったのは良かった。「とらんぷ譚」は図書館本や古書でもまだ手に取りやすい方かと。\nhttps://t.co/JdX2WtdMJr'
幻想,'ポケモンだと「効果は抜群だ！！」\n幻想人形演舞だと「属性結界を貫通した！！」←こっちのほうがしっくりくる。ダメージが小さくても『貫通』はした意味になるから。\nで、この表記に相当する別の言葉を考えるのが、また楽しみで。'
幻想,'@Restia_Navire @crane_leaks @rufus1105 レスさんサブ作ればいいのに(；´∀｀)\n蒼天のコンプリートパック追加で買えば、キャラ作るごとに幻想薬ついてくるとか聞いたことあるよ！'
幻想,'@Yrrrr2020 一直在幻想，从来没停过。'
幻想,'这个疯女人是精神幻想症问题最严重的，家属应该立即送她就医 https://t.co/3iLOdWaGHj'
幻想,'野原広子さんの漫画は大人になって独立して、SNSとかマスコミが作って知らず知らずのうち自分の中に埋め込まれた結婚キラキラ幻想フィルターをすぱっとクリアにして現実を教えてくれる'
幻想,'@Zerameno まさしくそれですねw 紫様もとい幻想郷の住人はすぐ影響されるんですよ…()'
幻想,'@suikyo_ss もう日本だけがどうこうとか言うのは聞き飽きましたねw\nもしやるなら強制的に夫婦別姓にすべきで、中途半端を受け入れても幸せになんてならないと思います(^◇^;)\n\n選択肢が増えれば幸せになるなんて幻想\n逆に苦し… https://t.co/GaBUAHdY1b'
幻想,'推しへの幻想が強すぎるのかもしれない'
幻想,'@konohana327398 はいはーいすぴせんせですどもー！どもどもー！(✿´ ꒳ ` )ﾉ\nそうなの!! マイホームが幻想的かつ豪華になるの夢が広がるね…。すこし前白い百合の花で埋められた棺桶とか出てきてちょっと住みたいって… https://t.co/7uwYjW03ux'
幻想,'沖縄小浜島のリゾートホテル「はいむるぶし」がいい〜\n島全体が国立公園の中にあり幻想的な自然と透き通る瑠璃色の海に囲まれた楽園。国内最大級のサンゴ礁に囲まれながらできる南の海ならではのマリンアクティビティや海を眺めながら乗馬体験など… https://t.co/mO810ta099'
幻想,'あーあ……嫌なものを見せないでくださいよ。そういうの鳥肌がたつんですよ。《無償の友情》なんて幻想を信じてるフリを、真顔でできるおめでたい人たちを見るとね'
幻想,'友崎くんの同人誌見たら\n日南葵のブラが友崎くんの幻想殺しでかき消されてて草'
幻想,'@ery_21_ 幻想的ですね✨'
幻想,'「恋」って幻想なの？\n\n「恋って脳のバグみたいなもの」恋愛感情を持たない“アロマンティック”の価値観 https://t.co/0IomfxKseF … https://t.co/yopbUG4Uv4'
幻想,'🎶:幻想楼閣 \n🎤:橋本みゆき\n(Purplesoftware OrchestraSelection) \n#とりぷれ https://t.co/ngFRQVQLiu'
幻想,'妄想：ありもしない幻想をあたかも自分に深い関わりのある出来事であるかのようにリアルに想像し、都合良く勝手に萌えやエネルギーを抽出する方法。非常に手軽でエコだが、体力の消耗が激しい。'
幻想,'美少女神々どともに、超次元の旅に出発しましょう。神姫放置の幻想楽園＃超次元彼女 (https://t.co/5SSpSqaaHX) https://t.co/kZv7qLH44B'
幻想,'世界を滅ぼす…みたいな幻想入りストーリー考えてみようかな'
幻想,'#ハンフォード B炉を訪ねました。長崎原爆に詰められた #プルトニウム が製造された施設。原子炉は原爆から始まったのです。「父が職員だった」と言う方が「父は独裁者を倒したと日本人に感謝されていた」と語りました。この虚偽、幻想を打ち… https://t.co/cG9Syo70Kl'
幻想,'この国は割ともう取り返しがつかないくらいに終わってるけど、それを指摘すると過去の栄光にしがみつくプライドの塊な人たちが日本は海外と比べて相対的には良い方という幻想を持ち出して自らを精神安定させて努力を怠って益々勝手に没落していくから面白いよなー'
幻想,'『陰陽師本格幻想RPG』、いますぐダウンロード！ https://t.co/qtxgxouZpJ #陰陽師本格幻想RPG https://t.co/fvXyPxNQvH'
幻想,'それか幻想のプーサーを呼ぶ地獄カルデア(地獄しかないんですか？)'
幻想,'ビースターズ19話、腕が簡単に取れる所とかリズのこととか、色々とゾッとしたわ\n食べられる直前のテムのリズを受け入れたかのような言動は、リズの幻想だったってことでいいんだよね？\n狂気的で怖かった'
幻想,'人間たちの幻想郷 第16話（最終話）感想続き\n里で一瞬だけ虚空蔵が流行るの、めっちゃ東方書籍っぽさある\nモノローグがあって、猫が増えて、使用人たちが各々の仕事をしていて、阿求が「書くこと」を求める…余韻も含めて心地よい終わりだなぁ… https://t.co/Vo3uI5XSai'
幻想,'人間たちの幻想郷 第16話（最終話）感想\n最終回のタイトル＝作品名は名作の証\n前回に引き続き頑張ってるなー霊夢\nそばかすちゃんに伝えてなかったんかい!\nそばかすちゃん、最後に「阿礼乙女」じゃなく「阿求」に対して話してるのジーンとくる…!\n今回も良いあきゅすずしてるなぁ'
幻想,'なろうに転載したらわっと感想が来たりするのか……？なんかそういう桃源郷的なところだという幻想はある……（感想文化的な）'
幻想,'というかまあ幻想薬まだ2個残してたから7個になっただけだけどね'
幻想,'@IdeaPolisCo \nというわけでルーカスが目を覚ましました。\n一緒に話したい人や幻想体はいますか……？'
幻想,'よくメディア等では楽して痩せれるとか食事制限なしで痩せるとかいってますが、そんなのは幻想です。\n\nそんな甘い事で１０キロ、２０キロ痩せれたら世の中にデブはいません。\nただし、これは効果がありました⇒https://t.co/Cn8K4wxroJ'
幻想,'ラウクレ2の印象に残った場面\nRASは\n・just the way I amで前出てきたチュチュ\n・モヤがかかって幻想的なパレオ(多分ライブビューイング限定)\n・まさかの2度目のソロ演奏枠\n#ラウクレ2'
幻想,'「我が村のことは、もうどうしようもありません。しかし今ここで解放軍までが壊滅したら、いったい誰が帝国を正すのでしょう？\u3000どうかティル様、テオ・マクドールの軍勢を止めてくださいませ。微力ながら、私も戦いに参加させていただきますゆえ……」\u3000カスミ【小説\u3000幻想水滸伝（中）】'
幻想,'美少女神々どともに、超次元の旅に出発しましょう。神姫放置の幻想楽園＃超次元彼女 https://t.co/pgrTsaJVAp'
幻想,'羊一家はなんかの幻想描写だと思うんだが...'
幻想,'@WbhsdiYUVydufzP そういった埃まみれの幻想を捨て去って頂きたいものです。'
幻想,'@AK1B0 幻想水滸伝はやばい😇'
幻想,'私はイラストが描けないのでコスプレっていう世界で私が思う幻想郷を作り出したいなって気持ちで活動してて、このキャラはこんな性格だからこんな布を使ってあげればきっと綺麗に可愛く素敵にかけ跳ねてくれるんだろうなって気持ちで選んでるし制作してる'
幻想,'@_nocosan その幻想すててもろてっっっ！'
幻想,'美少女神々どともに、超次元の旅に出発しましょう。神姫放置の幻想楽園＃超次元彼女 https://t.co/70vQr8iL2l'
幻想,'@0hiyoko0mamesa0 綺麗✨\nすごく幻想的だね！'
幻想,'なんか幻想的な写真が撮れてしまった。\nエアレーション邪魔笑 https://t.co/zTkHRhTVQe'
幻想,'@IdeaPolisCo \nルーカス「あ！この幻想体の収容室に入って良い？大丈夫、ちゃんと生還するから！」\n\n(収容室の方へ駆けていった……何事も無かったように)'
幻想,'幻想描写と現実描写が混ざり合っていてよく分からん'
幻想,'夜に囲み込まれた幻想\u3000本当は誰かを愛したかった\nなのに抱え込んで黙って\u3000遠ざけては求めて\n\nこの先ずっと\u3000あなた私を歌って\n私あなた想う\n\n私面想歌'
幻想,'【食い詰め傭兵の幻想奇譚5 (HJ NOVELS)/まいん】を読んだ本に追加 → https://t.co/Cx64dbcJKy #bookmeter'
幻想,'美少女神々どともに、超次元の旅に出発しましょう。神姫放置の幻想楽園 #超次元彼女 https://t.co/EHKP2LlIlK'
幻想,'「脳の中で自由に意思を決定しているというのは『幻想』」#NHK  1983年の実験で証明されたそうです。\n決定論ってやつの事ですね。自由なんてあると思っていたらないと言うのが多くの物理学者の認識だそうです。\n密教の解脱などはその例… https://t.co/df5MkAYx4r'
幻想,'美少女神々どともに、超次元の旅に出発しましょう。神姫放置の幻想楽園＃超次元彼女 https://t.co/FQN5Sn359l'
幻想,'まるで「銀河鉄道999」の世界だ...！\u3000夜の名古屋で撮影された、幻想的すぎる写真に反響 - コラム - Jタウンネット https://t.co/J3gxTBB3qY'
幻想,'稼ぐことを目的としているなら別に全然いいと思う、幻想持つぐらいのモチベーションでいた方がいいでしょ\nわしは25で手取り1000万ぐらい貰えるメディア蹴ってまで収入そこそこにほぼ定時で帰れて福利厚生しっ…\n\n続きは質問箱へ… https://t.co/3UzNa8vXPw'
幻想,'@gaunclexx @Felipe0Lin HK这一帮不懂世界规则不懂美国更不懂中国的井底之蛙，成天就幻想自己来指点江山的话，明天会更好😒'
幻想,'つわりツライなぁ…\n気持ち悪くて眠れない〜😭\n今日は、一日中気持ち悪かったな😢めっちゃマーライオンしてた🤮🤮🤮\nこれから数ヶ月ずっとこれが続くと思うとツライ😭\n妊婦さんってホンワカ幸せそうに見えるのって幻想よ（個人的主観）\n現実、つわりが酷い組は苦しみしかない😰'
幻想,'@MichelleOracle 黒角アウラちゃんにしたくて一週間くらい幻想するか悩んでる…w'
幻想,'幻想が終わってしまったので7話みれる……ニコの6話見てから……'
幻想,'東方Projectって言うコンテンツがいかに素晴らしいかって話なんだけど、作者様（ZUNさん）の意向で二次創作OKってなってる分、それこそ幻想郷に100パーセントの正解ってないと思ってて、\nイラストにおいてもコスプレにおいても人の… https://t.co/eumvOPAIlH'
幻想,'…悪くない。お前という幻想の中に見る夢の妙なる調べを探すのも、最後の夢となろう'
幻想,'@hana_mukimuki 幻想的で良い雰囲気\n集中できそう！'
幻想,'ねこねこねこねこ！！！\n\n猫さんのは幻想的でとても好きなのです https://t.co/vywPWlbDq2'
幻想,'風景はとっっても幻想的ですが、こちとら必死なのよ #スノーランナー\u3000＃Snowrunner https://t.co/21C0agRqJQ'
幻想,'@asahi 金持ちという上級国民は、金で前科者にならず。司法の平等は幻想です。'
幻想,'私の出す音は幻想の音だよ。\n精神に影響はないから、聴いても平気。'
幻想,'委員長がやってた幻想牢獄のカレイドスコープ読了。ループやキャラ急変は竜騎士さんらしい暴れぷりですが、あの終わり方は「なんなん…そしてジェンダー理解昭和か！？」になってしまって超モニョ。'
幻想,'頽廃、幻想、不穏を愛する二人の歌人、嘔吐彗星さんと月岡烏情の共同ネプリ「霧中信号」です。\nそれぞれ6首連作を持ち寄り計12首が楽しめる内容となっています。幻視を強要する霧が今立ち込める。\n\nさまよう～。ぜひ！\n\n#短歌… https://t.co/PlYpxQfDxn'
幻想,'美少女神々どともに、超次元の旅に出発しましょう。神姫放置の幻想楽園＃超次元彼女 https://t.co/nqVCydORTc'
幻想,'#Ninjaの日\n滑り込みセーフ😼\n仕事で来たことあったわ🤔\n昼間だったからこんな幻想的だとわ思わなかった https://t.co/3htj3Lmaeg'
幻想,'幻想の野外活動 (ハイキングウォーキング)'
幻想,'@laughmaker84 幻想殺しみたい👊\nどんどん壊していきましょう🔥'
幻想,'違くない？わたしの理想じゃなくね？\n誰が幻想じゃ！'
幻想,'聖闘士星矢で「ペガサス幻想」って書いてペガサスファンタジーって読むの好き'
幻想,'美少女神々どともに、超次元の旅に出発しましょう。神姫放置の幻想楽園＃超次元彼女 https://t.co/FFvarVRDeb'
幻想,'幻想薬買ったから軽率にパリンできるやったね'
幻想,'@enjoy__enjoy__ 幻想的カラー！！🤣\nすごいです！！'
幻想,'幻想魔録はチェインが無印だと強いケド、祭にアップデートしちゃうト少し弱くなっちゃうヨ。\u3000〔定期〕\u3000#霞bot'
幻想,'『陰陽師本格幻想RPG』、いますぐダウンロード！ https://t.co/A4kDtqxxDR #陰陽師本格幻想RPG https://t.co/A7W1fpOCm2'
幻想,'@suraido616 かわいいやろ？\n幻想万華鏡オススメやで'
幻想,'美少女神々どともに、超次元の旅に出発しましょう。神姫放置の幻想楽園＃超次元彼女 (https://t.co/nHCI4svsRX) https://t.co/7iwmS5hRZ1'
幻想,'猫の日が終わる……ッ！\n猫による世界支配は幻想ッ！\nモルガン様ァァァッ！！'
幻想,'いつも言ってるけど甥のキャラソン(幻想)です ヤバイから皆さん聴いてください https://t.co/DjDNTCO2zE'
幻想,'人々の多くは、無意識レベルで、\n現実の幸せよりも、\n幻想（想像）の中の幸せを強く求める傾向がある。\n\n意識レベルで、現実の幸せを得たいと発するけれど、\n現実の幸せと幻想の中の幸せを天秤にかけると、\n幻想の中の幸せを優先して、現実の幸せを自ら遠退かす傾向あり。'
幻想,'美少女神々どともに、超次元の旅に出発しましょう。神姫放置の幻想楽園＃超次元彼女 https://t.co/g31H1yHJeN'
幻想,'黒猫ちゃんいい匂い(幻想'
幻想,'御阿礼の子を題材にするとき、幻想郷縁起を執筆しなければならないという運命にどう向き合うのか、というのは一つの大きなテーマである。'
幻想,'美少女神々どともに、超次元の旅に出発しましょう。神姫放置の幻想楽園＃超次元彼女 https://t.co/9AvjmZFdhz'
幻想,'@eiupako 私が幻想になるのでイマジナリーなフレンドにしてください'
幻想,'幻想的だよねっﾟ･*:.｡..｡.:*･゜\n綺麗な心でいれそう(//∇//) https://t.co/khRs5IxeFT'
幻想,'各国を巡りながら、英雄譚、戦記ものとしてのシナリオを展開しながら（これもなかなか面白い）、その一方で全体を貫く縦線として「蛮神」をテーマにしてエオルゼアを包む「幻想」という話がゆっくり紐解かれていくシナリオでどんどん先を見たいという気持ちでプレイできています、FF14'
幻想,'『陰陽師本格幻想RPG』、いますぐダウンロード！ https://t.co/YU9CGBdAqE #陰陽師本格幻想RPG https://t.co/IfTkhznLtD'
幻想,'Ebizo theater earth &amp;human.残念ながらライブで観る時間がなくアーカイブで視聴。海老蔵さんの三番叟は文句なく素晴らしいのですが、幻想的な引地さんの映像よし、川井さんの音よし、対談もよし。'
幻想,'「君しかいない」なんて幻想を\n死ぬまでみていたいだけなんだ'
幻想,'@E2N6ubqLzB74Vqr ダークファンタジーっぽい感じがしますね💜🧚\u200d♀️🧛\n幻想小説の表紙によさそうな気もします📕🌛🌼\n地震が来ないといいなぁって思いました😊🌃'
幻想,'@altoleo 親と一緒ではなく、友達どうしで行った先がヘラルドグループだったって記憶、ありますよね。ほんと、まるで幻想だったかのように消えてしまいましたね…。'
幻想,'灰と幻想のグリムガルとか ゆっくりしたファンタジーものが見たいなぁ'
幻想,'ボルテールくんも、幻想（illusion）はあらゆる喜びの始まりであると言っているので'
幻想,'@TVFEQh02nDxqFNN (テトラ)テトラは優しい妖精だから出口に案内するよぉ、こちら第6幻想郷へのいりぐちにごさぃまぁぁすぅ、(この後の言葉は聞き取れない)'
幻想,'ポケモンの世界でむむたんと遊んできました🤚幻想的な世界も沢山あって楽しい✨（ただしゲロ酔いする） https://t.co/5Gs4FbgZd4'
幻想,'水龍敬先生が水龍敬ランドの経営陣から外されたってマジ？\n\nまあ素直な話微塵も興味ない話題でトレンド上がってたから幻想郷風俗で抜いて寝ろ'
幻想,'会員同士が主宰者への憧れや忠誠心を競い合う。「自由意思でのびのびと自分を解放できる空間」という共有幻想とは裏腹に、実際は主宰側が金銭や労働力を巻き上げるスキームである。コミュニティ内でセクハラ、パワハラ、中傷、金銭の略取といった不祥事が起きても、対処のガイドラインがはっきりと無い'
幻想,'美少女神々どともに、超次元の旅に出発しましょう。神姫放置の幻想楽園＃超次元彼女 https://t.co/SWU5UzW5cA'
幻想,'汚いおっさんに幻想少女が犯されるの大嫌い。舞くんがいるだろ'
幻想,'声優無加工だとオタクが思ってる程の幻想ないで。それを良しとするかしないかは自分自身の話'
幻想,'美少女神々どともに、超次元の旅に出発しましょう。神姫放置の幻想楽園＃超次元彼女 (https://t.co/MmnIFo1DwY) https://t.co/B9ty4CAgh3'
幻想,'「“自由な意志” それは幻想なのか?」 - NHK https://t.co/0GDDn8mMh0'
幻想,'久々にビートストリームとかいう幻想郷入りしてる音ゲーの動画見たら譜面見えなさすぎて草。'
幻想,'美少女神々どともに、超次元の旅に出発しましょう。神姫放置の幻想楽園＃超次元彼女 (https://t.co/UuqNXhqAqo) https://t.co/37zlFBZDiA'
幻想,'努力すれば必ず夢がかなうなんてのはな\u3000ただの幻想だ！'
幻想,'行動が伴わない覚悟は覚悟とは言いません。それは、ただの幻想です【２週間で一生が変わる魔法の言葉】'
幻想,'@miaD_Gsenyo 幻想か～っそういうところが可愛いのよだめよ！\nみーちゃんのおかげでモチベーションすごい上がってる！！10万ならすぐいけそう！！昨日寝落ちしちゃって今から再開するんだけどLv95まで育ったから里に行ってくる！\nえあっという間？！みーちゃん絶対ごりら'
幻想,'描いてません幻想です'
幻想,'ああ\n幻想と怪奇買いたいね'
幻想,'@mattyakinako315 【魔女の突貫便】\n主演：魔理沙\n\nこうして、幻想郷に衝撃が走った名作が産まれた。'
幻想,'ああ…でもさ、こうやって「痩せるのって簡単じゃないんだ…」「頑張ることってこんなに大変なんだ…」ってショックを受けたり、「痩せれば私は可愛いしインスタグラマーになれるし女優になれるし美しくなれる」とかベッドの上で抱いてた幻想が壊されていって、思い描いていた理想と現実との間が'
幻想,'終末幻想アーモロート\u3000ラストっぽい、いい時間だし明日しごおわ帰宅してからやろ'
幻想,'美少女同士がすごいテンションで罵り合うデスゲーム【幻想牢獄のカレイドスコープ/にじさんじ/月ノ美兎】 https://t.co/Mf38crVDAt @YouTubeより'
幻想,'おさななは2人だけの世界とか共依存している様に見えるけれど🥂は自分自身を変えたいという夢でも幻想でもなく目標としていて、👔も安眠するために社内の立ち位置を変えようと行動を起こそうとして、2人とも大きな壁にぶちあたりながらでも前に進もうとしているからそんなおさななが好きなんだよ'
幻想,'幻想的な服が本当に可愛かった'
幻想,'ライブ配信中!!\n\n23:34~\n「赤髪チャーーージ‼️❤️」\n\n23:37~\n「幻想的なヤツ」\n「短時間勝負💪」\n\n23:44~\n「NARUTOにうるさい男🍥」\n\n#ポコチャ x ドラム😈トーク\nhttps://t.co/J7MmrcYeHd'
幻想,'#光のphotographer 活動日記。\n#studio_kima さんにお邪魔しました。\nアジサイいいですね！とても幻想的でした。\nそして隠し部屋発見しました🥳\nラルさんとの初顔合わせもあったので記念に撮らせて頂きました(*´… https://t.co/VikgoGUobs'
幻想,'ところでこの話、人間のエゴ云々とか言われてるようですけど、元は人魚の母親が人間に幻想を抱いて娘を放り出したことから始まっているので、結局登場人物全員エゴイストでしたということで良いです🤔？'
幻想,'@TOBUMUSA231 原曲なら\nおてんば恋娘\n神々が恋した幻想郷\n\nアレンジなら\n月に叢雲花に風を\n華鳥風月\n\n特におてんば恋娘は毎日聞いてる笑笑'
