人気,'格安SIMの #nuroモバイル からデータ無制限プランが登場！人気の最安プランと無制限プランなら私は #税込月額330円の最安プラン派 ！抽選で100名にAmazonギフト券があたるキャンペーン実施中。… https://t.co/36sQaGym9H'
人気,'楽天のみんな大好き おせちセット ランキング😋\n\n🏅第2位🏅\n\n福袋 2021年 新春福袋 お得なニッスイの人気商品お楽しみ福袋セット ［送料無料 冷凍食品 詰め合わせ 福袋2021 お正月 お楽しみ袋…\n\n評価4.0\nレビュー7… https://t.co/ikjffIhVvE'
人気,'@Rinshi_shian MARVELは世界中で人気だから期待したいですね！！'
人気,'#VOTE_PAULIE\n第1回ONE PIECE 世界キャラクター人気投票開催！期間中は毎日投票可能。#ONEPIECE1000LOGS #ONEPIECE_WT100 #WeAreOne https://t.co/aNoNjPtXKA'
人気,'@h_m_r_1114 次女の時に4月入園が良くて\n人気の定員いっぱいの園狙って\nそこの園1つだけ書きました😂\n\nおかげで3月末まで待機児童で\n4月入園になったので\n人気の申し込み時に定員いっぱいの園\n1つだけ書くといいかもです❤︎'
人気,'@8mhlNt @YouTube 私、PINKって知らないんだけど、バンドブームの頃に人気があったの？💦'
人気,'@Me29422884 みぃちゃーん💜\nほんと激戦だね💧SnowManほんと人気凄い✨\nこれからチケット取るの毎回こうだと思うと心折れそうになるね😭\nでも今度会う為に毎日を頑張んないとだね💪💦\n生きて会わなきゃだ💜💙💦'
人気,'【#春から早稲田商 生に人気の在宅バイト】\n\n✅コロナでバイトがなくなった？\n✅2.3月の収入がピンチ？\n✅在宅のスキマ時間で稼ぎたい？\n\nhttps://t.co/a60hlWoSLY\n\nhttps://t.co/GzIupjmfPc'
人気,'弊固定の召喚の人気の無さ😂😂😂'
人気,'神雨で保育士パロ\n一柳組\n神琳先生\nいつもみんなに優しくて人気者でイノチとは何かを教えてくれる。怒ると怖い\n雨嘉先生\n新人保育士、いつも自信がないけど神琳先生に励まされて頑張ってる。猫が好き\n梨璃ちゃん\nいつもみんな前に立ってリー… https://t.co/hTbPColEaO'
人気,'【音韓】ユナク（SUPERNOVA（超新星））に投票完了！現在の得票数:593票\n人気投票はこちらから↓\n https://t.co/Ag6MCKLGum #ユナク'
人気,'ボス恋の話してるれんくんマジでオタク特有の早口で草すぎん？口づけほどこして…ってなぁに？「はぁまた玉さん人気でちゃうよぉ」「構ってくれんくなるの嫌やなぁ」って昔から応援してたバンドがMステ出るようになったときのオタクのそれ #庭ラジ'
人気,'【結果】地方競馬特別版\n大井競馬\n#雲取賞 \n◎タブラオ\u30003着\n○ランリョウオー\u30001着\n▲シビックドライヴ\u30006着\n△トランセンデンス\u30002着\n△ヒートアップハート\u30009着\n★ノートウォージー\u30005着\n\n3連複\u3000380円\u3000人気通りの決着'
人気,'日曜はぐらかへ。遅い時間しか空いてなかったぜ。人気だ。'
人気,'えっ、「トライアングルアターック！」って解散しちゃうの！？\nユミルの俺妹市場でライブして一気に人気でたのに……もったいないなあ'
人気,'走りきりました……！\n人気投票お疲れ様でした！！ https://t.co/xYEHCiAycT'
人気,'リスナーの方が人気………………\nつまりそういうことか……(←)'
人気,'色んな意味でどりむちゃんたちはイリチル兄さんの弟分だと思ってたからびっくりしたんだが。\nどりむちゃんたちのが人気が高いのね、、、\n英雄が結構良い感じだったように感じるから直近ではどうなの？？？'
人気,'格安SIMの #nuroモバイル からデータ無制限プランが登場！人気の最安プランと無制限プランなら私は #税込月額3278円のデータ無制限プラン派 ！抽選で100名にAmazonギフト券があたるキャンペーン実施中。… https://t.co/VugUINlENA'
人気,'後衛持ってる身としては、弓はとても気になるし使っていきたいけど\n人気しすぎて萎えそう🤢'
人気,'ステでもじじいに人気の清光'
人気,'SEECの脱出アドベンチャーノベル人気作が完全リメイクで登場   [Android]https://t.co/edbIUSMej4  [iOS]https://t.co/fyv60xQPFu  \n\n途中から有料なので旧作やって面白… https://t.co/5cqFenLJSd'
人気,'始まってすぐあたりのコメントの大垣人気にふいた\n今回出番なかったなあきちゃん…'
人気,'【あつ森-視聴者参加型】人気素材＋マイル旅行券取り放題配信#48: 参加者は初見さん、初心者さん歓迎です。 このチャンネルではあつ森でゲットできる 大人気キャラから人気アイテムや人気レシピ全ての物をプレゼントしています。… https://t.co/891H2Ef7wu'
人気,'【あつ森-視聴者参加型】人気素材＋マイル旅行券取り放題配信#48: 参加者は初見さん、初心者さん歓迎です。 このチャンネルではあつ森でゲットできる 大人気キャラから人気アイテムや人気レシピ全ての物をプレゼントしています。… https://t.co/jWFItiw5fP'
人気,'本日！！フォローして頂いてる方々が300人気を突破しました〜！！\nこんなしょーもない配信を見て頂けてただただ感謝です！！\n今日の配信でもサブスクビッツフォローコメント本当にありがとうございました。めちゃんこ嬉しいです！！\n今度ゆっ… https://t.co/E4QmDJ6uH9'
人気,'@4869_sho_ やっぱり確率高い方が人気かもしれないね✨\n\nでも金額を一律にしてる方がほとんどだから、ちょっと変化があると楽しみも増える気もする😶\n一番下とかね👀🍀'
人気,"'📢楽天せどり・ポイ活情報📡\n    総合人気 ✖ 高ポイント商品\n\n    ポイント10倍🔥\n\n    【ポイント最大17850円還元 2月16日(火)10:00〜2月19日(金)23:59】業界初クーリ\n\n    ￥71,478… https://t.co/qGNeFwiEXg'"
人気,'😊📀【美韓】パク・ボゴムに投票完了！現在の得票数:5178票\nパク・ボゴム「入隊中は僕の作品見て待っててね♡」💗大丈夫作品見て待っているからね🍀🎹🎶😊🌺🌸💗🍀🪴🌹🎀🌌🌠\n人気投票はこちらから↓… https://t.co/kQUoxHNfw1'
人気,'ぐるナイのゴチ、花江くん1位で自腹回避だったのか 流石超人気声優やで'
人気,'私が思う、ロルフおとなのベビーチーズの売上人気No.1は【 #生ハム入り 】！ あなたがNo.1だと思うのは何ですか？👀 https://t.co/fhecquodFb がヒントです⭐️ @nipponhamgroup をフォロー… https://t.co/RWwzM7S6jM'
人気,'只今、すぐのご案内可能です！\n\n人気セラピスト出勤中😁\n超お得【はじめて割】で75分10000円から！\n※18時以降プラス1000円\n\n会員様限定割引【AJITO+】\nMAX9000円OFFでご案内！… https://t.co/lx0qbJNVrj'
人気,'Adoさん100万人おめでとうございます!!\n100万人いくスピードすごい早い!\nうっせぇわの前から知っていて登録させてもらってたから、人気になって遠くなるのはちょっぴり寂しいな…と思ってたけど、やっぱり嬉しい!!\n色んな方にAd… https://t.co/NzlFKaObPY'
人気,'@white_0603_hino 人気者だ'
人気,'@saki_ashizawa 人気投票でトップに行くほどの人気のあるあの人じゃないの？w'
人気,'人気投票、最終こんな感じでした！ https://t.co/AfTBdpaZts'
人気,'@sawadax3 あら人気者🤭'
人気,'@momoxfleur わかる一年と二年とごじょかな？たぶん。むしゃくしゃしてたノリで買ったので私も正確にはわからない←\n何故そんなに人気かわかんないけどすごいよね～私が言えたことではないけど'
人気,'@runto_asonde ぴえん系メイク 最近女子中高生の間で、地雷系メイクや量産型メイクというものが人気を集めています。 そのようなメイクをしている人が、SNSなどに「ぴえん」の文言を添えて自撮りを投稿することが定番となってい… https://t.co/uWSFiRwGSy'
人気,'フォロワーからの鉄板煽り演出あって初めてあのギャグは成立するから217ちゃんは必要悪なんだよな、かなりの確率で奇跡的な荒れ方するけど11番人気→1番人気→2番人気みたいな'
人気,'⛔本日2/19㈮全国の関ジャニ∞深夜\n\nありえへん🈁石川\n世界の衝撃事件2020豪華SP(3)\n▶️深夜0時〜0:55📡MRO\n\nジャニ勉🈁秋田\n仲良しトリオが互いの不満!\n初出し秋山の恥ずかしすぎる映像公開\n▶️深夜0:25〜1… https://t.co/ZHbLjFG676'
人気,'まゆたん人気がトーカーさんの中で\nめっちゃ上がってて\n嬉しく思ってるそななである'
人気,'なでしこ姉の人気スゴ笑\n\n#ゆるキャン'
人気,'@U12R10U それだよー😭人気キャラだけでも自引きしたい！一番くじ神社とかないかな(笑)南無南無しに行きたい(笑)'
人気,'氏がNieRリンカネやってるの隣で観てたけど出だしのBGMだけで泣きそうになった…やっぱり岡_部さんて凄い\n\nところでシノアリ人気投票ガチャも聖ガチャの分も石置いといてない私は一体どうするのだろうね🤔'
人気,'@yagurumagiku_A1 いちさんもお好きでしたか！？わーい！お仲間(っ´ω`)っ⊂(´ω`⊂ )ｱｸｼｭｯ\nそして隠れキャラが！？\nアニメから入ったせいで逢魔の時のキャラさんに全く気づいて無かったのと人の名前を覚えようと… https://t.co/o7QxyWCFmp'
人気,'私が思う、ロルフおとなのベビーチーズの売上人気No.1は【 #4種のペッパー 】！ あなたがNo.1だと思うのは何ですか？👀 https://t.co/DRBRu1iRdE がヒントです⭐️ @nipponhamgroup をフォ… https://t.co/fBI536b7dp'
人気,'元は立ち食いそば屋だから100%立って食べる。長岡市からわざわざ出向き新潟市のど真ん中で立ってカレー食べたいか？！って問題だと思う。\n\nたとえばファミリーやカップルが、ていうこと。\n\nいや、人気だし美味いんだけど。\n\n新潟で何食べる？\n\nえ？カレー？😅ってのはきっとある。'
人気,'@camO816 ううん！スマホからブラウザで開いた！！\n隠れてるのか…私もジェローム最推しだけどキャメロンモナハン推しではないからな笑\nまじ？！？ペンギンの人が人気なんだ🤡'
人気,'【美韓】チャン・グンソクに投票完了！現在の得票数:15313票\n\nチャン・グンソク\n「可愛いウナギたちへ♪俺たちはずっと一緒だよ♪」\n\n人気投票はこちらから↓\n https://t.co/XD3WZoZ10u #チャン・グンソク… https://t.co/cnKPyd1wnO'
人気,'もう寝るけどこれだけ忘れないうちに言いたい。\nグリスロウとルオくん、水と粉でつくるお菓子大好きだと思う。ヤンヤンつけぼーとかも。\n\n知育菓子・遊べるお菓子のおすすめ人気ランキング15選【寿司・たこ焼き・実験ゼリーも】 https://t.co/GKgP8rTl9h'
人気,'格安SIMの #nuroモバイル からデータ無制限プランが登場！人気の最安プランと無制限プランなら私は #税込月額3278円のデータ無制限プラン派 ！抽選で100名にAmazonギフト券があたるキャンペーン実施中。… https://t.co/baMQBOjyq6'
人気,'@Rentaroo_kunn いやいやそんな感謝って程のことはしてませんよ💦💦\n\n推しが人気になるのはいいことですから！！！'
人気,'にじさんじって結構男女問わず人気なんだな https://t.co/AHM8ht7HT0'
人気,'私が思う、ロルフおとなのベビーチーズの売上人気No.1は【 #枝豆味 】！ あなたがNo.1だと思うのは何ですか？👀 https://t.co/leIk4PnpYZ がヒントです⭐️ @nipponhamgroup をフォロー&amp;選… https://t.co/Ah3cG8mJmX'
人気,'【ふるさと納税】\n\nこの時間、無性にラーメンを食べたくなります。\n\nらぁめん元氣屋の人気商品海老味噌ラーメン、海老担担麺がご家庭で簡単に召し上がれます。\n海老の独特な風味は一度食べるとクセになりますヨ。\n\n／\n\u3000元氣屋海老ラーメン… https://t.co/4toYgBt2OS'
人気,'今回の練習生は、まんべんなく人気だね。'
人気,'桃源暗鬼人気出てきそうやけどあんまりささらなかったなぁ\nチェンソーマンも'
人気,'私が思う、ロルフおとなのベビーチーズの売上人気No.1は【 #生ハム入り 】！ あなたがNo.1だと思うのは何ですか？👀 https://t.co/06fJ2aGuxc がヒントです⭐️ @nipponhamgroup をフォロー… https://t.co/tLnUHPOSvk'
人気,'stone-netAの人気作品はこちら！ ホタルガラスかんざし(蓄光タイプ) https://t.co/k1r0ucKtZz #minneの人気作品'
人気,'@ka_p1astik KAさんの昼食代にも及ばない給料なので私はとてもとても......\n\nこれ買うならBlack magicの6Kを買うことをお勧めします。これの半額なので2こ買えますね！（まだいうん）\n\nピンキリですが\n1番安いビデオマイクロが人気ですね'
人気,'@pormayle あーありそう(●・▽・●)そしたら世界滅亡凄い人気高そう～！'
人気,'また何年か経ったら、違うことを思うのかな。\nブロードウェイみたいに人気作を何年も上演し続けるスタイルも好きですが、一回ごとの公演期間は短くとも、こうして再演され続けていく作品がある、その一方で世界の話題作もちょっと待てば日本語で観られる、この日本のスタイルも好きだしありがたい…'
人気,'この辺推しでみてるからマーベルコミックは時事にも取り組んでます論調全く信用できないんだよな、結局ただのキャラビジネスなんで人気不人気で限られた枠は消えるだけなんで…'
人気,'ホンダの新型ヴェゼル出た。人気出そう！'
人気,'#キットカット\nいつものドラッグストアに寄ったらまたまた新作✨\n\nで、以前その店に売っていた💩の入浴剤が売り切れていた！\n他にも種類あるのに💩のだけなかった…\nやはり人気なんだなあ🤣 https://t.co/XwGAOV37l6'
人気,'@chsosridersub 俺はファイター多いにこしたことは無いから別にいいんだけど、なんか『色んなとことコラボとかしてキャラ増やしまくった絶頂の最終作』とかにならないか心配だな。まあ、人気タイトルをそう簡単には手放さないと思う… https://t.co/Gd8M1hhMZq'
人気,'@warau_official ワラウ人気急上昇中'
人気,'「アニメ」じゃなくて「ゆるキャン△」って表記なあたり絶えぬ人気を感じる\n一位おめです\n#ゆるキャン https://t.co/TjFsjx44Tr'
人気,'@saki_ashizawa 同じく…\nたしか、昔人気キャラ投票が行われた時 組織票で1位になったあのキャラw'
人気,'@kirara_gunso もしかしてエペの方が人気?!✨\n\nキララさんは、フォトナよりエペばっかり〜ᐠ( ᑒ  )ᐟ笑'
人気,'@rintama2 美味しそう😍愛しの味噌ラーメン♡\nこの前、いつも行列できてる人気店で食べた味噌ラーメンが、味噌汁ラーメンで大失敗だったんです…笑(味噌汁の証拠写真添付します！)\nやはり、スープに脂プカプカしてないと！ https://t.co/YqvT8eJ7dd'
人気,'狗くんにご縁が無さすぎて、人気すぎて色々競争率高すぎて心折れてきた....\nプラスみてきゅんきゅんしてるけどなんだか遠い存在すぎて人気すぎて辛い🥺\nそのくらいには好きなんだけどな....。\n次こそご縁ありますように....🙏🏻'
人気,'私が思う、ロルフおとなのベビーチーズの売上人気No.1は【 #生ハム入り 】！ あなたがNo.1だと思うのは何ですか？👀 https://t.co/QtsHgM9T59 がヒントです⭐️ @nipponhamgroup をフォロー… https://t.co/fbjJTwKqMg'
人気,'今！fate fgoに関して、ヘラクレスの話題が💥人気爆発中！💥(1988pt)'
人気,'格安SIMの #nuroモバイル からデータ無制限プランが登場！人気の最安プランと無制限プランなら私は #税込月額3278円のデータ無制限プラン派 ！抽選で100名にAmazonギフト券があたるキャンペーン実施中。… https://t.co/mEmAu0sr92'
人気,'@arux2min 検索よりリプライ失礼致します。よろしければお譲り頂きたいです😭大変人気公演ですので難しいとは思いますが即ぺい、今後のチケ発複数回にわたってお手伝い可能です。ご検討の程宜しくお願い致します。'
人気,'@mikko_ojii_20 みっ娘しゃん大好き人間だからねっ😚💗💗\n\n人気でないから大丈夫！！！🤣💗💗💗'
人気,'@greensmile4869 定期購読できないほど、品薄なんですね\n人気なんですね〜\n\n書店には店頭に並ぶ用のをお取り置きできるかもですね\n\nそれも早い者勝ちかな^_^💦'
人気,"'空圧・油圧・配管 の人気商品(≧▽≦)\nランキング#7\n\nダクトホース フレキシブルダクト OOPPEN 換気用アルミホース 排気ホース 換気用 ホース換気パイプ ファンネル 排気ダクト 耐熱 防水 [\n1,987円\nhttps://t.co/y9etl1y4Aa'"
人気,'【音韓】ジョンヒョン（SHINee）に投票完了！現在の得票数:725票\n人気投票はこちらから↓\n https://t.co/F50hBj3blv #ジョンヒョン'
人気,'また好き勝手書かれとるな…\nすでにしてるし、それに対しての答えもらって今の関係があるのに😅\n\nまなも伊予柑もネタにされるくらい人気あるんか？(笑)\n二人でまた話のネタにして笑わせてもらいますね！'
人気,'「肉の愛」というワードが人気だったって聞いたことがある。 https://t.co/gWSKyKwjie'
人気,'格安SIMの #nuroモバイル からデータ無制限プランが登場！人気の最安プランと無制限プランなら私は #税込月額330円の最安プラン派 ！抽選で100名にAmazonギフト券があたるキャンペーン実施中。… https://t.co/gBFGODKgDQ'
人気,'2/27㈯が人気です！この日を考えている方はお早めに🏃💨 https://t.co/tmAlOmtNf0'
人気,'📢楽天せどり・ポイ活情報📡\n    お買い物マラソン・買いまわり\n    💰1000~2000円台の人気商品\n\n    ポイント10倍 コーヒー 豆 コーヒー豆 珈琲豆 珈琲 コーヒー福袋 コーヒー豆福袋 コーヒー専門店… https://t.co/9RcJUG8FKQ'
人気,'今話題のPUI PUI…\nしょばろ、人気にあやかるのも良いけれど\n\n…どっちかと言えばPUL PULじゃあないのか'
人気,'はい\u3000\nおなじみの人気キャラクターでもっとグッズ作ってくれてもいいんですよ\u3000マストンちゃんのぬいとかほしいですよ'
人気,'鬼滅の刃の人気は凄いんだな？以前、子どもに人気のあった妖怪ウォッチは廃れてるのか？😁笑笑笑'
人気,'@nanachiko_chan 大学路のアイドルって呼ばれてた頃かな💖\n出る杭は打たれるっていうけど、ソノくんは人気急上昇なのに悪い噂聞かないよねー！たぶん人間じゃなく😇なのかも😍✨'
人気,'スプラって海外でも人気なのか'
人気,'殿堂入りしてもアイを捧げてる方結構居るな〜とにこにこな人気投票イベでした( * ॑꒳ ॑* )'
人気,'@bittoon_js 人気順だとそうなるのか\n\nALONEとかまた聴きたい'
人気,'【ゆっくり解説】フランスで日本のアレが爆発的人気に！一杯1400円でも並ぶ理由とは…【海外の反応】 https://t.co/qwuT4b76qp @YouTubeより'
人気,'@ucooo 今人気の殴り屋さんなので是非次回w https://t.co/dgkTcY7q8p'
人気,'ヨーコとヤスハの人気が青天井になってしまう'
人気,'【画像】人気声優・新田恵海さんの若い頃の自撮りが可愛すぎると話題に\nhttps://t.co/FQJqnNDi59'
人気,'廉「ああ……また玉さん人気出ちゃうよ～……誰が言うてんねんて感じやけど（笑）今よりもさらに人気出てしまうよお！何か構ってくれへんくなんの嫌やなあ……まあ構ってくれへんくなっても俺はグイグイのレベルをあげるだけなんで、もう。普通にね… https://t.co/9umkxyadu1'
人気,'✅人気のブランドを安く欲しい😣\n✅最近アウトレットモールがいまいちだな😥\n\nと思う方🎵\n\nぜひ見てください😍\n\nブランド公式アウトレットモールがあるんです👍\n食品や家電まであるんです🤣\n有名なブランドも揃ってるんです💕\n\n見ないと… https://t.co/JbpsGUSW9x'
人気,'セイバーはなんか作品人気のせいで埋もれがちだけど10数年ぶりにエンディングがついたという何気に面白いことをしてるんだよね'
人気,'そんなことより明日は人気投票の中間発表なんだよね(ᐡт тᐡ)がんばろうね若様(誰)'
人気,'瑠姫くんと景瑚くんが人気👏🏻でもしょせたんと木全がいない😣いないとそのメンバー作れない🤣'
人気,'❤https://t.co/b30VH8axz7\nSF9-グループ名は「Sensational Feeling 9」の意味は「世界を驚かせる少年たち」を表しており、数字「9」に形象化し、チームの活動と人気が永遠に続くという意味も込… https://t.co/GyzgglP07e'
人気,'アクアシャボン AQUA SAVON フレグランス\u3000EDT SP 80ml [全8種]&lt;BR&gt;送料無料＆おまけ付き 【あす楽対応_14時まで】【EARTH】サボン SAVON 石鹸の香り ウォータリーシャンプー オードパルファム【… https://t.co/UxydgpMWyj'
人気,'THE9愛が強いシンシン可愛い〜( ；∀；)！\n全てが完璧であるグループが必ずしも良いわけでなくて、色んな個性が集まることが大切よね。\n上手い！てだけでなく、シンシンみたいに愛嬌や表情管理、周りを巻き込む空気感が人気の秘訣だったの… https://t.co/jGY6VserPF'
人気,'ポケモン人気投票やってるのか\n俺もちょっと投票しよう'
人気,'私の答えは #太陽は動かない 幻冬舎の人気書籍が最大70％OFF! #電本フェス2021 WINTERは1/29～3/4まで開催中! @gentosha_dcをフォローしてクイズに答えるとAmazonギフト券が当たるプレゼントキャ… https://t.co/dBtTywp5mp'
人気,'人気ブランドのロペピクニック✨\n\n可愛いですよ💙💚💛💜❤💗💖\n\n萌音ちゃんに着て欲しいですよねー😍👍\n\n楽天👇🏻\nhttps://t.co/0AZJxvAQzh\n\nAmazon👇🏻\nhttps://t.co/wzPYwDuxbo… https://t.co/GysGecoCWv'
人気,'今日は着せ替え星の子になってました\nごめんな、白ケープも黒ケープも持ってないんや…\n\n中国だとミミズク座長の髪型は白い鳥ヘアーなんだって〜！とても人気の髪型らしい\n翻訳使ってくれて日本語で白鳥って言われたんだけど、swan？って聞… https://t.co/bUozmkysic'
人気,'にじさんじとホロライブに次いで人気ある企業ってどこなんだべ、ランキングとかないんかな'
人気,"'@takkun5466 1,2,3番人気が飛んで穴馬が３頭来た時❗配当かな～'"
人気,'@Moonagelodger69 あー、絶対人気出ますよね♥️\n品の良さが滲み出てますものね～。\n是非とも地上波で朱一龍さんを見てみたいものです。\nコウラン伝があまりにも面白くなくて、速攻録画を消したので、その後に明蘭を強く希望します✨'
人気,'可愛すぎる完全ワイヤレスイヤホンのおすすめランキング！\n\n女性に人気でつけているだけで可愛いイヤホンの選び方やおすすめの製品を紹介。\n\n#ワイヤレスイヤホン \n\nhttps://t.co/FoALmFMrvZ'
人気,'EXILE PRIDEネイル♡\n人気絶頂！！\nまっちゃん好きって多いのかな⁇ https://t.co/qXH3Y4VEY6'
人気,'Sandmännchen:ザントマンヒェン\n東ドイツ国営テレビで放送されていた子供向け番組「僕らのザントメンヒェン」は東西統一後も続いています。\nそのかわいさから人気は西側のザントマンを追い越して今も尚愛されている東ドイツのキャラ'
人気,'人気VTuber「磁富モノエ」、突然活動終了を発表しファン衝撃\u3000何をやらかしたのか？？ https://t.co/9OtWIeuLH2'
人気,'Y先生の圧倒的な人気'
人気,'人気の漫画が読み放題です♪ https://t.co/t6lSxVuXry'
人気,'1番人気ではない人 \n\n#Peing #質問箱 https://t.co/XStqGbeuLW'
人気,'[送料無料]ロングウォレットレディース本革ウォレット人気かわいい椿パターン財布大容量マルチ収納ラムレザーロングウォレットカードストレージラウンドジッパーツバキエンボスレザー[楽天]https://t.co/zruTMQl9Hr'
人気,'@cbc_gogo 吹き出物ずっと気になってました。😅\nだいぶ小さくなってきましたね。\n何か美味しい物食べたのかな？と思って見ていました。😄\nファンデーションも塗るし治りにくいですよね。\n荻野目洋子さんも人気絶頂期、肌荒れに悩んで… https://t.co/frXUE7TY7X'
人気,'【1965年5月22日女性】\n明るく元気な人気者。夜は元気がなく、昼間に活動するとうまくいく。早起きも苦ではないが、夜は動けない。\n独立心が強く、大きな起伏もなくうまくいく。男性でも女性でもターゲットとなるお客さんも選ばず成功できる。強情なところはコントロールしないといけない'
人気,'「推しの子」進むごとに面白いなー\nくらいにしか思ってなかったんだけど\n3巻目読み終えて思った。\nこれはもっと今の時代の人に見てもらいたい。\nむしろもっと人気出ないようだったら\n世も末じゃねえのか、とすら思える。\n大袈裟だけど本当に… https://t.co/0pEeNRHSnf'
人気,'横浜ＤｅＮＡベイスターズはいまやセリーグを代表する人気球団・強豪球団に生まれ変わった。\n不人気球団の嫉妬が気持ちいい'
人気,"""【定期】人気アイドル月宮林檎ちゃんクラスタです(*'ω'*)林檎ちゃんの髪の毛mgmg"""
人気,'【楽天ランキング🏆】\nトリュフ👑19位(2月5日19時時点)\n売り切れていた商品が入荷しました🌟\n\n✅バレンタインデー チョコ 森伊蔵入り焼酎チョコレート 焼酎トリュフ 1個 人気 スイーツ ギフト プ\n\n・価格💰1080円\n・🅿… https://t.co/GHLo5FBi9J'
人気,'@salt_hinatsuki 今調べたら次走は金鯱賞っぽいです。圧倒的1番人気になりそう。。。'
人気,'@kazuyasandesu こっちでは惑星破壊ミサイルが一番人気で、見つけたら絶対押さえるレベルでした。\n\nラジェンドラとコスモハウンドはいつでもありましたねぇ……コスモハウンドのキャノピーの塗装が死ぬほど面倒でした。'
人気,"'#RakutenBrandDayLIVE ライブ配信を見て限定クーポンGET!人気ブランドが最大5,000円OFF！さらに豪華商品プレゼントキャンペーンなど満載！ [楽天] https://t.co/vOLkUZzf5a https://t.co/wUjl4GBEU9'"
人気,'最近人気のコレ知ってますか？\n無料でできるので参加したい方はこちらから！\n\n↓\n@_okaneNAVI_\nhttps://t.co/apiLFZjqlC'
人気,'@project6532 人気者じゃないよ～😣(笑)\nでもありがと〜ね(ᐡ•̥ ‧̫ •̥ᐡ)💓\nそう思ってくれてるなら嬉しい…！✨'
人気,'CAPCOMの人気ゲーム、ロックマンとストリートファイターから全10タイトルを収録した新型ゲーム機「RETRO STATION」が予約受付中！\n\n8インチの大画面に超重低音の高品質スピーカーを搭載し、ゲームセンターさながらの迫力満… https://t.co/7LzdXE2zjl'
人気,'【人気記事】\n\n購入不可避！あのMOFT Xが、\n弱点を克服して帰ってきた件！\n↓\nhttps://t.co/XDXGtEciUB\n\n#エッセンシャリスト #DaiGo弟子\n#ブログ #人気記事\n#MOFTX #ガジェット\n#スマホスタンド #テレワーク'
人気,'ママに人気のワコールの産後ガードルは、素材や締め付けなどが柔らかい「ソフトガードル」とはまた異なるものの、快適な着用感のアイテムです。実際に着用したママも「最初はキツかったが履いていて違和感がない」「苦しくならない」などの感想があ… https://t.co/w9qWmKwW88'
人気,'始まったばかりとはいえ、川田から丸山に乗り変わるオーヴェルニュが現在1番人気はびっくりw https://t.co/Sty9rwlpqI'
人気,'楽天リアルタイムランキング スイーツ 25位 3680円 [23:59]\n\nホワイトデー お返し ギフト 送料無料 人気 プチギフト スイーツ 手土産 高級 贈答用 送料無料 もりん至高のマカロン詰め合わせ 個包装 15個入り お… https://t.co/a91GAgyaPC'
人気,'ジョウトの御三家は人気ないって言われてキレてる'
人気,'【GCEアイドルオーディション開始！】\nアイドルになりたい方、もう一度アイドルをやりたいという方！\nChu-Z、WenDee、アモレカリーナなど人気アイドルが所属するグッドチョイスオーディションに是非エントリーを！\nお名前、年齢、顔の写真をダイレクトメッセージにて送信ください。'
人気,'7人が7人らしく活動出来て、もし万が一今より人気が無くなったとしても7人がどこかで歌い続ける限りあなた達の音楽を聴き続けるからね☺️いつもありがとね。幸せだよ。'
人気,'https://t.co/f3wrTiLjq3\n\n【TVで紹介の水着素材マスク】TBS朝の情報番組「グッとラック！」で人気急上昇！'
人気,'36年型野戦服\n\n開戦初頭のドイツ陸軍を代表する野戦服。色はフェルトグラウ（灰緑色）で、襟のみ濃緑である。「オシャレな」野戦服で人気が高かったため、後継の野戦服が襟を本体と同色にすると、わざわざそれを濃緑の襟に交換する者もいた。https://t.co/eLtCVJYFXX'
人気,'ロイエさんがボクの将来が楽しみだ、十年後が楽しみだとよく言うんだけどボクも十年後には今のロイエさんと同い年……でもよく考えたら、十年前のロイエさんは今のボクと同い年だったのに、随分落ち着いていた様な気がする……。あと、今も昔も女性に人気だ……。'
人気,'【ポケモン チョコセット L】  ✨超人気だから、売り切れなる前に早く買っとこ✨  #ポケモン #ポケモンチョコ  詳しくは⇩ここ⇩を見てね！ https://t.co/b97g9EXAfM'
人気,'【全国・人気の動物園ガイド】井の頭自然文化園・・東京都武蔵野市・・https://t.co/ee5hsTdkal'
人気,'格安SIMの #nuroモバイル からデータ無制限プランが登場！人気の最安プランと無制限プランなら私は #税込月額3278円のデータ無制限プラン派 ！抽選で100名にAmazonギフト券があたるキャンペーン実施中。… https://t.co/d2sypXdOsA'
人気,'お買得 #GUCCI グッチ GG柄 ラウンドファスナー 長財布 ピンク♪\n可愛い財布が人気ですよ！\nhttps://t.co/JciSlvu8Tg https://t.co/fgkR3uI0rM'
人気,"'@pon_ponjuice_ 人気の""に""の字もありませぬよ、、'"
人気,'カウボーイのおすすめランキング02ではお得情報やニュース、人気商品ランキングなど耳寄りな情報を配信しています https://t.co/sakQgEhPTL'
人気,'も...もしかして\nこの学校に有名人とか超人気アイドルが通ってたりして！！'
人気,'セダンの新車おすすめ人気ランキング10選\n・レクサス IS\n・日産 スカイライン\n・トヨタ カローラ\n・BMW 3シリーズ\n・トヨタ MIRAI\n・トヨタ クラウンセダン\n・トヨタ クラウン\n・メルセデス・ベンツ Eクラス\n・レクサス ES\n・アウディ A4'
人気,'杉谷大雄のおすすめ国内ドラマ『半沢直樹』『下町ロケット』言わずとしれた人気ドラマ！やっぱり面白い！ストーリーも面白く、痛快。でている役者さんたちも演技力が高い名優さんたちばかり！！大好きです。 #おすすめドラマ #好きなドラマ #杉谷大雄 #池井戸潤'
人気,'一番人気はマジックミラー号でした\n僕もマジックミラー号大好きです'
人気,"'#RakutenBrandDayLIVE ライブ配信を見て限定クーポンGET!人気ブランドが最大5,000円OFF！さらに豪華商品プレゼントキャンペーンなど満載！ [楽天] https://t.co/HRkEpx9qmf https://t.co/nDh6PHYOVg'"
人気,'Tyongf pls continue to vote for TAEYONG 태용 . Thanks 🌹\n#태용\xa0 #TAEYONG #NCT태용\xa0 #テヨン \n【音韓】テヨン（NCT 127）に投票完了！現在の得票数:1944… https://t.co/hEjw9rzO4s'
人気,'🐴笠松 競馬場🐴\n1R 2R 3R 4R 5R 6R\n7R 8R 9R 10R 11R 12R\n\n1番人気、着順、結果、的中、中継\n1着、倍率、オッズ、買い目、穴場\n\n競馬で当てる方法固ツイに載せてます！\nhttps://t.co/KJRwqn2DLg\n#🍀'
人気,'@shigamon3 @jgsdf_19ir_pr あはは\u3000\n19連の人気隊員さんお一人1冊で\n全教科×全学年+連絡帳\u3000くらいは軽く揃う計算w\u3000\n推し隊員さんのやつ\u3000ほしいです\n防災グッズに入れとけば\u3000心が折れそうなときの立て直しに即効性✨'
人気,'本日はご予約完売となり受付終了となります！\n明日も9時から営業となります！\n人気キャスト、新人さんなど揃ってます！\nなお未経験の体験入社が2名！！ご期待ください♪\n明日の出勤はコチラ→https://t.co/EbUng58OBt… https://t.co/DN7vsvLOAh'
人気,'人気商品！送料無料でたくさん入ってる🥳\n\n▼食品ロス削減支援 もったいない福袋 計20種50点以上 食品詰め合わせセット\n\nhttps://t.co/BlKchf6cIy'
人気,'ぼくはクラスの人気者～♪(´ε｀ )'
人気,'@army_padre 黒瀬も人気みたいですね\n僕も食べた事ないんで興味あります\n\nちなみにこれもオススメです\n\nhttps://t.co/o1SK3iq5Me'
人気,'投票数ランキング見てたらめっちゃ上位で驚く\n地方別人気投票の時も思ったけど地味に滅茶滅茶好きな人多いんだなブラッキー…？'
人気,'🥺【音韓】テン（NCT）に投票完了！現在の得票数:6436票\n人気投票はこちらから↓\n https://t.co/vzf7mEGEjS #テン'
人気,'@suke_yumeno NAOさん！\n日々の生活のお仕事お疲れ様です😌\n\n疲れた時はゆっくり休んでくださいね☆\n元気な時、目が爛々としている時にいつでもボマーズルームはお待ちしています！\n\nビールに味濃いめのめんたい棒！\nた、たまらない！！\n意外に納豆味も人気なのです♪'
人気,'@K_mar0 だよねーww\n当時も人気の差はくっきりはっきりあったし。'
人気,'ラキたんビジュ爆発してんなあ、、\nダンスもすんげえかっこいいし面白いし彼氏っぽいとこあるし全然もっと人気出ていいと思うんだけどなあ、、、 https://t.co/ndkWuSJCvW'
人気,'「TrackONE -IMPACT-」から『JAPONICA STYLE』と『Telephone』を流してくださっていたけど、人気だな、と(笑)\n\nありがとうございました◎'
人気,'@__yhon 字面が人気出なそうw'
人気,'ドラマーにもひそかに人気だそうです。\n\nhttps://t.co/9tSVHXpZAA https://t.co/eufcrev7cE'
人気,"'これは視なきゃ損かも?!\u3000家電が気になる～ #RakutenBrandDayLIVE ライブ配信を見て限定クーポンGET!人気ブランドが最大5,000円OFF！さらに豪華商品プレゼントキャンペーンなど満載！ [楽天]… https://t.co/xJFJwDJmeZ'"
人気,'ダイヤモンドステークス\n\n◎4\n◯1\n▲10\n△14\n△11\n✖︎4.13\n\nヒュミドール思ったより人気してたから本命にするか悩みました😅\n\n◎、◯から流します☝️\nパドックによっては15も入れるかもです！\n\n#ダイヤモンドステークス\n#東京11R\n#競馬予想'
人気,'人気投票マッシブーン首位争いしてるの何でwwwwwwwwwwwwwwwwww'
人気,'竜狩りオーンスタインって人気キャラなのかな？見た目はすごく好みなんだけど、なにぶん、ほらユルゲー派だから'
人気,'@runrunrrr___000 にっ、人気YouTuberのらんさん！？！？'
人気,'私の答えは #その言い方は失礼〜 幻冬舎の人気書籍が最大70％OFF! #電本フェス2021 WINTERは1/29^3/4まで開催中! @gentosha_dcをフォローしてクイズに答えるとAmazonギフト券が当たるプレゼント… https://t.co/D5aBFSWo4v'
人気,'格安SIMの #nuroモバイル からデータ無制限プランが登場！人気の最安プランと無制限プランなら私は #税込月額330円の最安プラン派 ！抽選で100名にAmazonギフト券があたるキャンペーン実施中。… https://t.co/GuFjn5k3YL'
人気,'タイセイトレイルがこれだけ人気無いのはなんかあるのかな'
人気,"'レゴ(LEGO) スーパーマリオ けっせんクッパ城！ チャレンジ 71369\nAmazonで人気上昇\n￥9,912\n02/19 23:58:50時点\n\nhttps://t.co/WdSOhRJrXO'"
人気,'ある日突然、濱家ファンになった娘の録画リストがエグい(゜∇゜ ;)エッ!?\n1週間、出ずっぱり‼️それも1日に出演してる本数の多いことΣฅ( °ﾛ° ฅ)ﾜｫ\n\nかまいたちって、こんなに人気あったん⁉️\nびっくり(๑꒪ㅁ꒪๑)u✩ra✩ya✩ma'
人気,"'宇のひと、さいしょでてきたときなんで人気なのかようわからんかったのに髪おろした瞬間音速で""""わかり""""を得たからね'"
人気,'◎ポンデザール(2人気)\n◯オーソリティ(1人気)\n△ナムラドノヴァン(6人気)\n▲パフォーマプロミス(4人気)\n\nハンデキツキツのボスジラ\n人気しすぎなヒュミドール\nこの2頭よりか、乗り替わりのタイセイトレイルかな\nこれでとりあ… https://t.co/YtIURCcTVu'
人気,'五等分の温泉話…すごく人気だな。\nやはり巨乳キャラはお色気シーンこそが本気の魅力ですね。\n五つ子のお色気シーンもっと増えろ(´・ω・`)'
人気,'@TK77086508 とりたまご様\n詳しく教えてくださってありがとうございます☺✨\n人気の漫画なんですね✨\n気になるので読んでみたいと思います🤩\n重ね重ね、ありがとうございました☺❤'
人気,'@umeme_noble 人気よねぇ'
人気,'フェブラリーS\nこのレースは距離や他のG1ローテと干渉するため、やや王道路線が参加しない傾向にある。だが、今年はクリソやオメガ、チュウワ等が不参加で特にレベルが低く見える。ならばそれらと凌ぎ合う\n◎ミューチャリー\n川崎記念がやや余… https://t.co/nMSovPq7kM'
人気,'次々とご主人様から購入報告が！\nさすが超人気VTuberの萌々嫁もかさん！\n #もか嫁活中'
人気,'🐴水沢 競馬場🐴\n1R 2R 3R 4R 5R 6R\n7R 8R 9R 10R 11R 12R\n\n1番人気、着順、結果、的中、中継\n1着、倍率、オッズ、買い目、穴場\n\n競馬で当てる方法固ツイに載せてます！\nhttps://t.co/5nvtDs9oqx\n#😍'
人気,'ボウイの2ndプレスが呼び水となったのか、他の既発作品も結構売れてるな。ボウイ人気強しだね。'
人気,'【音韓】ブイ（BTS（防弾少年団））に投票完了！現在の得票数:52421票\n人気投票はこちらから↓\n https://t.co/LtK9VD77z1 #ブイ'
人気,'シロはワーフリで一番人気まである(？)'
人気,'@sinyatehepero マジでないからなぁ救済\nソニアとおでんだけで終わるとは\n四神がなんか？？？ってなるんだよな\nいや人気だけどさ！超転生あるじゃん！ってなる'
人気,'桜島麻衣が1番好きらしい\n女目で見ても人気なんすね'
人気,'@chi16ti36 えー！！\n家に1つストックはあるけど、もうないのは悲しい😭\n人気なのかな？🥺\nちょっとお店回ってみよ🥺'
人気,'#ダイヤモンドS\n#ポンデザール\n前走は1番人気で道悪馬場を先行、目標にされるタフな競馬でも馬券圏内を確保。敗れても長距離戦の適性の高さを改めて感じる一戦だったと見えます。\n\n東京コースも悪く無いと思いますし、手の内に入れているル… https://t.co/mOzRJCocP4'
人気,'【人気！】\n「スキーターらびっと！！ 1 」\n44%OFF 330円\nhttps://t.co/sd6wu5M1zS'
人気,'@HDK018 ダイヤモンドＳ\n私も、予想終わりました\n本命が決められずでした\nオルフェが父親のオーソリティから人気薄の馬で決めました\n△の３頭がもしかしたら掲示板内確保かな？\n難しい重賞ばかりです'
人気,'【美韓】イ・ホンギに投票完了！現在の得票数:2580票\nイ・ホンギ「韓国の男と遊ばないか？」\n人気投票はこちらから↓\n https://t.co/qvTqYC5Wiz #イ・ホンギ #LeeHongGi #이홍기 #イ・ホンギからのメッセージ'
人気,'只今、すぐのご案内可能です！\n\n人気セラピスト出勤中😁\n超お得【はじめて割】で75分10000円から！\n※18時以降プラス1000円\n\n会員様限定割引【AJITO+】\nMAX9000円OFFでご案内！… https://t.co/04JKqOuILt'
人気,'@hiroseEW1 ねー！人気のキャラ多いしもう少し注目がほしい…🙄🙄1とかに比べたら実装人数桁違いだもんねぇ！\n今後をたのしみにしとく…🙏🙏'
人気,'しゅうとｸﾝ人気者で寂しい'
人気,'格安SIMの #nuroモバイル からデータ無制限プランが登場！人気の最安プランと無制限プランなら私は #税込月額330円の最安プラン派 ！抽選で100名にAmazonギフト券があたるキャンペーン実施中。… https://t.co/acgFsN0mvk'
人気,'河合「お前らちょっと人気が出てきたからって勘違いしてんじゃないのか？」\n橋本「お前はどうなんだよ！」\n河合「リードボーカルは猫と喋ってろよ！お前を人気者にしてくれたあの猫とよ！」'
人気,'@konotarogomame いろんなところで引っ張りだこの大臣✨\n人気者ですもんね😊'
人気,"'村マヨ🈁岡山県\n人気芸人が“開催する飲み会""潜入\n▶️深夜1:15〜1:50📡OHK\n\nジャニ勉🈁福島県\n3時のヒロイン暴露\n▶️深夜1:45〜2:40📡FTV\n\n⚠️再⚠️ 知ってるワイフ#07🈁関東 \n▶️深夜2:45〜3:4… https://t.co/9FjJ5uPS64'"
人気,'オッズを鵜吞みにするとマイナス地獄に陥る\n競走馬の実力\u3000＜\u3000人気（オッズ）\nその場の的中率は上がっても最終的に回収率は下がる'
人気,'つかこんな人気出て終わるとなったらあまりにも酷過ぎるしちょっと大人達疑っちゃうんだけど…'
人気,'@HTT5tmge そっか、放送終わっても人気あったからそーなるよね…\nオタクいっぱいで楽しかったよw'
人気,'やっぱ人気でるよなー？\n\nポケモンカードゲーム ソード&amp;シールド 双璧のファイター クララ＆セイボリーセット\n\nhttps://t.co/uAOohSMtrY'
人気,'ワンピのキャラ人気投票が話題ですが、当方のフォロワーさんが推しのヤマトくんを激烈に応援しておりますので投票先のない方は是非ヤマトくんに投票してあげてください！\nよろしくお願いします！！ https://t.co/BW8WQxCE5u'
人気,'話題性とか人気とかそういうので移籍させようと考えてると思うんやけど、何回考えてもこの〇人でずっと頑張ってきましたとかの方が好き^_^'
人気,'見たところ13:24がとても人気のようですね！\n私は10:47が大好き！\nクシャッと笑顔もいいんだけどクールに決めてるのもまた良い！全部良い！あぁ！！\n#kagetalk'
人気,'チャン・グンソク主演ドラマ人気投票 https://t.co/BWbey1SCrP美男ですねにポチ'
人気,'@tbzcobcob_30 ドボの人気具合全くわからんのだけどけっこう倍率高めかな🥲\n積むか迷い😫'
人気,'本日はご予約完売となり受付終了となります！\n明日も9時から営業となります！\n人気キャスト、新人さんなど揃ってます！\n明日の出勤はコチラ→https://t.co/EbUng58OBt\n#大久保 #新大久保 #新宿 #風俗 #派遣… https://t.co/epdHftG5m0'
人気,'2/20 KIMI vol.3 @青山\n\n人気PGMにつき、12番の上級者エリアしか取れず💦\n\n何回も受けてるケド、やはり迷子にならないか不安に😇\n\nしかし、全く迷子にならず‼️\nキューのタイミングや、声の大きさ、コリオの複雑さが… https://t.co/JwlzLAJeWC'
人気,'これも愚痴だが今の上司が目上には完全ﾍｺﾍｺタイプの\nイエスマンだから飛び込みで余計な業務が多く\n急遽残業もあるがさすがに凹んで謝罪することもあったが\n「〇〇さんは人気者やからしゃーない」\n「えｗそう？」\n「〇〇〇ちゃん皆ちゅきｗ… https://t.co/q0olWplnJ0'
人気,'｢〜*♬೨̣̥｣\n\n今週は人魚アゴーデ。普段は海の奥底で暮らしている彼女だが、満月の夜は人気の無い海辺で月を見ながら歌うことが大好きだった。そんな時、海辺で出会った少年と恋に落ちてしまう。しかし人間界で暮らすためには足と引き換えに… https://t.co/t79RylRSl5'
人気,'@jpxkpnjtdg564 一応言っておくとマッシブーンは某チャンネルの人が発言する前から人気3位だったよ'
人気,'２国の一番人気のラーメン\u3000らーめん２国\u3000チャーシューらーめん【ラーメン飯テロ】一期一麺 第７７杯 Super delicious ramen ASMR https://t.co/h6ynjvS7GW @YouTubeより'
人気,'@semishigure422 そうなんだよねぇ人気のコス動画とか見てもだいたい2019年とかなの絶望、、、\nえっうれしいこれを機に一緒にヒプマイハマろそしてあわよくばヒプマイで併せしよ()'
人気,'@staff_aoi 碧ちゃんヒープリの話あまりしてない気がする🙄\n\nアニメージュの記録的に一番人気のプリキュアがのどか🙃'
人気,'@taka_30000 人気なだけあるよなぁ。面白いね。'
人気,'とはいえ、「DUNE 砂の惑星」の日本語のウィキって無いのね。\nアメリカではかなりの人気でかなり詳しいウィキがあるのだけれど。'
人気,'@lambda_33 アニメ版みました❗️\n第4部と声優さん同じなんですねー\nポルトガル語吹き替えもあったけどブラジルで人気なんですかね🤔'
人気,'顔面\n人気\n楽曲\n\nに恵まれた女、黛冬優子'
人気,'@mirabelvmrs 間違えた当て馬界の王子様😂😂弘光くんは当て馬の中でも人気とビジュアルトップに君臨する王子様😘そうなん！？うんうん読んでみて🥰'
人気,'いくみん人気あるやん(°▽°)\n\n#中華プデュ見始めましたｗ'
人気,'Nightwish - Wish I Had an Angel [HD 720p]: https://t.co/aIrq4JTaKK\nフィンランドのシンフォニック・メタル・バンド。オペラティックなボーカルを武器に、ヨーロッパや南アメリカを中心に絶大な人気を得る。聴こうか。'
人気,'【人気記事】\n\nAppleWatch Series6の「セルラー版」を避けた理由。\n↓\nhttps://t.co/VCDilQZAR8\n\n#エッセンシャリスト #DaiGo弟子\n#ブログ #人気記事\n#ガジェット #Apple\n#AppleWatch #Series6'
人気,'ONE PIECE人気投票の中間発表みましたー！\n予想通り本命さまは100位以内にはいらっしゃらないけども、ぱんだの中では常に1位なので問題ありません(過激派)😍\n明日からも変わらず毎日投票しますすす'
人気,'【GCEアイドルオーディション開始！】\nアイドルになりたい方、もう一度アイドルをやりたいという方！\nChu-Z、WenDee、アモレカリーナなど人気アイドルが所属するグッドチョイスオーディションに是非エントリーを！\nお名前、年齢、顔の写真をダイレクトメッセージにて送信ください。'
人気,'呪術ほんとになんもない。4月以降にちらほら発売あるけど即完だろうな…アクスタともちころりんだけ予約してきた。人気ゴイスー'
人気,'手軽に楽しめるパンケーキは今や空前のブームになり、老若男女問わず愛されています。店によってその形やトッピングなども様々、パンケーキと言ってもその種類は豊富です。シンプルな定番から、SNSで人気のフォトジェニックな一品まで、進化し続けるおいしいパンケーキについて紹介します。'
人気,'@ShinoharaNayuta 暗いニュースに気が滅入る日が続く中、この素晴らしい作品はトンネルの先に現れた光の点のように皆さんの心に希望を灯すと思います！SS人気全盛の中、この華やかで上品なゴールドにも感銘を受けました。おめでとうございます🙏'
人気,'ん？刑務所で嫌らしい看守が出て来るのってやらしい拷問案件でしょ？\nでも皆好きなんだよね、こーゆー展開。\n\nキャラクター人気投票があったら看守のキモデブおじさん第一位確定じゃありませんか最悪だ…\n（絶望）\n（そんなゲーム外の事で絶望しないで下さい）\n\n#バディミッション\u3000未プレイ'
人気,'@beibusan33 カラカルさん人気どすなぁ(\u3000-∀-)'
人気,'【地方発】東京に進出したベーカリー4選！人気店のパンが都内で食べられるように。 - TRILL [トリル] https://t.co/IirFEgAeO1 #トリル @TRILL_OFFICIALより'
人気,'人気の産後ガードルを口コミ・評判・効果・締めつけ・素材・肌ケア・サイズ・色・試着・返品・交換・アフターケアなどの項目を基に徹底比較し独自目線で総合評価。シェイプマミーガードル、トピナガードル、犬印本舗、エンジェリーベ、ピジョンウィ… https://t.co/6EQoNmHiSV'
人気,'【ポケモン チョコセット L】  ✨超人気だから、売り切れなる前に早く買っとこ✨  #ポケモン #ポケモンチョコ  詳しくは⇩ここ⇩を見てね！ https://t.co/b97g9EXAfM'
人気,'和式便器の「金隠し」の由来\n作られた初期の便器は高級品で、金隠しの部分に豪華な装飾を施す流行があった。\nその中でも「金閣寺」を模した装飾が人気であり、大量に生産された。\nその後、庶民の家に便器を設けられる様になっても金閣寺と呼ばれ、訛って「金隠し」となった。'
人気,'格安SIMの #nuroモバイル からデータ無制限プランが登場！人気の最安プランと無制限プランなら私は #税込月額3278円のデータ無制限プラン派 ！抽選で100名にAmazonギフト券があたるキャンペーン実施中。… https://t.co/Bw7GJUyB9L'
人気,'これからもグループも楽器も\nたくさん楽しんで欲しいなぁ🎸\nベース持ってるとこも見てみたい！\n私の周りの、りっちゃん人気凄っ！ https://t.co/2DxzbOOJ1Q'
人気,'よしりんのおすすめランキング02ではお得情報やニュース、人気商品ランキングなど耳寄りな情報を配信しています https://t.co/cUFUI1NjwW'
人気,"'JGC,SFC修行のフォロワーさんで思うことを書かれていた方がいたので私も書きます\nホテル修行されている方が多く、金持ちだなあと感じています\n後、毎週誰かはOKA方面へ行っていますね。OKA方面は人気というか同じことを考えている方… https://t.co/BQsSARQYAq'"
人気,'【速報】ワンピースのキャラ人気投票、光月おでんが上位に入ってしまう https://t.co/6poxzjYRm7 https://t.co/708nKqXzy5'
人気,'も...もしかして\nこの学校に有名人とか超人気アイドルが通ってたりして！！'
人気,'いま人気の女性向けソシャゲの絵柄はアゴ長めに入りますか先生'
人気,'ミニバンの新車おすすめ人気ランキング10選\n・トヨタ アルファード\n・トヨタ シエンタ\n・トヨタ ヴォクシー\n・トヨタ ハイエースバン\n・ホンダ フリード\n・ホンダ オデッセイ\n・日産 セレナ\n・トヨタ ノア\n・ホンダ ステップワゴン\n・トヨタ プリウスα'
人気,'なんとなーくで、恭二のエロは茶髪のほうが人気あるのかなって勝手に思ってたので意外です\u3000ゲイウケよさそーなのが私の嗜好的に茶髪のほうだからってだけなんだけども\u3000茶とヤれるプライベート的な？ただ、王子度が上がる黒髪でこそ確かに女攻めや無様羞恥の良さが跳ね上がりそうなのも分かるかも'
人気,'私が思う、ロルフおとなのベビーチーズの売上人気No.1は【 #4種のペッパー 】！ あなたがNo.1だと思うのは何ですか？👀 https://t.co/BoaxVl2IIU がヒントです⭐️ @nipponhamgroup をフォ… https://t.co/51On8iIiCl'
人気,'YouTube内の「日本の人気ミュージックビデオTOP100」の内、4分の1くらいはアニメ系やLyricVideo。このタイミングでもっかい、嵐さんの One Love : Reborn とかをチャートに乗せれないかなー。無料で見… https://t.co/FDakjFfsyz'
人気,'@Daitoyurusan714 明日のレースはあんま自信ないですけど、人気馬に賭けるレースじゃないっすね。当てましょ'
人気,'3 位 グロスに特化した人気ランキング♪1 位 ディオール ディオール アディクト リップ マキシマイザー 2 位 マキアージュ エッセンスグラマラスルージュ 3 位 クリニーク スーパーバーム モイスチャライジング グロス'
人気,'僕「シンゴジラが人気な理由がわかった」'
人気,'500万ダウンロード突破！人気RPGゲーム「日替わり内室」貴方だけの皇帝ライフを始めようhttps://t.co/qtZhONQ2iI https://t.co/1wBB1RIMB0'
人気,'【美韓】キム・ヒョンジュンに投票完了！現在の得票数:5093票\nキム・ヒョンジュン「君をぜ〜ったい幸せにするよ♥️」『ありがとう。嬉しい😃💕💕💕💕💕💕』\n人気投票はこちらから↓\n https://t.co/Y6Sm51XO8x… https://t.co/mWK0uvg9PK'
人気,'北海道の不動産も買われている\nでもね\n\n東京も買われているんだ\n不動産だけじゃない\n\nじつは人気のあの店もこの店も\nオーナーは…\n\n小さなM&amp;Aとかも…\n\nやっぱり守らないと\n\n日本はね\n海外にきをつかいすぎる\nところあるよ\n\nで… https://t.co/sNrNgsRXn9'
人気,'細長「ひよこが可哀相だからオムライス食べられないという女性が人気のようです」\nジェゼール「そういう女は裏で生のヒヨコを食べてるのよ」\n細長「！？！？！」'
人気,'私の推しは#4 原輝綺さん。\n戦術理解力が高く、その状況に合わせた判断ができ、CB、SB、ボランチと色んなポジションをこなすことができる。\n冷静かつ情熱のこもったプレーが魅力的。\n端正な顔立ちで女性人気も高い。\n\n#原輝綺… https://t.co/x2HTVwDhvs'
人気,'ニューヨーク発の、\n人気スティックジェラート専門店「popbar（ポップバー）」\n6月25日に日本初上陸♡♡ https://t.co/zRTFZgY42z'
人気,'GoodGuyがめちゃくちゃ人気になってその曲1度は聞いたことあると思うけどそれ以外にNow or Neverも聞いて欲しい…あの高身長であの振り付けは誰しも1度は殺られるから…ちなうちインソンペンだけどフィヨンの踊り方がセクシー… https://t.co/whcDDysQNa'
人気,'@namo_crisis3 ロフトかー！ありがとう、今度寄ってみる！\n(ピカチュウやっぱ人気やねんな〜😇)'
人気,'丸山、応援してるんだけどなぁ……オーヴェル……16は未知数だしな……稽古で良化もしてないし……\n5人気とか完全に旨みないしいらないかな……'
人気,'@makikokenluv 糸井さんたまにツイッターでお見かけするので、元気だと思いますよ！😆\nですね、私も糸井さんでキャッチコピーというものを知りました😉\n昔、糸井さんの通販限定のエッセイとか取り寄せて読んだなぁ…\n\nマザーも根… https://t.co/oW6pLeIHpf'
人気,'大宮ほぼ地元だからマヂラブ特需でいろんな番組で特集されててなんだか不思議な感じ。ラクーン劇場が入ってるビルの前、今日も通ったけど「ここに人気芸人が来てるんだよなぁ」って信じられんかった'
人気,'ぼくはクラスの人気者～♪(´ε｀ )'
人気,'本日はご予約完売となり受付終了となります！\n明日も9時から営業となります！\n人気キャスト、新人さんなど揃ってます！\n明日の出勤はコチラ→https://t.co/iBS4oTkMn1\n#大久保 #新大久保 #新宿 #風俗 https://t.co/qbCvHnvC3v'
人気,'【全国の人気キャンプ場】神鍋高原キャンプ場---兵庫県豊岡市日高町栗栖野５９－２---周辺ではグラススキーやパラグライダーなどのいろいろな高原レジャーを思う存分堪能でき、温泉も近い'
人気,'自分らしく\n生きるために\n必要なこと。\n\nそれは、\n嫌われる勇気。\n\n人気のある芸能人に\nアンチがつくように\n自分らしさを確立すると\nそれを嫌う人が出てきます。\n\n好きの反対は嫌い\nじゃなく無関心。\n\nきっと\n自分らしく\n生きてる人のことが\n羨ましいから\n嫌いになると思います。'
人気,'ついてて良かった！マンションで人気の住宅設備…【浴室換気乾燥機】乾燥機能で浴室のカビを防止したり、生乾きの洗濯物を乾かせる定番の設備。暖かい部屋から寒いお風呂に入ったときのヒートショックを防げる面も重宝されている。 https://t.co/ZY3jAUFLdy'
人気,'#プリプリ ことプリンセスプリンシパル新作\n同行者にTVアニメ未視聴者がいたので\nネタバレ避けつつ基本情報を与えたのだけど\nCボール使用者の発光現象について\n「ランセルノプト放射光」\nと表現したところ１発で通じたので\nDTBは一般… https://t.co/vqt2Axu4bF'
人気,'@tadanamake 性自認が女だから女子部門に出たいという人と、性自認が男だから女の筋力で男子部門に出る人の比率出てるんですかね。薬物に厳しい世界、一般の性自認に近づく為のホルモン治療できるの？私は女性で昔人気ボクサー辰吉と同… https://t.co/LHfrMAomDk'
人気,'新車販売されてた頃は人気なかったけど中古市場ではやたらと動きの良い隠れ人気車だよ'
人気,'てかブルックってフランキーより人気あったのか'
人気,'【人気！】\n「オレンジ チョコレート 7 」\n49%OFF 247円\nhttps://t.co/f8Y56s4bzL'
人気,'喫茶 シャノワール\nここはもう、説明不足な気がしますが、ちゃんとしましょうか。\n寂れていく商店街、その中、不動の人気を誇る店がここです。\nそれもそのはず、名物のちくわパフェもさることながら、看板娘の咲子さんの人気も凄いんです！\n興味のある方は一度訪れてはいかがでしょうか？'
人気,'@pR_y704 あれって人気だよね？\n\n見てみようかな？'
人気,'なんでA北斗って人気台にならんだんかなー…。\n\n間違いなく一番Aスロで出来良いのに、やっぱりジャギモードを勧めた無能行為が良くなかったんかな⤵️ https://t.co/v3hGKdVKMN'
人気,'【上位は鉄壁？】『ONE PIECE』世界キャラ人気投票、中間順位発表 1位ルフィ、2位ゾロ、3位サンジ…100位まで公開👀\nhttps://t.co/9pX8e6ur1a\n\n世界のTOP100の結果を比較することで各地域の好みの… https://t.co/kSFq7ywc7F'
人気,'@sekirei_03 すごい🙏✨\n妄想カフェかなり人気なので注文殺到しそうですが...w可能であれば複数買いたいです()\n\n私の欲望が現実になるなんて｡ﾟ(ﾟ´ω`ﾟ)ﾟ｡夢みたいです\n本当にありがとうございます！カフェ愛してます☕️'
人気,'ドライフラワーいいよね\n\nなんか最近の人気曲一周まわってちょっと昭和っぽさある気がするんだけど、気のせいか。'
人気,'@kawaiinejisung 一躍人気…？開封動画YouTuber始めよかな（コラコラ）'
人気,'@LiSA_OLiVE そうですか？\nでも、LiSAさんを応援してくれてるファンと全国民達。色んな人に知ってもらえる存在感。こんだけ認知される程人気。'
人気,'ヤマトがどれだけ人気かわかる図 https://t.co/BiHmdGtntb'
人気,'私が思う、ロルフおとなのベビーチーズの売上人気No.1は【 #生ハム入り 】！ あなたがNo.1だと思うのは何ですか？👀 https://t.co/Abq9OZuoKe がヒントです⭐️ @nipponhamgroup をフォロー… https://t.co/A3Ay2J44jW'
人気,'スパ152の人気メニューは、昔も今も変わらない・・・\n＃浜松エール飯\u3000＃生パスタ\u3000\u3000＃パスタ\u3000＃イタリアン\u3000\u3000＃テイクアウト\n＃おうちごはん\u3000＃おうち時間'
人気,'@kemecoron0429 子供に派手髪人気よ！\nほまるも青の時｢あのひと！！！あたまあおいろきれいねぇー！｣\nっていってもろた。親には睨まれたけどww\n紫も｢きれー｣って。\n子供はカラフル好きなんかな？'
人気,'【音韓】ウヨン（2PM）に投票完了！現在の得票数:3042票\n人気投票はこちらから↓\n https://t.co/hyTf8vWHoo #ウヨン'
人気,'話題沸騰中のブランド入荷！Care Label(ケアレーベル)デニムhttps://t.co/iJ34veC032\u3000人気雑誌LEONでも紹介されていた、現在人気沸騰中のケアレーベルがセントレに入荷！！履いた人にしかわからない素材感！https://t.co/ce3WeHbSPQ'
人気,'私が思う、ロルフおとなのベビーチーズの売上人気No.1は【 #生ハム入り 】！ あなたがNo.1だと思うのは何ですか？👀 https://t.co/Ci4gz5ZxTO がヒントです⭐️ @nipponhamgroup をフォロー… https://t.co/bvAunm6ysN'
人気,'ずっと言ってるこの件、今の人気なら◎ワンダーリーデルおかわりで良い気もしてきた。 https://t.co/smgAtyT8LQ'
人気,'コレめっちゃカワイイな！ S.White ピアス レディース シルバー925 ピアス フック レディース 人気 「愛の花」 高品質ジルコニア 18金 プラチナ イヤリング アクセサリー プレゼント 女性 https://t.co/isqnsBuLuM'
人気,'@c620320 多分同じやつだね😂\nすごく人気だし、結構声優さんのイベントもしたりしてて、ずっと気になってはいるんだけどね😭今日を機に観てみようかな。。。'
人気,'まあ今ワノ国やからワノ国キャラが上位くるのはわかるんやけどカタクリとかも人気なんやなーとわかっておもろい\nでも海外やと進み具合違ったりする？アニメとかも'
人気,'ドリーム工房こちゃっとの人気作品はこちら！ 北欧花鳥シリーズ\u3000舞う鳥のクッキー型 https://t.co/ZyuxSLepSt #minneの人気作品'
人気,'@berinas_taeee 今回は覚醒レナスだったしな～\n\n人気キャラなら回る人が\n増えるって事か・・・\n(最後の制圧戦だと思って\n回ってる人が多い説もあるけど)'
人気,'だが、人気者になるために必要なのは個性だ！'
人気,'うわ〜次のハッピーセット鬼滅か…すぐなくなるだろうな\nなぜか保育園に行ってもないうちの子も知ってた鬼滅…旦那がYouTubeかなんかで見せたらしいけど\n子供に人気ってのがよく分からない\n鬼滅マスクしてる子多いよね\n内容知らないけど子供が見るようなストーリーじゃないでしょ？なぜだ…'
人気,'格安SIMの #nuroモバイル からデータ無制限プランが登場！人気の最安プランと無制限プランなら私は #税込月額330円の最安プラン派 ！抽選で100名にAmazonギフト券があたるキャンペーン実施中。… https://t.co/PvtrjmIRmp'
人気,'アニオタでも驚く量のアニメ把握してどれもしっかり楽しんでるのさっくんほんとどうなってんだろう😂本当に今人気爆発のスーパーアイドル？？'
人気,'らき☆すた人気投票グランドファイナルまで\n後「2分」\nみゆきさん\n        VS\n      こなた！\nあなたはどっちに投票しますか？ https://t.co/rW7d9sNmqw'
人気,'祝え！この物語の終幕を！\nhttps://t.co/IIxGDaXoSJ【もっと！孕ませ！炎のおっぱい異世界 超エロ♡サキュバス学園！】私はシャルを応援しています！キャラクター人気投票開催中！… https://t.co/P6rPKN3zsg'
人気,'双璧のファイターのボックスがポケモンセンターオンラインでも完売中！？\nポケモン人気すごいな！25周年もあるから、もっとやばいことになりそう。'
人気,'@ShiKi_BoCo んなぁにぃΣ( ˙꒳\u200b˙  )!?\nKING結構人気なんですけど、あれ一発録りなんですよね笑、なんでだ笑'
人気,'格安SIMの #nuroモバイル からデータ無制限プランが登場！人気の最安プランと無制限プランなら私は #税込月額3278円のデータ無制限プラン派 ！抽選で100名にAmazonギフト券があたるキャンペーン実施中。… https://t.co/xyhkCxcmcs'
人気,'格安SIMの #nuroモバイル からデータ無制限プランが登場！人気の最安プランと無制限プランなら私は #税込月額330円の最安プラン派 ！抽選で100名にAmazonギフト券があたるキャンペーン実施中。… https://t.co/GMxflZlnhM'
人気,'人気者になりたい！！！\nそのためには頑張らないと！\n仕事あるけど！'
人気,'チェリーさんとOPとEDにでてきた黒髪の人気になるなあ'
人気,'格安SIMの #nuroモバイル からデータ無制限プランが登場！人気の最安プランと無制限プランなら私は #税込月額3278円のデータ無制限プラン派 ！抽選で100名にAmazonギフト券があたるキャンペーン実施中。… https://t.co/UUtYP76Ha3'
人気,'@i_am__tsumugi 撮影に行きたいと、あゆかちゃんに言うたら、人気過ぎて予約取れやん言われてショックです。'
人気,"'#RakutenBrandDayLIVE ライブ配信を見て限定クーポンGET!人気ブランドが最大5,000円OFF！さらに豪華商品プレゼントキャンペーンなど満載！\nhttps://t.co/l20K1sTrpJ\nコメントを入力… https://t.co/aOQOiZU0I7'"
人気,'格安SIMの #nuroモバイル からデータ無制限プランが登場！人気の最安プランと無制限プランなら私は #税込月額3278円のデータ無制限プラン派 ！抽選で100名にAmazonギフト券があたるキャンペーン実施中。… https://t.co/aVYOsaPqTF'
人気,'格安SIMの #nuroモバイル からデータ無制限プランが登場！人気の最安プランと無制限プランなら私は #税込月額3278円のデータ無制限プラン派 ！抽選で100名にAmazonギフト券があたるキャンペーン実施中。… https://t.co/PzL86YrXAC'
人気,'改めて渉お誕生日おめでとう〜！\n役者やアイドルとしてもっと人気になる目標、叶うの応援するからね🎉 https://t.co/zgeu6r5Spw'
人気,'デボラが商人になってテンスキの名前が「しもべへの施し」とかになっても面白そう。まぁ爪装備できるから武道家になりそうだけど。ビアンカは魔法使い、フローラは僧侶なのかなぁ（特技のイメージが微妙…）。この辺りは人気や需要があってもアナザーリーダー遠そう。'
人気,'本、多めに刷ったから完売することはないと思う……完売したらさむばっきの人気がすげぇ！！ってことで小躍りしながら追加で印刷するのでご安心を'
人気,'呪術廻戦 \n\n譲☞定価＋送料\n\n求☞狗巻棘のグッズ(紙類以外)\n特に缶バッジ求めてます(痛バ作成の為)\n\n切実にグッズ不足すぎて求めてます\n棘くん人気なので難しいとは思いますが、よろしくお願いします\nもちろんff外からでも大歓迎で… https://t.co/K8816feXCa'
人気,'関ジャ厶🈁関西\nプロがハマった音楽動画特集\n▶️深夜1時〜1:57📡ABCテレビ\n\nクロニクルF🈁山梨\n💜雛💜が超人気カレー店の女神と?対談\n▶️深夜1:20〜2時📡UTY\n\n村マヨ🈁福岡\n芸人通知表SP\n▶️深夜1:25〜2時📡… https://t.co/vTCVtzpeWa'
人気,'緑色って男女問わず人気だしね。'
人気,'格安SIMの #nuroモバイル からデータ無制限プランが登場！人気の最安プランと無制限プランなら私は #税込月額3278円のデータ無制限プラン派 ！抽選で100名にAmazonギフト券があたるキャンペーン実施中。… https://t.co/BorwdGuUFg'
人気,'@enokibon_46 あら…私の所2台だったよ！\n同じくツイステも何個も置いてあったw\n記念日人気よね…私の推し当たらずだったわ(´•ω•̥`)\n明日も違うアニメイト行くと思うから見つけてもし当たったらあげるよ！色紙の梱包の仕方初めてだけど調べるw'
人気,'日本の腐女子ってことになってるわはは\n\nこの二人あまりにもcpで人気出ちゃって今後また色々求められるのね大変ね…アイドル業頑張って🥲👍'
人気,'@K_IROHA_168 これはひいんひいん(´・ω・`)二番人気で勝ったりするんだけどね！'
人気,'@wuhan_evo @interccc ありがとうございます！\n深夜食堂人気ありますね。私は黄磊の中国版しか見たことがなくとても好きなのですが、中国ではオリジナルの評価が高すぎて中国版の評価が不当に低い気がしています。'
人気,'@cherryblo_kao やっぱり人気なんだねー。東京ばな奈🍌\n味も二種類あるのか。\n何処で売ってるかググッてみよう。'
人気,'『進撃の巨人』にあの人気ラッパーが“巨人”で登場していた！？諫山創の遊び心が笑える #SmartNews  https://t.co/HBf27lpR53'
人気,'@L2Xhrw85JAfNBld そうだったんですね😭銀魂人気ですもんね😭'
人気,'格安SIMの #nuroモバイル からデータ無制限プランが登場！人気の最安プランと無制限プランなら私は #税込月額330円の最安プラン派 ！抽選で100名にAmazonギフト券があたるキャンペーン実施中。… https://t.co/rUPYOXlqrG'
人気,'ラインフレンズでの、ＲＪ人気すぎて\nほぼ売り切れだよ、、、'
人気,'新しいものはすぐに品切れになりますね。\n今人気順下位で売れ残ってる商品も、発売当初は人気でなかなか買えなかった時がありました。急いで飛びつく必要はないように感じますが果たして…'
人気,'@pochapochapoon ホントそれ👏👏あんなに世界的に人気になってもいつもARMY〜って呼び掛けてくれる彼らが好き💜\nLIVE行きたいね〜🥺🥺\nたぶん生で見たらぶっ倒れる😇けど行けるまでは何としてでも生きるっ🤣🤣'
人気,'@9hHPs 人気ですね'
人気,'@dellarinkb 今年も1人気であれば、無双は継続ということで、ご査収くださいw https://t.co/ec0Jfe2aX6'
人気,'@mitsuoracing 女性にボクスターなんかは人気だと思いますが😇😇😇'
人気,'僕の歌みたでこの中だとどれが1番好きですか🤔\n1番人気なやつ固ツイにする'
人気,'格安SIMの #nuroモバイル からデータ無制限プランが登場！人気の最安プランと無制限プランなら私は #税込月額330円の最安プラン派 ！抽選で100名にAmazonギフト券があたるキャンペーン実施中。… https://t.co/fODivxmW5v'
人気,'@t0_qci そうなんですね！\n今凄い人気高いみたいですね。'
人気,'自分の本垢が10年くらい前にまだ知名度が無いあるミュージシャンと相互フォローになった。今では10万人以上フォロワーがいるその人気ミュージシャンから今もフォロー外されてない。自分の本垢は今や音楽関係無い仕事の投稿ばかり。ただ外すの面… https://t.co/IyyRvNfuea'
人気,'#鹿児島県曽於市 の返礼品は #牛肉 🍖\n\nお肉の返礼品は高級品や大容量のお得なものが多いので選ぶのが楽しいですね✨\n\n人気の返礼品は発送までに時間がかかるものが多いので発送時期の確認はお忘れなく😀\n\nhttps://t.co/sLArvssC0E'
人気,'その子のこと私も好きだし人気なのも納得だしちゃんと実力も備わってるすごい子だと思うけど別にそれでその子を推してるお前が偉くなったわけじゃないじゃんね'
人気,'格安SIMの #nuroモバイル からデータ無制限プランが登場！人気の最安プランと無制限プランなら私は #税込月額330円の最安プラン派 ！抽選で100名にAmazonギフト券があたるキャンペーン実施中。… https://t.co/e1h304myPg'
人気,"""@kyorenCwetSand ありーーーんねる！\n埋まるほど人気あったっけーΣ( '-' ｽｯﾄﾎﾞｹ)"""
人気,'最近がっくんの同担増えてて笑う人気になったね。嬉しいけど複雑🙃'
人気,'格安SIMの #nuroモバイル からデータ無制限プランが登場！人気の最安プランと無制限プランなら私は #税込月額3278円のデータ無制限プラン派 ！抽選で100名にAmazonギフト券があたるキャンペーン実施中。… https://t.co/1xXV7ILtVi'
人気,'リゴレで注文してたオルレアンが届いたー😄\n遊んだことないけどクアックサルバーを難しくした感じ？\n人気でどこも品薄みたいだから迷ってる人は買った方がいいぞー😎\n#boardgames \n#リゴレ… https://t.co/DdyRtTGNNc'
人気,'@m9_k10 行こ行こ！\n見たらぜひ語り合いたい！人気作品なんだけど私の周り1、2人しか見てる人いない笑'
人気,'【美韓】キム・テヒョンに投票完了！現在の得票数:29872票\nキム・テヒョン「僕だけを見ててね♡」\n人気投票はこちらから↓\n https://t.co/cmxWM1FrNa #キム・テヒョン #KimTaeHyung #김태형 #キム・テヒョンからのメッセージ'
人気,'格安SIMの #nuroモバイル からデータ無制限プランが登場！人気の最安プランと無制限プランなら私は #税込月額330円の最安プラン派 ！抽選で100名にAmazonギフト券があたるキャンペーン実施中。… https://t.co/Mxu5eSenb0'
人気,'代わりにキョンシー兄を引いときましたよ、本当に運が良すぎます！『百鬼異聞録～妖怪カードバトル〜』2月新バージョンが降臨、鬼切、大嶽丸など人気式神が無料で入手 https://t.co/dKOFDgKduR'
人気,'【美韓】キム・テヒョンに投票完了！現在の得票数:29868票\nキム・テヒョン「抱きしめてもいい？」\n人気投票はこちらから↓\n https://t.co/VBlcdF19zT #キム・テヒョン #KimTaeHyung #김태형 #キム・テヒョンからのメッセージ'
人気,'格安SIMの #nuroモバイル からデータ無制限プランが登場！人気の最安プランと無制限プランなら私は #税込月額3278円のデータ無制限プラン派 ！抽選で100名にAmazonギフト券があたるキャンペーン実施中。… https://t.co/5EjLvsTFoG'
人気,'格安SIMの #nuroモバイル からデータ無制限プランが登場！人気の最安プランと無制限プランなら私は #税込月額330円の最安プラン派 ！抽選で100名にAmazonギフト券があたるキャンペーン実施中。… https://t.co/q3mNqWWu5e'
人気,'格安SIMの #nuroモバイル からデータ無制限プランが登場！人気の最安プランと無制限プランなら私は #税込月額3278円のデータ無制限プラン派 ！抽選で100名にAmazonギフト券があたるキャンペーン実施中。… https://t.co/7EbcatY7yL'
人気,'格安SIMの #nuroモバイル からデータ無制限プランが登場！人気の最安プランと無制限プランなら私は #税込月額3278円のデータ無制限プラン派 ！抽選で100名にAmazonギフト券があたるキャンペーン実施中。… https://t.co/cYgPPFNTHZ'
人気,'キッズ用セーフティグッズ のGoodな🎁見つけました😊\n\n防災頭巾カバー 背もたれ 人気柄ラインアップ | 背もたれ 持ち手付き 椅子カ…\n\n評価4.5\nレビュー301件\n\n360826\n\nhttps://t.co/JocyMGR6lx'
人気,'気がつけばキョウカの人気も凄まじいな。5億の女と呼ばれているとか。'
人気,'格安SIMの #nuroモバイル からデータ無制限プランが登場！人気の最安プランと無制限プランなら私は #税込月額330円の最安プラン派 ！抽選で100名にAmazonギフト券があたるキャンペーン実施中。… https://t.co/691wUGE6b8'
人気,'@sCUQtO56yyYPcLb サトシの成長が描かれていて、\n優勝も期待させておいたにも関わらず、\nその結果ならたしかに炎上しても仕方ないのかも\nでも人気は人気だったんだ！'
人気,'500万ダウンロード突破！人気RPGゲーム「日替わり内室」貴方だけの皇帝ライフを始めよう https://t.co/QcliW0sqIo https://t.co/vhv3smahKV'
人気,'この一連を振り返っても。結局上がってる通貨が勝ちやすいという理由で人気が高い\n\n人気が集まるためにボラが加速する\n\nこれってファンだなの？(｡･ω･)y-ﾟﾟﾟ\nただのイナゴタワーに群がって一喜一憂してる民がほとんどやろ(｡･ω･… https://t.co/NCv6ppEl0I'
人気,'格安SIMの #nuroモバイル からデータ無制限プランが登場！人気の最安プランと無制限プランなら私は #税込月額3278円のデータ無制限プラン派 ！抽選で100名にAmazonギフト券があたるキャンペーン実施中。… https://t.co/roO7YxgOr2'
人気,'そーいや、昨日「あ、ラブライブだ！！」っておなのこに言われましたですよ！\nラブライブ人気ねぇ🥰'
人気,'ちなみにこの映画の前にNHKでやっていたドラマは数シーズンに渡る人気作でした。\nかなりの数の苦情が来ていたなら数シーズンもこの作品はドラマ化できていません。 https://t.co/u5sjNhUnO1'
人気,'@arumami24 働かずに手にしたお金なんで、ちょっと怖いです。自信はあったんですがまさか11番人気がホンマにくるとは…って感じです'
人気,'格安SIMの #nuroモバイル からデータ無制限プランが登場！人気の最安プランと無制限プランなら私は #税込月額3278円のデータ無制限プラン派 ！抽選で100名にAmazonギフト券があたるキャンペーン実施中。… https://t.co/rOl42rePmn'
人気,'格安SIMの #nuroモバイル からデータ無制限プランが登場！人気の最安プランと無制限プランなら私は #税込月額3278円のデータ無制限プラン派 ！抽選で100名にAmazonギフト券があたるキャンペーン実施中。… https://t.co/B7JjC48qqI'
人気,'それにしても海外の方々にフォローいただいてるのびっくり。終ワルは海外にも人気あるのかな……？それは嬉しいし、ありがたいけど原作の絵をそのままアイコンやヘッダーに使ってたり、容赦なくネタバレかましてくるので心臓に悪い…(なのでなかなかフォロー返せない)'
人気,'【思い出し笑いのお話】\n\n昔々とある人気ファッションブランドの\nセレクトショップで働いてた私は、\n休みも殆ど無く連日忙しすぎて、\n通勤電車で常にうたた寝をしていました。\n\nどこかの駅に到着してドアが開いた瞬間\n\nつづく…'
人気,'ＲＪなんて人気なんだ https://t.co/tyoTi2CZl6'
人気,'【美韓】チャン・グンソクに投票完了！現在の得票数:30682票\nチャン・グンソク「本番に強いオ・ト・コ…それがチャン・グンソク！」\n人気投票はこちらから↓\n https://t.co/uySF9ZjxqR #チャン・グンソク… https://t.co/QJFmjiZ1hE'
人気,'ヨアソビが人気になってるのになぜうさにゃんのシトラスが流行ってないのかわたしには分からない'
人気,"'ラストアイドル\u3000チョコ缶\u3000トレ\u3000トレード\n\n(譲)画像1\n(激求)大場,大森\n(求)白石,宮田,宇田川\u3000他\n※人気メンには複数出せます\n※首藤は(激求)優先です\n直筆との交換も検討可\n郵送可(蓋だけor未開封 相談可)\nリプorD… https://t.co/jmJfXRMu8F'"
人気,'500万ダウンロード突破！人気RPGゲーム「日替わり内室」貴方だけの皇帝ライフを始めようhttps://t.co/0NZzt10UUg https://t.co/PNF6J2xbor'
人気,'@tarox5100 欧米のインフルエンサーには日本の比でない位にギフトをバンバン送ってPRして貰っているのでしょうね。\n\nインスタをやめたのはボッテガヴェネタでしたね。現状日本で人気あるのかしら？セリーヌ、ロエベ、グッチ、フェン… https://t.co/4vdI84T1sj'
人気,'世の中を皮肉る系の歌詞の方が人気出るんだが(;´･ω･)偽善者ラプソディーとか。僕は皮肉るのが苦手。'
人気,'500万ダウンロード突破！人気RPGゲーム「日替わり内室」貴方だけの皇帝ライフを始めようhttps://t.co/0NZzt10UUg https://t.co/BxdlizpuBS'
人気,'格安SIMの #nuroモバイル からデータ無制限プランが登場！人気の最安プランと無制限プランなら私は #税込月額330円の最安プラン派 ！抽選で100名にAmazonギフト券があたるキャンペーン実施中。… https://t.co/HSEXNLwDQ6'
人気,'格安SIMの #nuroモバイル からデータ無制限プランが登場！人気の最安プランと無制限プランなら私は #税込月額3278円のデータ無制限プラン派 ！抽選で100名にAmazonギフト券があたるキャンペーン実施中。… https://t.co/o6oyL5EiOg'
人気,'格安SIMの #nuroモバイル からデータ無制限プランが登場！人気の最安プランと無制限プランなら私は #税込月額330円の最安プラン派 ！抽選で100名にAmazonギフト券があたるキャンペーン実施中。… https://t.co/ico6O0tgMi'
人気,'格安SIMの #nuroモバイル からデータ無制限プランが登場！人気の最安プランと無制限プランなら私は #税込月額330円の最安プラン派 ！抽選で100名にAmazonギフト券があたるキャンペーン実施中。… https://t.co/OOWITrKnn4'
人気,'@aaanooo117 Twice、RedVelvetとか？🤔\nセブチも人気あるよね✨\nEXOとか？？'
人気,'@osknojisan 世界でめっちゃ人気やから彼！\n私も見るの楽しみ！！多分リアタイは無理なので明日みますが……w\n(とか言うてリアタイしたらどーしよw)'
人気,'格安SIMの #nuroモバイル からデータ無制限プランが登場！人気の最安プランと無制限プランなら私は #税込月額330円の最安プラン派 ！抽選で100名にAmazonギフト券があたるキャンペーン実施中。… https://t.co/ZH104labOT'
人気,'500万ダウンロード突破！人気RPGゲーム「日替わり内室」貴方だけの皇帝ライフを始めようhttps://t.co/e5A69Vlqmf https://t.co/xmGchNFG9P'
人気,'@_Liura_of お疲れさまでした！！\n\nりうらくんお疲れさま！おかえり！！帰ってきてくれてありがとう！！！！\nメンバーみんながりうらくんの帰りを喜んでて、且ついつも以上に楽しそうに配信してて。聞いてて楽しくて幸せでした！！\n\nこれから、いれいすもっと人気になるぞ！！'
人気,'@tetsugyoman 絞らないと厳しいですよね…\n\nあと、得意なポイントを押さえて、そこに注力する、ですかねえ\n\n田辺騎手は1枠1番、典さんは継続騎乗、浜中騎手は小倉で買い、G1で1番人気のルメール騎手は逆らっちゃダメ的な'
人気,"'PowerColor AMD Radeon RX 6800 XT搭載 グラフィックスカード オリジナルファンモデル RED DRAGON [AXRX 6800XT 16GBD6-3DHR/OC]\nAmazonで人気上昇\n￥107,… https://t.co/174VMX2t6i'"
人気,'あと一人、、、\nほんとに嫌だけど10人気て欲しいとか思ってる自分もいる()\n自撮りは嫌だよ？（FFが10人以上集まって欲しいだけの人） https://t.co/MvLdJkTavZ'
人気,'@DUFFY_minnie12 千秋ちゃん！怖くないよー！！守ってくれるよー！笑\n実はシクレは出た🤝ハイタワーさんも人気やで?'
人気,'格安SIMの #nuroモバイル からデータ無制限プランが登場！人気の最安プランと無制限プランなら私は #税込月額330円の最安プラン派 ！抽選で100名にAmazonギフト券があたるキャンペーン実施中。… https://t.co/roYNA2MUUj'
人気,'格安SIMの #nuroモバイル からデータ無制限プランが登場！人気の最安プランと無制限プランなら私は #税込月額3278円のデータ無制限プラン派 ！抽選で100名にAmazonギフト券があたるキャンペーン実施中。… https://t.co/tuG65529Am'
人気,'@saizeriya__bot なんと…\n人気ですもんね…\nもし観られたら感想話しましょ！'
人気,'@hkbkro8 やっぱりオレンジが1番人気なのかどこ行っても無くてもはや注文しようかと悩むレベルです😂笑笑'
人気,'女の子の人気の名前ランキング\u3000ベストテンの変遷（昭和元年～平成30年） https://t.co/hUjjLgQixE @YouTubeより\nおー入ってた入ってた'
人気,'格安SIMの #nuroモバイル からデータ無制限プランが登場！人気の最安プランと無制限プランなら私は #税込月額330円の最安プラン派 ！抽選で100名にAmazonギフト券があたるキャンペーン実施中。… https://t.co/l8ks9MehxH'
人気,'@jk_kiisr7 歳はずいぶん下だけどね(小声)年下ありえなかったのにこんなにもハマるなんてなぁ〜人生何が起こるかわからんよねぇ🧎\u200d♀️🧎\u200d♀️🧎\u200d♀️\nモモめっちゃ人気よな🍑👀やはり男はヨジャドルに行くか😇ww\nてか何がウケ… https://t.co/E9afm2LYiq'
人気,'格安SIMの #nuroモバイル からデータ無制限プランが登場！人気の最安プランと無制限プランなら私は #税込月額330円の最安プラン派 ！抽選で100名にAmazonギフト券があたるキャンペーン実施中。… https://t.co/H7NDSfQ8Kx'
人気,'いや今日お持ち帰りで営業してる店の前けっこうどこも人だかりで人気店だと遊園地のアトラクションばりに大行列になってる😬（天気が良くて気温も高い日曜日）マスクしてるとはいえこれどうなんだろう…\n近所でも、庭に人集まってない!?って思っ… https://t.co/4C1pe2oWSx'
人気,'エヌフラ人気でそうだよな…\n普通に歌うまだもんなあああああ'
人気,"'@katamatsu3 リセマラはしやすいけど特定のキャラ当てるには確率は結構低い印象あるかなぁ、私がやった感じは。今コラボしてるNieRのキャラは特に人気が高いから(2B,9s,A2)どうしてもガチャで引きたい場合はリセマラ頑張… https://t.co/puiWFXHA66'"
人気,'格安SIMの #nuroモバイル からデータ無制限プランが登場！人気の最安プランと無制限プランなら私は #税込月額330円の最安プラン派 ！抽選で100名にAmazonギフト券があたるキャンペーン実施中。… https://t.co/BMPEGydzDi'
人気,'人気のお茶屋さん https://t.co/KP8WG5AxbY'
人気,'人気投票間に合うか！\n#リザードンにきめた'
人気,'今スグ◆人気容姿端麗美人セラピ◆90分1万円／日本橋・プライベートサロン（マンションエステ） GOLDEN（ゴールデン）\nhttps://t.co/FeBMJQ9rJL'
人気,'マジか、シクラメンが１位なのか\nてっきりネムノキ様人気だから着てると思った\nそしてアネモネがついにTOP3から落ちてる https://t.co/IQFAAemiOp'
人気,'星矢で好きなキャラか…誕生星座補正でシュラと言いたいところだけどそれ抜きだとサガ、デスマスク、紫龍とかかなあ。まあ人気どころの人選だね我ながら'
人気,'@tukimi_eringi 昨日までニスモのキャンペーンなのでかなり人気です！！近々35乗りに行こうと思います'
人気,'@kisenra421d 待ち合わせは怪獣の前～人気スポットっぽいですね✨'
人気,'【音韓】ジョングク（BTS（防弾少年団））に投票完了！現在の得票数:2228票\n人気投票はこちらから↓\n https://t.co/FGRMvjhchY #ジョングク'
人気,'陽介｢しゃー！人気投票第一位だってよ俺！やっぱ俺サイコーじゃね？｣\nヤナサ｢残念なのにね｣\nフィズ｢ガッカリ王子なのにね｣\nイデア｢確か、バケツが好きなんだっけ？｣\n陽介｢お前ら…ガルダインするぞ…(プルプル)｣'
人気,'今日イオンに行ってきたけどKALDIにカレーパンになるやつまたなかった…お酒もなかった。なので人気ランキング1の白ワイン買ってきた！！'
人気,'人気度1あげるには\n52÷4仲間モンスター=13回\n13回×300ジェム=3900ジェム\n\n人気度80得るには\n3900ジェム×80人気度=312000ジェム\n\n〈結論〉\n地道にやろう(｡ŏ_ŏ)'
人気,'破屁すきです（小声）\nボ読んでる当時、一番人気あるBLは破屁だろうなーって思ってた\n生意気なショタとそれを軽く受け流すイケメンって王道だと（腐並感）'
人気,'オールマイティのゲーム実況者でもない（一個のゲームに特化してる）のにここまで話題になるのは普通にすごくて草\nにゅるたんの人気がわかるな https://t.co/PzE1qYckza'
人気,'@natsu_2_xx こんな時期だと婚活とか難しいよね🤔🤔🤔🤔🤔\nちゃいさん人気者ではありませんよwwwww今も1人でスカイスチールしながら携帯ポチポチしてます❤'
人気,'PS5の転売屋\nかなりな部分は、中国共産党のセイじゃねの?\n\n中国仕様のPS5が、対応ソフトが極端に少ない、党批判に見える映像、使える機能が無いかのチェックが厳し過ぎて、許可されたソフトがリリース出来ない。\n\nなので、日本仕様PS5が人気、と'
人気,'3.Terraforming Mars\n根強い人気の火星開拓\n\n内容はルール多めのオーソドックスな拡大再生産だが、その伸びがエゲツない！\n最初は手が届かなかった40金のカードを使う時や、エンジンを組んで色々トリガーした時の気持ちよ… https://t.co/oRz9Ueo4t8'
人気,'キュートなルックスと抜群のファッションセンスで人気を集める、インフルエンサー・海羽(みう)さん✨\n\n海羽さんの私服コーデや愛用ブランド、セレクトショップについて詳しくご紹介していきます♬\n\n#ootd\n\n【記事はこちら⭐️↓】\n\nhttps://t.co/PyvCGzZXKF'
人気,'ツイステ私のTLだと人気だが私の住んでるド田舎では人気なのかわからん\n(普通にグッズが大量にあまり値下げされて売られているところを見てしまった)'
人気,'@fullcust0468 キノピオはまあ低レート帯ならソコソコおるけど海外勢に人気じゃね？'
人気,'ハ〇キくんとク〇ナイガ〇のアクスタ売り切れてたけどゥって人気ジャンルなん？(私はゥの事を舐めてるので弱小ジャンルだと思っています)'
人気,'@EZOTg59GJLd38WY これ何で検索しました❓😉\u3000あらくるみさん知らぬ間に人気者➖笑🔮'
人気,'私が思う、ロルフおとなのベビーチーズの売上人気No.1は【 #4種のペッパー 】！ あなたがNo.1だと思うのは何ですか？👀 https://t.co/JrJW2mimB9 がヒントです⭐️ @nipponhamgroup をフォ… https://t.co/v2HR9ufl0c'
人気,'@kaku_ssn 好きな生き物に人気とか関係ないですよ！（笑\n頑張って下さい！'
人気,'初PAUL\nめちゃおいしかった💗\n人気なのわかる☺︎\n\n #Paul #クロワッサン #パルミエ https://t.co/A5wbzryfL0'
人気,'@yuyumikan0511 某🎂並みの戦いになったらと思うと怖いよね😇ネットも人気の商品の発売日って全然繋がらなくなるよね😭'
人気,'@ramune__oO_ あああありがとうございます！😭\nではお言葉に甘えて…🥰 良かったらぺーたさんもタメでお話してくださいな🙏💓\n横断幕の缶バッジそんなに人気なんだね…絵柄が最高だからか…？'
人気,'売れすぎちゃってごめんなさい！理由があるから選ばれる。人気実力とも当店No.1のメンズサプリ!\u3000\n https://t.co/md8Y7zManE'
人気,'楽天リアルタイムランキング 洋菓子 27位 1100円 [23:59]\n\nお返し 子供 内祝 プチギフト ギフト 果汁たっぷり！フルーツゼリーボールコンポートプチギフト 退職 結婚式 引っ越し 挨拶 産休 お礼\n\n女性に人気の大変… https://t.co/rEc0VYRAk9'
人気,'Voted and pls remember to vote again in 10 hours ❤️\n\n【音韓】ジミン（BTS（防弾少年団））に投票完了！現在の得票数:83346票\n人気投票はこちらから↓\n https://t.co/rTEjoJobXr #ジミン'
人気,'人気ないというか使いづらいというか'
人気,'私が思う、ロルフおとなのベビーチーズの売上人気No.1は【 #生ハム入り 】！ あなたがNo.1だと思うのは何ですか？👀 https://t.co/9cgLAseErs がヒントです⭐️ @nipponhamgroup をフォロー… https://t.co/UoIKD3F4Bq'
人気,'#ちょとログ\n\n第7回キュンキュンだった。\nま、もし過去に戻ったら本命うんぬんの前に作ってたチョコを持ってヒップホップ行くけどね。その子、顔よし性格よしの人気枠だったから。仕方ない。ステータスほしい。ご期待に添えなくて申し訳ない🤘🤘🤘'
人気,'映画撮影時は4人だったっていうのが、ACCファンからしたら心臓がキュッとしちゃうところはあるよね…\n5人のawesomeが大好きだったし、今こうやって人気なのも嬉しいけどね！！\n#花束みたいな恋をした #ACC勿忘\n#ACC'
人気,'かえでぃー人気あるんやな\u3000disってる訳じゃなくて今までいた畑のところはボーイッシュな感じの子あんまり人気なかったから'
人気,'今回のライブで更に人気出た感じだし勢いすごいよね。シブヤは母数多いしらむちゃの事あるからめちゃくちゃ積んできそうで本当に怖い。ハマも前回の最終決戦で本当に悔しい思いしてきたし次こそは...の気持ち強い。CDこのままでいいのかな田舎… https://t.co/pjxgy1n6IH'
人気,'@syameimaru_978 安すぎて店員さんと喋ったら、\n500個売れば黒字になるって言ってました❗🐹👌\n今日は700以上売れたって言ってましたのでめちゃめちゃ人気もあると思います🐹👌'
人気,'@lion3989 ホロライブが海外にも進出してたのにびっくりです。\n人気すげえっすね！'
人気,'阪急杯、単純に人気上位3頭が抜けてる印象あるなー。'
人気,'グッズ交換のツイ見たけど、夢野って人気なの？\n知る限りだとそこまで人気ではなかったよな\n自分が離れてる間に一体なにがあったんだ'
人気,'@CACAOCAT_ @hate_1207 今日は2/22で #猫の日\xa0\nCACAOCATがオープンして初めての猫の日ですねヽ(*´∀｀)ノ\nおめでとうございます！\n人気YouTuberはてにゃん&amp;CACAOCAT 豪華コラボプレ… https://t.co/Thx8vT6evt'
人気,'ワンピース世界人気投票\n2月22日のロビンちゃんまとめ1\n（19時台撮れてないです）\n\n①0時台 欧州 2位\n②1時台 欧州 3位\n③2時台 アジア 1位🥰\n④4時台 欧州 2位\n#WT100\n#ONEPIECE_WT100… https://t.co/5Akx1sZnMR'
人気,'captainの配信がない日は韓ドラtime☆\n\n録画してたペントハウスの1話をやっと見られたんだけど、すごい‼️あっという間に時間過ぎていったけどめちゃめちゃドロドロしてハマる😆\nもう既に韓国ではペントハウス2が放送されてるとい… https://t.co/OSjHoVMILA'
人気,'#本当にあったあんま怖くない話\n学生の時分、本ゼミの選考面接（人気があったので定員オーバー）の際、教授から「君はいつも私の授業を真面目に聞いているね」と褒められてパス出来た。がしかし、その授業は履修していない。'
人気,'メルカリで2倍以上の価格で売られておる……。生産数が少ないとかもあるんだろうが、人気商品だしベビーグッズでずっと待ってられる物じゃないだろうから、恐らく転売ヤーが絡んでいると見た。'
人気,'【人気海外リゾートランキング】\n\n１位\u3000ハワイ\n２位\u3000タヒチ\n３位\u3000モルディブ\n４位\u3000バリ\n５位\u3000グアム'
人気,'@hammok6 aikoさんのライブは\nファンとご本人とが\nチャットみたいに\nお話出来ると\n聞いたことあります( ⁎ᵕᴗᵕ⁎ )\n\n人気のポイントの1つかもね\n✩⃛ೄ'
人気,'関ジャニ∞クロニクルF #40 関ジャニ考案究極シチュー | フジテレビの人気ドラマ・アニメ・映画が見放題＜FOD＞ #fujitv https://t.co/LMkTyfBwBO \n\n今までで1番ちゃんと質問に答えてる😂悲しい恋… https://t.co/UJjsU9Q08D'
人気,'後輩ちゃんにはぴょんちゃん人気ありそうだよね♪\n #ぴ近ワンチャン #agqr'
人気,'森谷亮太(@moritani_drum)【動画でドラムひとり遊び！ ドラマーが夢中で叩きたくなる人気曲レシピ】\nhttps://t.co/LZhOM81E3W\n\nドラムでひとり遊びの極み!スマホ・タブレット等で見る『曲に合わせてス… https://t.co/WUoD6Ip5F5'
人気,'@RIN905 エネアモ武器人気なさ過ぎて後半しんどくなるからとか'
人気,'人気痴女優 騙し企画 逆ナンしたら怖い人\u3000https://t.co/wJkO8aowOg'
人気,'ポケモンの人気投票ｯｽ'
人気,'ぼくも人気作描いて推しミュージシャンに歌って貰いたいんですが？？？？くやぴいもどかぴい'
人気,'美瑛の丘【北海道】\n\n美瑛町は近隣の富良野市と共に北海道を代表する観光地として知られる。\n丘陵風景と花の風景が人気で、北海道外からの移住者も多い。 https://t.co/vPKni7EAQQ'
人気,'スウェット6000円、高いと思うなら買わなきゃいいじゃん\n\nあれだけ人気でビジネスチャンスめちゃくちゃあるから服くらい売ればいい'
人気,'【音韓】ニキ（ENHYPEN）に投票完了！現在の得票数:2115票\n人気投票はこちらから↓\n https://t.co/k8Bi9OGg2A #ニキ'
人気,'下関市福江の人気のラーメン屋 楽 さんです。盛岡、名古屋、佐世保、四国と他県からのお客､､､しかも遠すぎ👏。👲やさしい!!\u3000おっと、豚骨スープに細麺最高👍 https://t.co/g1Uli1wkqT'
人気,'「ガンダム」インスタ人気ランキングTOP10！\u3000「シャア専用リック・ドム」「サイド6に現れたハイゴック」など、ファン心をくすぐる作品満載！ https://t.co/J9WtJQvBB1 #ねとらぼ調査隊'
人気,'萌音ちゃんがプライベートで着用してるランバンオンブルーの中で\n人気のワンピですよねー🙌👏🎶😳🎶\n\n楽天👇👇\nhttps://t.co/fR7YRRJi5P\n\nAmazon👇👇\nhttps://t.co/55eWOdjSLP… https://t.co/7kSLmOelVa'
人気,'穴党からすれば人気馬に勝つ伏兵の存在は大好きなので、ライスシャワーが走ってた時代に競馬やってたら絶対にファンになってたな~と思って戦歴見たら菊花賞2番人気とかしっかり人気馬！たぶん、買っても紐。'
人気,'@min__0809woo クールは人気者〜〜！！ゆポコポコてかわいいじゃん臼担いじゃった'
人気,'これ普通の人読んでて楽しかったんかなとは思う笑\u3000けど巻数2桁あるから人気あったんだろうなあ\u3000割とつまんないだろーなあ（失礼）と思ってたから楽しいお勉強でうれしい'
人気,'@ciina1125 フランスで人気なんか知らなかったわ\nリアルにカニっぽいカニカマも増えてきたよね〜'
人気,'@tibenosuke 限定で人気出てレギュラーメニューになったからね⭕️\n\n背脂マシお金かかってたもんw\n\nそこから背脂追加料金やめてプレ塩は脂マシで背脂半分追加されるだけになってたのよ'
人気,'最近シブで少しずつ女性に人気ランキングにも入るようになって、同性にも読まれとるんか！と嬉しい気持ちになったよ\u3000言うてネットの性別自己申告はあまりアテにならんが…'
人気,'【美韓】チャン・グンソクに投票完了！現在の得票数:5565票\nチャン・グンソク「家来る？泊まってく？」\nうん♪🏡🤗💗\n人気投票はこちらから↓\n https://t.co/y9PLClG7qu #チャン・グンソク… https://t.co/E3XmNVBVVC'
人気,'【人気記事】エイプリルフールで太鼓チームがまたやった！！ 新曲？「よくでる15300」！！ https://t.co/zVMonYbOdn \n「よくでる15300」の元ネタ動画も発掘してきたぞ！\n#太鼓の達人\nhttps://t.co/xHqGh7fEGe'
人気,'@lostsider 大いにありますよ！！！\n\nむしろ、無職の方が税率低くなります。\n\n「おけいどん 総合課税」\nにて、ググって、僕のブログ記事にご来訪ください。詳細まで解説しており、人気記事になっております。諸事情によりリンクを貼れなくてごめんなさいね🙏'
人気,'@naaa_A2_ もちころりんか💦乱数ちゃん人気あるから譲渡探すの難しんだね😭⚡️\nすぐには手に入らなくても後々どこかで出会えること願ってるよ(\xa0o̴̶̷᷄\xa0·̫\xa0o̴̶̷̥᷅\xa0)💛🍭💗'
人気,'最近のドラクエウォークの話題をピックアップしました！ 人気ツイートや話題の内容は、https://t.co/52Rb1n1KyE #DQウォーク #ドラクエウォーク https://t.co/wcwcpoYCIQ'
人気,'@Akivoh 我が家でも人気なのですが、危険ですw'
人気,'@neigh0407siwon 今めっちゃ人気だから当たるなんて凄いです😆ドキドキですね💞'
人気,'#まだん東大阪店 のお席は・・・♡\n人気のゆったり寛げる #個室、ソファ席が充実♪大人の雰囲気ただようお席はお友達との飲み会や、#女子会、#歓送迎会、#コンパ などにおすすめですよ◎！\n\n#韓国料理\nhttps://t.co/FxP5ou3Fm8'
人気,'@Sky_Blue0622 私もー😂\n表紙でレモン🍋持つのが恒例のあの雑誌とか…笑笑\n\nレモンの木、買ったんだね😊\nなかなか成長も大変なのかな💦\n無事に成長できて実がなったら、伊野尾くんみたいにかじってみたいね✨でも酸っぱいかー🤣… https://t.co/v2ajUyBBwG'
人気,'これはチェック！ → 【岡村靖幸】シングル曲人気ランキングTOP33！\u30001位は「あの娘ぼくがロングシュート決めたらどんな顔するだろう」に決定！\u3000【2021年最新投票結果】（1/4） | ねとらぼ調査隊 https://t.co/xiIaKCo39F'
人気,'500万ダウンロード突破！人気RPGゲーム「日替わり内室」貴方だけの皇帝ライフを始めよう https://t.co/GCGhouo8hV https://t.co/ISVetjjZtJ'
人気,'ksmさんはアイドル活動を踏み台にしか思ってなかったし先輩をこき使ってた印象しかないんですよね…\n顔は綺麗だし歌も個性あって人気はあったけど踏み台発言しちゃってから印象悪すぎて😌'
人気,'山崎怜奈のダレハナ、the 昼のFMって感じで好きやわ。話し方上手やし。長いこと続けて欲しいな。とはいえ、週４やから人気になってきたら難しいのかな'
人気,'周周(アマシュウ)\n周ちゃんと周くん(生前の名前)の組み合わせ\nごく一部に人気がある'
人気,'MLSは、すぐに世界で重要なリーグの一つになるよ。僕のいるオーランドは、多くのブラジル人に人気の観光地なんだ。ディズニー・ワールドで有名だよね！僕は、ドナルドダックが面白いから好きだよ。'
人気,'@tomoBoo_0217 @yasuhiraaa 猛獣はいないけどキリンやコアラなど不動の人気者や、まだマイナーだけどポテンシャル高いグンディやプーズーやビスカチャを国内初導入唯一飼育、熱狂ファンを多く持つレッパンやマヌル等は勿… https://t.co/qXzRcZI3e7'
人気,'みゅーみゅーなつかしい！！\n私の周りではみんとちゃんがダントツで人気だったな。みゅーみゅーごっこするときは真っ先に取り合いになってた'
人気,'いいねありがとうございます。\n\n昨日書いたように、noteはnoteで独自の文化があるのですが、どこに行っても僕は僕なので、人気とは無縁です。 https://t.co/3Z58OaFHBd'
人気,'A.A.ミルンはこの作品を自身の息子クリストファー・ロビン・ミルンが持っていたテディ・ベアから着想。\n児童小説とそのキャラクターは発表当時から広く人気を集め多数の言語に翻訳され世界中で読み継がれている。\n1960年代ディズニーによ… https://t.co/L8IeBTLRct'
人気,'@YummyYummy0705 えー🕺🕺🕺\n素晴らしい!!✨✨✨\n人気ありすぎて心折れちゃったけど、歌は聞いてるっ!!\n化物歌お!!💜( ˙👄˙ )笑'
人気,'@atyu9999 うん(๑･᷄ὢ･᷅๑)マジでこれバウンティの人気落とす原因の1つにもなってるとおもう'
人気,'#うちのオッドアイっ子\nそういえばジャックちゃんはオッドアイだったね…まぁ本体は綺麗な緑色の眼です。紫はブロウクくんの眼だね。\n\nファンアートも多めのうちの子の中でも人気な子だよ☆\n(勝手に持ってくるスタイルですみなさんすみません… https://t.co/uiirQqTj4l'
人気,'中山記念はバビットとヒシイグアスの馬連ワイドを300円買ってソファーに寝転んで観るレースだな。何かの間違いでケイデンスコールが人気吸わないかな?'
人気,'☆受付終了です。本日もご利用誠に有難う御座いました。明日も朝09時～受付開始致しますのでどうぞ宜しくお願い致します。【写真 人気奥様まみさん53歳】【公式HP:https://t.co/hFOEXh40GG】 https://t.co/baPZs3OoyW'
人気,'うぅ…中々読まれないなぁ 笑\n\nころんくんは人気者ですね⸝⸝ᵕ ᵕ⸝⸝'
人気,'はむさんが相方称号残してくれてるし人気度度1位になってくれてるし垢変したのに人気度紫にしてくれた！！！\n相方が相方しててかわいい🤤🤤 https://t.co/J4cx5G18SI'
人気,'中心になる人物はいるけれども、その中心だけではダメで、皆の力を結集して。ってところに人気の出るマンガや映画のよくあるパターンを見ることができる。対きぶつじ、対白面の者、他のマンガにも共通する。だんだんつよくなっていくという話。'
人気,'ネット上の人気投票等でふざけることで投票の大切さは分かってるはずなのに選挙には行かないみなさん'
人気,'entag!←スマホで遊べる人気ゲーム盛り沢山!!\nアバター、ブログ、SNSなどコンテンツもいっぱいあってしかも無料！！\nhttps://t.co/KAjPPm3Lfu'
人気,'@ryt_kj_oO 当たって欲しい....アニバーサリーツアーはせめて行かせてくれ....😭\nいやほんとにどうかしてるぜ！！倍率えぐすぎだって.....もうなんか....人気になるのは願ってたはずなのに、人気になりすぎるとこんな… https://t.co/oMmw3wjtbg'
人気,'@kokona_game 今後グンヒルド人気がなくなってくるとまた高騰しそうだからどこまで下がるかが気になる・・・'
人気,'比翼録自体ハピエンだから人気なの分かるけど1万超えはびっくりだわ…………'
人気,'@PandaLove1020 自分はV好きだけど、そこまでではないのでホロライブやにじさんじの人気を横目に見ておりました。\n\nしかし、ハマる人はハマる魅力があると思いますw'
人気,'@J242424242424 明日の出馬表、メイン以外見てなかった😅人気になりそうですね😓\n買いたいけどなぁ'
人気,'名張行き\n・気品がある\n・偏差値が高い\n・頭がいい\n・イケメン美女揃い\n・運動もバリバリできる\n・面白い話ができる\n・後輩の尊敬を集める\n・みんなから人気\n・リーダーシップもある\n\n東青山行き\n・ばか\n・あほ\n・まぬけ\n・かす\n・くそ\n・きもい\n・うんこ\n・くさい\n・ぶす'
