見晴公園,'今日の目的地「浜の宮公園」です🚲\n神峰神社、石碑、石仏などがありました。駐車場はありません😥\n\n見晴しが良く、海はもちろん、「浜の宮らせん橋」も螺旋具合がよく見えます👍歩道が写っていますが常時通行止めなヤツです😣\n\n#クロスバイク… https://t.co/PAuC86CF3l'
見晴公園,'春の陽気なれど、日陰はやはり冬ですね。\nだいたい100km、今日は緩めで走りました。\n昨日はまじめに追い込んだので、今日はもうムリです。\n最後は稲城駅近くのビューポイント、七曲見晴公園からの眺め。\n#稲城南山… https://t.co/ATN46CBLbI'
見晴公園,"""I'm at 豊岡見晴し台駐車公園 in 上士幌町, 北海道 https://t.co/6OIXdK8LYB"""
見晴公園,'見晴公園\u3000ソリ滑り場\u3000歩くスキーコースについて\n\n本日２月１４日は開放いたします。\n\n雪が薄くなっているところも出てきています。\n本日は気温も上がる予想が出ていますので、十分ご注意のうえご利用ください。\n\n#見晴公園\u3000#ソリ滑り… https://t.co/GoKpBl20WL'
見晴公園,'見晴公園\u3000ソリ滑り場\u3000歩くスキーコースについて\n\n本日２月１５日は閉鎖いたします。\n\n早朝の雨で斜面は滑りやすく、また芝生面も見えてきて危険な状態となっています。\n申し訳ありませんが、ご了承ください。\n\n#見晴公園\u3000#ソリ滑り… https://t.co/49Fl6GrKkW'
見晴公園,'【桜の開花情報】3/22現在、多摩川台公園（田園調布1-63-1）の桜も見ごろを迎えようとしています。園内の花見スポット一番人気の運動広場（公園中央）で８分咲き、眼下に多摩川が広がる見晴し台は６分咲きとなっています！'
見晴公園,'はこだて散歩#01\u3000冬の見晴公園（香雪園）を歩く【前編】 - YouTube https://t.co/bFwAmsS26F'
見晴公園,'見晴公園\u3000ソリ滑り\u3000歩くスキーコースについて\n\n本日２月１６日は，悪天候のため閉鎖いたします。\n\n#見晴公園 #ソリ滑り #歩くスキー #ゴルフ場 #香雪園'
見晴公園,'【桜の開花情報】3/22現在、多摩川台公園（田園調布1-63-1）の桜も見ごろを迎えようとしています。園内の花見スポット一番人気の運動広場（公園中央）で８分咲き、眼下に多摩川が広がる見晴し台は６分咲きとなっています！'
見晴公園,'【桜の開花情報】3/22現在、多摩川台公園（田園調布1-63-1）の桜も見ごろを迎えようとしています。園内の花見スポット一番人気の運動広場（公園中央）で８分咲き、眼下に多摩川が広がる見晴し台は６分咲きとなっています！'
見晴公園,'見晴公園\u3000ソリ滑り場\u3000歩くスキーコースについて\n\n本日２月１３日は開放いたします。\n\n雪が堅くなってきていますので、ソリ滑り時には間隔を開けるなど十分ご注意ください。\n\n#見晴公園\u3000#ソリ滑り\u3000#歩くスキー\u3000#ゴルフ場 https://t.co/yIqIeGFLYY'
見晴公園,'【桜の開花情報】3/22現在、多摩川台公園（田園調布1-63-1）の桜も見ごろを迎えようとしています。園内の花見スポット一番人気の運動広場（公園中央）で８分咲き、眼下に多摩川が広がる見晴し台は６分咲きとなっています！'
見晴公園,'見晴公園\u3000ソリ滑り場\u3000歩くスキーコースについて\n\n本日２月１２日は開放いたします。\n\n雪が少し堅くなってきていますので、ご利用時には十分ご注意ください。\n\n#見晴公園\u3000#ソリ滑り\u3000#歩くスキー\u3000#ゴルフ場 https://t.co/gxmiPXP6iv'
見晴公園,'【桜の開花情報】3/22現在、多摩川台公園（田園調布1-63-1）の桜も見ごろを迎えようとしています。園内の花見スポット一番人気の運動広場（公園中央）で８分咲き、眼下に多摩川が広がる見晴し台は６分咲きとなっています！'
見晴公園,'見晴公園\u3000ソリ滑り場\u3000歩くスキーコースについて\n\n本日２月１１日は開放いたします。\n\n#見晴公園 #ソリすべり #歩くスキー #ゴルフ場 #香雪園 https://t.co/JijPhb5mEn'
見晴公園,'#TrainDriveATS2\n#稲城高速鉄道乗務記録\n\n[経過報告]\n0006レまで乗務。\n6403レ乗務中、七曲見晴公園と小田良にて\n停止位置修正を行うも、ダイヤは±10秒ほど。\nあとは0007レを若葉が丘まで運転して休憩！… https://t.co/9pChbEAhCs'
見晴公園,'猿賀公園見晴しケ池のスワンボ－トは今格納庫で冬眠中だけど、代わりに本物のスワンがやってきました。 https://t.co/7UEg4vzeqj'
見晴公園,'見晴公園\u3000ソリ滑り場\u3000歩くスキーコースについて\n\n本日２月１０日は開放いたします。\n\n#見晴公園\u3000#ソリ滑り\u3000#歩くスキー\u3000#ゴルフ場'
見晴公園,'おはようございます\n少し、空が明るいかな〜\nここで、イロイロな写真を見ていると癒やされる＼(^o^)／\n\n暖かくなったら\n出掛けて、鳥を探そうかな…ホントかいな！❢\n\n函館山、八郎沼、大沼公園、見晴公園\n沢山あるわ〜\n\n元気になるから\nもう少し待っていて下さいマシマシ🤓😄🍰'
見晴公園,'【桜の開花情報】3/22現在、多摩川台公園（田園調布1-63-1）の桜も見ごろを迎えようとしています。園内の花見スポット一番人気の運動広場（公園中央）で８分咲き、眼下に多摩川が広がる見晴し台は６分咲きとなっています！'
