遺物,'聖遺物秘境は星5確定なのに武器秘境は星4すらひとつも出ないってほんと\u3000みほよさあ'
遺物,'ななちゃんの聖遺物少女でええんか、。？最近色んな子育てすぎて脳みそ追いつかなくなってきた😿'
遺物,'完全無課金ならアレだけど、紀行(1220円)買えば冠のメイン会心率だけで60%近く盛れるよ\nその分聖遺物厳選が楽になる、サブステは会心ダメ高いやつで固めりゃすぐ最強刻晴の出来上がりおめでとう https://t.co/hPuEDpL6Az'
遺物,'もう少しで世界ランク5なのでようやっと聖遺物厳選始まるぐらい'
遺物,'メインOPが防御じゃない風聖遺物が欲しい'
遺物,'@Mitiru37 お馬さん換算じゃん\n僕も聖遺物まわるかぁ〜（無表情'
遺物,'@__tirimenjako カルナさん関連の遺物.....とだけ呟く私.....！！！身を清めてうどん食ってアルジュナ(アーチャー)バレンタイン逝ってらっしゃい!!!!!!!!!!!!'
遺物,'原神やるよー\nまだ聖遺物とか適当だし天賦とか低いけど、ひとまずデビュー🔥 https://t.co/YCnOifbyVO'
遺物,'ただでさえ世界ランクあげないで地道に地獄の聖遺物厳選ガチャしてゴミしかこないのに新キャラで最強ー！とか言われたら悲しくなっちゃう私の推しキャラがどんどん追い抜かされてく……'
遺物,'強化するに値する聖遺物が全然出なくてバッグがいっぱいになる地獄･･･'
遺物,'遺物が100個になりました！（10個は死者の宮殿）\nにがにがは全然ないから作業しながら攻城戦ですね・・・ https://t.co/uYMqKLQXwY'
遺物,'聖遺物ガチャ一回できるんやぞ\u3000返せよ😡😡😡😡😡😡😡😡😡😡😡😡😡😡😡'
遺物,'私も早く秘境サンドバックにできるくらい強くなって聖遺物周回したいよね（お前えふご早く周回しろ）'
遺物,'もうすぐキンスレ始めて900日だけど、やっと5凸遺物できたよ… https://t.co/EvwoqU4UYz'
遺物,'@RR44270668 わ、まぢですか( ˊᵕˋ ;)💦\n聖遺物集めもLv低いと厳しいし、難しいですね😔😔😔'
遺物,'これで金聖遺物を集める権利を得たんだな？'
遺物,'@matcha_1101 強化用聖遺物集めるだけの周回が虚無感あって辛い（）'
遺物,'@mlbrry キャラレベル上げ、聖遺物収集、突破素材集め、無限に時間溶けるのでおすすめですよ！'
遺物,'@re_men49565387 スタンダードなら氷聖遺物2楽団2で先に炎付与して1.5倍溶解起こす感じやろね\n1発あたりのダメージは間違いなく期待できる\n楽団4セット効果も弓に合うので強い\n氷風4の場合は冠も会心ダメにガン振りできるけど元素反応混じると楽団入りには劣りそう'
遺物,'まぁま15000円出せるかって言われると普通に出せるよね\n星遺物プレマは値段えぐすぎて無理だけど'
遺物,'モナに使えるっょっょ聖遺物が2つも手に入ったので原神のモチベが上がった'
遺物,'遺物6つまで集めたしんど'
遺物,'今北斗姐さんの聖遺物、雷討ち4セットにしてるんだけど、剣闘士4セットと剣闘士2セット+血染め2セットとどれがいいかな\n#原神'
遺物,'@flive31 返信ありがとうございます〜！！！！原神たのしくてしょうがないです！！聖遺物厳選の沼にハマってますが..！（ ;  ; ）\nゆるく絡めたら嬉しいです〜🙏🙏'
遺物,'聖遺物ちょっと手出すか！と思ってランダムマッチでやってたんだけど魈めっちゃいるしたまに七七使いと出会ってメンタルがやられた'
遺物,'①狼の末路\n②旧貴族の躾\n③ベネットレベル\n④変な剣\n⑤ノエル天武\n⑥タルタル聖遺物\n⑦アルベド\n\nやること'
遺物,'やっとディルックの旦那の聖遺物をオール星5レベルmaxにできたので他の子の育成に本格的に着手できる……'
遺物,'なんやかんやで拾ってた氷聖遺物付けたら体感ダメージ大分出るようになった気がする'
遺物,'というか原神もう紀行50終わってイベントも終わって次のガチャまでわりと暇というか聖遺物厳選しかやることないので無理に配信しなくても…？？？という気はしてきました(聖遺物厳選はしたい😇)むしろ他のもらったゲームやっとできるかもしれな… https://t.co/YPwpNH0BkC'
遺物,'@tomoxxx336 ダークライの所にﾓﾅﾁｬﾝが入りますな…………（養育費が足りない）\nジンだんちょーなかなか動かしてておもろーです。聖遺物微妙なのしか付けてませんが🌀🌀\nたんぽぽツアールート作らなきゃ…'
遺物,'あのピンクでシルバーなメンポの人、聖遺物を探してるってことは、シンフォギア装者なんデスかね…？'
遺物,'@lifechoicemoney 『愛妻弁当』それは聖遺物🤣'
遺物,'鍾離先生とアルベドと凝光様3人をノエルの聖遺物にしてグルグルしたい'
遺物,'美味しい聖遺物でた https://t.co/c0LDzvEMwP'
遺物,'@0514meimeimei ありがとうございます、火魔女……よく聞く聖遺物ですね(なかなか落ちない～という声が……)。沈淪はフィンドニールのですか(´ω`)確かにそちらも良さそうですね、戦力見つつ挑んでみようと思います！'
遺物,'@maccha_dr 昨日聖遺物は星5落ちた！かたやまさんのところの狼レベルいくつ？70超えてたら落ちる！'
遺物,'遺物はあと10周…'
遺物,'メインで使ってる方たち無事突破できたからそろそろ聖遺物厳選したいところ'
遺物,'強くなれる理由をしった\n食事 聖遺物 厳選'
遺物,'@konohazuku_k うちの甘雨さんの聖遺物です https://t.co/5yoICU6W6k'
遺物,'原神聖遺物どこでもいいのでやれる人居ませんか…？明日で…合わせます…'
遺物,'甘雨の聖遺物ちゃんとさせたいなぁ\nまずは会心か\n重撃2万越え'
遺物,'ランク30を超えたので☆4の属性聖遺物を集めようと思って、ドラゴンスパインの秘境を周回しているんだけど全然でないよ。\n聖遺物は手持ちのを強化して、あとは装備とキャラの突破素材集めた方がよくない？\n樹脂も足りなくなってきたので、ランク35で解放される方で聖遺物は集めるわ。'
遺物,'@1st_september_ ゴミ遺物でも見て気を鎮めて... https://t.co/rd0meTvN6M'
遺物,'@betabeta_tubuan 会心ダメージと会心率持ってる聖遺物出なくて苦戦してます…'
遺物,'#原神\u3000はよぉ良い遺物ほちぃ https://t.co/DvdWwO3x2m'
遺物,'スライさん！このお金ポケットに入れて！(ねじ込む)イゼルダさん！これでコーニファーさんと大きなお家に住んでね！(ねじ込む)レムさん！このお金遺物を買ったりするのに使ってね！(ねじ込む)'
遺物,'@Arottenweed まぁ聖遺物厳選くらいか'
遺物,'北斗！！カウンターだ！\n\nカウンター1発で1万ダメ超えれた\n\n要素が噛み合わないとできないから、安定はしない\n\nとりあえず今はランク上げだ\n\nランク上げれば、聖遺物のレアリティが上がるからそこで厳選する'
遺物,'@navelsakura もう既に混ざってわかんないんですけど、貧乏性なので、アルベドくんの時みたいな防御が使えるやつが来ちゃうかも…って思ってしまい…あと強化したい聖遺物があんまりない…モラもない…'
遺物,'数時間で数値的には多少強くなったんだけど、この比較的まともな聖遺物、レベル上げて防御以外マジで上がらんかったのは許されない…。\n初めてソロで90クリア出来たのに…聖遺物ゴミ…_(:3 」∠)_ \n防御と攻撃の%数値入れ替えよ？？？… https://t.co/TjsQ4qQxHo'
遺物,'@Galad_9 聖遺物沼すぎてフィンドニールの丘しばらく行きたくない…'
遺物,'@Snufkin_world もう西洋医学は過去の遺物👍'
遺物,'会心率聖遺物くん！？？！どこ！？'
遺物,'聖遺物メインオプでとりあえずあげたけど、サブゴミすぎて早急に取り替えが必要'
遺物,'@tairi_genshin いや実はこの聖遺物たち計算式ならくそ弱い聖遺物だと判明したんですよね笑'
遺物,'MD…それも過去の遺物…'
遺物,'神聖遺物できた☺️\n#原神 https://t.co/53kUhgeX8I'
遺物,'@yyyyyy_blue キャラにもよるけどレベルと天賦上げていけば火力でるよ…！あとは武器とか聖遺物とか厳選すれば……ジカンホシイ'
遺物,'モラが足りん！\n大英雄の経験が足りん！\n聖遺物が足りん！\n         ＿人人人人人人人人人＿\n＞ プレイヤースキルが足りん！！ ＜\n      ￣Y^Y^Y^Y^Y^Y^Y^Y^Y￣\n#原神 #原神勢と繋がりたい'
遺物,'@FRONTIER1862949 行秋くんはレベル70で聖遺物厳選がまだな感じですね！！\nまた余裕ある時に育てていきます！\\( *´ω`* )/'
遺物,'胡桃予定用聖遺物一通り用意したけど会心率50%ちょいじゃ少ないか'
遺物,'秋桜さん都合合えば風聖遺物最高難易度の所お手伝いしますよ〜\n私夜なら基本的に大丈夫なので……'
遺物,'@an_icy_cat めちゃめちゃレベル高くて笑いました！聖遺物厳選は奥も沼も深い〜&gt;&lt;'
遺物,'聖遺物ガチャに負けてんだよ😡'
遺物,'ただまあ先にショウの風聖遺物セットだけでも揃えてあげるべきだなこれ'
遺物,'答え❕聖遺物強化🤗🤗🤗🤗🤗🤗🤗🤗🤗🤗🤗🤗🤗🤗🤗🤗🤗🤗🤗🤗'
遺物,'クソみたいな聖遺物しか出ない'
遺物,'今日は先週に続いて広島城に\n二の丸特別展示を見に行きました。\n表御門下の石畳は表御門復元まで土に埋もれていて､\n復元に際して掘り起こした所､1枚を除いて割れていて\n取り替えられました。(どれがその1枚か分かるかな？)\nそして､特別… https://t.co/BQzGfJpMUH'
遺物,'マルチプレイ楽しくてやりすぎたw\n聖遺物増えすぎなw'
遺物,'聖遺物集めたいなぁ…'
遺物,'風聖遺物欲しい…\n確定じゃないとこ行こうかな…'
遺物,'@ruki0708genshin 内は旦那がやっと80にw\n厳選無しで…()\n武器ゴミ…\n聖遺物、俺の金玉よりカス！\n\nつぎはまたバージョンアップかフータオが来るか…'
遺物,'@masirito22 だって、\n池上彰より過去の遺物だよ。\n\nフジもさぁ、小倉さんより先にこっちだと思う。'
遺物,'グンヒルドNを45周はかなり厳しいので、死者の宮殿101階からで回したいですが、魔器の強化が足りないしガンブレの初期魔器を入手するために実質+129まで育てないといけないので、それだけでかなり打ち捨てられた遺物集まりそうですし、そ… https://t.co/n9R7HG45sL'
遺物,'2、3時間くらい仕事進めたから息抜きにゲムしていいかな……聖遺物周回しよ😔😔'
遺物,'@no_1_tor 聖遺物と武器で結構変わってくるよね😭\nケチって全然育ててなかったし狼サボってたから後悔してる( ；ᵕ； )\nｱﾙﾍﾞﾄﾞくんは見た時からお迎えしようと思ってた！\nコンボ楽しいし連撃の感じがとても楽しい！\n復刻来… https://t.co/t9LrYIZKwf'
遺物,'冒険ランク上がるたびに震えてしまう このまままともな聖遺物が揃わないまま世界ランクが上がってしまったら…ブルブル…………'
遺物,'聖遺物が足りない😰'
遺物,'いいです。とても。（それ以前にかえなよとは思うけど）\nで、めんどくさがってトイレットペーパーたたんで挟んでたりしてるので（どんだけなのか）異物間もないです。トイレットペーパーの遺物感で慣れてるから…'
遺物,'流石に、シャンリンのレベル60で聖遺物も16止めしてるのを上げてから再挑戦しよかな😢ps皆無だからシールドなしがキツいよぉ。'
遺物,'相手によってタルとディルックでメインアタッカー使い分ける感じになるかなぁ。聖遺物厳選の道のりが長そうだ……'
遺物,'甘雨か先生かどっちを先に90にするか迷ってっけどやっぱ先生ですよね。推しは何が何でも強い強いにしたい。聖遺物は色々頑張るぞ……'
遺物,'@s0ra_gs 餌確定の星5(防御とか)は片っ端から他のキャラの聖遺物の餌にしてパーティ強化した方が良いぞ\n\n混ざってわからなくなるからな...'
遺物,'@rirn_923 攻撃力も伸びてもいいけど、せめても会心ダメも均等に伸びてほしいですよね…\nでも、そうも言ってられないのが聖遺物厳選…😭'
遺物,'@Dismeg_12 為せば成るですきっと⸜(* ॑꒳ ॑*  )⸝\n最近はガイアさんの聖遺物を揃えてきてて、この間2700行ったのですよね(/ω＼*)\nそろそろ3000行かせます(｀･ω･´)ｷﾘｯ\nレベルまだ80なので育てなく… https://t.co/XUXEtBHZfk'
遺物,'(武器のレベルまだ40だし聖遺物も全部レベル10以下)'
遺物,'@7nar_yy 宝石出るだけついてると思います！\n聖遺物は少し惜しいですね😭'
遺物,'聖遺物品評会で優勝した聖遺物が霞んでしまうほどの聖遺物をマッカーさんの配信で拝めたので良かった＾＾'
遺物,'はぁはぁ…なんか淡々と死んでいってしまうのやだ…無理…聖遺物掘ろ……'
遺物,'ﾜｲ「樹脂消費せねば～～～ﾍﾞﾈ突破させたいし爆炎樹狩りに行こ～～～ﾀﾙの聖遺物揃ってないし（楽団旧貴族）、天賦も7ぐらいまでしかあげてないけど、まぁいっか～～～🤪出ても80000とかかな～～～？」\nﾀﾙ「止水の矢！！！！！」… https://t.co/PHTnb2OVJT'
遺物,'聖遺物ガチャどぶった解散ｯｯｯｯｯ'
遺物,'世界ランク5を目前にやっとメインキャラ3人のレベル上限まで上げた、、、聖遺物強化したいのに足りん'
遺物,'@Ramenkaiser うちは旧体制のまま今の時代にある先の時代の遺物ですね〜（失礼）\n\n前職は社員が誰か居ればいいよだったので他の社員と被ってる時に、有給使います！オケ！的なノリだったのでちょっと使いづらいですね\n\n違法ですねぇ\n労基どこかなー！！！！'
遺物,'はー制服廃止されると「制服の第二ボタンをもらう」というマウント対決が過去の遺物になっちゃうんすね～'
遺物,'@KQRc1D9s2pM2ObG 会心率の盛れてる聖遺物があればいいんですけどね....なかなか出てこない(ノД`ll)'
遺物,'妥協の妥協くらいの聖遺物出たので一旦孤雲閣から脱出や'
遺物,'@sadist_simon あー！そうか！いや気にしないで！！！ていうか全然気にしてなかった笑じゃあ変わりに聖遺物とかボス倒すの手伝ってもらう感じでいいかな？🥺🙏🏻今からやるけどくる？'
遺物,'余ってる魔晶を聖遺物の経験値にしたい…というか\n聖遺物を育てるのに秘境に行って聖遺物掘るっていうの多少は改善して欲しい\n次のアンケで書こう'
遺物,'HPにステ振ってる羽根の聖遺物ほぢいいい😭'
遺物,'世界ランク上げたからには聖遺物集めたいけどその前に上げきれてないフィッシュルの天賦素材集めかなぁ'
遺物,'〈育成状況〉\n聖遺物はメインOPのみ厳選\n\n風→ウェンティ(済)\n火→クレー(冠会心率)\n雷→フィッシュル(済)\n水→行秋(済)\n氷→ディオナ(聖遺物)\n岩→鍾離(済)、凝光(聖遺物)、ノエル(聖遺物)\n\nディオナは通常攻撃使わな… https://t.co/aUpq0pTYFt'
遺物,'聖遺物ガチャ楽しいじゃん'
遺物,'レザーあまり聖遺物でもダメージ出すけど\n\nプレイがあんま好きやないんよね'
遺物,'@RVKT2cYho5kDpq3 そんなに！\n失礼ですけど聖遺物見せて貰ってもいいですか？'
遺物,'@kosashi_ ショウで聖遺物周回するの楽しすぎて毎日脳汁でまくりですよおおw'
遺物,'原神聖遺物厳選しよかな.....燃え盛る魔女適正なんだっけ'
遺物,'無相行き過ぎて丘が実家になりつつある()\nドロップする楽団で先にタルタルの聖遺物が完成しつつあるんだよなぁ…(遠い目)'
遺物,'サブステ6個引きとかの聖遺物で固めてるガチ勢さんが強いのはここからも明らかだわね…'
遺物,'聖遺物厳選2日で幕を閉じそうな勢い https://t.co/LJkX6Bw1Ro'
遺物,'@aji_ponew 今度一緒に甘雨の聖遺物厳選の旅征くぞ'
遺物,'今日の #原神。\n海灯祭を全て消化しました。イベントでもらった紫の経験値本で、ノエルのレベルを90までもっていきました。ノエルについては、聖遺物厳選モードですね。天然樹脂消費のため、タルタリヤとアンドリアスを始末しておしまいです。 https://t.co/QKXsjEvqHX'
遺物,'甘雨の聖遺物整えようかな〜と思ったけど\n正直武器がろくなのねぇからそこまで火力出んのよなぁ…'
遺物,'@more_chaaaaan 鍾離介護ないとどうなんすかね、、水遺物4かイク秋と組ませる前提で炎魔4か\n胡桃ビルドツイ流してたら無限に圧かけに行きますね✌️'
遺物,'旦那の聖遺物厳選のために秘境を潜るのに皇女とツンデレちゃ育てるために無相行って天賦素材集めて…ってずっと遡ってると何やりたかったんだっけ…てなる()'
遺物,'メイン育成8キャラ全員の攻撃力が1100を超えた\nフィンドニールもある程度のラインの聖遺物引けたので明日からは旧貴族回す'
遺物,'@koki02kokitd 飲み始めた初日ですが、☆5聖遺物の出が良くなった気がします'
遺物,'レザーくんに育てても良い聖遺物出たのマジでいつぶり…？？'
遺物,'@blcmnc スクロースは集めるだけでいいから\n\n花、未強化\n羽、未強化\n時計、元チャMAX\n杯、熟知(あとで育てれば良い)\n冠、熟知(あとで育てれば良い)\n\n聖遺物はこれで武器は祭礼本あればそれだけで元爆回るはずやわ。祭礼本な… https://t.co/AQSWTl8XtZ'
遺物,'氷風また回るのか、、気が狂ってしまうので雷聖遺物それなりに集めてからにします'
遺物,'聖遺物は集め直しだけど天空の脊勧められてるし割とあるかもなー'
遺物,'@Lazward_zero おぉ、そうなんですね！自分原神は初心者で、カウンターが結構使い勝手が良くて重宝してるんですよ。聖遺物それ使ってみます！'
遺物,'@renkunmaman 寿司と遺物の突破確率がリアリティなさすぎてぴえん'
遺物,'@aochin_impact 聖遺物ほんと落ちない😭！'
遺物,'@Leliyx わざわざ遺物を掘り起こして来ないで欲しい\nこの頃のが好きな人多いんだから、マジで変なことしないで欲しい'
遺物,'まだライブで参加する野良有志さんがたまに書いてくれる聖遺物とか参考にした方がまだ有益な情報。'
遺物,'あとは水バフと水聖遺物の厳選を……𓀠'
遺物,'でも聖遺物セット保存機能とかついた暁には一回やってみたい白亜のゴリラ'
遺物,'@torutiiiya わぁぁぁトルさんありがとう〜😭\nもうすぐ世界ランクも上がるし聖遺物厳選も頑張らなきゃ😇'
遺物,"""後…やっぱり武器ガチャ引かない('ω'乂)現実的じゃないし(金額的に)今の武器のままでも困った事無いし、不便に思った事もないから！限定PUじゃないし…もし槍当たったらまた魈君の聖遺物1から見直ししなきゃとかだから辞めたー！"""
遺物,'@kuronekohomes まさに超サイヤ人だ！🤭\nじゃあ明日の夜また聖遺物周回お手伝いお願いしてもいい？🥺🥺Reさんにも声かけてる☺️'
遺物,'ランク４５になって聖遺物レア5確定してるからめっちゃ助かる！\n聖遺物からを強くしていきたい(´△｀)'
遺物,'ある程度聖遺物は厳選したけど、聖遺物のエサが足りないのとモラが足りないのと、ディオナを育てなければならないという苦行が始まる。樹脂が欲しい'
遺物,'われのグンヒルド19周で終わった！！\nでも遺物取りにあと13周する…！ https://t.co/7sV2uQCqIz'
遺物,'魔女2貴族2の妥協装備ならなかなか理想に近い聖遺物揃ってるのよな\nただ妥協するとこの3週間魔女秘境に籠ってたのがほぼほぼ無意味と化すのがなんか嫌だわ(;´･ω･)'
遺物,'割と腐ってる聖遺物を救いたい https://t.co/OLm9wAx9Z4'
遺物,'これからの原神は聖遺物周回していかないとついていけない気がする…\nうへぇ…'
遺物,'原神やりたい。聖遺物周回したい。でも樹脂がない。原石もない。脆弱樹脂もない。もうダメだ。お前はいつもそうだ'
遺物,'@Ma_ju_39 自分の世界で素材集めが問題なくできるのであれば無理して聖遺物周回はしなくてもいいので自分のペースで集めていくといいと思いますよ！'
遺物,'明日から地獄の聖遺物厳選が始まる…震え'
遺物,'聖遺物厳選、他キャラのLv上げ、天賦上げ、装備の強化…一体どれからやればいいんだ！？'
遺物,'聖遺物回ると物足りなーい！ってなって脆弱使いたくなっちゃう(*≧ｍ≦)'
遺物,'【原神】IDが「dTyD2HK0」がものすごい聖遺物の原石を手に入れてしまう→� https://t.co/iBExe7R5MO #原神 #genshin'
遺物,'水遺物の会心ダメ冠欲しい。'
遺物,'おかしいな今日金地脈と天賦と武器素材で聖遺物育成してないのに'
遺物,'アイドルマスターsideS(聖遺物) https://t.co/WRMKONN9yy'
遺物,'なんやかんやあって原神再開できてるけど、タルタリヤもベネットも凝光も魈も愛情込めて絶賛聖遺物厳選中です。'
遺物,'げんしんの聖遺物ようやくわかってきたけどこれキャラクターそれぞれのステータスを自分好みに割り振れるとんでもなく頭のいいシステムなんだな…'
遺物,'最近アマーも探検家が増えてきたのか遺物もデータもなかなか見つからない上にショボいコンテナだけ放置して残していく人が増えてなんだかもう探検に疲れてきた。\n２か月目のオメガ課金はもうないかな…\n\n#eveonline'
遺物,'メモ📝\n･ショウをLv90、聖遺物厳選をする\n･ディオナの天賦上げ\n･ベネットの育成(忘れてた笑)\n＊バーバラは刻晴と同じで｢北風のリング｣が必要だから刻晴優先(Lv9まで)'
遺物,'明日は貯まった脆弱をぶっぱしてノエル凝光スクロースの聖遺物を強化する'
遺物,'@alba_salad 誤字でジャパネット、高須クリニックになれる\nたかさですww\n55以降は要求経験値がヤバイのでいつになるやら‥‥\n剣闘士、楽団が厳選できるようになるので更に聖遺物の沼化が'
遺物,'@yowaiha まさにそれだよ。\n本当にさ。\nお陰で育ててないノエルの聖遺物が完璧になったけど。'
遺物,'@Lily_SS_64 マルチでやれば聖遺物の樹脂消費半分とかなればもっと盛んになるのにね'
遺物,'火力が出んな…こりゃ本格的に聖遺物厳選しますか(狙うは『会心率＆会心ダメージ＆攻撃力』)'
遺物,'@flive31 ですよね😳\n氷風回りたいんですけど世界ランク6からでいいかなって後回しにしてて…😅やはり聖遺物の存在は大きいんですね'
遺物,'あとは聖遺物だけ https://t.co/OdZ4j0Y6Zk'
遺物,'ジンが回復量を増やすために攻撃力2000は越えさせたい\n今1900ちょい(聖遺物は完全体ではない)攻撃力増やせば普通にジンも強くなる'
遺物,'@Ma_ju_39 自分は氷聖遺物で会心ダメ盛りにしてます！武器はアモスで通常天賦はレベル10ですが大体三万いくか、いかないかですね🤔\n楽団四積み会心ダメ盛りとかもいいダメ出そうですね！'
遺物,'@Poison_Apple_FC うわあああ😭\nほんと求めてると真逆のが量産されていきますよね😭\nガチャだけでなく聖遺物までも物欲センサーが…ッ'
遺物,'60から70で水ダメージバフもあるし聖遺物ゴミだしもっと伸びそう'
遺物,'水聖遺物の会心ダメでサブに攻撃%(伸びると嬉しいな)or会心率15%以上がつくのGETできるまで厳選は次に進めない...😢'
遺物,'ふぁいばーの最高の聖遺物みせて'
遺物,'@mos_keet でっぷりお腹を凹ませて、でっかいお尻から大量うんち💩するのいいぞ…\n牛らしく繊維質はしっかり消化しちゃうし、未消化コーン感覚で遺物遺留品が湯気を放って出てきちゃうのいいぞぉ'
遺物,'何やかんやマルチで誘われた先でご一緒することが多い、ウェンティ聖遺物厳選し直しが終わったのでいつでもダイソン枠交代できますd(˙꒳\u200b˙* )'
遺物,'@zundach そうなんだよな〜、、、。魔女以外育てたいキャラによっては聖遺物の当たり外れでかいから結局魔女回っちゃう。'
遺物,'聖遺物整理してたら意外と攻撃力時計が無い、または微妙で全キャラ時計で苦しんでた'
遺物,'メモリーってこれ聖遺物やんな'
遺物,'平成の遺物にVTuberという令和感たっぷりの音楽を入れた https://t.co/vNXsfWoHCq'
遺物,'刻晴ちゃんも天賦あげて武器もオススメのに変えたら火力出てきたー！\n聖遺物がまだ全然だから、追い追い聖遺物も揃える…'
遺物,'@mukyu_69 relic(聖遺物)ですしね…コラボもワンチャン…ないか'
遺物,'聖遺物結構行ったけどクソのようなドロップで、かろうじて会心率・ダメ・攻撃・HPの羽が落ちたから一気に強化したらHP全振りで思わず夜神月のふざけるなーーっ‼️が出てしまった'
遺物,'@REaF_FN 僕の甘雨頑張って6000ですww聖遺物厳選頑張ります😭'
遺物,'現状原チャ210%(西風90装備)で聖遺物厳選はまだです\n聖遺物メイン原チャはなし'
遺物,'初めましての聖遺物さん https://t.co/3lZoOeJ5sS'
遺物,'タルの聖遺物集めてるのに、重運の火力ばかり上がってく'
遺物,'@Rob_fn828 私のショウちゃんは頑張っても一発23000くらいです🥲\nいま風聖遺物回してるんでもうすぐ最強です'
遺物,'魈さん実装の一ヶ月前からずーっと聖遺物集めて、やっと風元素ダメージが出た'
遺物,'@siroyagi_yuusya 天賦上げは聖遺物強化と違って裏切らないからいいね！'
遺物,'@Ma_ju_39 聖遺物しっかりすれば星4武器でもダメージ出ますね！'
遺物,'@GenshinCornet 突破素材と地脈かなぁ...聖遺物もそうですが...天然樹ぅ...'
遺物,'まほよをやることにより月と霧と橋の特級遺物のことが分かった。FGO世界にもグレートスリーあるなら今後出てきたりするのかな…？ https://t.co/NziIURTX65'
遺物,'樹脂無くなるまで聖遺物厳選、風龍、タルタリヤ 終わり次第エモモラン  #原神 #Genshin  #ミラティブ で #配信 中！  https://t.co/cLabXEk55U'
遺物,'私の甘雨さん10000ダメ入ったらいいほうなのになんでみんなそんな万ダメバンバン入るんだ〜!!!!😨😨😨聖遺物か!!聖遺物なのか!!!!!!!!!!'
遺物,'雷も反応テコ入れの噂あるし、地脈2倍までは雷聖遺物掘っとこう…ついでに刻晴のの分も雷怒2か所か、雷討ち4セット揃えば善哉'
遺物,'【フレと原神】聖遺物厳選するよ！\nhttps://t.co/9XFUjDs9D0 https://t.co/DgMMQ7mHjD'
遺物,'@nakto0905 私の時も高校は短パンでした。\nでも近頃は体操服のパンツって半パンくらい丈が長くなっているらしいし。\nスクール水着は遥か過去の遺物。\nみんなフィットネス水着になっている。\n\n女性の肌が守られ始めていて、良い傾向だと思います。'
遺物,'まだ濃縮樹脂の消費が残ってるのだが\n何しようかな……\n聖遺物？武器突破素材？モラ？経験値？'
遺物,'@REaF_FN 僕の甘雨、聖遺物厳選サボってるんで全く火力でないです()'
遺物,'そんなときはフィンドニールに潜ってタルタリヤの聖遺物を厳選しましょうね'
遺物,'くそみてえな聖遺物しかおちなくてうつになったところに♪紀行50Lv♪が畳み掛けてきて、布団かぶってウァーーーーーーー‼️‼️って叫んだ'
遺物,'@Flaminia_ubonge 遺物交換機能はよ\n\nそして4つ目に実数値付いて全部そこに吸い取られる未来が見える'
遺物,'魈のために風の聖遺物結構回ってるけど良いのでない(\u3000・ω・)'
遺物,'バリア用にと鍾離先生レベル上げたけど、欲張って元素爆発のダメもと思うと沼にハマるからかなり適当な聖遺物でお終い(￣▽￣;)\n\nとりあえず元素爆発ダメ見てみたら1万w\nまぁいいや(〃▽〃)\nその後のゴリラ甘雨ちゃんで満足w https://t.co/XFZZ0K0m0m'
遺物,'@HotaruUmina マルチするとまずホスト依存でワールド報酬が受け取り可能になります！例えば秘境(聖遺物や天賦素材、武器素材)、またボスのドロップ品ですね！\n\nデイリークエストやイベントは出来ますが、任務は基本ソロプレイのみ… https://t.co/iSSYLQne94'
遺物,'火聖遺物秘境から火渡りしか出ないバグ早く修正してください😡😡😡😡'
遺物,'実家で古代のウマ遺物を発見してしまった https://t.co/1K8odL8Slk'
遺物,'原神で一番大事なのは神聖遺物をツモること'
遺物,'悠久の聖遺物集めたいんだけど、めっちゃキツイ(´；ω；`)\n急遽リサを導入してなんとか勝てたけど毎回ボロボロですわ\n\n誰か助けてくれ〜\n#原神募集'
遺物,'なんとなくの気分で聖遺物のレベル上げてるし、むしろここまで無知なのにここまでやれてるの偉いよね、偉いはず、とりあえず元素チャージとかイメージで理解してるつもり、元素の掛け合わせ攻撃知らんかったけど'
遺物,'@yoite4242 おめですｗ\nウチもショウリ先生いるし狼の末路も星４聖遺物もほとんどハズレ無いので引いちゃいましたｗ\n結果はゴマ一本で撤退（沼っててもリーユエチームの槍と両手剣星4が取れるなら良かった）'
遺物,'@62mnc 打ち捨てられた遺物、、知らない子だ！！\nむーさんと私たちのあいだに距離があるのはわかるもののそのあいだの工程がわかりませんなあ🥺いざとなったらむーさんがレプリカ買って下にきてくれると信じてます🥺🥺'
遺物,'まあ、聖遺物集めやすくなったと思えば…_(:3」〈)_'
遺物,'@Identity_fu ありがとうございます!!\n大変でしたｗ\nでも次はドラゴンスパインの冬忍びの樹の方の緋紅玉髄集め頑張ります!!\n\n何気面倒くさい任務多いですよねー\nものによってはマルチ禁止になっちゃうし任務に聖遺物に武器に… https://t.co/lAiHzWkE0t'
遺物,'聖遺物厳選が一段落ついたのでちょっと天賦に本腰入れようかとね'
遺物,'世界ランク5だけどまじで聖遺物手出してないから次あがるまでにせめて☆4は揃えなきゃだよな...'
遺物,'教えて!!原神詳しいニキ!\nこの聖遺物は使えそうですか！?それとも廃棄物？\n#原神\n#原神好きさんと繋がりたい https://t.co/oZUjppZElU'
遺物,'いつも聖遺物秘境1週間篭ればそこそこのやつ出て一旦まぁいっかってなるんやけど、雷秘境だけは相性悪すぎてムカついて今日脆弱10個くらい割ってしまったちくしょうめ'
遺物,'聖遺物掘り手伝ってもらえるからめちゃんこありがたい'
遺物,'無凸聖遺物不完全でこれなので魈ははちゃめちゃに強い(確信)'
遺物,'みんなを強くしないといつまで経っても星5聖遺物集めが捗らないので…はい…'
遺物,'こ…古代フェスのことも含まれているのかな。(土器土器)\n\n考古遺物が何倍にも輝く考古イベント、いいないいな。 https://t.co/OWzmtWuSuC'
遺物,'最近のオリンピック万歳ゴリゴリ押しの一部を見ると、スポーツ系とオリンピックが改めて大嫌いになるし、\nこの世からオリンピック無くしたい\nって思う…\n概念は過去の文書にあるから、過去の遺物として沈めよう、オリンピック。\nやりたいなら税金じゃなくてやりたい人のポケットマネーです。'
遺物,'@Kyon__p スタミナ足りなすぎるｗｗｗ\n聖遺物はまじで運ｗｗｗ'
遺物,'@4bsandayo ほんとそれwビックリ箱でしたわw\n\n今となってはいい思い出ですね！\nベネット君今やサポーターとしてめちゃくちゃ抜擢されてるしめっちゃ欲しいですもん😭見た目も好きだし...\n聖遺物とかで星5にも劣らない火力になるのマジで怖いしいいシステムですよね原神は(笑)'
遺物,'@yu_mitu_ttv もしかして当てたん？\nHPアップならワンチャンありやと思う。\nそこに聖遺物にHP足せたら使えそう感はある'
遺物,'@yoite4242 片方ハズレ聖遺物とかっていうモノがないだけ救い。\n水でも氷でも当たりですからね……（敵は硬いけど）'
遺物,'聖遺物強化上手くいかないの見るといつもこう思うんだ…\n\n実  家  の  よ  う  な  安  心  感'
遺物,'聖遺物もわからないあかちゃんが世界ランク8な訳がないのだ……………'
遺物,'#アンデッドアンラック\n九能明が古代遺物ペンで安野雲を具現化して、さらに安野雲がペンでいろいろと具現化したということ？\nオータムにどんな不運があったのか？\n不要な説明は省いてもいいんだけど、必要な説明はしてくれないと読者としてはわかりづらい。\n#アンデラ\n#WJ12'
遺物,'わたしは聖遺物も分からないあかちゃんですよ'
遺物,'弊ワットのｶﾞｲｱさんに聖遺物ちょうだい…'
遺物,'やること無くて楽しく水聖遺物掘りに行ってたんですけど今日もだめでしたね'
遺物,'今日落ちた聖遺物無理くり強化してきた╰(*´︶`*)╯会心率2振りしただけで十分！！ https://t.co/HfnOpar0S9'
遺物,'伝説任務も終わってやることなくなったので、今後は週ボス、聖遺物厳選して、突破素材集めって感じで毎日やる時間減らせそう\nその分apexするか'
遺物,'ひーひー言いながら氷秘境クリアしたのに出た⭐️5聖遺物がまたしても水…物欲センサー止まって…'
遺物,'七七ちゃんの聖遺物一ヶ所更新できたので泣いてる'
遺物,'ディルック育てるの一旦やめてとりあえず完成にしてる暁光とショウの聖遺物集め直そうかな'
遺物,'先生とアルベドを抜いたらうっ…ベネがいれば死ぬことはないだろうが……。\nとりあえずまずはモラを集めまくって、繁栄が枯渇するので繁栄の日は繁栄だけ潜って……刻晴聖遺物はちょっと待って……'
遺物,'@Jarakoo なるほ…(・８・)氷の聖遺物（タル育成のオマケ）クソほどあるから変えてみる！！\n氷つぉぃよね…重雲くんマルチやっててもあんまり見かけないけどみんななんで使わないんだろうな\n\nそうだな焦って課金しなくても恒常に居るわけだし…そのままでも十分つよいし可愛いのでヨシ'
遺物,'@squall410x2 剣闘士の兜が2個出てあと別の聖遺物で何か落ちないか集め中です！'
遺物,'落ちる聖遺物なんかメインがHPばっかりなんだけど呪われてる？'
遺物,'聖遺物がゴミすぎる https://t.co/UcSVL5nQIj'
遺物,'るきたんと遊んできた🕺💃\nつよつよ聖遺物おめでと！\n\nスケスケの旦那(顔はめパネル風に撮ろうとして失敗した旦那の末路)と最近出番を仙人に取られてしょんぼりしてるタリヤを慰めてあげてるアルベド先生 https://t.co/sZIcnT5USY'
遺物,'遺物8/15……やっと折り返し'
遺物,'原神は聖遺物育成ゲーム'
遺物,'なんかメモリー厳選周回してると、原神の聖遺物厳選周回を思い出す今日この頃。\n\nこのメモリーなかなかかな？？ https://t.co/76WNxMOqs7'
遺物,'さあこのまま一気に…フォ！？ フォオ…\n\nタルデ「銅鐸？心地よい音色だな」\n\nメフィ「バルタン星の古代の遺物だそうな。この音色にだけはダークバルタンもどうする事もできないね」\n\n大使「事情を察して止めは刺さないマックス。この勝負、… https://t.co/4FckxTdfoh'
遺物,'今日は原神でぺっくるさん、将監さんと秘境&amp;探索✨\nありがとです😊🎶\n\nメイン育成のディルック、バーバラの天賦、武器、キャラLVが突破待ち（天賦は週1ボスドロップ待ち）\n聖遺物少しずつ厳選しながら、サブキャラ育成に着手しました😆… https://t.co/rHGFW2z6Tf'
遺物,'遺物周回なあーあーい'
遺物,'甘雨、元素爆発もそこそこダメージ出るから氷聖遺物のほうが総合期待値高いと思ってるけどそうでもないのかな（6凸したらさすがに楽団っぽい）'
遺物,'@yuutarou1106 雰囲気的に昭和50年代後半辺りからバブルの頃のモノに見えますので、ゆるい時代のナゴリというか遺物というか…🤔🤔'
遺物,'聖遺物扱いで草'
遺物,'@_hotaru_akira そういうときもあるよね💡\nまた次の天井まで20連だからのんびりもらえる石で引いてくよ😄できればゴマの方がいいけど贅沢は言わないでおく（笑）\n今のところはノエルに持たせてみるつもりだけど、聖遺物の見直ししなきゃだなぁ💦'
遺物,'@kiwonagenshin 氷キャラ育てる子いなくて氷聖遺物行ったことないんですよね🤔\n水精霊強いですよね…！いつもマルチでやってます😭'
遺物,'持ってた炎元素ダメの聖遺物とりあえず強化してみたけど、胡桃にはいい感じなのでは！∩^ω^∩\n\n#原神 https://t.co/jW4WZdo5Jw'
遺物,'@chiiisuke914 ふ、、、ふ、、フータオとか…（小声）\nでも使えないですね… \nでも聖遺物貧乏なんで、取り敢えずこれをノエルに付けときます…'
遺物,'レリックの意味に気付くまでは「過去の遺物」「残存種」だから\nてっきり月の民の対ワルダントとか対壊獣装備と思ってた'
遺物,'原神、デイリーと聖遺物周回終わったら特にやる事ないことに気づいた。。マイクラ1からやりたいとも思ったけど、自分のワールドフレンドさん来れんのよね😅\nはよバグなおらんかな'
遺物,'レベル80でも聖遺物掘りしてれば世界レベル七で生きていけるって本当ですか'
遺物,'今日の周回聖遺物レベルあげな最高とは言い難いけど今のところはよき'
遺物,'@VUDCFsX7DAboZLO 聖遺物やばすぎるのでぜんぜん無理です(๑o̴̶̷̥᷅﹏o̴̶̷̥᷅๑)'
遺物,'にがにがと遺物でキレる https://t.co/nGBZBsRm67'
遺物,'なんかよく分からんがｼｮｳｸﾝはおおよそ1:2で会心率会心ダメ上がったんだけど、他の子達は会心率が死んでいるのよね…これは聖遺物サブオプで上げるしか無いんだよね🤔'
遺物,'ルキニバは眼を遺物にしても眼は見えないので、遺物に移植する予定はないです。小さい頃から見えてないので脳の見る機能が成長していない…そこもどうにかできる遺物があれば移植するかもね。'
遺物,'聖遺物厳選かなぁ'
遺物,'無妄lの丘で呪われた聖遺物をそうとは知らずに拾ってしまった旅人、ﾘｰﾕｴ港に戻ってからラッキーすけべられイベントに巻き込まれまくり、ついには通行人Aに誤って押し倒されたところをしょりｾﾝに見られてしまって…？？？🤔'
遺物,'@Kurenai_ne ランク上がると聖遺物の秘境で樹脂消費することで星5の聖遺物手に入るようになりますよー\nそこからが地獄の厳選タイムですが笑'
遺物,'ごま杖だと聖遺物HPにした方が強いのかな？'
遺物,'( ﾟдﾟ)ﾊｯ!\n聖遺物拾い忘れてた'
遺物,'でいりと樹脂消費して遺物まとめんきゃ'
遺物,'遺物餌不足でみんな火力やサポート力がどっち付かずになってて悲しい…かといって星5を餌にする勇気はまだ持てず、今日ももだもだするのでした'
遺物,'あと今もってる聖遺物でメイン攻撃力とか会心ダメージのやつ大体サブがくそ。'
遺物,'邪眼たりゃ再現するために雷聖遺物わしもいかなあかん'
遺物,'#原神\n市葉さんとマルチしました。\nその後、おすすめの秘境を教えてもらいました。\n時間ができたら、秘境で聖遺物を集めたいと思います。\nありがとうございました。 https://t.co/aoRSEiFDEW'
遺物,'ほしい聖遺物がねらったように出ないけれどもこれはこれで餌になるからおっけ(と、じぶんを励ます)'
遺物,'うちのガの聖遺物、1つだけメイン防御力のやつあるんだけど、サブの会心ダメージ20%超えてるから替えたくても替えられない。'
遺物,'うーん、どうにもこうにも魈さん納得いく聖遺物来ない……'
遺物,'@Z4emNrAQ6PYa43t 聖遺物めちゃめちゃゴミでこれなんですよね、胡桃のついでにシャンリンも聖遺物厳選していきたいです。'
遺物,'星4交換は凝光様にしました😊岩聖遺物厳選も頑張らねば……\n明日からも頑張りましょ〜💪おやすみなさい(*´～｀*) https://t.co/UR0TbhARna'
遺物,'モンドが春、璃月が秋モチーフって公式のどこかから聞いたのでおそらくｲﾅｽﾞｯﾏは夏(だといいいなという願望)\n夏祭り聖遺物が稲妻モチーフらしいので夏かなと'
遺物,'@P1No_Ch4rlotte 甘えてる？ランク上げて聖遺物厳選？課金して完凸？200万は必要になる'
遺物,'@USG_05m06s 過去の遺物みたいな言い方わろた(実際そう)'
遺物,'何も考えずに聖遺物厳選してる'
遺物,'三段式甲板は………複翼機の時代の遺物です'
遺物,'聖遺物はかす https://t.co/SguEecykII'
遺物,'えぺは雑魚すぎて話にならないしもう引退あるし原神は聖遺物すら良いの出なくてもうモナと甘雨のケツ眺めてるだけの生産性の無い情弱だから生きてるのつれぇわ\n生きててごめんなさいです〜ふぇー'
遺物,'彼と聖遺物周回してゴミを肥したら、七七ちゃんLv.71で攻撃力2000いった(*´꒳`*) まだ全然厳選できてないけど、いい感じだ！'
遺物,'聖遺物厳選は神おま厳選みたいなもん\nだけ\nある程度いいやつ来ても納得はしない(:3_ヽ)_'
遺物,'甘雨の元素チャージはまあまあまあって感じだけど、\n凝光はいらなすぎる\nでも岩ダメージ遺物自体が全身全霊で落ちない'
遺物,"""@3XSDLJgvn1sbmps 遺物出るまでと思ったら結局遺物出るまで引いたらこうなりましたｗ\n\n本人の攻撃アップしてもいいし、割とどっちでもランディは優秀ですね(*'▽')"""
遺物,'@Nico_Yuzu_Sou ほんと毎日がモラ不足😇\n80→90にするだけで何百万モラが飛んでいく……\nそれに加えて聖遺物…( ﾟ∀ﾟ):∵ｸﾞﾊｯ!!'
遺物,'先生の聖遺物全く知らんのやけど'
遺物,'姉様からの聖遺物を何かに使いたい。\nふうむ。どうしよ。'
遺物,'@syakeprofessor 黄色の地脈に樹脂使うの抵抗がw\n秘境で聖遺物やっちゃってます😅\n\nこれも一応やってます！\nありがとうございます！'
遺物,'うちには魈くんもウェンティもいないから風の聖遺物はなあ………'
遺物,'ディル兄さんスキル1振りで6000とかダメージ出るの笑うが？？？\nまだメインの聖遺物じゃないのだぞ…'
遺物,'今日の聖遺物はダメだったな。\n明日に期待しよう。黄金屋は明後日だな…'
遺物,'わっ！！過去の聖遺物でてきた！！ https://t.co/qy9jrdFn36'
遺物,'これは神聖遺物きた！！！ https://t.co/rdgDUXWGxq'
遺物,'今日も風聖遺物集めに野良で秘境回ってたんだけど、英語でどこ住み〜？みたいな流れになった時、ひとりがベトナムの方で、世界と繋がっている…🌎💫と不思議な気持ちになってしまった…'
遺物,'流浪がなんか強そうだけど、他で会心率上げないと宝の持ち腐れよね……。聖遺物選べる所までいってないから暫く塩漬けになりそう。 //原神'
遺物,'DD占い遺物0個だった！！\n運がないから明日は気をつけて仕事するよ'
遺物,'タルタリアの聖遺物ようやく完成したけどパーティ編成どれが一番いいんだ・・・スクロースとかシャンリン？？'
遺物,'砂を元チャにしてもいいかなぁと思ってて残してたやつ、これが最後会心ダメにボーナス乗ったらアリ…かなぁ…10%の会心率は死ぬけど\nありったけの聖遺物を与えてもレベルMAXにならなかったのでまた明日😭 https://t.co/xVxQZIiDw5'
遺物,'メイン効果は良くてもサブが3しかないやつとかが多くてやはり聖遺物厳選は闇'
遺物,'鍾離の聖遺物掘りやっと軌道に乗ってきたのに星4武器の育成にリソース割くの嫌すぎてモチベ低下してきた'
遺物,'@HCRH000_ship7 中の人「聖遺物を厳選するのが大変だが見事に揃えたら完全なヒーラーになるから頑張れ(｀･ω･´)ゞ」'
遺物,'古代遺物発掘とかは紫じゃないと危機感覚えるスタイルなのでまだまし\u3000だとおもう\u3000こないだ初めて全部の敵シバいて暇なまま制限時間終わった\u3000ちょっとうれしい'
遺物,'聖遺物厳選サボりすぎ・・育成においつけない'
遺物,'あまりにも聖遺物周回にメンタル削がれたので今度からこれ着て周回します https://t.co/fCIi8j8ngL'
遺物,'つか原神ってある程度のレベルと聖遺物を星三でもいいから揃えたら1チーム星5一体で良くね(暴論？)'
遺物,'ベネットくんもちょこちょこ育てたいんだけどベネットくんに合う聖遺物なんなんだろ …とりあえず今は愛されるベネットになってんだけど…'
遺物,'やっぱり三崎君が聖遺物(ry (本日二回目'
遺物,'原神ランク55まであと少し。聖遺物掘りを封印して精鋭狩りする日々に近づいている。'
遺物,'@daigo_sususu_5 あー、わかるww\nアルベドのとき守護の聖遺物なんて星4だし羽と花で探してたから数出そうなのに、全然良いステータス落ちずにしばらく沼ってたww\nあ、それも水氷秘境だ…いつからやり続けてんだろ…'
遺物,'キカンキタンお手伝い終わって岩聖遺物てつだってもろた\n逆飛びなかなかでねええええええ\n＃原神\n #PS4share https://t.co/MpyIhdCwIE'
遺物,'しばらくは聖遺物厳選だな\nかなり汚い'
遺物,'「彼らは楽しませてもらいたがっているのであって、古代の遺物なんぞでひっぱたかれたがっとるわけじゃない。ほんとうの人間のことをききたがっているんだ、原始人のことじゃない」「でも、それは人間の文化じゃない」「それがどうした」【スキズマトリックス】'
遺物,'@SORA_kuuuuuchan 細かいところまで観てくれて\nありがとうございます‼️\n聖遺物と色んなバフを弄ると\nロマン砲が発射出来ますよ🌠 https://t.co/rttijn6sfc'
遺物,'七七の聖遺物調べようと思ったらひで〜の見つけてシュンとなった…🥲 https://t.co/4jZ4YBy1Tl'
遺物,'星5の聖遺物も出るようになってるから\nとりあえず全部星5揃えたい気持ちもある'
遺物,'黄金屋は聖遺物集めというよりは天賦素材集めで周回するとこだね！'
遺物,'こくせいちゃん武器80まであげて攻撃力1500まであげられたので頑張って聖遺物のレベリング再開しましょう......'
遺物,'@aprico_AFN 週末通話繋ぎながら付き合ってください1人で聖遺物まわるのほんまメンタル削がれまくってます…\nこのゲームゴミ集めるげーむやったんやな（確信）'
遺物,'@washikixx 7から楽しい聖遺物ガシャできるから頑張って！\nあと甘雨ちゃん楽団で揃えようとしてるの好感もてる🙂🔥'
遺物,'イク秋ほんとすきもっと聖遺物整えたい https://t.co/VSNNmh7ZkC'
遺物,'夏祭りの聖遺物が可愛いから、これ先生に付けたら君がいた夏は遠い夢の中じゃん？！と思って嬉々としてたら弟真君にいや先生は旧貴族ってばっさり切られたけどオラァWhiteberryで行くからな'
遺物,'地脈2倍濃縮使って集めまくれると思ってたからノエルもスクロースもちょっとレベル上げたし行秋なんてレベルも天賦も上げたし聖遺物強化しまくってモラも経験値もカツカツなんですけど🥳'
遺物,'凝光さまつよつよじゃない？\n聖遺物完成しきってないのに世界レベル8で通用するんだが……笑'
遺物,'@Goro_sandazo 会心高ければ高いほどいいですけど、\n会心ダメ詰めなければって感じですもんね……😫頭の聖遺物以外で盛るのが難しいだけに杖は欲しいですね…🥺'
遺物,'月曜から水曜で頑張ってクエスト冒険ランク突破以外受注してたのは消化したので明日からは聖遺物強化・厳選と武器強化と探索と風神の瞳集めとキャラ強化とイベの機関奇譚やる。七七たんと魈様とレザーきゅんは4段階突破したので一旦置いといて凝光さんと香菱とバーバラとできればフィッシュル上げたい'
遺物,'@VIRTUALSEX1919 性遺物'
遺物,'ボスドロップの突破素材も大英雄も神ステータスの聖遺物もモラも全部全部足りんいろんなとこ周回したい'
遺物,'けっきょく聖遺物チャレンジしてしまった'
遺物,'ふたなりの起源って百合における竿役が存在しないというジレンマに苦悩した末生み出された遺物だと思ってる'
遺物,'重雲くんの聖遺物いじったら攻撃1500いって嬉しい\nあとは攻撃%の剣闘士帽子きたら完璧なんやけど'
遺物,'確定で星5聖遺物が落ちるようになってから周回した沈淪と翠緑、素材とか売却にした分も合わせたら600は行ったはずなのに風バフ落ちてなくて、そもそも原神始めてから今までで星5風バフ杯2つしか落ちてなかったという衝撃の事実 https://t.co/P65PN47COe'
遺物,'聖遺物秘境いく！\nなんの成果も得られませんでしたぁ…\nまだ樹脂ある！いくぜ！\nなんの成果も得られませんでしたぁ…\n翌日\n以下略 https://t.co/vFAtkgQ6kj'
遺物,'聖遺物サブOPガチャで防防防会率防\n引いてマジガン萎え\nなんやこのクソゲー https://t.co/mH1OBmOT2o'
遺物,'武器レベルが30ってとこが痛い🥺ＰＩＥＮ\n遺物は適当な攻撃バフのつけて\n共鳴も一切なし\n料理もなし\nもうちょい武器とか育てたらつよつよアイドルになるんじゃ？？？？？\n#原神'
遺物,'遺物ゲット'
遺物,'最近の魔道杯聖遺物デッキが横行してて、結構な確率でガワだけ組める事件が勃発してる'
遺物,'あとは魈くんの会心率を上げつつ風聖遺物厳選……モラ全然足らんが…'
遺物,'会心率上がる武器ほんと聖遺物楽でいいなぁ…'
遺物,'@ponkotsumisoaji ﾌﾑﾑﾑ\n単に元素爆発のダメージを上げるって感じやったなぁ…とりあえず聖遺物厳選したら黒剣でスキル2万出るってことや…！'
遺物,'すごいひと: 世界ランク6になるまで聖遺物厳選しなくていいよ\n\nわたし: そもそも推奨レベル80の秘境すらクリアできませんが！？\n\n星4のそこそこいい感じの聖遺物を今日も探している'
遺物,'あぶぶさん急にお呼びしたのにも関わらず聖遺物周回を手伝っていただいて本当にありがとうございました！(*´▽｀*)\u3000最後は一緒に海灯祭。また宜しくお願いします！ https://t.co/daBGcUHlXs'
遺物,'「百万長者の初恋」を観る。「雪の女王」と同じ2006年の制作なんだ。ヒョンビンさまは1年の間に映画でもドラマでも難病の恋人を看取る役を演じてたのね。それにしても15年前のケータイの遺物感。'
遺物,'メインが会心率の翠緑の聖遺物欲しいなぁ(´・~・｀)'
遺物,'@Reki229 サブステで付いてるものが良くても全然目当てのステが成長しなかったりするので聖遺物はしんどさがありますね。\n\nそれほど拘らなくても十分楽しめる（ソロもマルチも）ゲームだと思いますので良い原神ライフを！'
遺物,'少なくとも、冬季に限り職場全体での飲み会は御法度\n忘年会・新年会は過去の遺物に\n\n懇親会は夏にビアガーデンで、がニューノーマルになるのでは\n\n冬季は少人数でしっぽりやってくれ、と'
遺物,'剣闘士だけは素材集めで無意識に集まる（仕様だよ）からマジで何もないときは剣闘士揃えてつけるけどこの無意識におちる剣闘士でさえ○属性バフを求めたら手持ちになかったりするからやっぱり聖遺物周回は苦行'
遺物,'@haduki_noah ﾍﾍ…よわよわ赤ちゃんですが…ぜひ…守れるよう頑張って聖遺物厳選します'
遺物,'そらと聖遺物ガチャしてきた💪✨\nきかんきたんもラスト手伝ってもらってさんきゅ😘\n最後霄灯も飛ばしまくってきた😎✨ https://t.co/gdfjfhdour'
遺物,'とりあえず厳選は全然だけど土日までには刻晴ちゃん5か所聖遺物20出来そうで良かった'
遺物,'狙った聖遺物落ちないのは万国共通なんやなと思いましたね'
遺物,'あぁ〜家の近くで原神めちゃくちゃやってるって人いないかなぁ\n聖遺物のアドバイスが欲しい。\n#原神'
遺物,'この2人で海灯祭を見てほしいですよね…\nあ、遺物ツアー、ありがとうございました！ #PS4share https://t.co/sa1vKe7Cxp'
遺物,'聖遺物強化とか厳選とか全然進んでない、レベル80と天賦6だけの甘雨ちゃん、つよすぎね…？'
遺物,'@gomadareMsan 武器を替えてみるとか、天賦を上げるとか...あ、あと聖遺物ですかね。\nそんぐらいしか思いつかないです'
遺物,'聖遺物ガバガバで+0も2か所あるのに会心率78%って、結緑おかしすぎるでしょ…ｗ'
遺物,'くろに遊んでもらったー！！\n聖遺物ガチャ、引きは死んでたけど人と結果話しながらワイワイできるの楽しかったー！！ https://t.co/B3un4x3QRe'
遺物,'七七の回復量やっと1万越えた\n合計4万回復か\n聖遺物もう少し厳選すれば11000いくと思うけどもう十分かな\n\n#原神\xa0\n#七七\n#元素スキル\n#仙法・寒病鬼差\n#フォロバ100%\n#相互フォロー100%\n#誰でもフォロバするよ https://t.co/IrYrWfYWF7'
遺物,'モナの聖遺物opにチャージ多いからかなりすぐ溜まるから使い勝手が良い'
遺物,'魈の武器を護摩にして聖遺物調整したら、\n通常攻撃初撃のダメが700増えた〜\\( ˙꒳\u200b˙ \\三/ ˙꒳\u200b˙)/'
遺物,'最後の希望は魈やけど天賦Lvも聖遺物も及第点の半分にも満たない'
遺物,"""1本目の遺物が揃った回でマウントももらえた('▽'＊)ﾔﾀｰ https://t.co/o8UEllnDRk"""
遺物,'今日も聖遺物更新出来ず…(´・ω・`)'
遺物,'もしかして死の遺物まだ擦ってるレヴ、弱い'
遺物,'さくっと聖遺物回収するだけの配信  #原神 #Genshin  #ミラティブ で #配信 中！  https://t.co/fRVLNGS3i7'
遺物,'今日の勢いになり、重ねて文明の端を開きしも、これまた古人の遺物、先進の賜と言うべし。'
遺物,'さっっっっっすがに聖遺物もう目眩してきたわ濃縮使いまくっても最低泥しかしてくれんし何より餌だらけや\n天賦素材集めてた方が絶対良かった（遅い後悔）'
遺物,'原神聖遺物これ周回して効果厳選していくスタイルのやつですか？？\n初心者すぎてよくわかってねぇ'
遺物,'聖遺物は...会心率と会心ダメまだ掘ってる最中なのでカスですね.........'
遺物,'@yukinosinto 基礎値が上がる羽やメインオプション会心or攻撃力%の遺物のレベル上げて装備させるか天賦レベル武器レベル上げすれば目に見えて火力上がるぞい'
遺物,'前回のHotFixes以降、死者宮で遺物が殆ど落ちなくなったんだけど…この不具合も明日のメンテで修正されるって…信じてる…！！ https://t.co/Iv0QILMNJm'
遺物,'@kibunbunmaru んーなるほどねー\n暫くずっとアタッカー強化ばかりしてたから明日から旧貴族に籠るわ…\n一応理想追い求めつつ空いた枠に適当な聖遺物突っ込んで最終日にでも挑戦してダメならスパッと諦めますわ🤦\u200d♂️'
遺物,'会心ダメ助かる…わはくえんの時と聖遺物の構成変えないといけないけど'
遺物,'@Chata_FE 頑張れー！タルタリアは70で止まった、無凸だと使い辛いし聖遺物ろくなの持ってないしでめっちゃきついので爆炎樹以外使わなくなった。\n*聖遺物に関しては全キャラ同じ、つまり弱いままレベルだけ上がってもうめっちゃキツ… https://t.co/WM7nqRVTAX'
遺物,'鐘離先生に護摩杖上げたら聖遺物がアンバランスになってしまった(￣･ω･￣)\n今度掘り掘りせねばな・・・\n今日は寝るとしよう'
遺物,'うちの自慢の聖遺物のせとこ\n#原神 https://t.co/nyTzHffoOY'
遺物,'え？私今まであれだけ好き好き言って使ってきた狼くん、聖遺物なし、武器星１だったの？\n今まで頑張ってくれてありがとう…育てるからね…'
遺物,'久々の聖遺物報告！\n2枚目の悲しさよ…… https://t.co/8HfOuU72B4'
遺物,'もうすぐレザーくんの好感度が10いきそうで、次期アタッカーは魈くんかな〜と思ってるけど聖遺物が全く揃いません😇'
遺物,'溶かす聖遺物ないなった'
遺物,'護摩の杖が会心ダメなので率の聖遺物つけてるせんせに渡したらめちゃくちゃ一発屋みたいになってわろてる'
遺物,'聖遺物厳選開始当初は地脈異常と一部の敵の火力の高さに苦戦して本気で原神やってるTwitterのフォロワーの人に助けを求めようかと思ったくらいしんどかった\n今は刻晴ちゃんのおかげで秘境周回の時短までしていただいてるので誠に感謝……！'
遺物,'そして聖遺物にも目を通しましょね\n狼だけじゃないはず(？)'
遺物,'聖遺物厳選めんどくいから、防御伸びてもとりあえずポイポイ付けてたらうちの先生とうとう防御が1000超えた… 鉄壁… 岩のように硬い'
遺物,'星5キャラザクザク出たところで聖遺物運と宝石ドロップ運がゴミカスなのでいつまでたっても強くならない'
遺物,'打ち捨てられた遺物のために死者の宮殿51-100階いってみましたー初踏破なのでうれしい(*´ω｀)3個手に入ったやったー！ぜうさんとオスキーさんありがとお(｀・ω・´)\u3000＃FF14 https://t.co/sxfZIVHGem'
遺物,'すいさんと弧雲閣の秘境周回☆彡 ここも驚くほどのサクサク攻略に感激､､逆飛び聖遺物集めて物理先生爆誕も夢じゃない…？！(⌒∇⌒) そして挑戦クエの台座､ずぅっと乗れないものだと思ってたらいけたｗｗ今日ものんびりまったりなマルチタイ… https://t.co/4wDTO7Hb9c'
遺物,'やっと、、5まではクリア(*´･ω･`)=3\n6挑むには、、ちょっとキャラ育成が必要かもなぁ…🤔キャラ育成よりも、、聖遺物か… https://t.co/MC982n0Goa'
遺物,'@himmel_sky39 詳しく教えて下さってありがとうございます。メインで使用してるキャラ用に聖遺物集めてはいるんですが、なかなかドンピシャなのが来ないのですよね…。あまりこだわりすぎても闇になりそうなので程々にしつつゲーム楽しんでいこうと思います。'
遺物,'ディオナの羽の聖遺物いい感じの出来た！！！\n#原神 #dng_game https://t.co/vPP5X1zsai'
遺物,'ジャンヌって信者に遺体を聖遺物とされない為に念入りに３回も火炙りに掛けられたって結構な話あるんやな'
遺物,'聖遺物5つつけてて4つに防御力あるのホンマGM'
遺物,'ｴｰｰｰｰｰｰｰｰﾝmskさんの置土産の外付けプレイヤーから修復かけたら読み込んだよーーーーー!!!!!!!mskさんの遺物ありがとう!!!!!!!'
遺物,'聖遺物厳選終わらん。\n妥協を繰り返している。'
遺物,'だいぶ前の事だから忘れちゃったな…聖遺物が先だったかレベルと天賦が先だったか…聖遺物は確か後回しにしてた気がする。レベル＞武器＞天賦みたいな感じだったかな'
遺物,'何もわからず聖遺物強化してて、やっと理解できた頃にはゴミのようなLv.20装備ばっかで涙でそう。\n狼末路のお陰で北斗が戦えるようになったからここらで聖遺物のサブOPをちゃんと見てみるか…'
遺物,'@hisuidaruma 実はさらに前、コペンで遊び始めた頃からの遺物（笑笑）なのです。\n因みに、娘２級取る前は黄色いひよこ帽子でした🤣🤣🤣'
遺物,'いかん、明確な樹脂消費目的がないと、なんとなく土秘境行くかぁ？的になってしまう。(刻晴最適性+凝光ゴリ化目的)\n火のアタッカー居たら、雷聖遺物秘と火魔女秘境行けるのにな\n\nクレー育成するしかないか…\nただクレーの唯一の欠点が、天錻素材がトッポなので刻晴と被るorz'
遺物,'@kumakiti_suwako なるほど！\nとりあえず天空大剣をディルから引っこ抜いて使おうかなって思ってる！\n\n単騎性能上げて螺旋で使えたらなって思ってるんだ…だからシールド役というよりは火力モリモリがやりたい！\n聖遺物頑張ってさがす！！'
遺物,'今日も今日とて遺物周回～～'
遺物,'そういえばトワリンと黄金屋行ったら星5聖遺物初めて落ちた(｀；ω；´)ﾌﾞﾜｯ https://t.co/saVoMvK9hg'
遺物,'クレーの聖遺物の副産物でHP全振りの魔女の羽がでけた…\n使い道があるかは不明w https://t.co/fq5jvXIjBK'
遺物,'@Reki229 武器のサブステで主に会心率or会心ダメージを盛って（キャラとスタイル次第です）、ない方を冠で付ける感じです。\n聖遺物のサブステは厳選にかなり時間がかかる（メインステだけでも結構大変です）のでほどほどに…'
遺物,'@kibunbunmaru ベネットが育成出来てないんよなあ…ディオナも聖遺物適当だし…とにかく今回ガチでキツいわ\nこいつら旧貴族4セットが理想よね？ひたすら旧貴族周回したほうが良さげかなあー…胡桃も旧貴族2炎2にする予定だし…'
遺物,'聖遺物厳選楽しすぎて手が止まらないんですが…？？？'
遺物,'@HandNextone ノエルちゃん適正抜群な聖遺物！'
遺物,'「妖怪ウォッチは２までしかやらないのが世間の常識。３以降はゴミの予感しかしないからやる気にならない。２までが俺らの青春。３はやってないけどね。所詮妖怪ウォッチは過去の遺物。妖怪ウォッチは懐かしいものｗｗｗ」 https://t.co/slTFG2Vpvs'
遺物,'45にするために脆弱溶かしすぎてもうなくなりそうww毎日20×8で8回聖遺物の生活になるのが見えてる'
遺物,'護摩完凸なら時計はHPのほうが火力は上、無凸なら攻撃力でも変わらない。あとは聖遺物のOP次第\n\nそしてそれ以上は計算ツール使いの方が絶対に出すと思うので俺はここまで。育成方針が決まっただけでいい'
遺物,'みんなベネットの聖遺物何にしてるんやろ🤔'
遺物,'護摩の杖手に入れるとしたら、使わせるのは鍾離さんだから\nやっぱり聖遺物の調整しなきゃな……\n会心率60%くらい行くんだっけか\n会心率多少下げて会心ダメージと元素チャージ上げるか？'
遺物,'土曜日か日曜日に水聖遺物を厳選しなきゃ････････。\nあの頂上かなり苦手。'
遺物,'RWのいまいま＆まがまが記憶集めおーわり！\nここからはまたぐんぐん周回で遺物集めだよ・・・！\nDD方面は一緒に行ける人がいればかなぁ'
遺物,'聖遺物の話か びっくりしたなあ'
遺物,'聖遺物ガチャ上手くいかなすぎてキレそうなのでマルチできたらゆるぼです'
遺物,'クレー甘雨は80突破させて団長80まで育てるかな。\n武器、天賦、聖遺物の順でやるか。'
遺物,'「メルヘンフォーレスト」神竜撃破🎉\nあとは、神竜レアドロップを回収して、もう一度エンディング観て終わりかな。旅の終わりももうちょっと！(トロコンは遺物制覇を逃して進んじゃったので、もう諦め😭)\n#メルヘンフォーレスト\n#めるふぉれ'
遺物,'やっと金聖遺物確定か'
遺物,'サブステに会心率と会心ダメがついた聖遺物が出てもその２つが伸びるかどうかは分からないんだよなぁ・・どっちも伸びなきゃ厳選やり直しツライ_(┐「ε:)_'
遺物,'@puroseka000 初期サブステ3つの聖遺物、Lv4で防御以外追加されたことない( ˙꒳˙  )\n会心率が欲しかった……'
遺物,'お好みの聖遺物は出なかったけど負けないよ！！頑張るもんねー！！！'
遺物,'聖遺物はマルチじゃないと周回できないしそもそも強い人にめっちゃ時間かけちゃうから今は除外していくなら経験値かな〜行って損はしないし'
遺物,'追加効果が全部同じになるまで聖遺物厳選する人とかおりそうやな'
遺物,'@nikidayou いやもうサブイボくんゲーム上手人だから絶対早い…みんなと地獄の聖遺物周回しようね……'
遺物,'求）聖遺物キャリー\n出）特産物'
遺物,'かんうちゃんなんでこんな聖遺物ぐちゃぐちゃに！？どうして！？誰かにいじられたの？俺の知らない間に…かんうちゃんの体がいじられた…？'
遺物,'senyaがブルーザーできるスキルならモルｔ遺物絶対欲しくなるんだよなぁ'
遺物,'@zumi_zumi406 わかるまん\n火渡りばっかりいい聖遺物が溜まっていく…'
遺物,'@kyopukeHzDaigo 武器は闇ですよ…\n聖遺物厳選も闇だった…'
遺物,'なんか聖遺物厳選もレベルも上げてない行秋くんがめちゃ火力出してくるんだけど君何⁇怖いんだけど\nどのステータス上がってるの⁇武器レベルだって君40よ⁇'
遺物,'マンネリ化(育成飽きた^^;)してきたので、辛炎育てる事に\n久し振りの純粋な近接戦闘タイプ\n\n最近、ある意味姑息な戦い方(甘雨、モナ、アルベド、香菱)してたので、良い気分転換になる😄\n\n色んなキャラ育成するとバリエーション出て面白… https://t.co/xpJm8tnfvK'
遺物,'聖遺物バフ入る前の冒険ランク35での世界ランク上げがいちばんしんどい説なくない？'
遺物,'そろそろクレーの聖遺物を楽団から火魔女にしたいわね'
遺物,'ついに世界ランク8になりました！\n聖遺物厳選とかもっとちゃんとやろ https://t.co/z5YwXPFjrO'
遺物,'@SakitarouAkane 辛炎は星4トップクラスだから、彼女に強い聖遺物付けたら一撃めっちゃ強いゴリラになるはず！'
遺物,'そう言えば今日任務やってたら濃縮樹脂貰ったけど、イベントで大量に使う時とか来そうだから取っておくか、聖遺物のレベル足りてないからボス殺りまくって聖遺物のれべらするか...どうしよ'
遺物,"'DD楽しいねえ、しかも高階層なら確定で遺物でるしお得だね\nとりあえず、160階踏破！\n\nCopyright (C) SQUARE ENIX CO., LTD. All Rights Reserved https://t.co/yXlbdD8DGf'"
遺物,"'原神なんだかんだで、はまってるけどこれだけは追加・改善してほしい点\n・週1素材、原型の等価でなくてもいいので交換システム\n・武器ガチャ☆5PUを単品にするor等価でなくてもいいのでｒｙ\n・マルチ活性化のためにも、秘境樹脂なしでも微量の報酬(少量のモラや☆1,2聖遺物など)の追加'"
遺物,'聖遺物:亡命5つ\n(序盤のみ)\n#原神 #キャラの聖遺物'
遺物,'でも一歩離れてみれば、その意見って結構理不尽だったり世間知らずのように聞こえた。旧世代の遺物のようにも。\nこの人には半世紀以上の人生があってその分の厚みがあるけど、逆に言えばそれしか無いんだと知った。\n「無知の無知」というべきか。'
遺物,'原神くん聖遺物あるある〜★５のを出したくて周回してたらセット効果(シリーズ物)と全然関係ないやつに属性ダメUPが付いたのがボロボロ出て泣ける。\n治療バフ付きの帽子が出てヤッター！って装備を変えたら杯が属性バフ付きの別セットだったの… https://t.co/0qXcGtR4v0'
遺物,'原神魈くんゲットしたら終わり感あるかなってちょっと思ってたけど、逆に他キャラ育てることでき始めて今が1番たのしい。ただその分地脈も聖遺物も素材もやること多すぎて追いつかない。'
遺物,'@aru_FBPPS 明日から聖遺物走れなくなるのもきつい…\nとくに月曜日とかどうするの！\nあのボス達体力すごく奪うのだけれど！'
遺物,'南極に存在した世界最古のピラミッドの存在…歴史的遺物に秘められた謎の力の正体と世界中で見られる地球外文明との関係とは?\n【都市伝説】 \nhttps://t.co/RxUaN5GS9U @YouTubeより'
遺物,'中々のサブにも関わらずHP強化引き続けた聖遺物はこちらです https://t.co/PN8gmCA0tE'
遺物,'ほたぴそらぴ聖遺物なにつけるのが正解か分からなくて全没収してる…'
遺物,'原神の聖遺物集めは妥協しないと終わらないからな…'
遺物,'@ananas_game 聖遺物厳選は終わりなき旅ですよね😭\nもしよろしければ、お時間合う時に周回ご一緒させて下さい〜☺️'
遺物,'聖遺物ちゃんと読むとおんなじのでも効果違うからマジで沼だな…でもちゃんと手持ちの範囲で調整したら魈くんがちょっとだけ打たれ強くなったな…'
遺物,'ノエルの聖遺物と武器整えた。やはりこの子は優秀。'
遺物,'聖遺物は今の所は翆緑２剣闘士２'
遺物,'レベリングがてら打ち捨てられた遺物手に入るといいなぁ\nまあ80じゃないと出ないとかの可能性有りそうだが'
遺物,'何度かDDに潜っても出なかったブラックペガサス\n先週他のマウント売って買ったのに遺物目当てで\nDD行ったらホイッスル出た😅 https://t.co/S1zjzjUyuW'
遺物,'ま｢はァァっ！！！遺物いいの出た！！！｣\n\n強化後\n\nま｢立派なゴミとなった。使わんわこれ。｣'
遺物,'これは優秀な聖遺物 https://t.co/SFNJOC6Qet'
遺物,'聖遺物掘ろうと思ったけどついさっき炎ボス行こって思ったの忘れてた'
遺物,'必要な聖遺物引かないと育てる事も出来なくて困る https://t.co/XRAGbeu1c8'
遺物,'@hallo_connect @yowamiso2 本日の聖遺物周回はもうおわりましたか？'
遺物,'やはりスリッパが聖遺物'
遺物,'よさげな遺物が出た後にどれを優先して育てるべきなのか忘れるからメモっとかなきゃ…'
遺物,'やだな仕事。誰か俺の代わりに樹脂使って魔女聖遺物周回してくれ'
遺物,'記憶3種 よしっ！\n猛 よしっ！\n苦 よしっ！\n遺物 だめっ！'
遺物,'ガチャにも聖遺物にも愛されない旅人はこの私のことです'
遺物,'@pirorirori_5656 いえいえ(・∀・)\n龍殺しと風聖遺物4セットで熟知モリモリにしたスクロースは\u3000本当に神！！（╹◡╹）'
遺物,'とりあえずウェンティの聖遺物も妥協して終わらせた…明日からは旧貴族の聖遺物集めだ'
遺物,'@yunine1204sin やっと聖遺物厳選のスタートラインに立ちました笑'
遺物,'遺物厳選が未だによく分かってなくて'
遺物,'うちの魈くんのステータス\n素の状態で攻撃2300、会心率70％、会心ダメ190％、元素チャージ185％！！！\nここからベネットバフとか元素爆発でステータス伸びるし、冒険ランク50になったら突破もできるしまだまだ伸びるぞ……\n杯も微… https://t.co/qFApSHJ0LV'
遺物,'バーバラちゃんと魈さん用の聖遺物を確保しに行きました！！ https://t.co/1w6bOLkbQn'
遺物,'@Venti_is_GOD 今来てくれないと一生ガチャ禁は辛い……\nセシリアは大丈夫だけど本と聖遺物がまだ、'
遺物,'聖遺物はサブ垢に貼っておきます。興味のある方は→@kuromusyadsab'
遺物,'血染め秘境もう飽きたんでしばらく七七の聖遺物厳選はお預け\n\nせっかく完凸してるのでスクロースの火力をゴリゴリ伸ばしていきたいと思います'
遺物,"'打ち捨てられた遺物14,16個目にレア出るのなかなかつよい'"
遺物,'しかしハーマンは聖王遺物(しかも複数個)のフラグにも関わってくるのが厄介なんだよなあ\n主人公がカタリナだったりするとEDにも関わってくる部分だし'
遺物,'とりあえずタルタリヤのへそくりがありがたかった 手待ちの聖遺物強化に全部消えたぞ ありがとうタルタリヤはやくガチャに復刻してください'
遺物,'聖遺物ひろったらねないと\u3000ワンチャンまた夜中呼ばれるし'
遺物,'@yorcig07_epic7 愛に対して資金力が無いために陣形、遺物ともに完凸ならずでしたが、現在最優先で育成中ですヾ(:3ﾉｼヾ)ﾉｼ”\n\n未だ理想には遠く、全力周回中です🙄 https://t.co/MjcVwZs04x'
遺物,'@zumi_zumi406 なるほど\n魔女聖遺物堀りの日々やな…'
遺物,'先生の聖遺物がやっっっっっといい感じに集まったから次はタルタルと重雲くんや'
遺物,'久しぶりに良い聖遺物が二つも出来て嬉しいです😊\n#原神 https://t.co/Jm6xUCucLe'
遺物,'氷聖遺物秘境、手持ちだとつらくてやばい\u3000育成追いついてないからなんだと思うけど火力が足りない'
遺物,'ベネットくんキャラレベも武器も90まであげてるけどいまいち聖遺物どれがいいのかわかってないんよなあ'
遺物,'hiyoさんお誘いして機関棋譚全部終わらせた〜！ほんと機関棋譚ほぼ手伝ってもらってしまった…😂最後に聖遺物いった！今回もありがとうございました❣️ https://t.co/dvoC7GCYqf'
遺物,'@TeikaURA 前のレイブンの遺物やん'
遺物,'ネックレスとアヒブ遺物が上がったら突破は暫くお休みします_(:3」z)_ https://t.co/8s1FAnsGLo'
遺物,'@sakusya_100 ｸｸｸ…ランク45に到達したら聖遺物集めに付き合わされるとも知らずに…'
遺物,'空くんも強くしたいからやっぱ風聖遺物も掘り続けなければならない'
遺物,'@aim_blast 宝盗団より200モラ、600モラ入手できてたまに聖遺物をドロップする敵の殲滅がシステム的に理にかなってる。'
遺物,'@ntykQ24IW31Riw3 おおーおめです\nランク54にてお待ちしてます\n聖遺物厳選は闇なのでマッタリとどうぞ'
遺物,'強くなりたいのに聖遺物運がない'
遺物,'なんか聖遺物厳選どこいけばいいかわからなくなってきたから火魔女行くわ'
遺物,'@kiriya_cocoa やる遺物ない…😇\n周回なら付き合うから誘ってね'
遺物,'@PE07070 そうですね！45から開放される聖遺物秘境が星5確定、たまに2つドロップですね！'
遺物,'先の見えない聖遺物厳選より天賦とか武器強化に走ってしまうな'
遺物,'原神垢(冒険ランク50)\n\n❤️クレー 90 \n聖遺物厳選中ですが主体で使ってます!!\n\n全然雑魚ですがのんびりやってます！\nフレンド全然居ないので\nよろしくお願いします🙇\u200d♀️!!!\n#原神勢と繋がりたい… https://t.co/9UWwFoZkQe'
遺物,'聖遺物集め始めていいのって45からだっけか'
遺物,'@hawksnow3rd1 良さげな聖遺物をフル強化してダメなら思い切ってそれを餌として次の候補にってやると色々節約になるしワンチャンも期待出来ますよ笑。あと最初から揃ってなくても会心か会心ダメ付いてる3OPに同じ事してあげればワンチャン両方揃って数値も期待出来ます！'
遺物,'@Drypet_tagatame タガタメと違って原神は聖遺物＞武器＞キャラなのでもしフータオいなくてもシャンリンでも火力出せるようになるしよっぽど課金したり好き好き大好き😘😘😘じゃなければ武器で良いかなと感じてきましたww(アモス3凸の旅人より)'
遺物,'刻晴の雷ビルド用聖遺物はとりあえずは終わった'
遺物,'原神のモチベ結構高いんだけど、樹脂使い終わるとやることないんだよな…\n聖遺物強化楽しいのに…\n\n宝盗団でも壊滅させるか…ಠ_ಠ'
遺物,'今軽くディの聖遺物見繕ってるんだけどもしかしなくても聖遺物集め相当闇深では……'
遺物,'そろそろ聖遺物集めもせんといかんか…'
遺物,'原神の聖遺物、特に属性聖遺物がぜんっぜん出ない(ﾟ∀。)'
遺物,'マルチありがとうございました！楽しかった(*^^*)\nイノシシ王あんとき死にまくったのに聖遺物で前とは違ってゴリラになったのが改めて再確認できた…(*^^*)'
