文化財,'@kiitoxxx えらすぎて無形文化財レベル！！🎌'
文化財,'その他、鹿児島の街歩きの収穫\n・鹿児島市役所(国登録有形文化財)\n・天文館のアーケード街\n・山形屋百貨店\n\n山形屋は重厚な外観で意匠も素晴らしいが、横断歩道の屋根(4枚目写真)はせっかくの景観を損ねている気がする https://t.co/Cjme6dL8VF'
文化財,'実際3.11の後、津波を被った古文書類も「文化財レスキュー」という活動によってその多くが修復されています。\n\n被災した古文書があったら絶対に捨てずに、ぜひ大学の研究者又は博物館の学芸員に相談を👍！'
文化財,'東大の「赤門」、低耐震性で閉鎖\u3000本郷キャンパス、国の重要文化財 ｜ 共同通信 https://t.co/5Dyapjzhzx'
文化財,'無形文化財…。それだ…。'
文化財,'そんなこんなで、過疎高齢化の進む豪雪地帯から救出した資料の公開。文化財の被害は「災害」だけにあらず。\nhttps://t.co/mPlQGerfSW https://t.co/MSFltoYa8G'
文化財,'長義の重要文化財指定日と聞いて。おめでとう！'
文化財,'列島展を見て、どの埋蔵文化財を持って帰りたいくらい気になったか…ってのも話したい。聞きたい。'
文化財,'【旧増田家住宅】\n・鹿児島県薩摩川内市入来町\n・平成26年12月10日に国の重要文化財指定\n・元々は延命院というお寺\n・「おもて(主屋)」と「なかえ(居間)」、それをつなぐ「といのま」などある別棟型住宅\n https://t.co/htUUXZ2EOt'
文化財,'呉を世界の観光都市にしよう～～昭和レトロとモダニズムは世界の無形文化財に匹敵する散歩道観光地になる！世界に情報発信しようぜ！！｜ 宇多嶋翔の写真日和   https://t.co/5dQzg3CdTU'
文化財,'史跡とバリアフリー確かに難しいけど万民に開かれて初めて文化財だしな…'
文化財,'東大赤門、低耐震性で閉鎖\u3000国の重要文化財 https://t.co/T6e4ut5k5t @Sankei_newsより'
文化財,'美しい夷陵老祖は皆の共有文化財😌'
文化財,'東大の「赤門」、低耐震性で閉鎖\u3000本郷キャンパス、国の重要文化財 | 2021/2/18 - 共同通信 https://t.co/ydILXVl6pn'
文化財,'災害時における文化財被害への関心が高まっているのはとても良いことだが、被害状況の照会が各地・各団体から被災地に向けて矢継ぎ早にとんでくる。地震に加えて豪雪も。この差配をどうするかが、次のステージですね。'
文化財,'4月19日まで……\n鰐淵寺の文化財 | インターネットミュージアム https://t.co/96yyxnEXSI'
文化財,'鰐淵寺の文化財 | インターネットミュージアム\n島根県立古代出雲歴史博物館\n2021年2月17日（水）〜4月19日（月）\nhttps://t.co/XrTi3dKIv7'
文化財,'冬の小樽❤️\u3000＃３\n\n日本銀行旧小樽支店\n\n1912年(大正元年)竣工\n\n当時、日本銀行の本店、大阪支店に次いで3番目に高額な建設費だったそうです\n\n小樽の繁栄ぶりが\nよくわかります\n\n金融資料館の館内は\nレトロな造りそのまま… https://t.co/4oZeIA2WzY'
文化財,'18日にまにあった、、、！\n文化財指定記念日！\nおめでとうちょうぎくん！！\n世情が落ち着いたらとくびに行くんだ、、、'
文化財,'呉は世界の観光都市になる！  昭和レトロとモダニズムは世界の無形文化財に匹敵する散歩道観光地になれる！世界に情報発信しようぜ！！｜宇多嶋翔の写真日和  https://t.co/sjxl9yWhsY'
文化財,'台上寺（伊賀市服部町）服部六郎時定の屋敷跡とされる場所に建つ天台真盛宗の寺院。所蔵する“絹本著色地蔵菩薩画像”は室町時代の作品で市指定有形文化財。秘仏“愛染明王”は33年に一度開帳される。(前回は平成12年) https://t.co/hucLhxxskP'
文化財,'府指定文化財、新たに３件\u3000福知山・金光寺「絹本著色愛染明王像」など\u3000精華・新殿神社を保全地区に\u3000／京都 | 毎日新聞 https://t.co/ENMHqODIGy'
文化財,'木造仏像立像焼仏：国東市 横手地区（神宮寺）の文化財\nhttps://t.co/TnerP0hSdU https://t.co/nOeJoZwCj2'
文化財,'下呂温泉\u3000湯之島館 [岐阜県-下呂・南飛騨]22000円～=&gt; https://t.co/yhzo0Kym2b  2021年2月18日の最安値!! 【基本プラン】下呂富士の森に佇む登録有形文化財の木造3階建ての宿に泊る。昭和初期の温泉旅館情緒。'
文化財,'ちゃんすよ ちゃうんすよ\n文化財まみれる近畿半島を福井と石川の上において京都湾を作ってウラジオと地下高速鉄道敷いて 大阪京都三重名古屋平野の経済ブロックを作るんですわあ うほー(文字通り戯言) https://t.co/O8MEoU1YtO'
文化財,'「宗派の関係者からは…」のくだり、これは法人として適正な財産処分を行うために…ということなのかな。（火災で焼失、として所轄庁に届けてたのに「やっぱりありました」だと色々不都合が出る、多分。文化財だと尚のこと）それはそれで隠滅なので… https://t.co/3RyVcGG8hY'
文化財,'サイアムガーデンのパッタイランチ。\nこの旧加藤商事ビルの建物って国の登録有形文化財なんだよね。\nなんでタイ料理やねん😄 https://t.co/kJaDGH3NRY'
文化財,'「…用語・記号の統一、文章と挿入図との整合、誤植の校正を行った。また、原本の内容が不明な個所についてはできる限り原典を探して訳者注の欄で解説し、現代語訳に反映させている。\n\n文化財や史跡として、今も数多く残る石造りアーチの維持補修に携わる関係者必携の書。」'
文化財,'山姥切長義、重要文化財記念日おめでとうございます！🌸実装前に刀を見た時の衝撃は忘れられません。出会えて幸せ。大好き！！\n#2月18日は山姥切長義重文記念日\n#2月18日は山姥切長義旧国宝指定日 https://t.co/St1mNyp3CD'
文化財,'東福寺本坊庭園（京都）重森三玲 作庭、特別名勝、国宝、重要文化財  https://t.co/RcD2MoO4HQ'
文化財,'“滋賀県指定文化財に8件\u3000希少な画題の「王会図」など：朝日新聞デジタル” https://t.co/nCJq5sQHgJ #local #art #artifacts'
文化財,'@RGB_noritama マ！？\n国指定重要文化財にしろ。'
文化財,'でっけぇイチモツの受けは重要文化財〜♪'
文化財,'呉は世界の観光都市になれる！昭和レトロとモダニズムは 世界の無形文化財に匹敵する散歩道観光地になる！世界に情報発信しようぜ！！｜宇多嶋翔の写真日和  https://t.co/xRpRSfLzaT'
文化財,'“東大の「赤門」、低耐震性で閉鎖\u3000本郷キャンパス、国の重要文化財 ｜ 共同通信” https://t.co/8Qd4CdkRzm'
文化財,'清水寺【京都府】\n日本でも有数の観音霊場であり、鹿苑寺、嵐山などと並ぶ京都市内でも有数の観光地。 季節を問わず多くの参詣者が訪れる。古都京都の文化財としてユネスコ世界遺産に登録されている。 https://t.co/LwUzzF2kwI'
文化財,'文化財８７件に被害\u3000壁崩落や亀裂、東照宮も―福島沖地震：時事ドットコム\nhttps://t.co/fva0CS6Saf'
文化財,'@jomon_bun ありがとうございます。\n自然史博物館も好きです。骨や化石や貝殻や石などもちょっと持ってます。\n車ではないので、埋蔵文化財センターは行きにくそうですが、両方とも、また静岡に行くときに行ってみます。'
文化財,'金多豆蔵は中泊町無形民謡文化財です #金多豆蔵応援隊'
文化財,'あとｺﾝﾊﾟ…のぐったふの胸筋はね、文化財ですよ'
文化財,'【日本の世界遺産】京都府 古都京都の文化財\nhttps://t.co/nIdH1WBe3V'
文化財,'#静岡県\n#天竜浜名湖鉄道\n#天竜二俣駅\n#転車台\n#鉄道歴史館\n#所さん大変ですよ \n番組で取り上げられてて、一昨年4月桜の時季\nここへ行ったこと思い出しました🚞\n駅舎やプラットホームは有形文化財。\n転車台や鉄道歴史館等、鉄道好… https://t.co/SWC7sPjQFo'
文化財,'コンビニ手描きMADは100年後もジャンル毎に投稿されてほしいし無形文化財に登録されてほしい'
文化財,'「一部の焼成室で、アーチ状に組み上げられた入り口のれんがの目地部分のずれなどが確認された。大きな被害には至らなかったが、火を入れると崩れる可能性もあり修復が必要という。」/益子町文化財 登り窯も損傷\u3000アーチ状れんがにずれ｜下野新聞… https://t.co/PmWdkYfBcd'
文化財,"'これこれ。\n""一部から「処分すべき」などの声があった""\nこの記事を読んで「文化財に対してなんちゅうことを言うんだ」と思ったもんですが、文化財保護行政に携わる者ではなくて単なる宗派関係者の声だったのならまあよしとするか（よくない）\nhttps://t.co/CN1neND6Gm'"
文化財,'@sparklingmaki 整備の前提となる市内の富士塚の文化財指定について今、検討が行われているところです。'
文化財,'わたし群馬の岩#堂に行きたくて……ス-パ-1の赤心少林寺のロケ地なんですが、40年前のロケ地なのにちゃんと綺麗に残ってるのすごい (文化財に登録されてるらしい)'
文化財,'今日ちょぎくんの重要文化財記念日！！！'
文化財,'推しが相方にラップをアンサーソングとして歌っているという事実が既に尊い。これは重要指定文化財'
文化財,'クッソ笑った。俺入れないのかな？\n\n東大の「赤門」、低耐震性で閉鎖\u3000本郷キャンパス、国の重要文化財 ｜ 共同通信 https://t.co/eqeZ9YYWh7'
文化財,'日本最古の登録有形文化財の観覧車に乗れるというエモスポット'
文化財,'@mikusaou うおー！？？？？？？？！！！！\nあさぎさんありがとうございます！？\nオドロキが隠せねぇ…\n額縁に入れて末代までの家宝に……いや、重要文化財に認定します😭🙏✨'
文化財,'東大の赤門は国の重要文化財。'
文化財,'@didallly アンモナイトしっぽ……🥺🖤🖤\n我が家の重要文化財です…'
文化財,'「日本のたてもの展」お城や文化財の精巧な模型が見られると聞いて俄然興味が湧いたものの、既に国立科学博物館の展示は会期終了、国立博物館の方は事前予約制で私が行ける日はもう定員いっぱいだった。残念。'
文化財,'呉を世界の観光都市にしよう ～～ 昭和レトロとモダニズムは世界の無形文化財に匹敵する散歩道観光地になる！世界に情報発信しようぜ！！｜宇多嶋翔の写真日和  https://t.co/5dQzg3CdTU'
文化財,'なるほどー。\n耐震化するときはいろいろ工夫が必要そう…。 / 東大の「赤門」、低耐震性で閉鎖\u3000本郷キャンパス、国の重要文化財 (共同通信) #NewsPicks https://t.co/BcE9nSsLDm'
文化財,'小張松下流三本綱からくり綱火\n別名からくり人形仕掛花火\n更に分かり易く簡単に言えばロケット花火\n国指定重要無形民俗文化財\n太閤秀吉が信長に仕える前に仕官した松下嘉兵衛の子\n松下重綱が陣中祝いのために作った\n松下家は火薬など特殊技能… https://t.co/QsFb6xfXqg'
文化財,'東大の「赤門」、低耐震性で閉鎖\u3000本郷キャンパス、国の重要文化財  (共同通信) https://t.co/7JabHwrdF3'
文化財,'進撃のような神作二度と生まれない気がする\n後世に語り継がれるべき文化財'
文化財,'とうらぶを通じて現実に刀剣研究が進んで一般認識としての物語(伝承)深化、キャラクターにフィードバックされるっていう流れ、武器としての自分たちの寿命が尽きる歴史を守りつつ物語をもつ文化財としての新たな価値を切り拓く刀剣男士達の戦いそのものみたいでたまらない。'
文化財,'文化財防火デーがひと月ちかくも過ぎていました。\nおめでとうございました。'
文化財,'#沖縄 #建築 #街歩き\n名護市に残る1929年竣工の津嘉山酒造。戦前から残る貴重な建築な上に半分工場、もう半分が住居という特異的な構造。さらには現役の泡盛工場であり、戦後は米軍にも使われ歴史的価値が高いことから2009年に重要文… https://t.co/XBvwSvZsmw'
文化財,'僕の母校のシンボル封鎖かー！\nあの毎日くぐった東大の赤門、封鎖かー！\nさみしいわー母校なだけに寂しいわー！\n\n東大の「赤門」、低耐震性で閉鎖\u3000本郷キャンパス、国の重要文化財  (共同通信) https://t.co/GBBco9m8xs'
文化財,'呉は世界の観光都市になる！昭和レトロとモダニズムは世界の無形文化財に匹敵する散歩道観光地になれる！世界に情報発信しようぜ！！｜宇多嶋翔の写真日和   https://t.co/sjxl9yEG4o'
文化財,'明日から卒業旅行を兼ねてスノボーに行くんすよ！って話してくれていた学生が帰省し、来院してくれた。長野県に行ってたと。旅館へ手続き前の観光中、電話が…｢旅館が火事で…宿泊が…申し訳ございません…｣と連絡があったらしい。\n\n有形文化財｢よろづや｣に宿泊予定やったらしい…どんな確率よ←'
文化財,'@mokujiki2 関係者からは「灰にしなさい」といわれた。というのはどういう事なんだろう？\n黒焦げになっても破損しても貴重な文化財だと思うけど関係者は文化財として考えていないんでしょうかね？'
文化財,'開運！なんでも鑑定団■床の間に７０年…実は＜文化財級＞の絵！？衝撃値■[字]…の番組内容解析まとめ https://t.co/eALAfsEege'
文化財,"'特色入試に合格された #春から京大, #春から京医 の皆さん、おめでとうございます！🌸\n当 #茶道 部は学部を問わず、京大生50名程で楽しく茶道をしています🍵\n京大所有の重要文化財「清風荘」でお点前をするチャンスもあったり…！\n歴… https://t.co/kyBIksF2hB'"
文化財,'え？顔が抜群に可愛くて背が小さくてスタイル抜群で努力家で芯があってでもちょっと抜けててみんなから信頼され愛されてる女の子ですか？？そんな完璧超人有形文化財この世に存在しないに決まってるじゃないですか……えっ？？村山彩希？？？？'
文化財,'兄から譲り受けた餅太郎を\n重要文化財になるまで保管するため\n長生きしようと思った'
文化財,'@29komuin なかなかの兼務ぶりですね…当市では社会教育・青少年系と文化振興・文化財系は分かれているので、想像もつきません。契約関係はそろそろ4月1日契約の執行伺を起こす時期ですね。'
文化財,'重要文化財の販促ポスター、家宝のプロコン、国宝の作曲陣サイン入りゼロブレイド2オリジナル・サウンドトラックです https://t.co/8EKFnKpxbc'
文化財,'あらまぁ〜\n東大の「赤門」、低耐震性で閉鎖\u3000本郷キャンパス、国の重要文化財  (共同通信) https://t.co/lCff0q1OpX'
文化財,'新発田城は、戦国時代末期に溝口秀勝公によって開かれたと言われています。現在は再建された辰巳櫓、三階櫓の他、国の重要文化財である旧二の丸隅櫓、本丸表門が現存しています。'
文化財,'普門寺(愛知県)の限定御朱印情報が投稿されました✨\n\n『【日本初！？】国重要文化財 四天王お姿入り御朱印』\n普門寺でお祀りしてる平安時代後期に造像された「国重要文化財 四天王像」に注目した御朱印セットです。\n\n持国天＆増長天版：…… https://t.co/7vQxCViDQ2'
文化財,'【摂津市文化財】金剛院へは、ユニエス南千里丘からは徒歩でゆっくり歩いて30分ぐらい。お散歩がてらにどうぞ。\nhttps://t.co/tcFQYjN #osaka #suita'
文化財,'呉は世界の観光都市になれる！ 昭和レトロとモダニズムは世界の無形文化財に匹敵する散歩道観光地になる！世界に情報発信しようぜ！！｜宇多嶋翔の写真日和  https://t.co/xRpRSfLzaT'
文化財,'その後殿下とドイツ連邦政府は国の文化財保護事業を参照し、マリエンブルク城の維持管理に関しての交渉にかかります。そして2016年に殿下はロシア人女性のエカチェリーナ氏と結婚なさいました。しかし殿下の父エルンスト・アウグスト（5世）殿下は1836年施行の王位継承法を照らし合わせて、'
文化財,'“150歳”石造アーチ橋保存へ着々\u3000島原市が21年度移設\u3000西日本新聞 #長崎 #島原 https://t.co/wu0I3DvVxg 「新地橋」の移設保存工事\u3000水路の埋め立てに伴う措置\u3000橋は文化財指定されていない\u3000未指定の建造物を… https://t.co/d22tyG1dwI'
文化財,'推しメン、常に顔が綺麗ですごい\u3000重要文化財に指定しましょう'
文化財,'@10em1603 庶務いたんですね。そういう担当に集約したいなと思ってました。\n私も契約やってます。施設管理もするし、市史の編さんもしてます。青少年健全育成の団体もしてるし、文化財も担当だし、新人の育成もあるし、カオスです笑'
文化財,'「文化財の有効活用のための財団設立を検討する財団法人設立準備事務室設置規程寺達案が賛成多数で議決された。」\n\n［ニュース］「有料拝観」へ動くか\u3000西本願寺、財団設立を検討 https://t.co/SFgUsIxmHM @chugainippohより'
文化財,'東大の「赤門」、低耐震性で閉鎖\u3000本郷キャンパス、国の重要文化財  (共同通信) https://t.co/QNWv9SxhYP'
文化財,'玉若酢命神社\n本殿は国指定重要文化財\n隠岐造り😄 https://t.co/pE5CyEXXFM'
文化財,'2021/2/18中野区議会(一般質問)5(友人傍聴)\n〈哲学堂の予算ない〉\n【文化財】\n日野: 哲学堂は国名勝から1年、保存活用計画に国の3/4補助が出るのに予算付いてない。旧中野刑務所正門には保存活用の予算が一般財源で付いてい… https://t.co/oVI1s7Tj4P'
文化財,'玉若酢命神社\n随神門と八百杉\n随神門は国指定重要文化財\n八百杉は国の天然記念物\n樹齢約2000年\n隠岐の島の杉の木は逞しい😄 https://t.co/HIDMaQHGNr'
文化財,'「高まる城ブームと、国の文化財「活用」方針への転換を、佐賀県でも地域活性化への追い風と捉えたい。直正の合理主義に貫かれた佐賀城本丸御殿を起点に、秀吉の肥前名護屋城、そして吉野ケ里までを結びつけて、全県的な視点から城の歴史をたどる活… https://t.co/mqBtfiLrcj'
文化財,'日本遺産北前船を通じた各地の文化資源活用と観光振興・重要文化財の保存修 ...\nリンク：https://t.co/J7MbHh5LC5\nタ\u3000グ：#保存修理工事 #各地 #後援国税庁一般社団法人東京北区観光協会 #文化財 #文化資源活用 #日本遺産北前船 #観光振'
文化財,'清水家住宅主屋\n大正15年(1926年)\n登録有形文化財に指定されてます。パッと見はわからんね～！ https://t.co/4BjXeH3FOH'
文化財,'今日の早乙女麗那は\n鳥取の重要無形文化財ことMIQっぽいと思ったけど\n実際に見比べたらそうでもなかったw\n鳥取といえばMIQ\n鳥取戦士サキューンのテーマも歌ってるんだぜ\nhttps://t.co/jsYps6IIsY https://t.co/B23i1kBHrq'
文化財,'呉を世界の観光都市にしよう～～昭和レトロとモダニズムは世界の無形文化財に匹敵する散歩道観光地になる！世界に情報発信しようぜ！！｜ 宇多嶋翔の写真日和  https://t.co/5dQzg3CdTU'
文化財,'FF内の文化財でゼミわからんやついたら送るで連絡してくれい'
文化財,'☆玉川堂 菓子器 撫角 追起銅器 新潟県無形文化財 共箱あり 年代物 https://t.co/etgMeEoI8q #ヤフオク'
文化財,'擁護の体で火に油を注ぐ、という自民党の伝統芸は、もはや重要無形文化財に値するんじゃなかろうかω https://t.co/ivBWgNNF7R'
文化財,'動きが少ないジャンルだから全然話しないけど、本日が1番好きな人の重要文化財指定記念日です、めでたい。'
文化財,'日本最大のアーチ式水道橋。\n\n通潤橋（1854年竣工、国重要文化財、熊本県山都町） https://t.co/O5XnPB74ug'
文化財,'@yuzu_tamapooh ゼヒこの作品を有形文化財に指定して欲しかったです😉'
文化財,'リニューアルする前、ほとんどの仏像が撮影OKだった記憶があるのだけど気のせい？撮影NGな文化財だけサイン入っていたような。 https://t.co/o4UtWafhVH'
文化財,'奈良市埋蔵文化財調査センター「令和2年度春季発掘調査速報展」に行ってきた。富雄丸山古墳の話、詳細情報は流れてくるけど、最初から追ってないから全然分からん状態😂だったが、なるほど全体像はこうなのか〜😮 #奈良 #古墳 https://t.co/MssgwyZhiT'
文化財,'今日いらしたご近所の80代の方から、「私がお嫁に来た頃、お宅の屋根は藁だったわよ～」と言われて衝撃を受けた。茅葺屋根⁉旦那に問いただしたところ、事実だった。高校生頃までそうだったと…そのままだったら今頃都の文化財指定されてたかも…… https://t.co/aX8y0f2a5X'
文化財,'@kitaguni_b 「青天を衝け」をTverで見ました。武蔵野国はあんなかんじだったと思います。\n坊ちゃんじいちゃん（市文化財担当者爆笑）の祖父と祖母は、新聞をばらし、交換しながら同時に読んでいました。\n\n長男、長男だったのは… https://t.co/VfEsGaRRpn'
文化財,'数年前にできた民泊が薪ストーブ使ってるらしく、町内や自宅がとても煙たく、先日はとうとう消防車騒ぎにもなりました\n近隣には重要文化財もあり、今まで薪ストーブの様なものを使う家はなく、昔ボヤ騒ぎが起きた時に道が細く入り組んでいる為、消防車が到着するのがとても大変だった地域でもあります'
文化財,'新潟市文化財\u3000旧小澤家住宅\u3000新潟市中央区 https://t.co/ZJWRa1i0Ps\nおぉマジか'
文化財,'@rinz3113 《重要文化財》にしよ･･････'
文化財,'【天才！】徹子の部屋\u3000タモリの7ヶ国語バスガイド https://t.co/N0olvHg4qb @YouTubeより \n\n無形文化財ｗ'
文化財,'アイヌ民族文化財団とかのホームページであげてるアイヌ民族の先住性（文化形成）について反論すれば良いのに、アイヌ有識者懇談会と同じようにアイヌ民族の先住性を高める縄文人だしちゃあかんやろ。'
文化財,'呉を世界の観光都市にしよう～～昭和レトロとモダニズムは世界の無形文化財に匹敵する散歩道観光地になる！世界に情報発信しようぜ！！｜ 宇多嶋翔の写真日和   https://t.co/5dQzg3CdTU'
文化財,'キキちゃんの三白眼を重要文化財としよう'
文化財,'日サロでニベア塗ってる女子高生が、もはや重要文化財なのか'
文化財,'着物で重要文化財 札幌市資料館\u3000フィルム上映お手伝 Film screening \nhttps://t.co/PcHw6CZSAu'
文化財,'おいおいこんな可愛いこけしは文化財に登録だ https://t.co/YerUMNIgEF'
文化財,'②萬代橋～やすらぎ堤\n駅から歩いて15分ほど、信濃川の河口から数えて2番目の橋が萬代（ばんだい）橋。国の重要文化財にも指定されているとても綺麗な橋です。その周辺の堤防がやすらぎ堤。散歩に是非…と言いたいところだけど冬だしな…でも当… https://t.co/EQw7Lp3464'
文化財,"'7. 古都奈良の文化財 เมืองเก่านาระ\n\nปีที่บันทึก: เฮเซย์ 10\nสถานที่ตั้ง: จ.นาระ\n\nสถานที่ท่องเที่ยว เช่น\nโทไดจิ, โคฟุคุจิ (แนะ… https://t.co/ly1UMeXeZA'"
文化財,'一つの文化財が長い年月を経て今に残っている事に感動する。\n気候風土の試練に耐へ、また政治的安定、不安定が文化財に与えた影響を色の変化で読み取る、その心が大切である。\n\n#川面稜一'
文化財,'呉は世界の観光都市になる！  昭和レトロとモダニズムは世界の無形文化財に匹敵する散歩道観光地になれる！世界に情報発信しようぜ！！｜宇多嶋翔の写真日和  https://t.co/sjxl9yEG4o'
文化財,'@castleholic1 県庁の文化財課さんか、各市の教育委員会さんにご確認いただければよろしいのかなと思いますよ。'
文化財,'文化財８７件に被害 壁崩落や亀裂、東照宮も―福島沖地震。とは・・'
文化財,'ミステイクの清光の「みつめないで」のところの少し首を傾げながらやるウインク最高にあざとくて角度まで素晴らしくてあれを無形文化財として保存してくれ！！'
文化財,'川から逃げ出してきたオオサンショウウオくんは文化財保護課扱い。'
文化財,'天然記念物なら、文化財保護課かなあとは思うけど、まあ普通はそこに思い至らないよな……だし、多分保護課も、あああああって言いながら仕事するとは思う。ちゃんと仕事はすると思うけど。業務フローはあるはず'
文化財,'ないとか聞こえるとかチャットのお客たちとやり取りして調整したりしてた。いろいろないろいろな面白さがあって面白かった。21日の夜中まで配信との事。何十年も積み重ねてできた無形文化財だと思う。できれば支援して観て差し上げて。@エル・チ… https://t.co/FUDTvVfocS'
文化財,'文化財８７件に被害 壁崩落や亀裂、東照宮も―福島沖地震。とは・・'
文化財,'御徒町寄りの高架下にはクラフト系（？）のショップ群があったりで本当に多文化の街っすよ秋葉原……\n\nあと、上野は一般人の言うオタクの街ではないっすよ……文化財オタクや博物館・美術館オタクは多いと思うけどね……'
文化財,'@saro61D 近所のお化け屋敷が実は国宝級の文化財だった。\n道民にとって、ウポポはそんな感じ。'
文化財,'呉は世界の観光都市になれる！昭和レトロとモダニズムは 世界の無形文化財に匹敵する散歩道観光地になる！世界に情報発信しようぜ！！｜宇多嶋翔の写真日和  https://t.co/xRpRSfLzaT'
文化財,'３月１０日の歩き旅応援舎ナイトスクールは、中央区民文化財のカトリック築地教会を訪問します。はじめて外からの中継となるナイトスクールです。お申込みの受付を開始しました。\nhttps://t.co/CDrFJTakvV https://t.co/M61vETMKL6'
文化財,'和食の世界ってめんどくさい！\nって言われない立ち振舞をするべきではないだろうか💦\n\n若い人が来ない業界に未来はあるのだろうか。。\n\n無形文化財に登録されて暫く経つけど、そもそも国をあげて守るものに和食って。\n考えすぎかな\n#和食 \n#ハラスメント \n#無形文化財'
文化財,'『日本の世界文化遺産』\u3000古都奈良の文化財。（奈良県）（1998年12月）'
文化財,'昨日今日と二日連続で生きたカモシカの捕獲に出動…民家の玄関先に居座ってしまったものなどを保護、そして山へお戻りいただきました。実は結構危険を伴うことも…ニホンカモシカは特別天然記念物です、弱っている個体など見つけたときには市町村の文化財係などに連絡をお願いします。'
文化財,'@minami_1410 @TNEJPN そうかもしれませんね。\n文化財になんてことするんだ…って思いますけど、けっこう最近出てきたような価値観なんですね。'
文化財,"'3. 古都京都の文化財 เมืองเก่าเกียวโต\nประกอบไปด้วย เกียวโต, อุจิ, และเมืองโอซึ จังหวัดชิกะ\n\nสถานที่ท่องเที่ยว เช่น\nวัดคิโยมิ… https://t.co/vvBEEssh7b'"
文化財,'水海の田楽・能舞\n福井県今立郡池田町\u3000鵜甘神社\n鎌倉幕府の執権北条時頼を\n村人が田楽で慰めたのに対し\n能を教えたのが起源とする\n演目は田楽四番と能五曲\n田楽は烏とび・あまじゃんごこ・祝詞など\n能舞は翁・高砂・羅生門など\n池田町は能… https://t.co/ukyPy1ld3y'
文化財,'埋○文化財はそうなのかもしれないね。\n専攻者でハックツ、ホウコクショ、どっちも即戦力の人が欲しい、でも臨時とか。\n確保できなくても、表面上は問題にならず。'
文化財,'高島屋日本橋店は、百貨店建築初の重要文化財でござる。\n子供の頃、なぜこれほど重厚で立派なのかと驚いた想い出を、大人になってから建築や美術方面から見直す楽しさよ…😊 https://t.co/fZQ4MT4LES'
文化財,'東福寺本坊庭園（京都）重森三玲 作庭、特別名勝、国宝、重要文化財  https://t.co/RcD2Mp5Fzo'
文化財,'ただの爺さんで過ごしたかったけど、無形文化財要請。人生はうまく行くとは限らない。\n#俺の家の話'
文化財,'「直後…文部省から連絡があって…重要無形文化財に認定すると」…「人間国宝」…「なれませんでした…何もかも捨てきれず…遠ざけて…こんな体でしょ…最後の逢瀬に…ちゃんと会って…謝りたい…幸せにしてあげられなくて…ごめんなさい」…「早く言ってくれたら」…!?(^^;\n#俺の家の話'
文化財,'うわーそこで無形文化財認定\n\n #俺の家の話'
文化財,'2021年2月17日 #考古学のおやつ\n#和歌山県 #海南市 ・ #且来VI遺跡 （あっそ6いせき）で、 #弥生時代 の #方形周溝墓 や柱穴跡など。 #和歌山県文化財センター の調査。2/24現地公開。\n[和歌山県文化財センター] https://t.co/ydkc89u4Ho'
文化財,'無形文化財\nが足かせに\n #俺の家の話'
文化財,'呉を世界の観光都市にしよう ～～ 昭和レトロとモダニズムは世界の無形文化財に匹敵する散歩道観光地になる！世界に情報発信しようぜ！！｜宇多嶋翔の写真日和  https://t.co/5dQzg3CdTU'
文化財,'FGOの邪馬台国イベントから、九州文化財研究所さんのTwitterが癒しになっているのですが、今やハニワを見ると九州文化財研究所さんを思い出すことに。\n\nニッポンのミカタでハニワが出てきたら、案の定だけど九州文化財研究所さんが過り… https://t.co/00B7JFgAka'
文化財,'オ！オ！オーーーーッ！！！！😭😭😭🙏🙏🙏🤲🌎(喜ぶオットセイ)オット残念！手が滑ってあなたがたを「有形文化財」に認定してしまいました！オットセイだけに！！笑！！！！'
文化財,'@ykrm_sonchan マジで😆\nそんちゃんとまさかの文化財で被れるとは😍\nぜひぜひ！またの機会にしゃべろー♪'
文化財,'あと、僕にとって「アイドリープライド」（今後、アイプラと略す。）と言う作品は「アニメコンテンツの重要文化財！。」的存在の神作品であると断言します。\n\u3000遂に、俺の新しい生き甲斐を見つけた作品だわ〜。\n＃アイドリープライド \n＃アイプラ'
文化財,'小張松下流三本綱からくり綱火\n別名からくり人形仕掛花火\n更に分かり易く簡単に言えばロケット花火\n国指定重要無形民俗文化財\n太閤秀吉が信長に仕える前に仕官した松下嘉兵衛の子\n松下重綱が陣中祝いのために作った\n松下家は火薬など特殊技能… https://t.co/9zRsJfNb3N'
文化財,'文化財８７件に被害 壁崩落や亀裂、東照宮も―福島沖地震。とは・・'
文化財,'@tama_ki56 それはすごい👏👏👏\nあたしもにわかレベルで埋蔵文化財触れてて考古学反応しちゃったwww'
文化財,'こんばんは！\nわたしたちの、鳥取県、古民家太田邸も有形文化財に指定されております。\n\n#古民家\n#太田邸 https://t.co/qveYNQX8nK'
文化財,'@Mesorion0822 文化財レベルのくぁwせdrftgyふじこlpを現代のTwitterで見れるとは…感動モノでした…\nね、本当難しいですよね！一緒にTwitterから若者の情報収集頑張りましょう…！()'
文化財,'国重文「旧鶴岡警察署庁舎」の漆喰の壁にヒビ、地震で文化財３６件被害(読売新聞オンライン)\n#Yahooニュース\nhttps://t.co/4bO0x8kB22'
文化財,'文化財８７件に被害\u3000壁崩落や亀裂、東照宮も―福島沖地震（時事）https://t.co/PKpULgzDWs'
文化財,'京都市歴史資料館「京都市の指定文化財」\n今回は土佐光茂の車争図屏風を改めてじっくり見た。一見すると状態はいい。しかし解説の通り、左隻は徹底的に色の塗り直しと描起しの補筆がされてる。一から描くのに近いほどの手間をかけて絵の質を落とし… https://t.co/6BXugnHeYs'
文化財,'これは皆さんご存じ奈良の大仏様です。\nこの手は「オナラをへらないで。」と止めている動作では在りません。(奈良だけど！)\n特亜2ヶ国は文化財を大切にしないから遠慮してねとお願いしている・・・と思います。たぶん。 https://t.co/00MJ5CzEzr'
文化財,'@tama_ki56 たまちゃん埋蔵文化財語れる人なの！？！！( °_° )💓💓'
文化財,'呉は世界の観光都市になる！昭和レトロとモダニズムは世界の無形文化財に匹敵する散歩道観光地になれる！世界に情報発信しようぜ！！｜宇多嶋翔の写真日和   https://t.co/sjxl9yEG4o'
文化財,'Hiroさん埋蔵文化財について語っていただいてもろて(？？)\n\n#こんここ'
文化財,'文化財IPMの５段階のコントロール\n回避 Avoid(掃除・クリーニング)\n遮断 Block(進入ルートの遮断・環境改善)\n発見 Detect(ウォッチングやモニタリング)\n対処 Respond(適切な方法で対処)\n復帰 Recover/Treat(安全な環境に復帰)'
文化財,'@cheetah_0814 紀子さまのご先祖て、それは父方祖母でしょ。\n父方祖父のご先祖は？\n\n雅子さまの父方祖父母のご先祖は、どちらも村上藩士のお宅だよ。\n祖母の実家の武家屋敷は文化財として保存されている、中流武士の御家。'
文化財,'九州五島列島のどの島だったか忘れたけど、\n堂崎教会です。日本は歴史文化財を大切にする民族・国家です。もう一度、行ってみたいな五島列島。 https://t.co/7ZyMyqcleq'
文化財,'🎴禿ちゃびん 言ってた君も いま波平💈🥸🌟\n\n🍃春風に乗って、御髪（おぐし）だけが一人旅に出ませんように🎈😉いましばらくは、可能な限り #StayHome かなぁ～\n\n🎨#浅井忠\n\n「春畝」（重要文化財） 東京国立博物館\n「編物」… https://t.co/gYwGWDa4wB'
文化財,'@Merrycia1101 ふふふふ！！！\n文化財！？？俺人間国宝じゃん！！！！(((((('
文化財,'呉は世界の観光都市になれる！ 昭和レトロとモダニズムは世界の無形文化財に匹敵する散歩道観光地になる！世界に情報発信しようぜ！！｜宇多嶋翔の写真日和  https://t.co/xRpRSfLzaT'
文化財,'@msnit_ 表も直線ツールってのがあるので、それで作ると早いです。\n埋蔵文化財の行政に渡す報告書の2冊目作ってますが、ほぼほぼイラレ、インデザ(時々ワード)です。'
文化財,'【社会】 長野の老舗温泉旅館「よろづや」で火災\u3000文化財の建物が崩れ落ち… https://t.co/PWauIHSbvW'
文化財,'唐招提寺の御影堂の修理現場の見学会があるようです。｢令和3年2月27日に重要文化財 旧一乗院宸殿、殿上及び玄関（唐招提寺御影堂） 保存修理工事現場見学会を開催します。令和3年2月27日（土曜日）10時00分～16時00分（15時3… https://t.co/QUna52iV3b'
文化財,'阿蘇神社で国の重要無形民俗文化財に指定されている「火振り神事」が行われた。この神事は神様の婚礼を祝い姫神を出迎えるもの。熊本地震で被災した神社を幾重もの炎の輪が照らした。 https://t.co/7OHYXJxgJp'
文化財,'貴重な洋館が倒壊危機\u3000個人所有で文化財指定できず、９９年間無人のまま劣化進み…兵庫・明石 - 産経ニュース https://t.co/Qytkk3TmlB'
文化財,'普門寺(愛知県)の日常が投稿されました✨\n\n『【仏像展示‼️】浜松市美術館  企画展「みほとけのキセキ」』\n遠州・三河地域の美仏を拝観頂けます。\n\n▷2021年3月25日〜4月25日\n\n▶︎普門寺から8躰の文化財を出展します。愛知… https://t.co/4EzSZiRUCB'
文化財,'セーラー服はリリンの生み出した文化の極み\nこれを手作りしている職人は重要無形文化財総合認定保持者と呼んで過言ではない\n(恥の多い生涯を送って来ました)\n\nhttps://t.co/Cr0U2J4voR'
文化財,'@noko_oji_onisan 「文化財保護法」指定による天然記念物なので「市町村役場・教育委員会」へ連絡して頂くことをお勧めします。担当者が確認後に「保護する」とか「保護区域へ解放する」とかの対応すると思います。\n\u3000こういう案… https://t.co/3dB4nGhLXg'
文化財,'現地にあると毀損される恐れがあるから文化財保護の観点から現地から切り出して持って帰ったけどドイツ本土の空襲で焼失してるんだけど、ねぇ??って何が正しい事かは判断はしないけどせめて信頼してたドイツ隊の報告書まで信頼度が半々なのは流石に泣く'
文化財,'とにかく素敵なSixTONESが沢山見れて本当によかったですありがとう！！！指ハートきゅんです髙地くん重要文化財で保護してお願い'
文化財,'@bami_______ やっぱりbamiさんの声は最高です。ユネスコ無形文化財に登録しなければなりません...♥'
文化財,'襟カバーを重要文化財に'
文化財,'呉を世界の観光都市にしよう～～昭和レトロとモダニズムは世界の無形文化財に匹敵する散歩道観光地になる！世界に情報発信しようぜ！！｜ 宇多嶋翔の写真日和  https://t.co/5dQzg3CdTU'
文化財,'【日本初！？】国重要文化財 四天王お姿入り御朱印 \n\n普門寺でお祀りしてる平安時代後期に造像された「国重要文化財 四天王像」に注目した御朱印です。 \n\n持国天＆増長天版：２００セット限定 \n２０２１年３月１日\xa0 午前９時～ 郵送受… https://t.co/jJCwaxBHL0'
文化財,'@You77436342 @44clever 素敵ーカッコ良すぎて目がクラクラします。重要文化財級ですね💕'
文化財,'伝統文化を保護するための法律として、「文化財保護法」がある'
文化財,'是非補強して復活して欲しいな - 東大赤門、低耐震性で閉鎖\u3000国の重要文化財 https://t.co/0kkR5QiszR'
文化財,'呉は世界の観光都市になる！昭和レトロとモダニズムは世界の無形文化財に匹敵する散歩道観光地になれる！世界に情報発信しようぜ！！｜ 宇多嶋翔の写真日和  https://t.co/sjxl9yEG4o'
文化財,'文化財８７件に被害 壁崩落や亀裂、東照宮も―福島沖地震。とは・・'
文化財,'@myougamaho お風呂いちゃいちゃは無形文化財なので入れるべきだと思います！'
文化財,'三連休を取って箱根の一の湯本館で温泉三昧♨\n流石有形文化財の宿、趣があって素敵♡\n温泉のお陰で皹も改善、滅茶苦茶嬉しい♪\nチェックアウト後は木下大サーカスを観に横浜へ🎪\n迫力満点で夢中で見入ってしまった。\n和樹君とお揃いのカチュー… https://t.co/Xi92xZhnz6'
文化財,'女性向けゲーム、ただでさえイケメンゲームがあふれてる中にツイステッドワンダーランドというバケモノコンテンツが出てきたからこれくらいお金かけてやらないとだめなのかもしれない……\u3000文化財保護や伝統工芸の継承に寄与しまくってる刀剣乱舞という特異点もあるし…'
文化財,'@bingo19toshi ご返信ありがとうございます😊\n\n首里城、拝見しました🙏\n焼けてしまったのは残念ですね😢\n政府には文化財の保護をしっかりやって欲しいです😌\n\n明日もよろしくお願い致します🙇\n明日は天気が良ければ参拝致しま… https://t.co/aargDMawPb'
文化財,'@shii0714 さすがしぃ様！すげぇ！かっけぇ！\n神！イケメン！最強！国宝！\n重要文化財！ねむい！おやすみ！'
文化財,'須賀川市長沼「山間にある小さな城下町・長沼には、曲輪や濠の跡が今もたくさん残っているんです。貴重な文化財がたくさん残るこの町の民俗資料館は、タイムカプセルをイメージしていてね、色壁の蔵造りになってるんですよ。」'
文化財,'【狛江のまち―魅力百選】\n「26 伊豆美神社を尋ねて」\n平安時代に創建。\n鳥居は狛江市の指定文化財になっています\nhttps://t.co/yCNqgra4Cc'
文化財,'会津の豆知識だべこ！昭和村からむし織の里[織姫交流館]\n福島県指定重要無形文化財として認定、確かさと豊かさが認められた幻の繊維・織物。その糸作り体験が出来るべこ！冬期間では地機織り体験3日・5日間体験コース。静かに降り積もる雪の中昔ながらの製法で地機織りを体験するべこ！'
文化財,'それもそのことを黙っておらず周りに公言している確信犯である。さながらアメリカの犯罪小説によくでてくる、自分の犯行を隠しもせず、むしろ触れ回ることに喜びをみいだすシリアルキラーみたいである。この場合殺されるのは遺跡であり、本来は文化財技師が職責をかけて守るべき我が国の文化財である。'
文化財,'やば\n国指定重要文化財'
文化財,'無形文化財 https://t.co/6Tu2SnfhsV'
文化財,'文化財８７件に被害 壁崩落や亀裂、東照宮も―福島沖地震。とは・・'
文化財,'市指定重要文化財に「東川斎桂山（とうせんさいけいざん）筆源為朝（みなもとためとも）図」を指定 https://t.co/Hy7lPWEEfQ'
文化財,'呉は世界の観光都市になれる！昭和レトロとモダニズムは世界の無形文化財に匹敵する散歩道観光地になる！世界に情報発信しようぜ！！｜宇多嶋翔の写真日和  https://t.co/xRpRSfLzaT'
文化財,'その遺跡調査は道路建設に伴う緊急発掘調査で、当然発掘調査終了後は破壊されて今は残っていない。当然そんなことはAさんは承知の上である。この竪穴住居も当然破壊されただろう。大げさに言えばAさんはわかっていて故意に遺跡を抹殺したい遺跡＝文化財の殺人者である。'
文化財,'⛳️岡御殿③。\nごめん・なはり線の終点一個手前の田野町。この“四国一小さな町”は参勤交代の街道筋🏘や材木の集積する港町として、江戸時代には土佐東部の商業の中心として繁栄⛵️\n\n岡家をはじめ“田野五人衆”と呼ばれる豪商が軒を連ね、国… https://t.co/PwgHCoInLg'
文化財,'え、この鶴丸国永が長野県産なんですか？？？？\nもう県の生ける重要文化財では？？？？？？'
文化財,'重要文化財老害'
文化財,'@s120182 火の元気をつけてほしいです、たくさん文化財も歴史もあるので( ; ㅅ ; )'
文化財,'【裸祭り】密集避け「宝木」争奪戦中止、くじ引きに\nhttps://t.co/kTmNjx6Bt8\n\n日本三大奇祭の一つとされる国の重要無形民俗文化財「西大寺会陽」（裸祭り）が20日、岡山市東区の西大寺観音院で行われた\nhttps://t.co/kTmNjx6Bt8'
文化財,'明日は！！\n「永井真理子アコースティックツアー\u3000サモール京都」\n2月21日(日) ＊2部入れ替え制\n(昼公演) OPEN 13:30 / START 14:00\n(夜公演) OPEN 16:30 / START 17:00\n出演… https://t.co/2mwTBRqNLp'
文化財,'有形文化財良いだろ、ホリエ･･････'
文化財,'重要文化財の指定名称に準ずるならむしろ「(号)山姥切(国広)」「(銘)長義」の呼び分けの方が的確だし。なんも間違っとらんわそう呼んだって。'
文化財,"""強首樅峰苑(国登録有形文化財)で歴史を感じに、西仙北へおいでよ('ω')ノ #おいでよ西仙北"""
文化財,'@ami_nitt いやいやいやいやめちゃうれしで舞い上がりました！☺️ありがとうが溢れて止まねぇです！\n私こそ素晴らしいイラストをいただいてしまって、家宝になりました、文化財、登録、はぴ'
文化財,'呉を世界の観光都市にしよう～～昭和レトロとモダニズムは世界の無形文化財に匹敵する散歩道観光地になる！世界に情報発信しようぜ！！｜ 宇多嶋翔の写真日和   https://t.co/5dQzg3CdTU'
文化財,'@fallinloveyello そうなんです…建物は確か重要文化財に指定されております…紅茶やケーキも美味しいのですよ…'
文化財,'銀閣寺「金閣寺がやられたようだな…。」 銅閣寺「ククク…奴は四天王の中でも最弱…。」 アルミ閣寺「大雨ごときにやられるとは重要文化財の面汚しよ。」'
文化財,'ん？有形文化財なの？\n名古屋市公会堂って😐。\n知らんかた〜。'
文化財,'五条悟の白いまつ毛のこと指定文化財だと思ってるからちゃんと描きたいんだけどめちゃくちゃメスになってしまって何回も死んでる'
文化財,'学校に収蔵されている民俗資料が語ること―京都市の事例―(伊達仁美)\n民俗文化財(民具)の保存処理(日髙真吾)\n曳山の修復から考える文化継承モデルの一考察―米原曳山祭りの事例から―(日髙真吾)\n三次元計測技術を応用した民俗文化財の活用の可能性(河村友佳子)\n等々'
文化財,'呉は世界の観光都市になる！  昭和レトロとモダニズムは世界の無形文化財に匹敵する散歩道観光地になれる！世界に情報発信しようぜ！！｜宇多嶋翔の写真日和  https://t.co/sjxl9yEG4o'
文化財,'石黒宗麿[人間国宝]\n重要無形文化財「鉄釉陶器」の保持者として1955年に人間国宝に認定された。25歳の時、現在の国宝である曜変天目茶碗(稲葉天目)を見て陶芸家を志す。生涯曜変天目の復元を試み、その過程で木の葉天目を再現した。https://t.co/PRknwOnAsh'
文化財,'【児童憲章】九\u3000すべての児童は、よい遊び場と文化財を用意され、悪い環境からまもられる。 #児童 #憲章 #こども'
文化財,'@005Sach @Reki_shock 京都の文化財は韓国固有の資産ですよ！\n#愛知は日本の北朝鮮'
文化財,'@h7YJfNR1Lnk7IT0 @CEOoftheBLACK だけど、安倍路線継承の公約をほごにする現首相を見ていると「ﾊﾞｲﾃﾞﾝと菅」も別の意味で最悪でしたね。ｱﾄｷﾝｿﾝ氏は金融界でので成功者。永住権を得て、文化財保護企業… https://t.co/XkNaxHaVC6'
文化財,'勝手神社（名張市赤目町柏原）永禄５（1562）年に瀧野十郎吉政が勧請したが、天正９（1581）年、織田軍に攻められ焼失した。社殿には文禄２（1593）年に再建した際の棟札が残る。天誅組の乱を描いた「和州騒動の図」（市指定有形文化財… https://t.co/PUD79UysLU'
文化財,'京都 岩王寺｜京都府登録文化財「かやぶきの山寺」葺き替えにご支援をは、あと38日で、約320人からの協力がないと支援が届きません。ひとりでも多くの方に広めてください! #クラウドファンディング #READYFOR #岩王寺… https://t.co/E0C8kKlAsX'
文化財,'@a_ankogasukida 知らなくてググったら昭和天皇の成婚記念事業のひとつ昭和5年に作られて去年で90周年!?趣有りまくりだけど国の有形文化財だったとは…凄い！客席からよりもステージから映した映像の方がより雰囲気あって素敵だったよ'
文化財,'震度6強の地震 文化財など87件に被害 \n\nhttps://t.co/DVlqvCZaUg \n国宝は2件で、仙台市の大崎八幡宮で、漆などに亀裂ほか、宮城県松島町の瑞巌寺で、本堂の瓦などに被害。\n世界遺産の被害も、栃木県日光市で2件… https://t.co/yi20H4L1ER'
文化財,'@ebistorys 絶対奈良県\n国宝と重要文化財が乱立してそう\n坂と黒っぽい屋根の家多め'
文化財,'@kodaijin2go それはそのベテランさんに責任がありそうですね。自分の主張するやり方を新人さんに押し付けてる可能性があります。小さな市町村の文化財担当に多いのですが「俺はこれまで一人で苦労してきたから」みたいなノリなんでしょう。'
文化財,'宇治山田駅はさすが、文化財というだけあって立派そのものだった https://t.co/Lh6l4aNjvQ'
文化財,'文化財に落書きされてしまう心理 #227kenzanchu'
文化財,'@NyaoJellyl あそこ国の文化財なんだってね。古い建物は趣があって居るだけで気分がいいよね(*^^*)'
文化財,'呉は世界の観光都市になれる！昭和レトロとモダニズムは 世界の無形文化財に匹敵する散歩道観光地になる！世界に情報発信しようぜ！！｜宇多嶋翔の写真日和  https://t.co/xRpRSfLzaT'
文化財,'@s_supporter2017 パルちゃん像は清水の有形文化財'
文化財,'ドーブラクールトゥーラルネ\u3000文化財\u3000dobra kulturalne'
文化財,'和歌山イオンで和歌山県文化財センターの公開シンポジウム。ここはうちのメインモールでちょくちょく来てるけどイオンホールってどこですか💦普段ぜんぜん行かないあたりに天井のたっかーいホールを発見。後日youtube配信もしてくれるそうで… https://t.co/iIHZAEULH4'
文化財,'@kDMKdoAbxmSSfx4 やっぱり？そうかなあと思ったの。何故そんなに少ないんだろ💦文化財保護のため？うわぁん😭'
文化財,'[奈良・明日香] ～3/14(日)開催・冬期企画展「飛鳥の考古学2020」・発掘調査と最新研究があきらかにした飛鳥の新発見・奈良文化財研究所 飛鳥資料館 | 井藤ミュージアム研究所\nhttps://t.co/qrk3w0Jwzy https://t.co/ngqCMVkNhL'
文化財,'『日本の世界文化遺産』\u3000古都奈良の文化財。（奈良県）（1998年12月）'
文化財,'私が売った文化財のカネで、その新居が買えたのです #チョルガン #チョ・チョルガン #愛の不時着'
文化財,'彼氏の睫毛長くて有形文化財って感じ。特に下睫毛が長くて美少女感強い'
文化財,'453:\n築2003年の軽量鉄骨のアパートって地震来たら崩れちゃいますか？一人暮らしでちょっと心配になってきました\n\n454:\nよほどの規模の地震でなければ大丈夫だと思われます\n築2003年なら法隆寺を超える歴史的建造物ですので… https://t.co/Ij6ODRjAt5'
文化財,'世界遺産元離宮二条城\n東南隅櫓前とか東大手門あたり\n文化財の保護と活用のせいこうじれい?\nクズゴミ撒き散らしベンチに居座り飲食飲酒喫煙やり放題\n二条城事務所は何の管理をしてるの?\nこれが都市格の高い国際観光都市の姿\nコロナ禍の中来… https://t.co/0d3BllZjw8'
文化財,'重要文化財サウンド\nスマホのマイクじゃ風が強いとどうにもならないわね https://t.co/Iyrq1Q3xu6'
文化財,'金継ぎの先生\u3000県指定無形文化財のおじいだ\u3000すごい人なんだろうけど\u3000優しい\n\n首里城が燃えつくった王様の椅子などが全部燃えてしまった\u3000後世まで残ると思ってた作品だったのになあ…\nとがっくりしていた'
文化財,'大江新太郎は、日光東照宮の修復でも、文化財の修復の姿勢について、現在まで続く問題を提起している。当初復原か、古色を付けるかといったことで、歴史的建造物の修理とはどうあるべきかと言う問題である。'
文化財,'日本三大奇祭の一つとされる国の重要無形民俗文化財「西大寺会陽」（裸祭り）が、岡山市東区の西大寺観音院で行われました。\n\nhttps://t.co/TJwvBZ6W9P'
文化財,'密集避け、裸祭り＝「宝木」争奪戦中止、くじ引きに―岡山\n日本三大奇祭の一つとされる国の重要無形民俗文化財「西大寺会陽」（裸祭り）が２０日、岡山市東区の西大寺観音院で行われた。まわし姿の男たちが「宝木（しんぎ）」と呼ばれる護符を奪い… https://t.co/AOYUTvOoNX'
文化財,'東大赤門、低耐震性で閉鎖\u3000国の重要文化財 https://t.co/XmQ4TwkQnk @Sankei_newsより'
文化財,'呉を世界の観光都市にしよう ～～ 昭和レトロとモダニズムは世界の無形文化財に匹敵する散歩道観光地になる！世界に情報発信しようぜ！！｜宇多嶋翔の写真日和  https://t.co/5dQzg3CdTU'
文化財,'基地内のお墓2基の撤去\n米軍 日本側に求める\n資材置き場エリア拡張で\n\n文化財としての古墓群１２カ所\n対象の墓が古墓群の一部かどうかは不明\n基地内の文化財は基地の施設整備や機能強化に伴って急速に失われている\nフェンスの中はブラック… https://t.co/fI1txr9g8S'
文化財,'私は、こちらが\n好みかな？\n\nこちらは、日本の有形文化財らしい。\n先程のスペイン風では、\n安室ちゃんが撮影で使用され\n沖縄からもファンの方が\n来るそうです。 https://t.co/57hIvErBHH'
文化財,'小張松下流三本綱からくり綱火\n別名からくり人形仕掛花火\n更に分かり易く簡単に言えばロケット花火\n国指定重要無形民俗文化財\n太閤秀吉が信長に仕える前に仕官した松下嘉兵衛の子\n松下重綱が陣中祝いのために作った\n松下家は火薬など特殊技能… https://t.co/B2xuJ1GAxf'
文化財,'ビッグな男、なりてえよな。それは有形文化財に住んでしまうような。'
文化財,'#田能村竹田 🐦🦚🦢\n「歳寒三友双鶴図」 （部分）一幅 絹本彩色 個人蔵⇒大分県立美術館寄託\n\n「雁来紅群雀図」一幅 絹本彩色 大分市美術館\n\n「月下芦雁図 屏風」六曲一隻 紙本墨絵 大分市美術館\n\nいずれも重要文化財… https://t.co/vd5V8qUjpB'
文化財,'@karanokyokai016 今年は爆発音のする火事が多いですね。文化財やお寺神社の火災も立て続け。'
文化財,'先程の方は、スペイン風の\n埼玉有形文化財。\n\nこちらは、渋沢栄一さん\n喜寿のお祝いで銀行の方が\n建たイギリス風のもの。\n渋沢栄一さんのリクエストらしい。 https://t.co/v724gaUyRr'
文化財,'2005年のちょうど今頃、津嘉山酒造所を国の重要文化財にしようと〝津嘉山酒屋保存の会〟が発足しました。写真は発足時の模様。当初は運動が10年以上続くと予測されていた。さて私は2008年入社なのでこの時は東京の空の下、毎日スーツ姿で… https://t.co/EifJzAj66b'
文化財,'@masaik2631 インドびいきではなく、建築好きなんですね。阿倍野の工芸高校、存続を！@memenyan_ikiru綺麗に撮れた\n大阪市指定有形文化財\n\n維新と公明党によって放棄されることになりました。'
文化財,'https://t.co/Sz36nO2GKL\n\n文化財か否かに関わらず、\n所有者や御願をしている地域の人にとっては、先祖の眠る大事な場所だろう。\n\nそれを余所者の大和政府や米軍が決めるな、と言っている。\n\nもともとわったー土地やしが。'
文化財,'■第2部＝インタビュー篇（53分）\n出演: 村田あき子、板谷駿一【波山の孫】、金子賢治【茨城県陶芸美術館館長】、荒川正明【学習院大学文学部哲学科教授】、大西 勲【漆作家/国指定重要文化財保持者】、齊藤勝美【彩磁作家】、一木 努【筑西市史研究の第一人者/筑西市在住】'
文化財,'香川県立ミュージアム、能楽資料も充実してるのか…\nこの前の武具展も面白かったし、高松藩からの文化財をうまく継承してるのかな？がぜん興味が出てきました。 https://t.co/E3lhdCIP84'
文化財,'呉は世界の観光都市になる！昭和レトロとモダニズムは世界の無形文化財に匹敵する散歩道観光地になれる！世界に情報発信しようぜ！！｜宇多嶋翔の写真日和   https://t.co/sjxl9yEG4o'
文化財,'触媒増やそうかと思ってたけど、あの快音を外で聴いてしまったら、あれを封印してしまうのは重要文化財を壊すような行為に思えてきたからもうちょっと考えよ'
文化財,'文化財学科のおかげで今の仕事が出来てるのすごいありがたい。\nモノも資料(ある意味では史料)も人も良くみて丁寧にデータを扱う(ように心掛ける)のは、まさに学生時代に学んだ事が活かされているような？'
文化財,'わが青森県にも歴史的建造物は数多く残っていますが、国指定重要文化財31のうち21、県指定重宝40のうち16が弘前市に集中しています。弘前城を筆頭に歴史的価値の高い和建築や、旧弘前偕行社、旧第五十九銀行(青森銀行)等の洋風建築をひとたびに見ることが出来ます！さ、建築ツアーするべ！'
文化財,'@mmv96VAKfBqIpIW あ羅イさんなら、美術・文化財研究、歴史学、日本学をやってみたいのだ！'
文化財,'京都で泊まりたい！風情ある老舗旅館・文化財のある旅館\nhttps://t.co/oWCc9sEY5R  https://t.co/aYfwZ39yTp #京都 #京都観光'
文化財,'戦争というか空襲はほんとだめだな\n失われてはいけない建造物、文化財、そこに遺された技術も記憶も焼き払ってしまう\n許し難い'
文化財,'@kotetu2019 桜井市立埋蔵文化財センターに展示してある４世紀初めの輪鐙はご覧になりましたか？\u3000センターで、古墳時代の人たちの乗馬する光景を想像するのも楽しいですね。'
文化財,'『俺の家の話』、能界の方はどう捉えていらっしゃるのかなと思っていたところ、重要無形文化財保持者の方もご覧になっていることを知って、なんだかうれしい。'
文化財,'前日の沖縄でのリュウキュウヤマガメの遺失物。\n\n窓口がかかっている法令で異なることは一般の人には分かりにくいよね。\n\nワンストップで受け付けてくれる窓口があれば。\nそうなるとやっぱり警察署になるんだよな。\n\n種の保存法だから地方環… https://t.co/4ueVo0eF8d'
文化財,'2017年に佐渡赤玉杉池祭りを見に行った時の様子です。神社前の舞台、鹿の恋をユーモラスに演じる「小鹿舞」、この祭りは４００年の歴史を持つ、市無形民俗文化財に指定されているそうです。 https://t.co/I7d1EoFKMA'
文化財,'佐渡、今日は風が強く吹いて、午後から暴風雨になりました。2017年に佐渡赤玉杉池祭りを見に行った時の様子です。神社前の舞台で、大人が鬼の面をかぶり勇壮に舞う「大鬼舞」この祭りは４００年の歴史を持つ、市無形民俗文化財に指定されている… https://t.co/8taZCtiMfv'
文化財,'歩け、マヤ －考古学・歴史ニュース－ : 【新発見 / 文化財保護】血の壁画！？タイの多くの人が訪れる観光地で4000年前の洞窟壁画が見つかったよ！( ・Д・)【考古学】\nhttps://t.co/RpUin5oBqZ'
文化財,'うきなすって有形文化財ぐらいなってもいいと思うんだけど'
文化財,'鳴門市旧板東町にある道の駅第九の里。一見よくわからない名称だがベートーヴェンの交響曲第九番に因んでいる。物産館はかつて当地にあったドイツ人捕虜収容所の建物を移築したもので登録文化財に指定されている。また、ドイツ館を始め、周辺にも関… https://t.co/hu41VfRwEm'
文化財,'10回くらい描き直した…。\n推し、顔が重要文化財。'
文化財,'佐久市にある旧中込学校は、明治時代はじめに建てられた小学校の建物が今も大切に残されているの。洋風建築で、その貴重なことから国の重要文化財に指定されているわ。'
文化財,'2017年に佐渡赤玉杉池祭りを見に行った時の様子です。神社前の舞台で、大人が鬼の面をかぶり勇壮に舞う「大鬼舞」と、鹿の恋をユーモラスに演じる「小鹿舞」、花で飾られたかさをかぶった子どもら１７人が踊る「花笠（はながさ）踊り」など、４… https://t.co/dqUxWcgyXN'
文化財,'【摂津市】摂津市の市の木は、クスノキです。市内に文化財のクスノキがあるからでしょうか。\nhttps://t.co/tcFQYjN \u3000#osaka #suita'
文化財,'呉は世界の観光都市になれる！ 昭和レトロとモダニズムは世界の無形文化財に匹敵する散歩道観光地になる！世界に情報発信しようぜ！！｜宇多嶋翔の写真日和  https://t.co/xRpRSfLzaT'
文化財,'&gt;岡山県真島郡鎮津村\n飛鳥時代に王宅(おうたく)という渡来系の中国人が開いたのが始まりとされる。奈良時代になって開かれた永仁明寺(えいにめいじ)は重要文化財に指定されている。 https://t.co/XaTS7H6AEk'
文化財,'市文化財「長屋門」全焼、焼け跡から1人の遺体\u3000栃木・さくら | 毎日新聞\n旧足利家長屋門だったそうです。喜連川家の関連だったのかな。残念。 https://t.co/L4rlApnWuT'
文化財,'だから美術館行こう刀剣見に行こう！とかそう言う話じゃないよ。刀剣乱舞をみんながみんなそれぞれの見方で盛り上げていくことが、文化財を支えることに繋がっているのが素敵だなと感動したの😌'
文化財,'🎃の「あのね」を重要文化財に登録させようの会を設立しようかな'
文化財,"'動物を守る法律がほぼゼロとか…\n\n動物愛護管理法、鳥獣保護管理法、種の保存法、文化財保護法,etc.\n地域によっては希少種や文化財を指定している条例だってありますよ\n\nデマを流さないで下さいよ！！'"
文化財,'桧山れなの絶対領域は今すぐに世界遺産に登録するべきだね\n\n世界遺産は、1972年のユネスコ総会で、採択された「世界の文化遺産及び自然遺産の保護に関する条約」に基づいて世界遺産リストに登録された、文化財、景観、自然など、人類が共有すべき「顕著な普遍的価値」を持つ物件のこと'
文化財,"""@Ken43468671 トリシューラの収集はかなりの修羅の道:(；ﾞﾟ'ωﾟ'):\n揃ったら重要文化財認定ですね✨✨"""
文化財,'執筆担当は、木曽福島の文化財をやられてた方だった。\nおそらく、今田哲夫氏が東京の徳川林政史研究所で写した写真の類だろう。旧木曽福島町に提供された記録はあるものの、現在見当たらないという、その資料だろう。\n\n蘇門の木像といい、遠藤五平太の肖像がといい、行方不明ばっかり'
文化財,'自分の大学時代の専門が少し噛んでいて、有形文化財の現状については建造物に知識が偏ってはいるのだけどね💦ずっと先まで残っていくといいなと思うモノや景色を、支えられるって素敵だなという充実感がとうらぶやっていて確かにあるんだよね〜🌸'
文化財,'国宝や重要文化財は国が税金を充てて守っているけれど、その評価軸で指定・登録までいかなかった刀剣たちは？同じ所蔵の文化財にあやかるか、自分で稼ぐ、その他色々工夫してお金を集めなくちゃいけない。刀剣乱舞をやっていて、それを少しは支えてるかもしれないんだと思えたことがとても嬉しかった。'
文化財,'モノを観に行く行為を「会いに行く」に落とし込むことができたのがとても大きいと思っていて、もう一度行こうという気持ちを引き出しやすい。もちろん刀剣乱舞以前にもリピーターはいたと思うけど、美術館や文化財にとっては何割がリピーターになってくれるのかはとてもシビアな問題だと思う。'
文化財,'自分が刀剣乱舞に感動した点はいくつかあるけれど、中でも文化財を保護・保全していくためには難題の、集客のサイクルを支えている所にある。観光名所や文化財指定の建造物なんかにも言えることだけど、リピーターのつかない文化財は自分で維持費を稼ぐことが出来ないので色々と大変...'
文化財,'@POXVayIZirIRnug ネフライトさん、奥州市と北上市に行かれたのですね！\u3000埋蔵文化財センターの二階入り口の朝廷軍の兵士、怖いですよね。'
文化財,'武蔵野ふるさと歴史館の「武蔵野の中世」パネル展示を見てきました。小規模ながら丁寧な解説。\nただこれだけを目当てに行くと、物足りない。\n小金井まで足を延ばして、浴恩館公園の文化財センターとか江戸東京たてもの園（今はコロナの影響で休園… https://t.co/N6w17oTWcG'
文化財,'国の登録有形文化財と近代化産業遺産に認定されているサイロ…\n\n小学校の遠足でクラスメイトが壁にオシッコをかけました😳\n\n#一眼レフ\n#Canon\n#写真好きな人と繋がりたい \n#ファインダー越しの私の世界 \n#額装のない写真展… https://t.co/OmEzhroP85'
文化財,'呉を世界の観光都市にしよう～～昭和レトロとモダニズムは世界の無形文化財に匹敵する散歩道観光地になる！世界に情報発信しようぜ！！｜ 宇多嶋翔の写真日和  https://t.co/5dQzg3TPiu'
文化財,'🐍様プロはもう無形文化財にしよう'
文化財,'@Kuchi_Kire たしかに文化財！ですね✨'
文化財,'呉は世界の観光都市になる！昭和レトロとモダニズムは世界の無形文化財に匹敵する散歩道観光地になれる！世界に情報発信しようぜ！！｜ 宇多嶋翔の写真日和  https://t.co/sjxl9yEG4o'
文化財,'「文化財を修復する際には、制作当初と同じ材料を使わなければならない」というある種のデマがあるのだが、この仏像のような焼損文化財の修復や安定化がまさに良い事例で、当初の材料では不可能で、現代の合成樹脂が不可欠な処置もある。天然材料か… https://t.co/3hdsAKSmP8'
文化財,'@kae1moe これは重要文化財……いや、国宝ですな🥰✨\n可愛すぎて、、、ありがとうございます🙏🏻'
文化財,'「博物館と文化財の危機」/人文書院\n\u3000地域の小さな博物館から国の文化財政策まで、理念の話から現場の話まで幅広く扱われていてとても興味深かったです。\n\u3000確か地元にも古い民家を使った資料館みたいなのがあったはずなので落ち着いたら行って… https://t.co/255kzjtWVv'
文化財,'@daruma1021 youtubeで先程知ったこの火災情報、\nチャイナ；文化財の村がほぼ全焼；#翁丁村（ #ワンテイン村）；2021.2.14.17:40出火（現地時間）\nこの中国南部の地は高野氏著書「#アヘン王国潜入記」で登… https://t.co/JcTrDO4z4Q'
文化財,"'綿業会館 (重要文化財)\n設計：渡辺節建築事務所 (渡辺節, 村野藤吾)\n竣工：昭和６年\n#近代建築 https://t.co/clMFEo3dI9'"
文化財,'私は天皇制は要らないと考える人間ですが、有形無形の文化財としての価値まで否定はしません。女性天皇、女系天皇のみならず養子まで認めようというこの本は究極の「皇室擁護本」と言えると思います。 https://t.co/oZKyyJDTXk'
文化財,'@123man33 国の重要文化財？らしいので仕方なしですねー💦'
文化財,'呉を世界の観光都市にしよう～～昭和レトロとモダニズムは世界の無形文化財に匹敵する散歩道観光地になる！世界に情報発信しようぜ！！｜ 宇多嶋翔の写真日和   https://t.co/5dQzg3CdTU'
文化財,'ソース\nhttps://t.co/4D2YLaSmlQ\n\nまた、昭和32年に東京動物園協会の理事にも就任されているので、その関係があり多摩動物公園で保全活動が始まったのではないかと考えました。\n\n文化庁から文化財に指定されているのも大きいと思われます。'
文化財,'阿蘇神社\u3000国重要文化財の楼門\u3000組み立て始まる【熊本】 https://t.co/nTV39wkkrs'
文化財,'呉は世界の観光都市になる！  昭和レトロとモダニズムは世界の無形文化財に匹敵する散歩道観光地になれる！世界に情報発信しようぜ！！｜宇多嶋翔の写真日和  https://t.co/sjxl9yEG4o'
文化財,'@popodazo4649 重要文化財に指定されてる民家でした✨中はとても広いです🤩'
文化財,'なんであすみさんの宝塚メイクを重要無形文化財に指定しなかったん？？？🧐'
文化財,'@kazu061010 もはや国宝だと思ってるので🥺\n歩く重要文化財っす🥺'
文化財,'アフガニスタン：ターリバーンがガズニの村で発見したという膨大な金塊や金貨、黄金の彫像ですが、ターリバーンの文化委員会が文化財として保管するそうです。明らかにエジプト製の彫像もありますが、交易で輸入されたものでしょうか。\nhttps://t.co/ZQru5DQWqv'
文化財,'エッサッサと東農大の大根踊りは無形文化財だと思う。'
文化財,'「土蜘蛛」リズミカルに、久々の迫力\u3000重要無形民俗文化財「嵯峨大念仏狂言」京都で公演 - 京都新聞\nhttps://t.co/7wf9GvCyu2'
文化財,'【駿府城天守台発掘計画】なぜ文化財は破壊されたのか（前編） https://t.co/OKLspgrwRm #駿府城 #天守 #天守台 #天守台発掘 #文化財 #破壊 #徳川 #3分休憩'
文化財,'@Flieger39207963 文化財クラスの見事なアヘ顔でございます🙇\u200d♂️'
文化財,'#考古学のおやつ 2/2\n→青銅器時代の人々が高地も生活の場としていたことを示す。蔚山文化財研究院の調査。\n[연합뉴스 (@yonhaptweet)]'
文化財,'このまま学芸員でいくか、文化財に注力するか、他地域にも手を広げるか、転職するか。いろいろ選択肢はあるわけだけど、より広域的な仕事をしたいという気持ちはある。県なり財団なりなんなり。いまのまま、そのポジションをねらいに行くことも、やり方次第では不可能ではないんだけど。'
文化財,'2月22日～の「ウィークリーみのかも」は\n☑山手幼稚園\u3000年長音楽リズムミニ発表会(午後の部）\n☑文化財防火訓練\n☑山之上まちづくり協議会\u3000薪わり大会\n\nをお届けします！ぜひご覧ください！\n#ccnet #美濃加茂市 #幼稚園… https://t.co/ZaeFxBwYSI'
文化財,'佐久市にある旧中込学校は、明治時代はじめに建てられた小学校の建物が今も大切に残されているの。洋風建築で、その貴重なことから国の重要文化財に指定されているわ。'
文化財,'@etrangerdisney 実は重要文化財に指定されてるの（ガチ）'
文化財,'呉は世界の観光都市になれる！昭和レトロとモダニズムは 世界の無形文化財に匹敵する散歩道観光地になる！世界に情報発信しようぜ！！｜宇多嶋翔の写真日和  https://t.co/xRpRSg3azt'
文化財,'@bouz_com そうだよおおおー！！！\n超一級レアレアプレミアムレア人物世界遺産な1枚だよ✨😂笑（有形民族文化財は笑ったw）'
文化財,'【宮崎神宮①】\n御祭神は神日本磐余彦天皇（神武天皇）\n本宮は神武天皇の孫にあたる健磐龍命が九州の長官に就任した際に祖父である神武天皇のご遺徳をたたえる為に鎮祭したのが始まりと伝えられちょっちゃが。現在の社殿は明治四十年に建て替えられたもので国登録有形文化財に指定されちょっじ'
文化財,'@WacafeHinataya 足利で火事が最近多いのかしら？\n\n自然がまだ多く残っているし、文化財もあるから心配になりますね…'
文化財,'@M71769758 こんちくわww🤣\n有形文化財！すご！！おしゃれなわけだね👀👀\nあ、やっぱ人気だからお客さんも多いんだぁ。そうだよね、スタバだもんね😂\nいい朝の過ごし方したねー！✌'
文化財,'学芸員や文化財専門員の数もかなり違うと思う。 https://t.co/biGezo6XyC'
文化財,'今日は天気が良かったので、ざつ旅にも登場した常陸太田まで行き止まりコレクションに行きました。\n歴史ある市街があるとは認識してましたが……昔ながらの町割りが残り、そこかしこに文化財が転がってたり、少店舗が今も機能を保ってたり、想定よ… https://t.co/QRdWJfXE7x'
文化財,'『日本の世界文化遺産』\u3000古都奈良の文化財。（奈良県）（1998年12月）'
文化財,"'神戸市西区の遺跡 / 神戸市教育委員会文化財課 編.\n神戸 : 神戸市教育委員会文化財課, 2020.3.\nhttps://t.co/MmjJcxVmHs'"
文化財,'マジ名古屋市内の大学通ってる人みんな徳川美術館行って\n重要文化財がタダで見れます 刀も着物も源氏物語絵巻も全部タダ'
文化財,'ワイ審神者はべつに人間の生き死になんかどうでもよくて文化財があるがままに保全できりゃそれでいいんです\n骨董好きな理由がまさに多かれ少なかれ降り積もった物語にロマンを感じるからだし(\u3000◜ᾥ◝\u3000)だから損なわれたことも含めて捻じ曲げることはゆるせない'
文化財,'聖ヨハネ教会堂［重要文化財］\n\n2021.02.21 犬山 博物館明治村\n（旧所在地：京都市下京区河原町通）\nPENTAX K-3II / PENTAX KP https://t.co/37yn5Zesn6'
文化財,'歌仙ちゃんがいる永青文庫も、護立氏が設立したらしいです。文化財保護に積極的な方だったんですね…'
文化財,'2021活動記録 遊び場0 城0 社寺19 公園24 遺跡/古墳6 美術館/博物館/展覧会/イベント2 景勝地0 文化財/近代建築65 展望施設2 動物園/水族館0 体験0 牧場0 マンホールカード1 ロゲットカード2 公共系カー… https://t.co/mzdBzgZlJ9'
文化財,'@azusa_cheera 解体され現存しませんが、国立駅舎は市の「指定有形文化財」となり、2018年に復元・再築されたのは記憶に新しいところ。\n\n#練馬区 にあった西武線のモダン駅舎も、こうして生き延びる事ができたら……国立のよ… https://t.co/8oNDHTI0WJ'
文化財,'@knfrtainut214 オタクの早口…それは無形文化財…(違)'
文化財,'『ブレスト』\n対面は、付箋やボードに書き出したりして案出しをしていきます\n\nオンラインでは、\n専用アプリで代用‼️\nリモートで付箋が動く様子がなんとも可愛いいww\n\n写真は地域活動の様子\n文化財の古民家を活用した地域イベントで映像… https://t.co/hiO5LqSqgO'
文化財,'肉の安田屋｜猪肉の味噌漬はジビエ好き必見！登録有形文化財の店舗も見どころ【埼玉県秩父市】\nhttps://t.co/q6ukZbuqxr'
文化財,'笑オオサカ、ガチの無形の文化財になっちゃったよ\n\n#ヒプマイ2ndバトルライブ'
文化財,'呉を世界の観光都市にしよう ～～ 昭和レトロとモダニズムは世界の無形文化財に匹敵する散歩道観光地になる！世界に情報発信しようぜ！！｜宇多嶋翔の写真日和  https://t.co/5dQzg3CdTU'
文化財,'とりあえず勉強して\n文化審議会文化財分科会に入って\n鈴野末光を国宝にする議案書を提出してきます https://t.co/eGvbaUZyWH'
文化財,'@MrwC3VOJBbUmdHE 伝統的な文化財だね🎵'
文化財,'髪の話は後世まで語り継がれるべき\n重要無形文化財なんよ'
文化財,'無形の文化財…。'
文化財,'金重陶陽[人間国宝]\n重要無形文化財「備前焼」の保持者として1956年に人間国宝に認定された。その功績は計り知れず、自身による優れた作陶だけでなく、多くの優れた弟子の育成、人気の低迷していた備前焼の復興など多岐にわたる。https://t.co/1yqBovLKrw'
文化財,'呉は世界の観光都市になる！昭和レトロとモダニズムは世界の無形文化財に匹敵する散歩道観光地になれる！世界に情報発信しようぜ！！｜宇多嶋翔の写真日和   https://t.co/sjxl9yEG4o'
文化財,'（承前）一応魔術的リアリズムの流れに位置づけられる作品らしいが、「魔術」要素は打破すべき迷妄旧弊と貴重な文化財の両面性を備え、過去数十年の農村の政治状況を照射し、なおかつあらゆる方面から論理的に攻略されて、全体としてはむしろ政治的リアリズムの極北みたいな趣きが強い。'
文化財,'日蓮宗大本山、中山法華経寺（千葉県市川市）1260年創立、重要文化財がたくさんあります。長い参道を抜けると屋根が二つあるような祖師堂があり、比翼入母屋造りというそうです。（日本に二か所だけ）日蓮聖人が利用したといわれる井戸もありま… https://t.co/2vh3mY1r7S'
文化財,'ついでに言うと、リリース開始当時、刀剣男士のデザイン(イメージ)元になった物の中には､「日本刀ですらなかった物(※)」もありましたね。\n\n(※その燭台切光忠は、文化財分類上は「焼けて黒焦げになった棒状の鉄の塊」だった。日本刀として登録されてからは、まだ二年にも満たない)'
文化財,'重要文化財 旧十輪院宝蔵（校倉）\n人知れずたたずむ校倉。\nせっかくたてもの展に来たからには観ておきたいもののひとつ。\n#トーハク\n#古建築 https://t.co/ClVJJbRQnM'
文化財,'なんか奈良って役所vs県民という感じはする。\n文化財保護と観光で食って行きたいから規制すんな！みたいな？ #雑'
文化財,'「土蜘蛛」リズミカルに、久々の迫力\u3000重要無形民俗文化財「嵯峨大念仏狂言」京都で公演（京都新聞） https://t.co/zqGMgeR6Sb'
文化財,'八戸のえんぶり\n青森県八戸市\u3000長者山新羅神社\nえんぶりとは豊作を祈願する行事で田植踊りの一形態\n田の代をならす農具＝えぶりを持って踊る\n太夫と呼ばれる舞い手が\n馬の頭の形の烏帽子を被り踊る\n烏帽子は鮮やかなタテガミが\n田の神の依代… https://t.co/sMbMqzVopy'
文化財,'@Ooo_____e_chan 、、、県の重要文化財に認定❕'
文化財,'天気が良かったのでブラブラと箱根湯本を散策して、なんとなーく入ってみた箱根郷土資料館がめちゃ面白かった！入館料250円(ネット割引利用)で長居してしまった。箱根の歴史を知って国指定登録有形文化財に宿泊して温泉入って、有意義な旅にな… https://t.co/2RBquqisqb'
文化財,'@r_kofun 情報ありがとうございます。\nやっぱり気になリますよね。\n八千代市は文化財保護はしっかりしているので結果が楽しみです。\n一年後には簡単な報告は出るかもしれないですね。'
文化財,'ホームページ拝見しました✨\n三朝町の文化財を見に行きたいと思いました😊神秘的です⭐ https://t.co/pW4ylSsOQ8'
文化財,'今回の曲でさぁさぁ皆さんどうぞどうぞ〜〜！と招き入れているのが、「ほかのどこぞのdivを万が一 応援しとったらツッコんだる漫才師がワイや！」と宣うように 招き入れた方々の心をどついて落とすだけの魅力十億点満点の無形文化財(予定)な… https://t.co/RwAUT0Oo31'
文化財,'こんな感じで写真撮るには3人おらんと無理じゃの～。\n子供は言うこと聞かんけん不可能じゃし・・・\n\n写真だけじゃのうて神社の由来なんかも調べたりして歴史散策しても面白い。近くには”浅野家代々のお殿様のお墓”や”国指定重要文化財 宗光… https://t.co/G56wU6dtvF'
文化財,'四日市市滝川町の近代建築（１）\n所在地：三重県四日市市滝川町７−２\n竣工：戦前？\n文化財指定：なし\n#近代建築 #歴史的建造物 #建築 #レトロ #四日市 #滝川町 https://t.co/zUctGokuGs'
文化財,'祖父が幹部の特攻隊として\n満州へ家族を連れて行っていた\n満州の戦地です。\n\nそして祖父は満州で戦死しました。\n\n戦争は二度と起こしてほしくないですね。\n★祖父の実家は、現在\n奈良橿原市の文化財になっており\n《 八木札の辻交流館… https://t.co/dEnZCj53wg'
文化財,'@happiness_human 博物学に文化財、サラ金の歴史まで、色々な側面から心が豊かになりそうです…！'
文化財,'@tubo_mikankan @Tsukasa_1013 分かります！ 同じ司君最推しとして、この子を保護しない手は無いです！ まさに国宝!! 重要文化財ですよ!!'
文化財,'呉は世界の観光都市になれる！ 昭和レトロとモダニズムは世界の無形文化財に匹敵する散歩道観光地になる！世界に情報発信しようぜ！！｜宇多嶋翔の写真日和  https://t.co/xRpRSg3azt'
文化財,"'■船岡温泉\n\n有形文化財…圧巻の銭湯\n\nマジョリカタイルに、露天から見える錦鯉\nなんだろう。この感じ\nそうだ、千と千尋みたいなのです\n\n迷い込んじゃった感じ。\nサウ... (＠ 船岡温泉 in 京都府, 京都市)… https://t.co/KMte1wnpwP'"
文化財,'建物が国指定登録有形文化財だそうで、どこもかしこもレトロで綺麗に手入れもされてて素敵。部屋の内風呂は使わなかったけどタイルが可愛くて懐かしい。\n #塔ノ沢一の湯本館 https://t.co/znHbsXb7KM'
文化財,'この漫画が国宝2021！！！！！！！！！！師弟文化財！！！！！！！！！！！！！！！！！！！！！カワイポイントをボイジャーくんに4000兆点！！！！！！！！！！！！！！！'
文化財,'埼玉県\u3000国登録有形文化財\u3000見学案内付きリスト\u3000（訪問済み） | 近代文化遺産見学案内所（近代文化遺産見学案内所） https://t.co/IByvOK5oUK'
文化財,'#大分 の筏場目鏡橋県文化財解除\u3000豪雨で石材戻らず\u3000朝日新聞 #日田 https://t.co/oNo7nPZy6m 県有形文化財「筏場目鏡橋」の指定解除\u3000昨年7月の豪雨で流出し、回収できた石材では復元が不可能だと判断\u30001806年… https://t.co/9tE4qkEz4v'
文化財,'陸奥上街道\n国指定文化財。\n天王寺追分から真山御上までの約１２ｋｍ。平泉への幹線道路\n源頼朝の軍勢や松尾芭蕉が通った歴史の道である。\n熊にもご注意ください。\n#大崎市岩出山'
文化財,'「岩瀬文庫」(古書専門の博物館)名古屋に居た頃何度となく行ったな…書庫(登録有形文化財)のあの佇まいが好きでした'
文化財,'やっぱり静岡市の文化財資料館は新しくできる歴史博物館に統廃合されるんだねぇ。（広報しずおか2月号） https://t.co/6krw6b4xxf'
文化財,'震度6強の地震 文化財など87件に被害 国宝や世界遺産も https://t.co/gxFNOlnOAo'
文化財,'子供や大人が作り出した、子供の遊びや文化活動を児童文化といいます。またそれにかかわるものを児童文化財と呼びます。'
文化財,'@tikurin_leaf 文化財になっちゃってるんだ…でも見学できるの凄いね～行ったら隣でお酒買わなきゃ…\n飛行機で行く距離かぁ結構遠いw'
文化財,'@_ymmtym 大学時代に文化財の保護や実測の勉強をしてたのでそういうの大好物です🙋\u200d♂️\n可能であれば見学させていただきたいです🙇\u200d♂️'
文化財,'西大寺のお札、煎餅、いただきました。\n室町時代から続く国の重要無形民族文化財、【西大寺会陽】\n裸の男が宝木を奪いあい福をとる裸祭り。\nこの祭りが終わると、一気に春らしい気候になりますね。 https://t.co/GPkz3x037Y'
文化財,'重要文化財での展示のコツがなんとなく分かったから次はパワーアップできるな🌟'
文化財,'3，銀魂（実写）\n堂本剛のおみ足を拝むための映画。剛くんってすね毛濃いんだけど、それをキレイに剃ってつるんとしたおみ足姿をあらゆる角度で拝見できるとても貴重な文化財。普段ゆるキャラ剛くんが高杉というシリアスな役を演じているのも良い。好き。ここでしか得られない栄養がある。'
文化財,'@pencha_a 何で触ればいい？？国の重要文化財だよね？？？'
文化財,'旧岩崎邸庭園（東京）東京都公園協会、重要文化財、ジョサイア・コンドル 設計 https://t.co/DvPncfdg1W'
文化財,'私が小学二年生の時に、興味ある四字熟語として「温故知新」をクラスの前で発表した。今考えると、それってまさに、文化財が担う役目なんだよな🤔'
文化財,'#大阪 天王寺公園にある市立美術館。昭和11年築の登録有形文化財。 https://t.co/WSb2tOeCqZ'
文化財,'呉を世界の観光都市にしよう～～昭和レトロとモダニズムは世界の無形文化財に匹敵する散歩道観光地になる！世界に情報発信しようぜ！！｜ 宇多嶋翔の写真日和  https://t.co/5dQzg3TPiu'
文化財,'『城郭考古学の冒険』のご書評を賜りまして、ありがとうございます。城跡ほど市民に開かれた埋蔵文化財はないと思っています。城跡を訪ねて、歴史を体感する楽しさを広げていけたらと願っています。\n⇒ https://t.co/4KjxpGhwCD #アメブロ @ameba_official'
文化財,'♀‼️\nスク水は日本にしかない重要文化財です(ガミースマイル) https://t.co/k5Ma94AKIP'
文化財,'文化財から江戸の災害を振り返る、岩手県盛岡市で「災害の記憶 ー盛岡藩の被災・救済・防災ー」が開催中 https://t.co/wHDyoKe4eH …もりおか歴史文化館で、江戸時代における盛岡藩領の自然災害の実態や、その対応につい… https://t.co/YG8q7APU36'
文化財,'@itigo15daifuku 後は無形文化財の\u3000＃間々田の蛇祭り\u3000ですねぇ。https://t.co/fZyajSKXdu'
文化財,'母校の先生達が執筆した書籍を発見。震災で被害にあった文化財の保護のために文化財レスキュー活動もしてきた。大変だったろうなと思います。東北メインの通史的な本は今までもなかなか無かったのでは。 https://t.co/vEF3udlER3'
文化財,'やっぱり笑オオサカによりどつが無形の文化財になっちまうな\nhttps://t.co/cER3QDsc5U'
文化財,'ちなみに、日本民藝館の西館長屋門と西館母屋が東京都指定有形文化財に新たに指定されたそうです〜 https://t.co/fivnIDfebz'
文化財,'私がね、文句ばっかり言ってると思ってる人もいると思うんですよ。でもね、誰がメンテしていくんですか？誰が税金をはらい続けていくんですか？誰がずっと大事にしていっえくれるんです？世界的に有名でも朽ち果てていく文化財を沢山見てきたから言えることなんです。'
文化財,'カンタ「シマ兄ちゃん、築2089年の軽量鉄骨のアパートって地震来たら崩れる？」\nシマ「よほどの規模の地震でなければ大丈夫だろう。築2089年なら法隆寺を超える歴史的建造物となるから文化財保護の観点から何かしらの保護対策が取られているはずだ。不安になるのは分かるが、まず落ち着け」'
文化財,'仁清色絵雉香炉[国宝]\n京都・仁和寺門前に窯を構えた野々村仁清の作。本体は開けることが出来、香を入れて香りを楽しむ。通常、香炉と言えば三つ足の丸いものだが、この作品は鳥を模している。彼の作の雌雉の香炉も重要文化財である。\nhttps://t.co/34DTt1F17o'
文化財,'呉は世界の観光都市になる！昭和レトロとモダニズムは世界の無形文化財に匹敵する散歩道観光地になれる！世界に情報発信しようぜ！！｜ 宇多嶋翔の写真日和  https://t.co/sjxl9yWhsY'
文化財,'有形文化財\u3000レトロホテルに泊まる！\u3000オーベルジュ豊岡1925\u3000前編【ホテルレビュー】 https://t.co/xS0x6IQMDd @YouTubeより \n\n3/17\u300022時からの公開です！'
文化財,'普門寺(愛知県)の日常が投稿されました✨\n\n『【日本初！？】国重要文化財 四天王お姿入り御朱印』\n普門寺でお祀りしてる平安時代後期に造像された「国重要文化財 四天王像」に注目した御朱印セットです。\n\n▷持国天＆増長天版：200組限… https://t.co/uuANr39mA5'
文化財,'笑オオサカ が1番救っててまじ無形の文化財になりそうで草www\n#ヒプマイ2ndバトルライブ https://t.co/gYmc8Vyiac'
文化財,'@mitene_h_kdm エロ文化財！(笑)'
文化財,'@Tai_hou_ya いえ、遺跡関連であってます。平城京の埋蔵文化財は豊富な地下水で酸素を遮断されているので腐敗が防がれているのですが、その地下水が減ると発掘する前に埋蔵物が失われる可能性が高いと言う話ですわ。'
文化財,'お母さんと歩いてるとそこらへんのありふれた景色でも文化財がどうのって解説聞ける、かなりすごい'
文化財,'@sumieokazu 御歌頭殿\nにゃんにゃんとは猫の事で御座ろう！？\n猫なれど勇ましき虎を描くとは\n戦国の世で申す狩野派の一族と同じ表現であるな！！\n\n流石は現世の狩野派。\n天晴！！後世に残し語り継げば、重要文化財となろう！'
文化財,'呉を世界の観光都市にしよう～～昭和レトロとモダニズムは世界の無形文化財に匹敵する散歩道観光地になる！世界に情報発信しようぜ！！｜ 宇多嶋翔の写真日和   https://t.co/5dQzg3CdTU'
文化財,'【角館のお祭り】毎年9月7日～9月9日に行われる秋田県仙北市、神明社と成就院薬師堂の祭。 「角館祭りのやま行事」として重要無形民俗文化財に指定されている。 https://t.co/SoVUCuay9L'
文化財,'政治家の人たちってさ\n\n自分のことを\n有料無形文化財\nとかだと思ってんじゃないかなぁw'
文化財,'活動成果発表どうしようかな、文化財がなかったから目標もなかったわけで\n個々が楽しくお絵描きしてたとしか言えない'
文化財,'定期的に文化財に泊まりたくなる'
文化財,'Hedorer 国指定登録無形文化財に指定された親フラCASしろよ。'
文化財,'【ICCROM】\n本部はイタリアのローマ\n通称 文化財保存及び修復の研究のための国際センター （ローマセンターとも呼ばれる）\n不動産や動産の文化遺産の保全強化を目的とした研究や記憶の作成支援、技術者や専門家の養成普及広報活動を目的とする。\n日本は1967年に加盟している。'
文化財,'舞い降りた天使 君の踊る様は 重要無形文化財 「Choosey Lover - 東方神起」'
文化財,'子どもと遊び，子どもの表現活動，児童文化財などに関する知識と技術を習得させ，子ども文化の充実を図る能力と態度を育てる。（高校家庭[専門]―子ども文化：目標）'
文化財,'呉は世界の観光都市になる！  昭和レトロとモダニズムは世界の無形文化財に匹敵する散歩道観光地になれる！世界に情報発信しようぜ！！｜宇多嶋翔の写真日和  https://t.co/sjxl9yEG4o'
文化財,'で、下山後お昼をとってから相楽園鑑賞\n明治期に植樹された現在樹齢250年のソテツとここにしか現存しない江戸期川御座船の船屋形など歴史文化財を鑑賞。 https://t.co/cjpQihOXla'
文化財,'というか、あのmistakeする松井は重要文化財だから、やっぱり全公演円盤にすべき。'
文化財,'魘夢さんの細いくびれを有形文化財に指定したい'
文化財,'#FF14 \n#エタバン 記念日\n\n今月はシャインシルバーで染色したっぺよ~♪\n2月18日がちょぎさんの重要文化財指定記念日だったから、それにちなんでちょぎさんの髪色に染めたっぺな\nなかなかのシリバーっぷりだったっぺよん https://t.co/Q4x5Nd5nwZ'
文化財,'@shimmer_rh アシさん、市公会堂でライブされたことあるのね。あそこは国の登録文化財で、ステキな建物です！\n…私、20日のテナーライブ、キャンセルしてしまいました…もう、悩みに悩んでの決断。ちゃんと安全基準も満たしていて心… https://t.co/z8YJf2vZZv'
文化財,'ほんと、家買うとき地盤大事\n震災の時の揺れが、低地のうちと高台の実家で全然違った！\n低地は水も出る💦\n建売りとかで低地の価格が安いのはそうゆうこと\nハザードマップ確認して家探そう\n他に埋蔵文化財包含地も要注意💦 https://t.co/Aa3d7icxuy'
文化財,'@Celine1356 (՞ةڼ◔)＜マジかよセリーヌそれは草\n\n(-_-)ｼｭﾝ\n\n何をおかしなことを言っているのだ。俺達は所詮資本主義社会の下で動かされている存在なんだ。無駄なことはしていられない。闘わねばいけない。\nゼータ関… https://t.co/KRRofEAlOM'
文化財,'禹歩してるリンボさん、無形文化財だから見て。ノーベル平和賞も受賞してる。世界遺産でもある。(うるせえ) https://t.co/mzfn6IxvxO'
文化財,'@xrxoxcxox でもメンテナンスできる人がいないと文化財を維持できないんですよね。\nIE対応を力技でやっつけるのは木組みを無視して釘を使うとか、万里の長城をコンクリで固めるやり方かもしれません。\nエンジニア界隈のCOBOLも割とそれっぽい。'
文化財,'猫千夜は無形文化財'
文化財,'何度見てもえちちで最高なんだな…\n羽責めとちくばんは後世に語り継がれなければならぬ文明…つまりホー炎は文化財ということなんですね〜！保護しましょ！'
文化財,'自分の頭に描ける範囲の好みだけの絵なら、感動できる自分にない部分持ってる想像を乗せてもらってこそコラボよね\n\n俺はオーダーより上なんじゃないかって世界を感じながら自分の着物と一緒にMariko.T氏と戦った数時間に感激に溢れてます… https://t.co/ZvsNAuNUof'
文化財,'オランダ政府は、略奪文化財を返還する方針を発表したようです。\n\n#ポーランドボール\n#polandball https://t.co/j1PXAHkBjr'
文化財,'@livedoornews 作品の文化財'
文化財,'もうラウドネスやアンセム、コンチェルトムーンとかサーベルタイガーはジャパメタ重要文化財だよなー。'
文化財,'@shiguretont あとなんかあって破損したりした場合に修復するのに一々役所にお伺い立てないといけなかったり色々と面倒な事が増えるので、現役で使ってる物だったりすると文化財指定断るとこもあるんだよね。'
文化財,'え！？子犬かと思った🤦\u200d♀️💦💦どうしてそんな可愛いの？？？？色も形も最高か！？人間国宝ならぬ犬国宝やろ、重要文化財よ！？明日はわんわんの誕生日なので盛大に祝おうと思います、ビバ愛犬家！ちなみに明日で12さい https://t.co/U0WTY9Ktoe'
文化財,'＞松村さんのつつじ森が絹のようなお肌で羽扇のような睫毛を持つ美麗な無形文化財のあまり夢女になりました。もちろん、ささろは主食です。\n\n顔面国宝〜〜〜⁉️最後の一言に強い信頼を感じる。最期の日は一緒につつじ森を画面越しに撫でて過ごしましょう'
文化財,'佐久市にある旧中込学校は、明治時代はじめに建てられた小学校の建物が今も大切に残されているの。洋風建築で、その貴重なことから国の重要文化財に指定されているわ。'
文化財,'呉は世界の観光都市になれる！昭和レトロとモダニズムは 世界の無形文化財に匹敵する散歩道観光地になる！世界に情報発信しようぜ！！｜宇多嶋翔の写真日和  https://t.co/xRpRSfLzaT'
文化財,'天洲寺聖徳太子例大祭（埼玉県行田市）にて参拝させて頂きました。聖徳太子の命日2月22日（旧暦）に開催されこの日のみ国指定重要文化財の「木造聖徳太子立像」が御開帳されます。武将隊を退いた後も伺える年は伺っております。行田愛は忘れず。… https://t.co/MWZrED4KlG'
文化財,'吉川弘文館のPR誌『本郷』2021年3月号（通巻152）が土曜日に届いていた。連載「仏師と仏像を訪ねて」第19回として「定快」を書いた。東京都の文化財指定を受けたばかりの奥多摩町・杣入観音堂十一面観音菩薩像を初紹介することになった… https://t.co/SOjlBPFCxF'
文化財,'@Juliano_0926 外国人が日本の文化財を見た時どこに興味を持つか、っていうのを研究した、あるいは声を集めた結果だと思います。我々もたとえばヨーロッパの石膏像とかを見た時「いつできたか」よりも「これって何」って興味が先に来ると思うんですよね。多分そういうことだと思います。'
文化財,'『日本の世界文化遺産』\u3000古都奈良の文化財。（奈良県）（1998年12月）'
文化財,'めちゃえっち\n最高\n重要文化財😭✨'
文化財,'オンラインサロン「アトリエから-from_kita.yoshihiro-」を開設したいと思います。3月以降の開設で、隔週開催を予定しているサロンの内容は日本画解説・授業などとなる予定です。月額980円の会費は主に首里城再建や琉球画… https://t.co/jeYVxWf4Oc'
文化財,'ＪＲ“文化財の建物も建替対象”｜NHK 香川県のニュース   https://t.co/71lrUdM9Ed\n\n＞工場の建物のうち７棟は明治から昭和２０年にかけて建設され、日本の近代化の過程を伝える遺産だとして、平成２４年に国の登録有形文化財になっています。'
文化財,'重要文化財の山寺は落書きが沢山'
文化財,'金多豆蔵は中泊町無形民謡文化財です #金多豆蔵応援隊'
文化財,'ＢＯＮＥ〈骨〉―貝塚で知る生命の証」が３月７日まで\u3000埋蔵文化財センター\n行ってこよ'
文化財,'【木造十一面観音 立像】\n大字佐谷字観音谷の建正寺内にある、町指定有形文化財。昭和53年4月1日指定。室町時代に作られたものだと考えられており、元禄2年に佐田文蔵系の仏師により修繕がなされた。像高は122.2cm。 https://t.co/OebqRav0rQ'
文化財,'中山道沿いにある旧本庄商業銀行倉庫は明治27年頃に繭や絹糸を保管するために建てられたもので、国の登録有形文化財になってるんだ。ちょっと前まではローヤル洋菓子店の店舗として利用されてたんだけど、今後はどうなるんだろうね？'
文化財,'ロボットアニメで挿入歌と共に主役機が覚醒する展開は非常に重要な文化なので、無形文化財に指定すべき。'
文化財,'【日下部民藝館クラウドファンディング開始】新型コロナウイルスの影響でお客様が激減してしまった国の重要文化財日下部民藝館と吉島家住宅。一般公開を続けるための運営費を募っております。どうか皆様のお力をお貸しください！https://t.co/FkQY9mzAF3'
文化財,'呉を世界の観光都市にしよう ～～ 昭和レトロとモダニズムは世界の無形文化財に匹敵する散歩道観光地になる！世界に情報発信しようぜ！！｜宇多嶋翔の写真日和  https://t.co/5dQzg3CdTU'
文化財,'@hu_atu イギリス育ちなのでUK文化財だね☆(´&gt;ω∂`)'
文化財,'[観光地でのルール  猫の日版]\n\n仏像や文化財、猫さんなどに勝手に触れたり、しっぽの上で寝たりしないようにしましょう。\n\n#北はりま\n#家トラベル\n#妖怪添乗員\n#家を楽しむ\n#猫の日 https://t.co/2LpTJD5kVC'
文化財,'葆光彩磁珍果文花瓶[重要文化財]\n大正時代、板谷波山の作。たっぷりとかけられた葆光(ホウコウ)彩釉が、緻密に描かれた文様を言葉通り包み込み、朝霧のように輪郭をぼかし、幻想的な空気を生み出している。https://t.co/6C9TU7cCyc'
文化財,'呉は世界の観光都市になる！昭和レトロとモダニズムは世界の無形文化財に匹敵する散歩道観光地になれる！世界に情報発信しようぜ！！｜宇多嶋翔の写真日和   https://t.co/sjxl9yEG4o'
文化財,"'＜ #京大英語の過去問 ＞\n\n英訳せよ。\n\n私たちは周囲にあまりにもたくさんある文化財になれっこになって,その存在を当然のように思いがちである。しかしほんとうは一つ一つの文化財は,それを維持するために尽くしてきた数多くの…(続きは… https://t.co/s3d9EKMEr3'"
文化財,'[観光地でのルール  猫の日版]\n\n仏像や文化財、猫さんなどに勝手に触れたり、耳で突き刺したりしないようにしましょう。\n\n#北はりま\n#家トラベル\n#妖怪添乗員\n#家を楽しむ\n#猫の日 https://t.co/n7IigL3j8V'
文化財,'文化財は飾りっぱなしにしておくと傷んでしまします。空気中の埃（煙草のヤニなども）による汚れ、光による退色、高湿度な場所ではカビ、低湿度ではひび割れなど。壁にかける部分に負荷がかかりそこから壊れることもあります。作品の材質に適した展示方法で期間を定める必要があります。'
文化財,'ただいま帰宅中。\nもう自分は文化財とは関係のない人間なのに、旧軍の何かを掘るというと、つい発掘調査を連想してしまう。文化財の世界から足を洗ったのに…。\n図面なども厳密なモノを求めなければ別に良くね？？'
文化財,'ＪＲ“文化財の建物も建替対象”｜NHK 香川県のニュース   https://t.co/I6yac7XR97'
文化財,'結構な値段になったな\n\n【LIG】岡山県出土 古墳時代 古代直刀 98.5㎝ 明治5年 文化財級希少品 [.QWO]02 https://t.co/uLhDcICfI0'
文化財,'@han_meg_han 東映のロゴが昭和感すごいですね。重要指定文化財になってもおかしくないような気がします'
文化財,'私は創作の世界には足を踏み入れていないので、史実をあたることが創作を遮るかもしれないと聞いて割と衝撃でした(´・∀・｀)\nどちらかというと、文化財の啓発と保護の観点から前回の山鳥毛のやつ作ったので…\n資料を見て創作に活かしてもらえ… https://t.co/73jLfJYNTa'
文化財,'大正12年建造の岡山の登録有形文化財、禁酒会館の1階にはラヴィアンカフヱが入っていておすすめ。\n\n中庭には岡山城の石垣もあって歴史的だし、おしゃれでレトロな店内ではコーヒーとカレーが楽しめる 😁😁\n\n#岡山 #近代建築 #レトロ… https://t.co/a9xhtsbedi'
文化財,'今日の一曲\n「君の瞳を巡る冒険」\n\n本家に収録されていないので創作譜面となる。梨子ちゃんがセンターを務め、リアル脱出ゲームのテーマソングともなった。\n復刻されたら迷わず私も謎を解きに行こう！🐬✨💎\n文化財学を専攻していた時に、歴史… https://t.co/aT6PteS9ef'
文化財,'弘道館に行ったら配水塔（登録有形文化財）もぜひご覧になっていただきたい。\n\n画像では遥か遠くに見えますが、弘道館の目の前です。\n\n参考リンク➡️ https://t.co/1q6qQgG4Ok https://t.co/8zIZpJgfut'
文化財,'#猫の日 \n福岡市埋蔵文化財センター https://t.co/9Qu2DEjnNE'
文化財,'本日のお宿は和泉屋さん。\n登録文化財の宿、凌雲閣さんと悩みましたが和洋室と貸し切り露天風呂で決めました。\n昨年リニューアルしたばかりなので部屋はモダンで機能的、コタツもポイント高し。\n料理は味付けが絶妙、食事専用の個室でゆっくり頂… https://t.co/xCzoTFt65u'
文化財,'‥‥ハル子さんの予想じゃ サメジー今ね 文化財にチャレンジ中'
文化財,'#京町屋 のご紹介🌸\n\n📍#十四春旅館 \n・明治42年に建築/有形文化財指定\n・全て異なる個性豊かな8つの部屋\n・朝食のおばんざいが美味しすぎる\n・あたたかい素敵な若女将とスタッフの皆様\n\nレビューをみると“朝食が多過ぎる”しか悪… https://t.co/JmUE7KXf4u'
文化財,'400年前の落書きの和歌が文化財になったのか、'
文化財,'本日は、朝から長崎県 原城の整備活用計画の会議があり、その後、奈良大学の文学部会。夕方からは熊本城の文化財修復の会議という一日。'
文化財,'呉は世界の観光都市になれる！ 昭和レトロとモダニズムは世界の無形文化財に匹敵する散歩道観光地になる！世界に情報発信しようぜ！！｜宇多嶋翔の写真日和  https://t.co/xRpRSfLzaT'
文化財,'岐阜での自然の思い出は\n『永保寺で座禅体験』でしたね〜\n綺麗な草木に囲まれた\n川のせせらぎを聞きながら\n精神を整え、座禅を組む…最高\n\nおすすめ！国宝や国指定文化財も！'
文化財,'鎌倉市、寛政３年製作「報国寺境内絵図」を文化財指定(カナロコ by 神奈川新聞)\n#Yahooニュース\nhttps://t.co/ySjxdlU49H'
文化財,'@_tenbi @YouTube perfumenは無形文化財'
文化財,'京博さんも、文化財（建物）修復中に中の仏像を預かってついでに修復しつつX線その他で眺め回してすごい何かを発見して、重要文化財から国宝にステータス上げてお返しする的なサイクルあるの見るけど、吉野の仁王様はどうなのかな。'
文化財,'「蒼穹のファフナー」 \nの聖地に行くなら\n登録有形文化財の宿\u3000西山本館\n広島県尾道市十四日元町3-27\n#アニメ好きと繋がりたいhttps://t.co/znM3u3sdKl'
文化財,'企画展「西教寺 ―大津の天台真盛宗の至宝―」大津市歴史博物館、10/9〜11/23\n〈西教寺の不断念仏相続十九萬日大法会を記念して、西教寺と市内の天台真盛宗寺院に伝わる文化財を紹介します〉\n年間スケジュールから… https://t.co/cm2IGibWWY'
文化財,'I remember you のバズの美しさはもう重要文化財級ですね https://t.co/Ggx7fLp8SA'
文化財,'京都ってわりと神社仏閣や文化財の周辺も雰囲気あったりお土産屋さんがあったりで「くるぞくるぞ……きたーーー！」感があるのに、奈良って、フツーの住宅街と道路の中に「えっっ！？ここに法隆寺！？」「ここ藤原京跡！？」みたいに教科書で学んだ遺跡が突如登場するのが、いまだに慣れない。'
文化財,'菅政権のアドバイザーアナリスト\u3000デービッド・アトキンソンは日本の文化財を救い\n日本人を殺したいようだ'
文化財,'文化庁  2020年2月22日 広報・報道・お知らせ\n#日本政府 #文部科学省 #文化庁 #政策 #行政 #芸術 #文化 #文化財 #研究 #統計 #学習 #歴史 #教育 \n引用 出典 URL遷移先：文化庁ホームページ\nhttps://t.co/aZ6FrtHJNm'
文化財,'@2yuTlU9TUcIUrX7 ありがとうございます😭\n文化財に関して色んな方々の意見をもらえるのはありがたいんですけど下っ端の職員一人じゃとてもじゃないですけど対応しきれんですね😂'
文化財,'＜山伏国広＞現存する太刀。重要文化財。刃長二尺五寸五分（約77cm）。銘は「銘日州古屋之住国広山伏之時造之天正十二年\u3000二月彼岸\u3000太刀主日向国住飯田新七良藤原祐安」。刀工・堀川国広が山伏修行をしていた時の作。山姥切国広より早い作品。https://t.co/eFoVfbzqjd'
文化財,'📕三井寺長吏、文化財を語る：朝日新聞デジタル \n\n創建から1千年以上続く三井寺は何度も戦乱に巻き込まれ、明治期は廃仏毀釈や文化財の流出もあった。流出したら取り戻すのは難しい。明治期まで寺にあった足利尊氏に関する古文書は、買い戻すの… https://t.co/90two6OKVn'
文化財,'呉を世界の観光都市にしよう～～昭和レトロとモダニズムは世界の無形文化財に匹敵する散歩道観光地になる！世界に情報発信しようぜ！！｜ 宇多嶋翔の写真日和  https://t.co/5dQzg3CdTU'
文化財,'＜ねこみみスイッチ＞\n\nねこ曲は絶対ねこだね！\nやっぱ完全性絶対ねこだよw\n世界を救うのはねこですw\nもうねこのモジュールねこパカさん重要文化財にして下さいwww\n\n#巡音撮影委員会\n＃MLS課題\n #PS4share https://t.co/1W87TGdEY8'
文化財,'多度津も建て替えなのか...\n部品倉庫なんて木造で趣があるけど現実的に限界だよな...\n近代化して安全・効率的な作業する為にも必要不可欠だけど登録有形文化財としての処遇が気になる所。\n#だからあの木造客車移転するのか https://t.co/LUYZsdCyAC'
文化財,'JOKER、ここのシーンのカーニバル(暫定)姿のダンスが美しすぎ有罪文化財指定なのよ\nダンシングクラウンが二匹も映画館にいるすごい一年だった https://t.co/EEXm11hR4B'
文化財,'【４ｋ】重要文化財\u3000旧南部邸のご案内\nhttps://t.co/Qp67ru49V7'
文化財,'サッポロサクラビールが限定発売。\n\n昨年に続き、桜の季節に再発売。\n1913年当時のレトロなラベル。\n香ばしいコクと、すっきりとしたのどごし。\n\n醸造所のあった門司の歴史に思いを馳せ、多くの方に味わって欲しいです。売り上げ一部は赤… https://t.co/pIMbBK0NGv'
文化財,'【４ｋ】重要文化財\u3000旧中村家住宅のご案内\nhttps://t.co/nw6HvvEDlU\n\n私が4Kビデオカメラで撮影しました盛岡中央公民館の中にあります'
文化財,'重要文化財\n円山応挙\n松に孔雀図\n兵庫県大乗寺蔵\n寛政1795年の作品\nかたや備前焼きの作家作品\n織部の釉薬を部分的に使いアクセントに\n色が似てますね🇯🇵🎎\n松の緑に黄金色\n日本🇯🇵の美 https://t.co/lh5nME434B'
文化財,'呉は世界の観光都市になる！昭和レトロとモダニズムは世界の無形文化財に匹敵する散歩道観光地になれる！世界に情報発信しようぜ！！｜ 宇多嶋翔の写真日和  https://t.co/sjxl9yEG4o'
文化財,'昭和27年、李承晩が勝手にラインを引き、昭和39年から韓国の海洋警察が一方的に常駐しているのです。\n食品から技術、文化財、領土まで盗む韓国！許せません！💢\n#竹島は日本固有の領土です \n#2月22日は竹島の日 https://t.co/cHIMwdLtUN'
文化財,'@chuboht 保存会の面々かも。\nそろそろ重要無形文化財に登録しなきゃ。\n\n冗談はさておき、暴走族なんていないほうが良いけど今はバイク買ったりするお金がなかったり走る時間もないのかな？'
文化財,'登録有形文化財は縛りが緩いから、恒久的な保存・活用にはつながりにくい。。。'
文化財,'登録無形文化財『日陰者が陽の者に対してﾈﾁﾈﾁとヘイトと小石をぶつけるインターネット』'
文化財,"'@chun_n 私にも、遺したい伝統文化があります。\n\nできれば縁故など関係なく遺すべき""日本の伝統""を継承する家ごと、国の重要文化財として恒久的に保護して戴きたい、と言う事が本心です。'"
文化財,'■世田谷の歴史的建造物\n\n・国士舘大講堂\n国指定の登録有形文化財。構内中央に建つ大学のシンボル的な大講堂。大正8年築。\n\n・五島美術館本館\n国指定の登録有形文化財。建築家・吉田五十八の代表作の1つ。昭和35年築。\n\n#世田谷'
文化財,'知り合いのある分野の無形文化財保持者の息子さんが以前「伝統なんてその時に誰かがたまたまやってみたやり方が広まってできたもので、今は必ずしもそれが正しいとは限らない」というようなことを語っていた。今もこの言葉を時々思い出す。伝統文化は尊重しつつ常識を疑うことも大切ということかな→'
文化財,'札幌の時計台は本当に綺麗\n重要文化財にふさわしい\nこれがガッカリて感じる人はなんなんだろ'
