変遷,'推しカプとかキャラに求めるものもスタンスも違うみたいだから、求めてたものじゃないなあって思ったら別にすぐにバイバイしてもいいんだよ。あとジャンル変遷とか...'
変遷,'女の子の人気の名前ランキング\u3000ベストテンの変遷（昭和元年～平成30年） https://t.co/hUjjLgQixE @YouTubeより\nおー入ってた入ってた'
変遷,'なろう系の時代の変遷\n\n異世界転生→異世界転移→異世界内で転生→追放見返しザマー'
変遷,'しかし、1年でのお顔の変遷が凄い…Winくん…。初期タイン、中期タイン、後期タイン、Stillタイン、なう、で別人のようだなー！'
変遷,'いっぴき、にひき、さんびきの変遷がかわいい～～～～ってなってきた(？)しぬのか？？？'
変遷,'たった１年で外部コラボにぶっ込まれて、まらいく結成して、後輩７人出来て、フェスに出て、人妻が男児になり、骨なしチキンが王子様になってるのヤバすぎるでしょ。こんなに変遷しまくったＶおらんやろ。半年後もどうなってるか想像できん #いづくく1周年'
変遷,'よくある妊娠前のオシャレ服装と、子ができてからの服装変遷！！みたいなやつ。そういえば私全然変わってない。ぺったんこスニーカーも体型隠しワンピも適当なジーンズも通常運転だったから！！ポケットが増えたくらいかな😇'
変遷,'@delphi_light それ、一周回って（←ポリの変遷の意味で）デュララストっぽかったり？'
変遷,'『ゴキブリはなぜ絶滅しないのか―殺虫剤の進歩と限界』という本を読んだんだけど、『殺虫剤の歴史と変遷』くらいのタイトルが妥当だと思った。'
変遷,'【オルビス国家運営】 [マウレタニア] 最近の出来事国データ基礎データ国名正式名称マウレタニア国名変遷マウレタニア共和国諸民族の連邦へマウレタニア連邦共和国マグレブ共和国ムーア人優位... [#オルビス国家運営 #オル国] https://t.co/38VSwZbRIJ'
変遷,'毎朝すごい寒いのに通学してる学生さんほぼ右下の子なんだよね\n脚太く短く見えるのにどうしてこの丈に変遷していったのだろうか'
変遷,'私の推し変遷知ってる人に2434にハマってるって話すると絶対、この人でしょって言われてアッキーナ指されるのわかられてて無理'
変遷,'@marionette_com ロゴ変遷（ラジオ編）\nhttps://t.co/ToauFNN5wX'
変遷,'@Shin_Kurose たしか、業者を開示するのを渋ってましたよね。コストも200億→400億とか変遷？ヒラキ？があり、品質が高いとは言えないマスクでしたし。ここらで利権が絡んでない証拠が必要ではないですか？個人的には、誰かを儲けさせるためだけの政策と思ってますが。'
変遷,'つい脇に置いてあった新書で織田家臣団の変遷を追ってたら2時間溶けていた'
変遷,'お、あだ名変遷ありがたい笑笑'
変遷,'そしていつの間にかカレーそのものを追放しようとする運動に変遷し、なんか無茶苦茶言う変な連中として認識されるのであった。 https://t.co/nWgsMj1Alq'
変遷,'気持ちの変遷なんだけど\n2020年1月：推し確定、いつの間にか落ちててトキメキよりも動揺が勝る\n8月：身辺整理と分析のためにブログにまとめる\n10月：ガチ恋に片足を突っ込む\n12月：年末年始の苦境で自覚させられる\n2021年1月：… https://t.co/zpaypqPxJK'
変遷,'桜屋敷薫さん本当に設定盛り盛りで桜屋敷さん推しの人ほんと大変だと思います\n桜屋敷薫さんの人生の変遷を全て知りたいです神様…\n出きれば愛抱夢様のゆりかごから墓場までも全て知りたいです神様…'
変遷,'この中のうち4人は今年の大会にはいないんだな…変遷を感じる'
変遷,'変遷 https://t.co/7oZKx7ZbFF'
変遷,'@MattariTyper なるほど。歴史的変遷で、鬼畜化の流れの影響を受けたと・・・。\n\nどっちにしても、昔のレベルでも全然できないので、低みの見物なんですがw。'
変遷,'@lisanha123 むしろ、上記の主要事実の変遷の理由を説明してくれる方募集した方が宜しいのではないでしょうか？ｗ'
変遷,'個人的トリガー乗機変遷\nメイジ隊→F-4E、F-2A\nスペア隊→F-2A、F-15J(クイーンズカスタム)\nストライダー隊→F-15J(クイーンズカスタム)\nM18ミハイ戦レールガンによりF-15J損傷、F-22Aに乗り換え。'
変遷,'【一生たち】\n\nミヤケ・イッセイと三宅デザイン事務所の15年にわたるデザインの変遷をまとめた資料集。大判写真のほか、スタッフによるテキスト、年譜などを収録。\n\n詳細：https://t.co/KqMgToLBPY\n入荷一覧：… https://t.co/tPJYALAjjl'
変遷,'ホルモンで言う「ロッキンポ殺し」→「ぶっ生き返す」→「予襲復讐」が、ヒスパニで言う「オトナとオモチャ」→「ノイジー・マイノリティ」→「サバイバル・ゲーム」であり、変遷がエモいです。'
変遷,'@crazy_Pooo4649 なんだかんだいい奴感が出てしまっている。\n\n後から一週間分まとめて見て心境の変遷を見るの楽しみにしていた。\n\nもう必要ないと思うけど後一日くらいは様子見取って感動を味わうわ。'
変遷,'むしろオタクの好みは変遷していくものではない？'
変遷,'小説界隈の変遷と言いますと、ライトノベルに関することしか思い付きませんね。\n\n最近ではなろう小説出身の異世界転生、追放など同じような物になっていますね。それぞれに味があっていいと思いますよ。自分は異世…\n\n続きは質問箱へ… https://t.co/G893HKenLE'
変遷,'#エレクトリアコード\n\nうちの子のビフォアアフターです。\n色合いとか、勝てる装備の変遷が見られて面白いですネ。 https://t.co/NjE2Ug6h7A'
変遷,'他撮りの変遷よ… https://t.co/9IjvHOUjpy'
変遷,'@753nerd わかる！！なかなかの変遷だったが期待を込めてマンオブメダンをやる！'
変遷,'和夫さんの髪型の変遷思い出してて今更気付いたけど、お衣装が白ジャケットの期間って、1年も見てないんだな、私。ファンになってから1年経つ前に1回ナンバーTやめてたし。今考えると貴重だな！'
変遷,'騎乗位→対面座位→背面騎乗位→バック→ロールスロイス→寝バック→正常位\nって変遷してったの最高すぎた………\nなんだかんだ正常位が1番すき………でも前戯でやってくれる手マンとクンニと乳首と同時3点責めが1番気持ちいい………'
変遷,'同時に、氷魔塔で力になりたくてその場に残りたいというささやかな願いを叶えられなかった彼女が、力をつけ前線に出れるようになり、守るという行為を通じ「何か力になってあげたい」という願いを叶えている姿の変遷を「下がっていろ」から逆お姫様だっこ&amp;背後に庇うまでの連続したシーンに見れる気が'
変遷,'ワイのTwitterの変遷\n淫夢厨\n↓↓↓\nステチル\n↓↓↓\n音楽(オーボエ)\n↓↓↓\n学歴厨←今ここ'
変遷,'メルカリは日米英で異なるインフラを採用――メルカリのインフラの変遷を ソウゾウ 鶴岡達也さんに聞く (2/3)：CodeZine（コードジン） https://t.co/F2xKlBTrAf @codezineより'
変遷,'結局テスラの練習のつもりが前半でテスラに飽きてボルシチ→ヒロマニュ→クアッド白→ボルネオと変遷してしまった'
変遷,'「私はロボットではありません」の変遷 https://t.co/H3ExtjQyXv'
変遷,'中東系って独特だよなあ\n東アジア→中央アジア→中東の顔の変遷を調べてみたい https://t.co/AMblWl014D'
変遷,'この象徴がそのままメタファーになることで、クラゲとそれぞれの登場人物の関係性の変化が「怪物性」への向き合い方の変遷になっていた。\n物語終盤、マモルの父が海に向かおうとしているクラゲに触れて刺されるところなんか物語序盤の父と子の面会室のくだりそのままだった。'
変遷,"'まじでコレ 出された直後は霧がかったように真っ白だったのにだんだん透明になっていって、映画冒頭の""子羊の悲鳴に捕われているクラリス""から、""解放されたクラリス""に変遷していく様子が…もう…もう…(顔を覆う)'"
変遷,'#221Bの日 \n図書館で借りてきたホームズ全集は初版本のイラストが全て収録されていてありがたい\nそしてこの絵がホームズとワトソンの初めての出会いの場面\nキャラデザの変遷の凄さにも驚かされてる\n初期デザイン知れたし予想以上に原作の… https://t.co/n9tiykUW1Q'
変遷,'@kadoya1 現場に出くわした他客ですが・・「テーブルで会計した」から「（仲間内で）あれ、お前払ってないの？」と言い訳が変遷してましたね。支払いに応じたときはむしろビックリでした。こういう連中も世の中にいますが自分はかどやさん… https://t.co/kgg6DT0Trw'
変遷,'50年のシティポップ100曲、途中からディケイド毎20曲縛りにしたせいで特に古い方ほど嗜好が薄い選曲になっちゃったけどせっかく作ったから置いておきます\nリリース年順に並べてみるとサウンドなりの変遷がちゃんとわかる\nこういうの作ると… https://t.co/AWAWPi237Q'
変遷,'@Chiya_Amausa19 奉太郎の変遷も激しいな'
変遷,'ちゃんと東洋占術の\n年表とか作ったら、おもしろそう。\nあと、易がどういう発展の仕方で\n今の形になったのかとか、九星気学が\n日本でいつ頃出来たものなのか。とか。\n\n西洋は、魔術や占星術、タロットの\n変遷について書かれているものは\nあるようですが。'
変遷,'(承前)変遷は様々にありながら、しかし幾何学的図像から離れられないように思うのは基盤の素材である紙が矩形をしているからかもしれない。https://t.co/XBwZyWIAnI'
変遷,'3人に関してというか主に御鷹武居に関しては一孝呼びになるまでの2人とその周りの関係性の変遷がめちゃくちゃめちゃくちゃ気になります。御鷹結構上下関係とか年下年上を気にするタイプだと思ってるので、その彼が同じ学年とはいえ年上の武居を一孝呼びってすごいなと\n\n→'
変遷,'@mr_ynr なんだかんだ日々のコミュニケーション大事ですからね～\n\n今のうちにイメージだけ膨らませておきます笑\nお陰でここ5年の一人暮らしは\n週末ライブやイベントに行く\n→ライブか街コンに行く\n→このご時世でカラオケに籠る\nと変遷してますw'
変遷,'どのディビも曲にこれまでの変遷が感じられて泣いてしまう #ヒプマイ2ndバトルライブ'
変遷,'変遷を貼ると聞いたので \n\n①一番古い記録\n②プロトタイプエレクトリア戦前まで\n③多分スターライト辺り\n④カオス② 突入\nそう、元は青かったんです\n\n#エレクトリアコード https://t.co/JfPinmyblQ'
変遷,'『本邦史綱』（1900）、『日本歴史教科書』（1902）、『統合歴史教科書』（1907）などはいずれも、西暦3世紀に神功皇后が韓半島を「征伐」したという『日本書紀』の記録を目次に収録し、以後の韓半島の歴史は「韓土の変遷」「韓土の反… https://t.co/S9JCrRRtAO'
変遷,'このアカウントの変遷は\nモンスト垢→パズドラ垢→受験垢→浪人垢\nです。'
変遷,'・アートの本質は変化\n・アートのエネルギーは偏愛と違和感\n\nアートの大きな流れの変化しかり、1人の作家の作品の変遷しかり、変わりゆくものを追うのが好き。表現方法やモチーフへのこだわりを見出すのも、「なんじゃこりゃあ」と驚かされるのも楽しい。\nアートからの触発、大いに利用すべし'
変遷,'この後【 サンスター 文化の泉 ラジオで語る昭和のはなし】#中村メイコ が #石澤典夫 と「新しい時代に語り継いでゆく」◆「#アイススケート のはなし」#フィギュアスケート 選手として日本のトップで活躍、現在は指導者・解説者… https://t.co/o3imt5MfbK'
変遷,'手塚の前髪の分け目変遷知りたいし何歳から眼鏡なのかとか10月7日の何時に生まれて何グラムだったのかとか健康診断の結果とか知りたいんですよぉ…'
変遷,'昔からコンテンツの変遷が激しすぎる\u3000急にハマって短期間語りまくってスンッて冷めるの'
変遷,'リモートワークによるデスク環境の変遷｜吉田大成｜note https://t.co/OhiHvLOBjZ'
変遷,'時間の余裕が出来たので追記。幽助のセリフの変遷。最初に人間との違いとされたのは黒子さんと会ってた時の、人肉食の妖怪相手に、お前らにとっちゃ食事の問題なんだろって意に介してなかったやつ。\nでも、自分語りしちゃうと、これくらいなら私でも言える。なぜなら食肉目の食性研究者だったから。'
変遷,'鉄道模型の社会的ポジションの変遷って意外と分からない。'
変遷,'アマサイ（ビュサイ）におけるサTタマ先生のイメージの変遷をモブサで例えると、\nビフォー：校舎裏で行列して告白してくる男子らをフリまくる「だってあなたに何の興味も…」状態なツボミちゃん\nアフター：100話「告白」で「来るよね。モブ君は。」と大災害のなかモブを待ち続けたツボミちゃん'
変遷,'ドリメの変遷です\n最初は某氏のをコピーしてたのですが、化身と双月に需要を感じなかった+アナスタを使いたくなったので2枚目へ\nで、アナスタの爆発力が別に要らないとなったので3枚目へ、なのですが、リンパオ+姫というアグロ寄りに対してマ… https://t.co/KOqrbXXdpu'
変遷,'変遷 https://t.co/BE2QMtsDsS'
変遷,'ＳＮＳ変遷史\u3000「いいね！」でつながる社会のゆくえ (イースト新書)   天野彬 https://t.co/tzY17xn2ox @amazonJPより\nYouTubeの歴史が気になったので本になってないかなと探したら、別のやつ気になっちゃって買ってしまった。'
変遷,'よく見るvの変遷\u3000皇女→戌亥→鈴原→葛葉→叶→アンジュ→野良猫→安土桃→黛→剣持→あーこ→うづコウ\nこうして見ると結構コロコロ変わっている気がする'
変遷,'#本名にかすってもないのについたあだ名 \n\nうさ太郎（原点にして元凶）\n（高校生の時に付けられた）\n\nそっから\n\n→うさぎ\n→うさ氏\n→だぬき（ここから本名にかすりだす）\n→うさだだぬき（本名の一部を使用）\n\nと変遷をへて現在に至る。'
変遷,'そもそもフェミニストを自称するような輩に、漢字廃止とか語る資格なんざ一ミリたりともないってことなんだがな。\n文字を辿る変遷でやがて無くなっていくのなら、それは仕方のないことだが、\n女性がー、女性をー、とかそんな一辺倒の理由は聞く耳… https://t.co/4PLDnbySqR'
変遷,'スキップとチャットでわかる！デカ文字変遷（キレ気味） https://t.co/vmHhKMDIVT'
変遷,'20歳の時の作品だからまだ死に希望を見ていたのかもしれない…みたいな深読み。やっぱり人生の変遷が見える気がするから同じ作品を作り続けるおもしろみあるので作り手は何年か置きに同じ作品描いてください'
変遷,'今日のお昼の二曲目のバラードは、昨日のお昼のバラードみたいにしっとりしてた。お昼はしっとり、夜は情熱的なのかな？ヒロの最後の声がスーッと消えて失くなるまで同じ音を保つのが尊くて…近頃は一度強くなってからスーッと消えていく歌い方…。大好きなこの曲も少しずつ変遷したなぁって感慨深い。'
変遷,'ちょっと、記録がてら、塗りの変遷(?)をあげてみよう....。'
変遷,'PZLHOUSE(パズルハウス）株式会社の花坂です。\n自社の断熱性能の変遷を少し振り返ってみました。\n⓶断熱性能を少しずつ見直して、なんで？断熱基準の厳しい岩手県に近い宮城なのに、関東よりの断熱性能なんだろう！？て思い始めた。。。'
変遷,'なんかこの字\n字が成り立つまでの変遷途中の形みたい'
変遷,'朱夏、アイドルからママタレと化すタイプの髪型変遷しとるな'
変遷,'テスラもここ最近は停滞気味だったりとかするし銘柄の変遷が早すぎる'
変遷,'2月下旬の我が家のベランダ、午後の6時間の変遷。\n15時台の28度前後が最高気温。 https://t.co/JxsE17ElzV'
変遷,'#出たら絶対買いたいサブカル本\n日本のレコード・レーベル研究本。\n主に６０－９０ｓ邦楽対象で必要に応じて洋楽やアニソン等のも取り上げる。レーベルロゴ等の変遷も掲載。'
変遷,'TBSラジオクラウドで200回全部合法で聴けるから『空気階段の踊り場』全員聴いてくれ！もぐらの初彼女〜結婚〜出産までの人生の変遷も追えるし、伝説の79回かたまり号泣プロポーズや個人的ベスト103回駆け抜けてもぐらも全部聴けるから！'
変遷,'仕事面でのターニングポイントや思想の変化や環境は毎回同じことをたまに新情報小出しにしつつ言ってくれるけどプラベに関しては全然知ることが出来ないから(それでいいんですけど)その激重死生観の出処と変遷をなんとかして嗅ぎ回っていきたい'
変遷,'@GTRNISMOs 無知は罪なり〜はソクラテスさんの生きた700年位後のディオゲネスさんの哲学者列伝に「唯一善なるものは知識なり、悪なるものは無知なり」とソクラテスは言った、と載せていたところから変遷しての言葉のようです。\nまぁ… https://t.co/3GMpmIgqWg'
変遷,'(最後)\n\n問題\n｢『近衛前久』という人物に関連して、彼の名前の変遷も踏まえ、『偏諱』という語を用いて、当時の権力者の移り変わりを簡潔に説明しなさい。｣\n\n答えはまた次回。\nこの答案を綺麗にまとめるのはWikipediaを使っても… https://t.co/wb5QjoxRUa'
変遷,'国立公文書館デジタルアーカイブは神戸大付属図書館ほど使い勝手が良いわけではありませんが、逆に図面や写真等も多く、公文書類の他、特に省庁変遷などが解り易くまとめられています。https://t.co/pHxNpe8HCu\u3000#勝手に宣伝'
変遷,'色々変遷あって、いくみん。 https://t.co/8Lz9cr8cke'
変遷,'テレビ局のロゴの変遷を眺めてて、日テレの昔のロゴが一番良かったなって思って調べたら、まさかの宮崎駿のデザインだった。ちなみにこの子は「なんだろう」という名前で、宮崎駿いわく〝性別もない架空の生き物で、だれの心の中にもいる、好奇心や… https://t.co/gIGY9S52CK'
変遷,'最近、最終降版から退社時間までの間に読んでいるのがこちら\u3000「もののけ」という言葉が表す「正体」の変遷を、古代より日記や絵巻などの文献を通じて探っていて面白い ： もののけの日本史／小山聡子／中央公論新社 https://t.co/mnG1B94VAg'
変遷,'今後の髪色の変遷も期待できますねえ https://t.co/KiaIV4jaVx'
変遷,'最近続けるゲームの変遷が激しいけどブレガはなんかもう辞めるとかそういう代物じゃないな。 まぁゲームというより読み物扱いだし・・・'
変遷,'@photo_mski @themeparkofMrN 安いペーパーバックでも出てますが色の変遷を見るにはこの本が一番と思います'
変遷,'戦後すぐくらいの公立高校の学区の変遷なんかもなかなか面白い。名古屋市内を小学区制に分けるとかやってたらしくて、旭丘と明和とでは通学区域が違うとかね。（なお私の出身校はその頃影も形もなかった）'
変遷,'ボカロの扉を久々に開いたが、時代と自己の変遷を感じる。\n中学時代が僕のボカロ最盛期だったので、視点も考えも全く違うので解釈が面白い位に異なるもんで笑いが止まらん。'
変遷,'やっと録画してた第1話見ました←遅\n吉沢亮さんがイケメンすぎて異世界感を感じてしまいましたが、青というテーマカラーにぴったりです。\n豪華実力派俳優陣にも期待、明治への変遷をしっかり描いてくれそうで楽しみな1話でした。\nオダギリジョーさんの異国感すごい（笑）\n #晴天を衝け'
変遷,'勢力均衡\n20世紀初頭までの国際安全保障における主要概念。\n同盟によって軍事力の等質性をもたせ戦争を抑制する、はずだったけど個別的安全保障の枠を出ないので軍拡競争始まって凄惨なWW1が勃発してしまった。\nWW1の反省を活かして集団安全保障へと変遷していった。なお連盟は（）'
変遷,'@sanbonmenoashi とりあえず歴史が好きだからというだけで私大の文系史学に行って、更に傍流の歴史地理学と民俗学の両輪やって秋月氏を書きたいがためだけに江戸期から現代までの秋月の地理的変遷で卒論書くような私みたいなバカが多いので、それの意識高い系なだけかと思います'
変遷,'IDはTwitter始めて以来11年ずっと同じ\nアイコンは「高崎競馬のマスコット」→「愛車」→「現妻が描いた自分の顔」→今の涼風(7年使ってる)という変遷。最初の方は前後してるかも'
変遷,'シオン髪変遷 https://t.co/4ygcLmU3iv'
変遷,'太閤くんの台詞の中に「じゅらく」(聚楽？)って出て来たので太閤左文字の号の変遷？についてもステくん拾ってくれてるみたいやね'
変遷,'#いつか超つよつよ絵師になるので今のうちに推しませんか\n初期から最近までの変遷はこんな感じです。\nこれからもっともっとつよつよになっぞ！💪😤 https://t.co/vn7hM4QzZ1'
変遷,"'""第６回\u3000２００８年１１月１日\u3000「音楽プロデュースの変遷」講師：笹路\u3000正徳（ささじ・まさのり）先生 https://t.co/5u9icmKy8m'"
変遷,'ピンク色の愛、ふらふらになりながら歩み寄ってくる🍭君に「手を伸ばす」「手を貸す」「支える」なんてことはせず、いつもの場所、2人の間の中心に🍭君が来るのを待っている📚️と🎲の演出が良すぎる\u3000🍭くんにとって馴れ合いで仮初めだった仲間が、前に進むための指標に変わったその物語の変遷よ……'
変遷,'皆の絵柄の変遷見るの楽しいですね。'
変遷,'東京ミュウミュウ、ぴちぴちピッチで育ち、ぬ～べ～からのジャンプ漫画に変遷、大学生になって2次元から脱してバンドオタクからのアイドルという雑食な生き方をしてきたな…'
変遷,'国会審議を経ない日本の閣議決定、過去30年ぐらいの変遷をすべて一覧化して眺めてみたいものだな。公開情報で普通にできそうなものだけど。'
変遷,'ふりかえり・変遷的な話はつよつよ絵師の話題からですかね？'
変遷,'もう〇〇は描かないんですか？って言われるほどインターネットでジャンル変遷わかる絵描いたことない'
変遷,'久々にここまで描きこんだ気がするな…変遷みてよ https://t.co/iFBjH3y8XR'
変遷,'#乃木坂46 の一推し変遷\n\n秋元真夏→中元日芽香→伊藤万理華→渡辺みり愛→久保史緒里→遠藤さくら(2019.12～) https://t.co/vMxea5hUGM'
変遷,'RASからパスパレ、ハロハピ、モニカ、アフロ、ポピパ、グリグリまでメドレーしてのRoseliaで〆、曲が切り替わるたびに会場中のペンライトが緑→桃→黄→青→赤→桃→緑→紫と変遷、Y.O.L.O!!!!なんか大盛り上がりでしたね。C… https://t.co/jTacTgrWq7'
変遷,'息しづらいな〜鼻出るな〜あ〜アレルギーのような反応〜あ〜みたいな変遷辿ってる'
変遷,'トリル奏法の変遷を知らない頃に吹いた「星条旗よ永遠なれ」のピッコロパートを思い出してしまった(身バレまったなし)'
変遷,'激えもな氷帝戦(跡部像受容の変遷を考えスペキャになり保留)、王道の立海戦(2nd3時間40分は時間で断念)、最高の3rd比嘉戦(見せてるこちらが泣くから断念)、キャッチーな四天戦(ハマったあと自分で見つける楽しみを四天に残したい)… https://t.co/mgcxJmC4ZV'
変遷,'ポケモンカードの下の方にある表記の変遷はこんな感じです。クラブの場合なので途中抜けてるかも。上から3枚目の左下、弱点の下に９桁の英数字コードがあり、これが印刷場所を示しているらしい。コレクター魂が燃えますね。一番下の最新様式だと1… https://t.co/VhfszGMJXn'
変遷,'今ツラツラとジェンさんのお写真見てたんだけどさ、20代から40代までのお顔の変遷がさ、なんかこう、今のお顔になるまでをずーっと見てこられたんだなぁという感慨がね…SPNがご長寿番組にならなければきっと何処かで途切れていた筈で、それ… https://t.co/eM0hKL9uAe'
変遷,'黎明期(金属製機体以前)やモスキートはもちろんソ連やドイツ 日本の木製機の構造･設計･製造の詳細と変遷 コラムに接着剤の歴史とか挟んでさ\n付録で木製主翼をつくろう(設計と製造)とかつけてさ'
変遷,'#私のツイッター史\n本垢の名前変遷だけ\n2017.11〜｢だむさん｣\n2018.6〜｢みんまや！｣\n2019.1〜｢エマたそ｣\nその後しばらくして｢エマたそ@まいみん｣\nあとはちまちま変わってる'
変遷,'マジで過去ツイ見返したくない(草すぎて)レベルで思想の変遷が激しすぎてね 何あったの？存記？'
変遷,'気持ち良くグラコロ勝った後に言うのもなんですが今日の装備セット変遷\n(約5分前まで)\nコンボ→今日相手全体2位だし劣勢だろうな→意外と優勢だから優勢装備に変更しよ→劣勢キープ\n(約5分前から)\n相手バフやばいし神魔カウント負けてる… https://t.co/q8pJGmnsbm'
変遷,'@uraura_ohana 時代の変遷です😄\nイカちゃんシリーズだけでめっちゃ描いてもらってるわ！本当にありがたい(*´꒳`*) https://t.co/K0TA0rpXSy'
変遷,'好きなコンテンツ的には色々変遷してはいるんだよな、、、なのは見返したいな、、'
変遷,'ニチイ、サティ、マイカルといえば地方ショッピングセンターの変遷を表す。2001年のマイカル茨木開業を境にその後は事業切売りを続け、１１月に破産、後にイオンの子会社化。巨艦店舗投資の失敗が敗因とされるが、社債外債のデフォルトで投資家にもダメージを与えた諸刃の剣企業。危険。#マイカル'
変遷,'今回の反省\n複色回収\n誤答後のケア可能デッキ\n当日デッキ変更しない\n\n変遷\n火水5殴り→3ss→3ss戦後回復なし→4ss乱数かなりあり→アンリセ4ss→4ss乱数少なめ\n\n3ssで上と徐々に差を詰めることができたのでその辺は良か… https://t.co/JvjqUOG5bI'
変遷,'創造主の作りしものが自然であるとするならば自分だってその一部なはずなのに、カーミラはその輪の中に入れない。しかし数百年を経て吸血鬼と人が共存する物語がたくさん生まれたことを思うとなんか感慨深いです。白蛇伝の変遷みたいなかんじがある。'
変遷,'最高裁での勉強会が、偏ったメッセージとして各裁判官に伝わった可能性は否定できないんじゃなかろうか。\n性被害者の心情を理解しろという話から、どんな不合理な変遷でも性被害者ならあり得るみたいな経験則に結びつけていないか。'
変遷,'絵柄の変遷がおぞましい図を見付けてしまったので吐血しながら載せる\u3000これは現実逃避です https://t.co/lclu6hLYFY'
変遷,'ロゼル氏の変遷\n\n最初、ルチアと対になる予定だったんだけど｢ざんねんタイプ｣に引っ張られた感じで方向性を見失ってました(高貴も取得したけど違和感があって…\nしかしサブタイプの｢中二病｣が仕事をするようになり、ようやく最近になって方向性が見えてきました(苦笑'
変遷,'@tcm_TL もちコロへの変遷 https://t.co/bPW3ZXZ3ZV'
変遷,'変遷 https://t.co/wm8enWOu1A'
変遷,'DUSの変遷とか割と面白く話せそう'
変遷,'《観察日記まとめ🌱》節分に突如現れた豆🥜成長の時を経て辿り着いた先はまさかの猫。以上観察日記でした🌱ありがとうございました(※こちらはピアニストで作編曲家ものはっぱ氏のサブ垢アイコンの変遷を綴ったものです)猫て... https://t.co/fH1unJeRb9'
変遷,'砂糖菓子の弾丸は打ち抜けないを読んだ\nSNS変遷史を読んだ\nTedをみた'
変遷,'アートブックの典雄よくここに辿り着いたなって感じの変遷が面白くてずっと見てられる'
変遷,'@akatuki_no_mori @_crr_ てか、朝日は従軍売春婦の総括しろよ。自社の嘘報道と売春婦の発言の変遷。親に売られて泣く泣く仕事してた女性の辛さと国家の責任をまぜこぜにして有耶無耶にしてきたやり口と一緒だよなこれ。'
変遷,'#阪急電車 豊中駅周辺。仕事で #東京都 に転勤、そこを中心に世界を飛び回っている間に大きく変わりました。大阪に戻りホームタウンを訪ねると随分変わりました。駅前にあった新開地デパートを、70年代から現在までの写真で、その変遷を見て… https://t.co/lg1ZLbbNO8'
変遷,'市町村合併の変遷、ずっと見てられる\nhttps://t.co/fOaHDTB6t0\n#市町村\u3000#平成の大合併 https://t.co/BicBMmxumu'
変遷,'そんなわけで自分が手がけた意匠などはゲップが出るほどその変遷も含めて見ているので大抵の場合においてリリース時が一番テンションの底だったりします。\n\n面白いのはそっから一年位すると急に可愛く思えたりすることもあるんだよなぁ'
変遷,'これは夏生で見る立ち絵絵柄変遷ですが、このへんから日程修羅が始まっていたなと思い返すなど'
変遷,'外ハネの変遷。朝は小ハネ。午前中には大ハネ。昼下がりには潮気で中ハネ https://t.co/Bt5ShALBDl'
変遷,'改めて推しカプ変遷を振り返ってもみんな業が深くてなかなか幸せになれないのもはや笑ってしまう'
変遷,'二人共出るね！\nしかし、イボの写真、古いよね！何時のだ？\n今日リツィートしたイボの服装変遷史で、調べたくなった❣️ https://t.co/IwLr5ctbIA'
変遷,'単なる料理再現にとどまらず、新聞のレシピ記事のルーツと変遷に迫る。読みごたえあるポスト。 &gt;「ケヅレーライス」なにそれ…おいしいの？\u3000戦争前夜に載ったレシピ - withnews（ウィズニュース）@withnewsjp https://t.co/7GiKOisVZi'
変遷,'@tetsu_akari この初期のイラストからその後のだんだんシャープなデザインになってくのを見ると、ガンダムが初代から時間経つにつれて変遷していくのに近いものを感じるw'
変遷,'買って寝かせてたのを読み始めたばかりだが、地積測量図の説明で作成時期とその変遷に言及しないのは法律家と現場の乖離を感じる、大体紛争になるのは測量図も古いけど。\nけど面白そうな本だ。\n\n隣地・隣家紛争\u3000権利主張と対応のポイント｜商品… https://t.co/OCbpsM18Xp'
変遷,'@nk_shiki それが残念なことに私の入手できるの最速でも木曜っぽくて辛いですね…じっくり祈りをこめてきたるべき時を待ちます…\n\n…色んな箇所や文脈が省略されてリーダーだけが残るの、なんか変遷を感じて味わい深いですね…'
変遷,'@StewEucen 漢字の書き順だって変わるし、\n貴様も御前も、意味が変遷してきているのは明らかだし、\n\nあまり文字面、意味合いにこだわりすぎると、\n本質を見失っちゃいますね。'
変遷,'@aoi_maguro えへへ、絵柄の変遷も見てて楽しいのです…!!!'
変遷,'ローマ帝国崩壊〜神聖ローマ帝国成立まで、ゲルマン諸部族の「ヒビュラ」の変遷。自分は2年間、憑かれた様に追ってた。 https://t.co/Pe2dVZdIFl'
変遷,'【23日午後6:05】 \nひとモノガタリ\n「生きた証しを残したい\n～震災10年 亡き家族への1000首～」\n\n東日本大震災で1200人以上の命が奪われた #岩手県大槌町。「亡き家族の生きた証し」を残したいと千首の短歌を詠んだ一人の… https://t.co/k0VQNmfhaG'
変遷,'やはりプリキュアの変遷については記事まとめたほうが良いな…'
変遷,'確かに、GUTSやスーパーGUTSの戦闘機の開発変遷はリアリティあるよなぁ～✨\n\nその上でウィング１号なんかは様々なカスタム機へとバージョンアップしたり、訓練機になったりと…\n\nウルトラシリーズの中でも史上最高の名機なんじゃないかと今も大声で言えるっス…！'
変遷,'ちなみに下のやつ…薔薇なんですけど、赤→黄という色の変遷をイメージしてます一応\u3000伝わらないと思うけども'
変遷,'@yu856 うちの職場も似たような変遷を辿ってます🤤\n鬼滅→呪術→ワールドトリガー(New)\nって感じです🙂'
変遷,'@ouenMRG そうなんですよね\nどうしてもぶち当たる壁です\n「男らしさ」「女らしさ」ってなんなのか、美しさの捉え方、それぞれの歴史の変遷などなど(キリがありません笑)\n\nですが、このnoteからは「動かねばいけない」\nそんな思いを掻き立てるものが僕には感じられました。'
変遷,'受領30万円の説明変遷、市議に辞職勧告\u3000河井元法相事件で尾道市議会 / https://t.co/UsxviHcb8H [中国] #hiroshima https://t.co/Qh4lKMPA98'
変遷,'修学旅行の行き先の変遷\n台湾▷沖縄▷▶︎富士急ハイランド🤣'
変遷,'EISAの出現とISAバスの確立\u3000PC標準化への道：”PC”あるいは“Personal Computer”と呼ばれるもの、その変遷を辿る（1/3 ページ） - ITmedia NEWS https://t.co/zRbgQN4fei'
変遷,'@tpwakit 言語がどのような背景で変遷していったのか、いろいろ調べてたらこの人の動画にたどり着いて今めっちゃ見てます笑笑\n\nhttps://t.co/NMdaNG0w3J\n\n言語変化の歴史も好きですし、特殊な発音言語も好きです🤣'
変遷,'あとセット数で決まる競技と競技時間でぶった切られる競技との分類と変遷も気になっている'
変遷,'私の保昌と頼光と季武の話の変遷\n\n未変\n↓\n家族喧嘩の傍観者\n↓\n斯くして源家の武威ぞ振るひたる\n↓\n君死ぬ\n↓\nかおるあかは肝を焼く\n↓\n親愛興れど自愛は消えず\n↓\n地に足を\n↓\n越えつ'
変遷,'@akomaki 平安の頃は猫は輸入高級ペットで、鎌倉・室町で「貴族の家の猫が脱走して一般でも見慣れるようになった」という変遷がありますね。'
変遷,'健鶴さんはというとかなり人に寄ったタイプ(若干神様要素も入る)で、染鶴さんと台詞が同じ虚伝は除くとしても義伝から慈伝までの変遷を見るに有り様のスタンスが変化して安定して、かなり穏やかに朗らかになった鶴丸だと思うので、極めたらまんまゲーム鶴のようにパワーアップしそう。'
変遷,'@CieL_no_dolay あだ名が変遷に変遷を重ねた着地点でしたが、まさか反応されるとは😂\n特別好きというわけではありませんでした、、笑'
変遷,'@mamu_610taka さすがに呆れますよね…\n一応を一様、延々とを永遠とと言ったりと、言葉の変遷でなくただのバカですよ…'
変遷,'@magkokoif ただの雨であれば、屋根のなくとも凌げた。\nやも、しれない。\n臭いや質にか、又は圧にか、少し噎せた。\nはあ、と。息を整えるため一つ吐いて。\n\n「秦、唐、変遷は辿りましたが、ええ。お隣ですよ」\n\n声そのものは変わらず、答え手も変わらず、\n男は問いに応じる。\n\n→'
変遷,'東洋人としてら白人と黒人の差別の歴史を見ると、非白人として一括りにされがちな黒人と東洋人が、辿ってきた社会的変遷も、何もかも全く違うんだなと感じる。\n一括りだと思って、BLMとかわかった気になりがちだったけど、きちんと違いも意識し… https://t.co/zJxU0tFkTD'
変遷,'R&amp;Bとは: リズムアンドブルースの略。ブラックミュージックから発展した音楽のジャンルのことを言うが、変遷を重ねており1960年代のR&amp;Bと現代のR&amp;Bは全く別物のようです。(Wikipedia 「リズム・アンド・ブルース」) 現代では打ち込みのものを呼ぶような気がします。'
変遷,'歴史の有名な刀・小烏丸！まだ日本の刀剣が直刀(刃が真っ直ぐ)だった頃から、湾刀に変化する頃の作で、日本刀の変遷を知る上で貴重な資料なんだって。一般的な日本刀とは違って、刀身の先端から半分以上が両刃になってるの。これを鋒両刃造(きっさきもろはづくり)と言って…(続く)'
変遷,'とある電話のなかで、自分なりに「特殊設定ミステリ」の用語の変遷をまとめてみた。一期、二期、三期があるんですね。'
変遷,'@zebra_clach いや、ほんとそれですよ。\n\nテーマは違いますが文化の進化？変遷？\n\n今でも鮮明に覚えています・・・。\nMIXした🦓の歌ってみたが、チートと連呼される中、駆け抜けていたあの日の景色を。今は、MIXするより、しない方が叩かれるんやろなぁ。'
変遷,'【白石麻衣ヘア変遷】多彩カラー＆アレンジで作る“愛されレディ”スタイル - モデルプレス https://t.co/F4nooY57JW'
変遷,'ミヤはランガくんの気持ちは自分の経験でわかるし、かつての友だちの心の変遷も今回の件で第三者目線で理解できるようになるんだろうなぁ…新しく出来た年上のお友達が自分と同じ轍を踏まないようにあれこれ頑張ってみたりするのかな…'
変遷,'グッズ買うオタク→グッズ買わないオタク→グッズ買うオタク\nっていう変遷を辿ってきて最近グッズ買いすぎのオタクになりかけてたんだけど、円盤しか勝たんって気がしてきたので、またグッズ買わないオタクに戻る予感(というか戻りたい)'
変遷,'DC/PRGの解散声明文。菊地成孔が（自己の音楽表現において）自己模倣や伝統芸能化をよしとせず、スタイルを変遷させていく音楽家であるのは周知の事実であるとして。結局のところこのバンドで表現すべき新しいコンセプトが提示できなかった、… https://t.co/u31ghZTHE9'
変遷,'@G6piWRkEgNJow3A いやー、勝率の変遷見てると流石に萎えましたわー！なりたくなかった20%台になってしまったから、、たーにゃんにも組んでもらってたのに、余計に申し訳なくて。\nんー、切り替えてやってみるよ。野良でも上か… https://t.co/IGaFlsTJvf'
変遷,'#このタグを見た人は推しの初描きと現在の絵を載せる\n\nこぎちゃん変遷(2016〜2021)の抜粋\n推しは聖母がモットー🤱 https://t.co/fV4z6gYMo8'
変遷,'@hanaminminminsa そう！腕のやつ(アームバンド...？？？)いいっすよね！！！！！髪型の変遷的には赤メッシュ→金メッシュ外ハネ→金メッシュベリショって感じかと....'
変遷,'@Lead_ari_ 録画の #いざわふくらの賢くなるクイズ  です〜\nK-POPの変遷で、カラ・少女時代（ダンス重視）あたりから音楽は聴くものから見るものに変わったので、プロモーションの為に作られていたPVが、それ自体が作品とし… https://t.co/fvRXBLQF9p'
変遷,'今の時代にあったアイドル\nジャニーズとケーポはファン層も違うけど、newファンゲットには、時代変遷に合わせるのも大事だよなあ'
変遷,'いっつも思うけどメンバー変遷5回以上あったり従来メンバーの人数の半分以上新メンバー突っ込むのを「同じグループ」にするの無理あるよな、どこかの二つのグループの話なんだけど'
変遷,'首都高バトルシリーズのライバルをまとめたページを発見。\n各車の拡大写真やチームの変遷も書いてあってウキウキ気分。\n\nhttps://t.co/HXPvc4VkHH'
変遷,'@gustavcat3 本当ですね。気がつきませんでした。確かに歌詞は時代により変遷しています。通常「乙女子」です。確認してみます。'
変遷,'最近のは落書きもなくてペンもすら無い、プリ界変遷すげー！ https://t.co/q211B7UKaE'
変遷,'曇天帰しの話題の移り変わりが激しすぎて作者がついていけてない病\n\n哲学\n↓\nバイク\n↓\n馬\n↓\n相撲\n↓\n真田幸村\n\nどうしてこうなった!?\n\n※1話で変遷してます。'
変遷,'めちゃくちゃ可愛いけど、10年弱で可愛い文化の変遷を感じる（笑） https://t.co/5YnBgXSdmm'
変遷,'ブックオフ大学ぶらぶら学部読んだ\nせどりの話が、ブックオフの歴史と変遷が\n伺えておもしろかた。'
変遷,'@ibun_shiina この形へ落ち着くまでの変遷が気になりますね。'
変遷,'ティンくん変遷見比べるとだいぶショタの絵柄の人が描いたみたいになっててかわいさが増してるかわいい、それでそんな2コマしちゃうのかわいさしかなくない？卑屈さおいてきちゃったの？？もっとピリッとしててもいいのよ？？？'
変遷,'@rWHQ2hmMI0Njcez 貴重なお写真まで送っていただき、ありがとうございます。\n益々再訪したくなりました。笑\nこの看板では「乙女は」ですが、歌碑は「乙女子」なのが気になってました。「は」が削られてしまった？\n正しくは「乙… https://t.co/ztxNC4fSoL'
変遷,'仕事グチ垢→うつ垢→おふざけ垢\n僕の変遷'
変遷,'ダリアちゃんのキャラ変遷が最高に最高だったのでなんとか最後は幸福になってほしい……'
変遷,'アメブロを投稿しました。\n『まさかのカット失敗&amp;イチ髪型変遷』\n#アメブロ #イラスト https://t.co/3P2GuwAZSL'
変遷,'ハルヒの一期あたりぐらいまでは、作品のDNAやその変遷を知る事がオタクのステータスみたいな感じだったけどね。なんか今のパクリ非難や逆にオワコン嘲笑はおかしな楽しみ方になっとるな。 https://t.co/CDILKbeszB'
変遷,'久々のクラブハウスだ。ちょっと聞かないとどういう変遷でそのキャラやってんのか分からない( ˘ω˘ ) \n#キャラクターの集い'
変遷,'@ryry4trd4gm 義信様最高！(°▽°)\n\n団結力は確かにないですよねw\n草創期と前期と後期で家老メンバーの変遷が激しいのも大きいでしょうが…'
変遷,'【河井元法相事件で尾道市議会】受領30万円の説明変遷、杉原孝一郎市議に辞職勧告 https://t.co/WjwndVYhlq'
変遷,'ジャンプ主人公の変遷って面白い'
変遷,'動きたくなる間は https://t.co/eFEi9zoZgs 24周年のSSK World。庭仕事の話は、今の私にとってはいかにも通常運転ですが、昔と比べると、何が「通常」なのかはいろいろと変遷があります。週末の度にゲレンデ通… https://t.co/6RX5DPPzwK'
変遷,'でもメーカーの変遷とか軽く聞けて勉強になる'
変遷,'@gaming_zail とかげ(本物)のとくぎ、刺さるところで確実に刺さってくれるのでやめられません☺️\nうちはとかげ(人魚姫)がその枠です💡\n\nそれではラインナップの変遷も楽しみにしています✨笑'
変遷,'代理の顔の変遷まとめたら面白そうなぐらい変化してる'
変遷,'“女性は1890年(明治23年)の「集会及び政社法」によって，政治活動の自由を全面的に奪われた。4条で女性は政治的演説会に参加することを禁止され，25条で政党などに加入することを禁止された”\n\n→日本における女性の法的権利，地位の… https://t.co/m6rRqTwiPD'
変遷,'@Paradox114514 引きずっていてつまらないと感じているゲームは辞めたほうがいいと思います\n裏を返せば無駄と感じなかったり得るものがあればそれは無駄ではないと思います\u3000僕は昔のゲームを遊んでいるとシステムの変遷や僕の戦略スキルの上達が目に見えてわかるので楽しいですね'
変遷,'チェズレイの印象の触れ幅がでかすぎる 他は大体想像通りなのに、チェズレイだけ顔の良い美形→変態か……？！→面倒見のいい綺麗なお兄さん という変遷をたどっている'
変遷,'ここ最近のアイメイクブーム変遷\u3000ザ・ブルベ夏シャドウ期→薄めシャドウまつ毛がっつり期→セカンド秋発揮濃いめシャドウ期'
変遷,'@watchbonzodog ミュージックライフ的推しバンドの変遷は、クイーン→チープトリック→ジャパンだった記憶です'
変遷,'(第３節、日本の女性論…阿闍世コンプレックスの変遷は\n割愛)\n\n第４節、日本の精神分析における母親\n\u3000母性中心主義は、2000年代に入ると、日本の精神分析界隈でも女性の治療者を中心に批判の声が挙がるようになる。\n\u3000「母性再考」は2… https://t.co/07SsEmrZqC'
変遷,'邦題凄いが、中は『星図から紐解く天文学の変遷』的な内容です。\n星図が豊富+カラーで内容もしっかりしてて非常に良い。 https://t.co/yyO3G9UAWb'
変遷,'球場名称と球場外観の変遷を完璧に答えられるファンはガチ中のガチ\n#イーグルスあるある'
変遷,'部屋の整理をしておりまして。私が所有する、この10年で刊行された角川つばさ文庫の外国作品の翻譯もの、これらの価格の変遷に愕然としていたり。ここ数か月の新刊が急激に値上がっていることに気が滅入るのですが、どうにも初期と比べて今や凡そ… https://t.co/PqsD5MeqPj'
変遷,'◇哲学入門書\n（西洋精神史的）哲学的思考の核にある４つのモデル（①プラトン②デカルト③カント④ニーチェ）を提示し、その歴史的変遷をコンパクトにまとめた入門書。難解な哲学を概観する上で非常に参考になるおすすめな一冊。\n哲学マップ\nhttps://t.co/xrzQJsRujT'
変遷,'心理尺度の妥当性について、従来の三位一体観に代え、各領域の妥当性に関する証拠が構成概念的妥当性に繋がると主張した論文。\n#心理\u3000#尺度\n\n妥当性概念の歴史的変遷と心理測定学的観点からの考察 https://t.co/9KVDDqmZBF'
変遷,'@nichi2_drama 高師直を演じた柄本明の死に至るまでの\n思いの変遷は、フランキー円喜の切腹と並んで、すばらしかった。'
変遷,'注文してしまいました！簿記の歴史的変遷について知りたい！と思ってたところ著者がNHKでラジオ放送してたので興味持って買ってみました。試験？いずれネット受験します…笑'
変遷,'改めてMagカラーNのことを知って頂くために、ちょっとしたツールを作成しました。MagカラーNの由来、変遷、紙の特徴などを説明し、印刷の仕上がりがわかるようにカラーとモノクロ写真も入れました。ペーパーボイス東京でお渡ししております。 https://t.co/6U4GXIab5U'
変遷,'@hammalbasi 解説ありがとうございます！\nメフメト5世治下のSened-iはこれを経て以下のものに変遷するものと勝手に思っていたため、勉強になりました\nhttps://t.co/Ko6agFsTDg'
変遷,'「国語力」観の変遷を見つめることには、大きく分けて二つの意義があると思われる。一つは、顕現し、転換し、伏在し、反復する問題（主題）群と、それらのダイナミズムのなかから、ことばの教育における〈問題のあらわれ方の本質を対象化できる可能性〉である。'
変遷,'昨日clubhouseで、自分の宙ガール活動の変遷を話していて思ったこと。\n\nビクセンさんに出逢ったことも、はりま宇宙講座を知ったのも、でんスポを見つけたのも本当に「偶然の幸運」だから。'
変遷,'しかしこう段位変遷が流行ると、うさぎ選手の九段1000戦維持がいかにすごい記録かがよくわかりますな。。'
変遷,'今日は田中くんとおしゃべりしてましたwww\n装備の話になってクソダサを変遷させて行った結果眩しすぎて田中くんの目を機能停止に持ち込みましたwww\n＃Kのツイート\n＃トーラム\n＃トーラムオンライン\n＃トーラム民と繋がりたい https://t.co/BDhfvaOm4K'
変遷,'@senshuliner 車両の組成といい、CAT貨物室設置、その後の『紀州路快速』新設に伴う増備等々…変遷は様々でしたが\n\nこの頃…黎明期の223系がシンプルに『あの阪和線に新車🙆』インパクト？が暫くは強かったですね。\n\n改良工… https://t.co/EZg3D7TC1q'
変遷,'まるろん(受験生)の意識の変遷\n去年8月...受験勉強したいから動画を作ってもらおう\n12月...受験勉強に専念するためにこの曲を受験前最後の曲にしよう\n現在...太鼓の公募の曲を作ろう'
変遷,'フィガファウの変遷を考えていたんですがなんだかんだでフィが「俺はファといたかったのにファはアが好きじゃん！！やってらんない！！」と素直に喚きファが「クソガキじゃん…」と拍子抜けして400年の確執が取れた後仲良くなりやっと師弟だね！… https://t.co/u1ZHkvUA1V'
変遷,'自分は1〜2年見てたのかな？あとは炎上とかつまらなくなったりとか、メンバー変遷もあって枠移動したぐらいしか知らなかったけど、ようやくエイターが望むようなメンバーだけのやつ、で成り立つようになったんだね〜'
変遷,'かいがく少年の\u3000先生\u3000→\u3000ジジイ\u3000の変遷に、こう、そこはかとない情を感じてる'
変遷,'サクラ大戦アイリスの絵柄の変遷\n2010、2012、2012、2021 https://t.co/quNt3L5L1i'
変遷,'@9op69 ちょっと原点回帰というか、\n変遷というか、同じ曲でも変わってきてるから、自分の知らない時代を振り返ってみたくなってね。\n同じ曲ばっかりに偏るから、\n前に聴いて苦手だなぁって曲も、また違って感じるかも知れない。\nそんな奥深さがあるんだよなぁ。'
変遷,'【47-28】\u3000この変換機構──〈鉄の時代〉から〈黄金の時代〉に至るまでの時間内の変遷過程──が現在作用している。'
変遷,'変遷後\n①週5.5日(やっぱりそこは譲れないんかい💣)\n②土曜は早番のシフトのみ(結局土曜の代休は無いんかい🔥)\n③時給は当初と変わらず\n④就業した人には祝い金支給(高校生のお年玉くらいの額💰)\n\nっていう、結局大して変わっていな… https://t.co/0tm1Z66L4B'
変遷,'はてなブログに投稿しました #はてなブログ\n伊藤さんの訴えは2時→5時とか強姦致傷がどうのなどと変遷しているのか - 伊藤詩織さん民事訴訟を応援するブログ\nhttps://t.co/NkEolXWVm6'
変遷,'自分のために…ということで、いつか女児アニメとジェンダーの価値観の変遷について記事を書きたいです。\n\nリボンの騎士からプリキュアまでやりたいです。'
変遷,'⬇️貼り忘れた💦雷や雨はかなり重要な要素なので、それだけ言葉が出来た初期の頃にあった言葉と言えて、その分、変遷もありえる。ここでは、音がシャウかシュウかは、決定的に異なるものとはならない。… https://t.co/g8i2p190oU'
変遷,'キー局番組編成変遷表｜穴あきおたまでこんにちは https://t.co/KCB34lHjab \n2021年度春以降・NHKG月22:45(春ドラマ)、TBS日13(新番組)/火19(終了日/制作協力)、テレ朝火19(開始日)、テ… https://t.co/PnS9cNaGc5'
変遷,'たった2〜3年で「ピチギャル」から「BBA」に変遷しなければいけない30代、大変だよな'
変遷,'@5reisan 天瓜粉は本来は澱粉。現代のベビーパウダーのはしりはシッカロール(商標)。それは酸化亜鉛4割滑石4割澱粉2割だったと。でも時代で変遷してるらしい。\n\nhttps://t.co/j4k3r11aHV'
変遷,'@gcf_bon やっぱり運命なのか………🦊これ以上推しが増えたらわたしのスペックでは処理しきれない🙉ㅋㅋㅋ\nボムギュってツイの最後に絵文字付けるでしょ？それ昔？デビューしてから暫くは🌰だったんだよ♡だから🌰の子って覚えてたのㅋㅋ… https://t.co/Kcndc0kKVr'
変遷,'Ixy(いくしー)さんのイラストの変遷が凄すぎて頭が上がらない。\n\n2010→2017 https://t.co/MRU5QYUUdV'
変遷,'私が使ってる軍刀は鉄鞘、駐爪式の鮫皮着せで金の派手な装飾の将官レベルの高級な初期〜中期型の九八式軍刀です。\n\n国情変化により、鞘は鉄→アルミ→革覆い木鞘と変遷し、それに連れて外装品位も劣化していった。\n\n駐爪とはストッパーボタンの… https://t.co/UZI5e5GUv3'
変遷,"'ブログを更新しました。\nvol.30の回です。\n\n""全集もそうだし、日記もそうだと思うけれど、連載も、特にそれが長く続けば、その作者・作品の変遷が〈よく見える形〉でたどれて楽しいものだ。""\n\n2月23日｜『水木しげる漫画大全集』を… https://t.co/ZlrACbsKaD'"
変遷,'昔の京成千葉駅って今の千葉市中央公園あたりにあったのか。ほんと千葉は駅の変遷が激しいよな。 https://t.co/HY7fysyO4f'
変遷,'それはそれとして特に後半の語彙にいくつか遙かをめちゃめちゃ感じてしまって、遙か初代からの会話演出の変遷が走馬灯のように駆け巡り「ルビーパーティー…大きくなって…！」の感情にみまわれた'
変遷,'2014年グラミー賞でのパフォーマンスを観てるとこれがダフトパンクのキャリア最高峰と感じる。テクノ→ディスコ→ファンクと変遷を経て、恐らく一方はよりブラックミュージックを深化させていくだろうしもう一方はテクノ回帰していくような気が… https://t.co/BpYX74FA1V'
変遷,'豊臣秀吉が行った太閤検地では、国家が検地役人に食料を支給し接待を禁じている。現場の生産性を高めるためであると同時に、地方分権社会から中央集権時代ヘ、移行を告げるものでもあった。\n2021.2.20.日経 読書面「共食」の社会史\u3000原… https://t.co/6FiLc12GT7'
変遷,'自然界で弱い存在だった人間。連帯することで生き残るため、共食することを選ぶ。…日本では、同じものを食べることで集団の連帯感を養ってきた。…\n2021.2.20.日本経済新聞 読書面\u3000「共食」の社会史\u3000原田信男著\u3000連帯生む会食の変遷たどる《評》生活史研究家 阿古真理'
変遷,'【既刊紹介】「満洲にファシズムは存在したのか」この問題意識の下、日本におけるファシズムの受容から説き起こし、その変遷を論ずる。\n広報誌第10号収録「ファシズムと満洲について」 \nhttps://t.co/wQItE5zBoa'
変遷,'コカ→紀行→黒岩→末路という変遷'
変遷,'別件でジオイドとかWGS84を調べていたばかりでしたゆえ。地球をどういう値の回転楕円体と定義するかの規格の種類や変遷があるとは思わなかった。\n\nhttps://t.co/JnvFLr7wQl https://t.co/0X0I7oLZ2c'
変遷,'コスプレ界隈のメイクが変わってしまった、昔はこんなでよかったのに…今は素顔勝負じゃん…とかか言いがちな懐古レイヤー割といるけど、そりゃコスプレ関係なくメイクとか流行の変遷あるんだから当たり前やろうて'
変遷,'空想地図「首都圏の定義の変遷」が作成されました。https://t.co/gv0T3IC9zY  ご意見ください。'
変遷,'Vogueの100年の歴史シリーズ好き✨\n眼鏡の変遷なんだけど、メイクやヘアスタイルも、なにげに勉強になる👓\n\nhttps://t.co/f9e473NHCY'
変遷,'僕のインスタストーリーの傾向変遷\n(アーティスト編)\n2018年:E-girls\n2019年:中目黒の一族\n2020年:E-girls\n2021年:大塚愛\n\nまーた好きなもんのストーリー投稿してやがるよこいつって思われてるだろう笑'
変遷,'京ジェ身長差資料、ありがたすぎる……\nなんかもうすごい\u3000歴史\u3000はぁ〜〜まぁよくこんな小ちゃい頃からこんな大きくなって…\n変遷〜〜〜！！！'
変遷,'プロテインは飲み方の変遷としてマニュアル期〜こだわり期〜飲めればいい期がある気がする\u30001/2 https://t.co/nU8oI8HsuI'
変遷,'(でもそれって環境の変遷を伴うし、チートスキルって自己の変遷を伴いますよね……？自分を変えるのは現世でも別に可能なので……)'
変遷,'リクルート事件を名前しか知らないくらいの小娘だけど、戦後日本の多くの企業の勃興とリクルートの成長・変遷が絡められててここ1年で読んだ本の中でダントツで面白い(なおまだ途中) https://t.co/BI9bvqdTqt'
変遷,'まだミ○キーマウスマーチにのせて覚える朝鮮半島の名称の変遷とアルプス一万尺にのせて覚える中国のやつ歌えるわ'
変遷,'寝る前に最近の絵のラフたちを一挙公開しておきます〜。魔女子さんと金糸雀姫の絵も古くなる前に塗らないとな。最近絵の質の変遷激しいから一年で絵が古くなる。高校時代に戻ったんかってくらいわたしなりに成長が早いから完成焦る💦Jの顔もすでに… https://t.co/irnnpkFS69'
変遷,'@CQdps おめでとうございます！こうして見ると、色々な変遷を経てますね！👍✨'
変遷,'20年間｢ブログが趣味｣という設定が変わらないせいでブログなんて現代っ子だね～(00~10年代前半)→このSNS最盛期に未だブログって情弱なんか？(10年代後半)→逆に今でもアクセス数稼いでるブロガーってインターネット強者感あるな(現在)へと印象が変遷する男、財前光'
変遷,'肉食の猫は死臭に誘われる性質があるから元々死体に憑くと嫌われていたこともあるんだが、似たような性質の死体を喰らう魍魎から変遷したんだ。死体の肝を食べるために盗むとね。だが魍魎もオリジナルじゃない「火車２」'
変遷,'変遷がバアル(カナン)→セトゥ(エジプト)→バエル(ユダヤ)だから仕方ないのか？'
変遷,'テレビアニメ版の2年目は、『しゅごキャラ!! どきっ』、3年目は『しゅごキャラ! パーティ!』と題名を変遷している。『しゅごキャラ!』が第32回講談社漫画賞児童部門受賞。'
変遷,'マスティフ/R301→マスティフ/トリプルテイク→マスティフ/ピースキーパー→ピースキーパー/ウィングマンって武器の変遷だった\u3000マジでやばかったわ'
変遷,'逆にこのワードを、エロを介さない意味で使ってるケース最近もうほぼ見ないんだよなぁ。元から変態的なものに多く使われてたみたいですし、やむを得ない変遷だと思う。性が絡まないなら「悪癖」とか「偏向」「趣味」なんかで置き換えられるしね。… https://t.co/wfbtNmJ763'
変遷,'サマンサおばさんのパウンドケーキ変遷\n\nきゃらくろ時代\nあにおんビアガ(前回)\nあにおんビアガ•リバイバル(今回)\nあにおんビアガ•リバイバル(差分) https://t.co/WHeD7lDXxU'
変遷,'三森すずこさんのソロ、楽曲としてアクがなさすぎるような感覚があって、あまり好んで聴いてこなかったんですが、音楽の趣味の変遷からちょうどいいポップスとして聴けるようになってきました。それはそれとして、この曲はやはり別格です。https://t.co/YK1h9viSfV'
変遷,'個人サイトの時以上に中の人の｢個｣が出るからその人の人生の変遷がつぶさに観測できるのがツイッターの面白いところではある'
変遷,'個人的にメインループの書き方は\n\nステートパターン\n↓\nコルーチン\n↓\nUniRx\n↓\nUniRx＋コルーチン\n↓\nUniTask＋async/await\n↓\nUniRx＋UniTask＋async/await\n\nっていう変遷を辿… https://t.co/FJocerEh4P'
変遷,'ライスシャワー\n儚げな面と力石みたいな精神力のギャップでめっちゃ好きw\nこの変遷を経て復活したテイオーとマックイーン、シャワーの三つ巴になるのかー！\nシナリオがホント良いよねウマ娘\n\nイクノディクタスももう少し活躍しそうで嬉しい'
変遷,'@358ayuz 漫才→私服→🐄柄\nっていう変遷でしたね。\nやっぱり西ブルーはアレですね💙'
変遷,'今日のトレンドの遊戯王のフレーバーテキストで一番好きなやつで見たけどゴギガガガギゴが《ギゴバイト》・《ガガギゴ》・《ギガ・ガガギゴ》と変遷を経ていることを初めて知ったよね、ギガガガギゴがいるのは前から知ってたけどその前もおるのは知らんかった'
変遷,'簡略化を好むのは人間の性でして、言語や文法の歴史的変遷や宗教の浸透を見てもそれはよく分かる'
変遷,'私からチェズレイくんへのイメージ変遷覚え書きです ネタバレがまあまあある… https://t.co/BIqXmskD2Z'
変遷,'今知った！ビックリ(泣)\n「在韓米軍慰安所」の変遷。\nアレだけ「性差別！性奴隷！」と世界中に発信しておきながら、他国民を性奴隷化!?鬼畜の所業\n・在韓米軍慰安所Wikipedia↓\nhttps://t.co/FnX92cnK6X https://t.co/vbgLsedd5C'
変遷,'一週間の変遷2\n「気温が上がった\u3000陽も出て散歩するのにちょうどいい\u3000小雨がちらついた\u3000晴れ間が増えた\n23日は晴れながら雪風が舞った\u3000春一番なのか北風かわからない風が吹いた\u3000鶴が鳴いて飛んでいる」 https://t.co/g7k7bs6BIE'
変遷,'一週間の変遷1\n「雪がちらついたり晴れたり曇ったりした\u3000気温は低くて交差点で道路が凍っていた」 https://t.co/EnESUW8t0J'
変遷,'「【動画】ランボルギーニ55年、全モデルをエンジンサウンドつきで。その変遷を見てみよう」｜\u3000ランボルギーニの歴史を7分に凝縮\u3000｜...  https://t.co/8enneCQYB0 https://t.co/FcDAbRfAd5'
変遷,'@meru_m0702 俺も開店から閉店まで打つタイプなのでいつも帰宅してからバッキバキの身体を癒すのに苦労してますからよく分かります😅\n\n俺も最近は6号機を触るようになりましたが…ヤレない事はないですよね🤗\n\n1号機の時からずっ… https://t.co/knMXzV5xFU'
変遷,'@73no13 しちみちゃんのヘッダー変遷として記録しておくね\nさんちゃんはこれからも巻き込んでおいてね'
変遷,'@shihori94 @zunda_kurumi 貴方もセクハラや性被害にあっていたのだとしたら、黙認せず何かしらで発信すべきです。私も広河隆一は絶対に許せません。私も著書を読んだ時には絶句しました。が、伊藤氏の変遷する発言、女性… https://t.co/ThanS16WRk'
変遷,'みずはらはちいくんのことずっとちいくんって呼んでるんだろうけどちいくんのみずはらへの呼び方の変遷を知りたいな'
変遷,'@matdc_ ちなみに原住民も進化しとるぞ。画像は群馬県の成人式の変遷。今ちょうど怒りのデスロードレベル。 https://t.co/iXNwqG8KIC'
変遷,'環境の変遷を眺めるの好き'
変遷,'@TenkouTisatu108 変遷はあったと思う'
変遷,'@Haruka2007Toshi 副リーダーはちょくちょく変わってて、\n\nMole→奏→いろはす→リベルテ\n\nっていう変遷になるのかな？\n最初の2人は私も知らない( ˙꒳\u200b˙  )'
変遷,'@bobinzuru そうです、その『小さいおうち』の中島京子さんの本です❗️映画では黒木華さんがタキちゃんでしたね。\n上野動物園が休園し、毎週通っていた上野の森に行けなくなった今、『夢見る帝国図書館』に綴られている上野の変遷の物… https://t.co/aRPxuSqRDL'
変遷,'郵便料金の変遷を調べてて、当時の切手の画像も載ってるこのサイトを見つけました! ソメイヨシノの10円(1961-66)オシドリの5円(1955-66)キクの15円(1966-72)金魚の7円(1966-72)、めっちゃ記憶ある!!\nhttps://t.co/SDiIm7ZRpB'
変遷,'ダッツさんなんであんな動きなのか本で解説あると面白いだろうな。\n\n顔の変遷だけでも見ごたえあるし。\n\nドゥルクに会いたいって思ったら終わりだと思ってがんばろ。\n作業放置してるわけだしさ。'
変遷,'@sige_itman けっこう味の変遷はすぐにわかったりしますね\n\nあれ？何か比率が変わってる気がするとか…\n\nラーメンはたぶんわからないですね…家系も食べたことないし'
変遷,'好きな男性声優、山寺宏一になるまでは結構変遷があったんだけど、なってから今日に至るまでほぼ四半世紀ほど一切変更がない事実……\n\n女性声優はここ数年は悠木碧だけど、それ以前は割と変遷がある。'
変遷,'@Lbm5homx7fxjxq3 自分のうろ覚えですが、西鹿児島への快速大隅は2両編成で、宮崎への快速佐多は4両編成だった記憶です。\n快速(急行)佐多は大隅線廃止後も変遷を経て、今でも日南線の快速日南マリーン号として残っているのが凄いですね。'
変遷,'のどっちの段位変遷どーやってみるのー？😭\nなんか見れない！'
変遷,'@kiomae2738 俺は、ハード、酸素透過性、ソフト…と、変遷してきました。'
変遷,'@kurifuto_perc 先輩はリュックにトイレットペーパー詰め→ティッシュ箱詰めに変遷した・・・去年かおととし自分も発症したから今年は箱ティッシュ背負いーズに仲間入りするかもしれない・・・'
変遷,'TBC\n・電波塔開局というテーマで\n\u3000歴史を振り返っていく\n・選曲が泣かせに来てるやつｗ\n・ほぼ寸分違わぬ定点で\n\u3000八木山本局を撮り続けて\n\u3000いたことで\n\u3000街の変遷がはっきり伝わる\n・コールサイン2回からの\n\u3000〆がテストパターン'
変遷,'@Ichishima_sake 寺町通りの側溝に鯉が飼われていたのは驚きでしたし、通り自体も閑静で良いですね🤗私は国鉄赤谷線廃止の少し前、初めて新発田へ足を延ばして以降、市の変遷を私なりに見て来ました。新しい物は取り入れ、古き良き物は残す。そういう新発田を見て行きたいですね🤗'
変遷,'YAGNIとかに対する違和感も、これで結構說明できそうな気がする。\n\nまさに動く「モノ」を作ろうとしているのに、なぜ時間軸に伴う変遷を無視しようとするんだ、なぜ時空間の中に「モノ」を立てようとするのを拒否するんだ、という違和感がどうにもついてまわる感じ。'
変遷,'@llNllOllAll 奥ゆかしいは奥がゆかしい、奥が気になるって意味で「ずっと上品に振る舞い謹んでいる人の奥って気になる」って感じじゃない？\n解説の「から」ってのは意味の変遷を意味してるんだと思う。「奥が気になる→具体例：慎ま… https://t.co/ceSbpccShg'
変遷,'ネギはユリ科だとばかり思っていたけど、ユリ科→ネギ科→ヒガンバナ科という変遷をたどっていて、解析技術の進化によって今後も変わる可能性があるらしい。'
変遷,'@nakazawa860724 東欧の方と！うらやましいです。EU加盟でしたらたくさん変遷がありかなり生活変わってますよー\n \n笑いは生活様式から☺️\nその方の青春時代くらいの話題から話を広げても良いかも。\n英語力よりnakaza… https://t.co/bXhR6B35PZ'
変遷,'段位変遷とかアカウント多過ぎて覚えてない(∩´﹏`∩)'
変遷,'2016年から受け継がれしテーマ曲笑「風唄う者たち」の変遷についてやインストver.についてもご快諾頂けたので、またFANBOXとかでお話しさせて頂きます(๑•̀ㅂ•́)و✧\nそうかさんご担当のTr1も3も実は詞先なんです…！とて… https://t.co/vMXj8VKz2g'
変遷,'出会ってから今みたいにニコイチになるまでの距離感の変遷とか\nできるだけ自由度あってほしい…もう…20年とかたつなら…いまさら確定されたくもない…'
変遷,'@May_Roma お金で買えないもの、目に見えないものの価値って大きいと思います。歴史とか文化の重層性、そこから来る精神的なものなど。目に見える金銀宝石も、それの由来とか歴史的な変遷など、込められた何かがあると思います。\nそれを… https://t.co/lgv8LvuZki'
変遷,'個人的なJavaのアクセス修飾子変遷は\n\nなんでもpublic期\nとにかくprivate期\nprivate撲滅期（public＋クラス分割期）\npackage限定公開期（protected + default期）\n\nです。\n\nなお… https://t.co/sTl0NRNF8y'
変遷,'どうしても折り合いが付けられない、許せないものがあって、それと戦うために生きてる姿ってめちゃくちゃ人間臭いなと思うので🍭と📚って初期から人間らしいなぁと思ってたんだけど🎲はその逆でどんどん人間らしい部分が見えてきたなっていう解釈の変遷などがあり'
変遷,'@sbkzhk 自分は元々の若衆宿＝通過儀礼の閉じた場所→開かれた場所＝公民館への変遷とかに興味あって、その変化の中でどんなことがこぼれ落ちていったのかなあ、とかを妄想＆興奮してしまうんです(笑)。\n人から見たら変な部分だろうなあと思われることも分かっちゃいるんですが(笑)。'
変遷,"'最安値の「争議行為「あおり」罪の検討 判例の変遷とその異同の分析  /成文堂/中山研一」の価格比較ランキングを更新しました。\n最安値は1,350円です。\nhttps://t.co/MTyF3D2Tcf'"
変遷,'時代の変遷が感じられる…\n一番端と端を見比べると本当に同じタイトルの作品なのか？って思うな'
変遷,'最近のジャンル変遷が進撃→金カム→ヒロアカだから週刊少年ジャンプの明るさにびびってる   すごい   なんじゃこりゃ'
変遷,'のほうがいいと思うけど、好きだからリプライ飛んでいく＃寝ろすこんなに心をえぐられそうになるとその効果を初代から末代の変遷までもついさっき病院に行っても、ないかな…ホテルはありません'
変遷,'学習指導要領の変遷で振り回された世代\n鶴澤「結局メンデル遺伝習わんかった」\n #鶴澤寛太郎 #藤川貴央 #ツレビキ #ラジオ大阪'
変遷,'変遷語りか～ でもなあ 浮気者って思われたら嫌なんだよな'
変遷,'人間やればできるんだよなぁってこと、TRPGのマップ作製で感じています。これらが変遷。 https://t.co/1uNZPl6X3B'
変遷,'【ビルボード週間結果(ストリーミング)】\n\n途中経過からの変遷表\n\n#優里「#ドライフラワー」の週後半伸び率は2.53倍で安定した推移。水曜日に配信された #星野源「#創造」は初日の勢いを維持すれば単純計算で5倍の伸び率が見込めた… https://t.co/h4MfSdO0Q5'
変遷,'@PCS_TL ひっさしぶりに元くん描いてるけど、顔がなんか違う気がするのは、成長による絵柄？の変遷のアレソレだと思うことにする！いやわかんね。ちょっと寝かせようかな。これは、色塗りの途中に見ることができる人間のころの元くん。 https://t.co/P1gJvTbp1H'
変遷,'バスタード、懐かしい。\n\n続きはいろんな意味で無理だろうなぁ。\nもはや忘れちゃてるし。\n\n絵柄もだいぶ変遷していったけど、ほんと上手いなぁって思った漫画家さんだった。'
変遷,'ﾔｽｽ先生がその辺なんか話してた気がするけど 静雄くんも 成…先生の初期案が丸サングラスだったりゲーセンの店員だったんだから 色々変わったのかな〜 その変遷を全て見たかったよな'
変遷,'@krt_0501 素敵な景色でした！！ここからまた、未来創造への1歩ですね✨変わりゆく時代の変遷と向き合い、更なる進化を目指して一緒に進んでいけたらと思います😉🤟春のツアーも楽しみです😆✨最高のライブをありがとうございました🥰🥰… https://t.co/ZqesDGM4Qy'
変遷,'80年代メンズスーツの、ゆるっとしたソフトなシルエットが好きですね アニメとかでもメンズスーツのスタイル変遷って時代を反映するよなあと思ったり https://t.co/AcI6q7dDmc'
変遷,'読了。これはおすすめ。古今東西の会社の潰れ方。\n\n成功から抜け出せない会社、ただ時代と環境が追い風の会社、規模に合わないガバナンスなど。反面教師として最高の素材\n\nGM、MGローバーあたりは会社の変遷もわかってよかった。昔の会社も… https://t.co/KpLtdWVBas'
変遷,'背景の変遷 https://t.co/U3JZXn3xDa'
変遷,'印象★★★★★\n\nおよそ１世紀間のろう教育の変遷を描く物語。なぜ長くろう学校で手話が禁じられていたのか、実は聾唖者が経験する筆舌に尽くしがたい過酷な現実がその背景にある。読み進むのも苦しくなる描写も多々あるが学びも多い。手話を学ぶ… https://t.co/uubAHhcur8'
変遷,'9.ネオロマンスシリーズ\nネオロマはネオロマであって恋シミュではないのですよ。ものによっては使命をどうにかしないとそれどころじゃなかったりしたような？\n恋か使命か&gt;恋も使命も&gt;使命にひた走ってたら好かれてたみたいな変遷をたどってるのが面白い。最新作のヒロインは社会人らしい…'
変遷,'時代の変遷か。。'
変遷,'田中幸雄の若い時のショート→外野→ショートのようなポジション変遷もあるけど、廣岡の外野はちょっとまだ早いかなあ。\n外野に故障者続出したり、試合中に選手使い切った時ぐらいならありだけど'
変遷,'@1632_torasan 変遷を辿るのもいいですね！\nありがとうございます😊\nしっくりくる呼び方、なんだろう？何になるんだろう？\nそれも楽しみです♡'
変遷,'@kiakich 色々踏まえた上での「弱い」だったら良いんですけど、ホントにそこまで考えた？って思いたくなるんすよねぇ( ´-ω- )\n\n長くやってて今までの変遷を見てるからってのもあるかもです(〃ﾟ艸ﾟ)ﾌﾟｯ'
変遷,'【3/10発売予定】『ライトノベル・クロニクル2010-2021』飯田一史（Pヴァイン）従来の文庫ラノベからウェブ小説、ボカロ小説、ライト文芸までを巻き込み変化を続ける「ライトノベル」その時事風俗・流行商品としての変遷。… https://t.co/imX1R2Tu9F'
変遷,'『ビッグシックス』相川光太郎のキャラデザの変遷についてです。\n（作画の川さんには毎回わがままを聞き入れていただき大変感謝しております） https://t.co/Uvh5TpeqhH'
変遷,'【3/15発売予定】『文化としての科学 技術』村上陽一郎（岩波現代文庫）専門家集団の自己完結的な科学から外部社会に開かれ、軍事や企業の技術開発に利用される科学、さらに将来の安全性も考慮する科学へ。科学のあり方の変遷を論じ望ましい科… https://t.co/DOQ35bc2Jc'
変遷,'@licolustyle4000 おお！良さそう！ 時代の変遷と合わせて調べたいなってちょうど思ってたからめちゃくちゃ参考になる😭 やっぱり自分だけで考えるより何倍もいいわ、ありがとううう🥰🥰'
変遷,'やっぱりだいきほの歌声がつよすぎて逆転無罪だし、憎しみの中で生まれた愛が転じて憎しみになり、しかし無垢な愛に昇華される、という変遷があまりに美しくて逆転勝訴'
変遷,'いろいろな変遷を遂げた上で羊毛フェルトで作ったポケモンがGoogleの画像認識で認識されなければゲームで使えない実況をしてるの意味不明すぎるwww'
変遷,'水ランイベの変遷調べた。もし次来たら５回目かな？\nこうやって見ると新キャラの賞味期限短いなー\n（なおドリエ様は最初から戦力外） https://t.co/KklAGswwvv'
変遷,'変遷 https://t.co/dPWMw0wI4x'
変遷,'なりたいもの変遷\nパン屋→画家→畳屋→桂正和→丸の内OL→無職\nて感じだったけど他になりたかったもの思い出せない'
変遷,'@tyatorashiro 証言自体が変遷変質していて全く積み重ねられてさえいない事すら認識出来ない連中'
変遷,'フォロワーさんがどういう変遷でそのフォロー欄になったか興味が湧くときがたまにある。'
変遷,'#ジョゼと虎と魚たち\n角川文庫のカバーの変遷、こんな感じかな？ https://t.co/abM58MFqqE'
変遷,'アメブロを投稿しました。\n『ホッカイドウ競馬賞金変遷（２０２１年）』\n#アメブロ #かんたん投稿 https://t.co/njvoN7tB8I'
変遷,'ひとまず久しぶりに更新してみた。\n\nアメブロを投稿しました。\n『ホッカイドウ競馬賞金変遷（２０２１年）』\n#アメブロ #かんたん投稿 https://t.co/tS4sRHvwpr'
変遷,'PZLHOUSE(パズルハウス）株式会社の花坂です。\n自社の断熱性能の変遷を少し振り返ってみました。\n⓹\u3000まてまて、、、世の中には、パッシブハウスってものＱ１住宅ってものあるらしい！・・・勉強したら、室内温度は、18度以上だと健康を保てるらしい！と解り、、、'
変遷,'86．それぞれの時代を暗に規定する知の枠組みの変遷を知る\u3000フーコー(p112)  #短歌で読む哲学史'
変遷,'メディアの変遷以前に、成長によって子供⇒学生⇒大人という感じで視野が広がっていっている、ということから目を背けて「世の中が変わった」論に持ち込もうとする人は、今も昔も一定数いるわけか……。'
変遷,'絵の成長を感じる度に描いている、リメイクちゃん(仮)の変遷です。いつか名前をつけてあげたい🤭 https://t.co/hpna6m6zGX'
変遷,'@tama_gara @tamaki1853 横から失礼します。「鎧をまとう人びと」持ってます！「誤解された腹巻と胴丸」で、応仁の乱以降の甲冑の大量生産、当世具足の登場の中で名称の理解が混乱しそこから呼び名が入れ替わったとあります… https://t.co/0J8WEsKZ54'
変遷,'人間の消費心理とか心理変遷を学べば、自分の活動の優先順位が一瞬でわかります。これも人がどうやって商品にであって、どうやって魅力に惹かれて購入に至るかを知っていればこそ。結局は学ばなきゃいけないわけです。だから大事なんですよ勉強って。知らないことは想像することもできないですから。'
変遷,'吉野さんの髪型の変遷。笑\n\n#おじ爆'
変遷,'お〜じくんが昔尖ってた、元ゆば隊だった、今のお〜じくんになった   って変遷見たらどう考えてもゆばちゃんの元でキバ研がれて性根叩かれ直されたイメージしかないんだよな………………………'
変遷,'弊宇宙の一日目csの変遷\n一日目守護天使cs→一日目ドクターcs→一日目バグcs(いまここ)'
変遷,'この世には1890年代の袖変遷というジャンルがあるのか\n袖こわい❨袖の膨らみでピンポイントに何年か当てられるくらい袖の膨らみが特徴的だった年代。それは1896年の袖じゃない！とかなるらしい。こわい❩'
変遷,"""国立音ノ木坂学院は、明治期に立てられた由緒ある学校で、今年で創立115年を迎えます。かつては名門校として、地域ナンバーワンの学校として、名をはせていました。\n\u3000しかし時代の変遷にともないその輝きはしだいに失われていきます…\n（電撃G'sマガジン2011年5月号/学校周辺紹介-1）"""
変遷,'らくちゅーぶ#64\u3000『日本におけるスライムの変遷』\nhttps://t.co/bygJzMLTc2\n日本における #スライム の変遷について。\n様々な映画やゲームに登場していく中での移り変わりを語っております。\n#らくちゅーぶ'
変遷,'★2.27（土曜）17時-\n今月休止となった千葉詩亭。代替企画として猫道×大島健夫×山口勲の対談を配信します。舞台に立って23年。マイクを握り始めて13年。首都圏のスポークンワードと猫道節の変遷について時系列に沿ってトークしていく… https://t.co/HwFZ5DRST2'
変遷,'ゴールデンブレイズドレッド。\n…(名前の元はグリーンです)\n\n強い光源を当てると赤→橙→金に変遷します。\n有機的なアウトラインが多いデザインなので組み上げが楽しみです。\n\n掴み変えが面倒なので塗装毎にデカールとトップコートもします… https://t.co/xJMXEZm008'
変遷,'@1historysociety しかし、中国王朝は易姓革命で変遷してきてるんですよね。天命我にあり、かもしれませんがそれでも日本よりマシですよね。八紘一宇だの万世一系だの「島国だから単一民族」というクダラナイ幻想は非常に日本的。'
変遷,"""明けまして、どうぞ今年から改めて→明けまして改めまして→終わりと初めの長夜に寄せて、と変遷しているけれどまだしっくりこないんだよな〜三('ω')三( ε: )三(.ω.)三( :3 )三('ω')三( ε: )三(.ω.)三( : 3 )"""
変遷,'@_BIBILIAN 天さんの方が心にひっかかってそうだと私も思ってました！\n私もこのボキッ邂逅エピソードを次に出す本に入れる予定でネームを書いてました🤝✨\n天さんの変遷を思うとしみじみしますし、メンタル安定してて昔と変わらぬヤム… https://t.co/F6CzlBesus'
変遷,'突如としてΔ沼に落ちてからこの2ヶ月ほどほぼ毎日狂ったようにクリス描いてて思ったのが、\n\n・絵柄(描き方)の変遷すなわち解釈の変遷\n・クリス描いてる側から「クリス描きてえ…」って鳴き声あげてた\n\n以上2点が明らかとなっただけでした。収穫どこよこれ。'
変遷,'@Cawxw5BsnKiUOAs 私も3次元の痛そうなのはちょっと苦手です。モノによるんですけど…。\n\n火葬変遷でのメリットは多いですからね。埋葬場所の縮小、衛生の観点など。人間でなくても、動物に墓を荒らされる事も有るそうですし。死体は病原菌の温床ですからね…。'
変遷,'ドク「回路が壊れても不思議じゃない。“メイド・イン・ジャパン” だ」\n\nマーティ「どういう意味？ “メイド・イン・ジャパン” は最高だよ」\n\nドク「信じられん」\n\nこのシーン。1955年のドクと1985年のマーティの会話。アメリカ… https://t.co/b64no7hg05'
変遷,'@F4EJ2Phantom 多分その百科リアルタイムで買ってもらった記憶があります。マン、セブン、新マン～A、T～80までを買ってもらいました。そのなかにウルトラヒーローのスーツの変遷というコーナーがあり初代マン、セブン、新マンな… https://t.co/fukNb3FOJK'
変遷,'大系化されないが故の永続性は強いよ。常識や正義なんてものは時代ごとに変わる消耗品に過ぎないので、そこに囚われると時代の変遷に置いて行かれる事もあるでしょ'
変遷,'高校迄は一匹狼。\n大学で友人や先輩の有り難みを実感。\n鑑定士受験で引き篭り。\n仕事の輪を広げられると思いきや外出自粛。\nこういう変遷があるから、今はリアルな繋がりを心から求めてる。'
変遷,'@cpparc 割と概念とか歴史とか学んでます。\nオブジェクト指向が何故登場したのかとか、\nウォーターフォールのあとにアジャイルが登場したとか、\n品質担保のための手法の変遷とか。\n技術自体というよりは、技術選定のための知識って感じてます'
変遷,'@U_913D サブカルチャーがメインカルチャーに変遷していく様子を体験できてよかったね！という話なんだってばよ！'
変遷,'ジャミカリの関係性の変遷がハチャメチャに素晴らしく凝縮されてて泣きますこれは…😂😂😂ハッピーで終わるのすき…すきです… https://t.co/ZeILmSe6jx'
変遷,'やっぱ学問の前提条件の変遷ってすごいな'
変遷,'BTSジョングクのタトゥーにファンは賛否も…彫師の月収200万！ 韓国タトゥー文化の変遷を紐解く https://t.co/p2JyZbdFDQ @cyzoより'
変遷,'東京湾に高速道路が横断しており高速バスで通学するのを動画で紹介されていたスーツ氏。モータリゼーションとともにインフラの発展の姿が変遷するのは、なかなか難しい問題。 https://t.co/UKMqgZMqnf'
変遷,'相棒\n青木年男の部屋の変遷\nS14覗き盗撮（大森）\nS15警察入庁直後（恵比寿）\nS18拉致回外観のみ（恵比寿？）\nS19右京メガネ回（恵比寿？）\n\n右京\u3000青木\u3000冠城\u3000水谷豊\u3000反町隆史\u3000浅利陽介 https://t.co/KnmuYeowwY'
変遷,'小売りフォーマットの変遷はゆったり大きく動くけど、驚異的なスピードで成長したドラッグストア史については最近「ドラッグストア拡大史」がイースト新書で出てて良かったなコレ🤓 https://t.co/BGuTsTQTzq'
変遷,'スローフード運動、あれもなんかおかしなことになっていた気がするがコロナの影響でどんな感じに変遷したのかちょっと気になるところ'
変遷,'ヘヴィメタル・進化の歴史【メインストリームの変遷】#1 https://t.co/lNxmgMZDXS @YouTubeより'
変遷,'…\n第5章 2000 年代の考古学者像\n\u30002000年代の日本考古学界\n\u30002000年代の作品に登場する考古学者\n\u30002000 年代の考古学者像\n第6章 戦後マンガの考古学者像の変遷\n\u3000作品数・考古学者数・ジャンルの変遷\n\u3000考古学者の特徴とファッション\n…'
変遷,'@calmdays_yu @teillife @ichurch_me 結構、旧約規定どうするかは、歴史的に変遷しているようですよね。なぜ、こうなった？という感じもしますが。\n\nそして、規定順守している自分、頑張った、えらい、みたい… https://t.co/QjHHZNVBq1'
変遷,'変遷がやべえ'
変遷,'@zerbinet ちなみに、今最優先しているのはハンドル名の括弧内の通り、（音感強化中）ですが、それ以前は（リズム感強化中）とか、さらにそれ以前は（ハイトーン強化中）とか、時期によって変遷しています。あと、途中で声質コントロールや裏声コントロールもその都度強化してますが、、、。'
変遷,'@takayamaline48 名古屋の私からすると、この駅と車両の変遷が一目で分かる、貴重な記録ですよ。\nこの画像1枚1枚を撮影していた当時の たかやまらいん85 さんに感謝申したいです✨'
変遷,'気に入っているブランドが日本から撤退するんだが、閉店までの変遷を眺めてるとなかなか無惨。\n撤退決定→現場の店員が同業に転職→バックオフィスの社員が店頭に、レジ打ちも出来ず商品知識もない→益々購買意欲が減衰→店舗がより閑散となる'
変遷,'昔の角川文庫ジョゼ虎こんなんだったのか……買う気せんな……\n\n30年以上あるから何度かデザイン変わってる筈だけど、どんな変遷なのかは気になる。\n実写映画の時もそのカバー(正確には巨大な帯)になってたようだし。'
変遷,'新・電子立国、懐かしい。一太郎の浮川夫妻回とか、任天堂回における山内博氏の発言内容の変遷とか、CP/Mの生みの親のキルドール氏にインタビューしたら、収録後程なくして亡くなられた事とか、濃い番組だった。高校の理科の時間にも観た。'
変遷,'ここ最近の変遷\n呪術→銀魂→呪術→イナズマイレブン無印→NARUTO→呪術→コナン→空の境界(今ここ)'
変遷,'あるDiscord鯖の雑談チャンネルに入ったが誰も来ないみたいで、一人だったので人が来るまでDeutschlandliedとwikipediaのGott erhalte Franz den Kaiserの歌詞の変遷を歌いながらドイ… https://t.co/lLXprZCQg4'
変遷,'今まで生きて来て、今は東京の西東京市住んでます。\n\n生物的に生まれたのは兵庫県相生市です、それから熊本市、福岡市、また、熊本市、福岡市、東京大田区大森、仙台市向山、高松市屋島、東京武蔵野市、神奈川県川崎市、それで保谷市(現西東京市… https://t.co/s2CpGAjjJr'
変遷,'シグルリ聖地行きたいという漠然とした軽い提案で当日もほぼノープランで、適当に飯買ってぶらぶら田舎を歩いて、星がよく見える宿で冬のダイヤモンドを眺めながら好きな星座や神話の話をし、宗教の変遷を力説されるが頭半分寝ててうろ覚えだったり…とちょっと前のを旅行を思い出す。楽しかったな'
変遷,'目次あり。「近年出土したおびただしい漢簡をもとに、漢~魏晋南北朝に至る制度が文化・社会的局面においてどのような成熟・変遷を遂げたかを追う。」\n⇒佐藤達郎\n『漢六朝時代の制度と文化・社会』\n京都大学学術出版会 https://t.co/AS8UMENWNC'
変遷,'歳とって丸くなる、vaporwaveがfuture funkへ変遷し大衆化されたみたいな話か'
変遷,'スタンダード環境～真3弾の僧侶デッキの変遷とか、時間かかると思うけどまとめてみたいなー'
変遷,'⚡️[2021/02/24]今日のおすすめマジックTweetまとめ \n\n▷[N]『マジック:マナストライク』サービス終了\n▷[N]MOの情報更新\n▷[S][H]ランク戦6連勝デッキまとめ\n▷[S]スタンダード環境の変遷\n▷[L]今… https://t.co/H375OttvBC'
変遷,'現パロで約20年小学校に通った奈多夫人ネタを描きたい。\n\n入学式の女子服の変遷とか、ランドセルの色とか、円周率が３だった時代とか、体積の単位のリットルが筆記体の小文字Lから大文字Lになったとか、プールの目洗い水道や消毒槽を使わなくなったとか…。'
変遷,'クローズの舞台が学校だからまた学校の話だ！って思ってたけど、学校から今へと変遷を語っててちゃんと今の“俺”を語るものになっててクソクソエモかった………………'
変遷,'マイキャラって生き物だから生まれた当時の設定とかどんどん変遷してって原形あんまり残ってないとこある。三次元存在が成長するようにマイキャラもまた一定ではないんだよね。'
変遷,'中二恋→這いニャル→オバロ→バカテス→緋弾のアリア→俺ガイル\nみたいな変遷'
変遷,'空知は岩見沢だけか…。中空知も広域合併の話持ち上がったけど、財政面でバラつきがありすぎてオジャンという経緯があるからなぁ（単に仲が悪いだけかもしれんが\n\n市町村合併(平成)の変遷 https://t.co/ytbwO0f3gu'
変遷,'人気記事ランキング変遷史ープランナーの独り言 : #川添佳穂 アナの退職それが全てだった1月2月のようです。\nhttps://t.co/NSl3S47Vye'
変遷,'アマゾンの「UXデザイン」解剖\u3000タブナビゲーションの変遷は？ https://t.co/chTuyMBJdY'
変遷,'@takedasatetsu 随分と変遷しますね。さすが「羊頭狗肉」の大臣だ。\n#もういらないだろ自民党\n#菅政権\n#高額接待'
変遷,'当然それに対して合意しない人が存在することを道徳も良識も裡に含んでいるが、だからこそ時代に合わせて変遷していく事が出来る。 律令の如くあるべし、という種類のモノではないのだけど自分だけが正しいと信じてしまうとその不確かさの価値に耐えることが出来なくなるのだと思う。'
変遷,'今のところのルエル君のモチーフの変遷\n\nニホンオオカミ→巨人スルト→フェンリル→クトゥグア（の化身、生ける漆黒の炎）'
変遷,'変遷 https://t.co/R46QUOrhzH'
変遷,'呂布が虎牢関を護りきり\n変遷が起きなかった世界線\n董卓は馬騰袁術曹操を滅ぼした'
変遷,'DJ環境の変遷 https://t.co/HSlAabY4wM'
変遷,'全部とてもすごくわかる 特にイスラーム王朝の変遷&amp;地域と東南アジアほんまあかんかった'
変遷,'明治の町村制施行から現在まで、東京23区の変遷をまとめてみたらいろいろ分かって面白い「無限に時間溶ける」 - Togetter https://t.co/GvKjJxMvnV @togetter_jpより\n\n埋め立ての範囲エグいな？'
変遷,'【既刊紹介】「満洲にファシズムは存在したのか」この問題意識の下、日本におけるファシズムの受容から説き起こし、その変遷を論ずる。\n広報誌第10号収録「ファシズムと満洲について」 \nhttps://t.co/wQItE5zBoa'
変遷,'@ArimInfo いやまぁ盛京より前の変遷を反映させようと思えばさせられますけど「中華王朝」として見ればまぁこれでいいのでは（というか「中華王朝」としてなら盛京もある意味不要\nあと遼と金ガン無視なのが笑いますね'
変遷,'ふたまたえっち帝の変遷\n・ふたまた帝\n・えっち帝\n・ふたまたえっち\n・えっち\n・ふたまた\n・ふえ帝'
変遷,"'今のAKB48でゆいりんごちゃんが1,2を争う（争ってない）人気メンバーになってたりゅぃゅぃとずっきーの2人が真ん中に立ってたりするのを見てると揺り戻し？等と考えたりもして時代の変遷を感じるし、文化。'"
変遷,'@qoo_bluesky そこは…っ！ そこだと考えるとほんとなんかもうゔぁーーってきます😭 “だって”が前につくのもヤバヤバですよね…！ いるのが当たり前になった、というか…呼吸からの変遷と思うとああああ(語彙力消失)\nあー裏切… https://t.co/TsyacHQgEO'
変遷,'@moonstartlove デビューからの変遷が興味深いから昔も今も姿見てて楽しいです🎵(*´ω`*)'
変遷,'黒沢ダイスケ、最近俺の中でHardstyle→Artcore→ニューエイジミュージックって感じにマイブームが変遷して行ってるので結構アツい。'
変遷,'時計沼に立ち入った人間がロレックスなんて成金時計興味ないぜ→ロレックスっていい時計だなに変遷する過程が理解できた\nOPは上がり時計'
変遷,'えもじょわさんっていう料理のASMRする配信者がいらっしゃって、ニコニコ時代はコメ欄に『追加ﾘｰ』とか料理の端くれを『これお前らの分な』とか暖かいコミュニティだったんだけど\nニコニコの民度低下の変遷によってコミュニティが潰れてしまったんだよな、嗚呼'
変遷,'#みら誕、フライアーの変遷 https://t.co/F4rK1M4mIO'
変遷,'#世界史ここでつまずいた \n\nイスラーム王朝の変遷 https://t.co/25wwmoamUs'
変遷,'祝・24歳！ BLACKPINK ロゼの華麗なるファッション変遷（ハーパーズ バザー・オンライン） - Yahoo!ニュース - Yahoo!ニュース\nhttps://t.co/WwNEaUzBGL'
変遷,'織女星のベガと、ラス・ヴェガスは、綴りは同じだが、語源は異なる。星のベガは、アラビア語由来で、地名の方は、スペイン語で肥沃な土地という意味らしい。星の名前は他にもごちゃごちゃと変遷やヴァリエーションがあって複雑でよくわからない'
変遷,"'認識派(ゾンビ)共の\n対トランプ姿勢変遷が\nマジでうけるｗ\n\n投票日後：🐯がんばれー(棒\nマスゴミB当確：まけたー(棒\n不正の噂が出る：不正あるかもしれんが無理\n不正の証拠が出る：陰謀論だ！\n最高裁""却下""逃げ：裁判所が""棄却""！… https://t.co/KZzVupOyt8'"
変遷,'ニチイ、サティ、マイカルといえば地方ショッピングセンターの変遷を表す。2001年のマイカル茨木開業を境にその後は事業切売りを続け、１１月に破産、後にイオンの子会社化。巨艦店舗投資の失敗が敗因とされるが、社債外債のデフォルトで投資家にもダメージを与えた諸刃の剣企業。危険。#マイカル'
変遷,'この表情の変遷\u3000見てて楽しい！\u3000いろんな顔をする推し'
変遷,'マジどういう経緯でサ終に至ったんだ・・？流行の変遷とかないのか・・\n公式の大会の結果で推測するっきゃないけど、動きがさっぱり見えないし、詰んでるな'
変遷,'やっぱりと言うか根国底之国の存在方向が水平化し佛教化して補陀落浄土に変遷するなどという発想はとっくのとおに高崎正秀博士が書いてるし、元は折口博士の見通しだろう。分厚い高崎著作集掲げて電車内で読んでいたら、「ご注意下さい。出口ではありません、車輛連結部です。」と聞こえて来た。'
変遷,'そういえば、わたしが露悪的な表現を警戒するようになったきっかけは、高須院長と交際してからの西原さんの変遷を見たことかもしれません。'
変遷,'@bs_s_hallo をぉ〜、可愛いに気を取られ過ぎて気づかんかった。\n確かにピンポス見ると、変遷が見える感じかな。どんなんだって最高だよね。 https://t.co/8qY4zg8DoC'
変遷,'文アルさんから苦手だった近代日本文学をようけ読むようになったのですが、時代による文化や考え方の変遷がわかってすごく勉強になるなぁと✨\n私たちが今、当たり前に享受している価値観を普通にするために、どれだけの人々が尽力してきたのだろうかと思うと頭が下がります'
変遷,'@HidakaSeiki あ、そっちですか。それは失礼致しました。てっきり鳥のデザインの変遷への思い入れかと…。\n僕は散財とは思いませんが💸💸💸'
変遷,'・あまり出ない割にアホ覚えづらい国名と時代を覚える東南アジア史\n・ルイとフィリップの現代人への宣戦布告\n・支配地域が変わりまくるため制度と宗教の変遷が覚えづらすぎるイスラーム史\n・王朝と反乱と漢字が多すぎる中国史… https://t.co/8vRUUobTYu'
変遷,'わたしは様々な変遷を経て今このきてどちの沼が楽しいことに肯定感があるので、今後もずっとこの調子で楽しめるかという保証は出来かねるんだけど、少なくとも今この瞬間楽しいものが一致してるかもせん事実にほくそ笑みはするよね\u3000この旅路に無駄はなかった'
変遷,'ただ私、カサンドラ経験してまで未だ思うけど、発達障害者が好きなのよ。個性的で芯があるし、都合よく変遷しない。仕事仲間とか恋愛とか親密になると困るけど、彼らの友人や顧客としての魅力を忘れたわけじゃない。\n\n凹凸は激しいが確かに魅力が… https://t.co/rCqtBpWX6p'
変遷,'どうぶつの森(NINTENDO 64)\n初代どうぶつの森。これも我が家定番。雑草が多いとラフレシアが咲くっていうトラウマがあったなぁ。ゲームキューブはやらなかったけどDS、Wiiとハードの変遷と共に進化したことを実感(switchは持ってない)'
変遷,'熱心な「#メロ夜」リスナーの皆様におかれましては、radiko プレミアムを契約してでも、エリア・フリーで聴取するに値する、佐藤さんから松尾さんへの超ロング・インタビュー。\n生い立ち～小中高時代～学生ライター～プロのライター～プロ… https://t.co/BfxIWEQqdh'
変遷,'@KATANAGAMI_kabe 刀神のみんなたちのビジュアル変遷とな'
変遷,'読んだ、俯瞰できて良記事。個人的にはストリーミング&amp;販売プラットフォームとしてのBandCampの存在感はでかいけど記事内で取り上げられるほどマスには届いてないのかな多分 \n\n| 音楽ストリーミングサービスの変遷｜根岸奈津美… https://t.co/1L9jFXzl8s'
変遷,'@gozennzeuna マギー→市川紗椰→中条あやみの変遷で来てますね\nマギーは初めて見た時衝撃でしたけど、今はあやみさんがちょうどいいですわ！'
変遷,'ハルキゲニアの変遷が面白くて化石系はこういうところが好きだなと思う'
変遷,'アニポケだろうとなんだろうと、4世代を区切りにいろいろと変遷したものが多い\n特にBWで革命が起きたって印象が深い\n更にそれから10年も経過し今のポケモンというのは全体的に僕たちが生きていたはずのポケモンの世界とは少し変わっている気がしている'
変遷,'ROBさんの Little Stevie から\nStevie Wonder へ変遷する時期の\nセレクト、たまらんです!!\n#ジミソラジオ'
変遷,'所得税率の変遷と給与収入別所得税負担額の変遷（1985年〜2007年）\n\nブラケットが一番多かった1985年と2007年を比較すると、ほぼ全ての所得層で所得税負担額（表の一番下）が減少している。なお2021年現在は最高税率や基礎控… https://t.co/eqYA0jtuvf'
変遷,"'4,モンスターストライク\n\nマルチのソシャゲとして実績が高すぎるし、経年の運営によるゲーム内容の変遷もすごく参考になるタイトル。\n正直、核心的な部分でモンストに勝っているソシャゲを遊んだことがないレベル。'"
変遷,'戦国無双のほうがキャラの変遷とんでもねえから耐性ある人多いと思ってたけどそんなことないんかな。お市さまと政宗さまの変わり具合を経験した人が少ないん…？\nくのいちとか別人に見えましたし私……'
変遷,'めっちゃ分かりやすい！→音楽ストリーミングサービスの変遷｜根岸奈津美 @STRIVE_JP @negishinatsumi #note https://t.co/PsDUdUIWLz'
変遷,'@starrynite2wish @hkakira2255 羨ましい…それ一途って言うんですよ😊\nいつも変遷して結果２番手に気になる人に落ち着くってパターン。'
変遷,'紋の変遷も、いろいろなパターンがあったのでしょうねえ…。足利も細川の子孫も。'
変遷,'@bluebellxjp すでにべるちゃんに考察されていたかー\nいとをかし＝エモい😆\n\n言葉の変遷、面白いよね。\nギャルは死語になりかけたけど、また使われてる。\n内容はちょい違うけど❗️'
変遷,'ここ数ヶ月のネイルの変遷💅💎✨ https://t.co/mP3OgFl93d'
変遷,'@0W8y3XeAzGJd7Hj MONT BLANCも１本だけ使いましたが相性ですね。\nPelikanは天冠の鳥のデザインが変遷してまして、僕は３世代持っているんですが、妻はその価値を理解してくれません😅\n左←古い\u3000新しい→右 https://t.co/uRYNqjIyQM'
変遷,'東横線、もしこの先待避増えるにしても\n元住吉:日吉と武蔵小杉\n祐天寺:学芸大学と中目黒\nって優等停車駅に挟まれてるから優等に逃げやすくはなってるんですよね。この先停車駅変遷がどうなるかわからないけど元住吉の待避は使おうと思えば前後が大きいから使いやすいんだろうなーとは'
変遷,'何目線？て感じの感想ですが10年くらい追っている唯一のケーキ屋さんなので変遷を体感できてすごく嬉しい気持ちある'
変遷,'『赤毛の文化史:マグダラのマリア、赤毛のアンからカンバーバッチまで』、帯に推薦文を書いております。エリザベス一世からベネディクト・カンバーバッチまで、髪の毛の色についての考え方の変遷に関するの本はあまり日本語にないので、おすすめで… https://t.co/FmbpQPwFES'
変遷,'#世界史ここでつまずいた\nヨーロッパの変遷。\n中国はまだ一つの国で何とか分かるが、ヨーロッパは国が多い！'
変遷,'事業の中身・成功＜株を高値で売り抜けること・そのためにメディアによく取り上げられることに注力する事という点で、今回の事件の中心人物は、ホ○エモンさんと似ていますね。\nそして、彼の今後の事業は、今のホ○エモンさんみたいに情弱向け、低… https://t.co/eHybRib2Vp'
変遷,'【あだ名の変遷】セクシーモップ→セクシートマト→トマト'
変遷,'#自分をつくりあげたゲーム4選\n便乗してみたけど、そもそも四つもなかったわ…\nMHは3から、GEは初代から、PSO2はEP3から。よく考えたら小中高の変遷でもあるなこれ\nMHとPSO2に関しては熱量が同等くらいで、X出るまでは追っ… https://t.co/OzsdrwNzk8'
変遷,'ミナリ、まさしく”リベラル”の正しい在り方というのをまさに痛感させられる作り。\n特に、”水”をめぐる物語の変遷に、伏線回収も絡まって、より本作が真に伝えたいテーマがより響く感じになっており、非常に唸らされた。\nリー・アイザック・チ… https://t.co/abO8G9hdCx'
変遷,'ロクトくん変遷！\n三期\n恋した人（というかブラスター）は「災禍の謡精」の依代になって実質死ぬわ元同僚兼親友も実質死ぬわ身体を許した人も死ぬわ（実は生きてた）で大切な人を一気に失った上幻層領域の件もあり幻層領域と融合した現世をメタ剣… https://t.co/6ORIyA68Jr'
変遷,'俺の21時から27時の酔いの変遷を4分にまとめたらこうなる。最高やな。今なん分目？\nFight Song / Methods of mayhem\n https://t.co/d9qhN45I9F'
変遷,'主にフロントエンドの技術を身につける上で技術の変遷を辿ってきたけど、やっと時代に追いついてきた。こうなると技術系イベントが楽しいぞ😏'
変遷,'ちょっと盛った話がウケる\n→それを繰り返すうちにフカシの割合が増えてく\n→虚言野郎に成り下がる\n\nツイッター続けてると何度か見かけるこの変遷が中々切ない'
変遷,'【母の河野純喜に対する呼び方の変遷】\n赤い髪の人\n⏬\n純喜くん\n⏬\n純喜\n⏬\nずんき\n\n？？？？ずんき？？？？\n\n展開早ない？？？\n\n#ずんき'
変遷,'ロクトくん変遷！\n二期\nラスボス撃破に使った「災禍の謡精」に意識も肉体（変異強化外装）も支配されちゃった\n現世に幻層領域を産み出しては変異種のナイトブラスターを出現させていた\n何やかんやでロクトくんの恋人（？）を犠牲に支配を克服、… https://t.co/35nSXoQmlh'
変遷,'@Ryurku_ore 昨年の7月末時点では4.8％だったのが、約2倍の保有比率になってますね。。純粋なインデックスじゃないETFにとって、保有銘柄や比率の変遷はチャンスでもあるし、リスクの種でもあるかなと思いました。'
変遷,'#自分をつくりあげたゲーム4選\nCytusからvoez、dynamixからBeatmaniaに変遷されて行ったからこれでいいでしょ'
変遷,'@a2hDwE3r2Z8wkHb @cnlalata334 @DUby0p5UODEbNC6 ポンさんが山口氏の変遷を問題視するのであれば、それを多くの人に情報として届ければいいのに、と私は思います。松田さんやリサさん達がそうして… https://t.co/GyLqJqkJwH'
変遷,'PZLHOUSE(パズルハウス）株式会社の花坂です。\n自社の断熱性能の変遷を少し振り返ってみました。\n⑿\u3000エコ住宅は、性能を上げていくと、ランニングで健康性能含めて十分回収可能な住まいですが、まずは、購入できるか？も大事な性能なの… https://t.co/wW8PxSih09'
変遷,'@m42kk 改名するにせよしないにせよ私の名前の変遷にだんめしちゃんが関わってるという事実は消えないからね'
変遷,'@a2hDwE3r2Z8wkHb @cnlalata334 @DUby0p5UODEbNC6 事件のことをなんとなくしか知らないのになんとなく山口氏をレイプ犯と思っている人に、もっと詳細を知ってもらいたいからです。\n伊藤氏は事件の… https://t.co/Bs8g4QuM7j'
変遷,'@a2hDwE3r2Z8wkHb @cnlalata334 @DUby0p5UODEbNC6 ポンさんが山口氏の変遷を問題だと思うのなら、影で誰かと個人的にやりあうのではなく、一般に向かってその問題点を広く拡散してはいかがですか？… https://t.co/HScClWTWyk'
変遷,'「…観察される。本書では、淡路、明石、鳴門、岸和田、和歌山県橋本、高知などの環大阪湾地域のアクセントやアクセント変化の傾向を、筆者の調査の結果を基に、アクセント史もふまえ明らかにする。また、その特徴を京阪式アクセントの史的変遷の上に位置づける。 」'
変遷,'【野をゆくは魔女と景狼】#テキレボ\n「私の黒灰、愛しい《僕》」\n《魔女》リネーアは《僕》オメガとともにスカンディナヴィアはスヴェーリエの夜に飛び、昼を駈ける。1920年代から第二次世界大戦を経て現代に連なる《魔女》の変遷。\n「主、… https://t.co/mKt71U3DFD'
変遷,'@a2hDwE3r2Z8wkHb @cnlalata334 @DUby0p5UODEbNC6 噂のポン氏からしつこくＤＭが来ますw\n\nポンさん。下の画像の最後の問いに答えると、山口氏の変遷はその殆どが記憶違いにすぎないと思うので、… https://t.co/GwbEhpfZli'
変遷,'「…また開発時に主査を務めた小早川隆治氏、発売翌年に主査を引き継いで生産終了まで担当した貴島孝雄氏による書下ろしの原稿も収録しました。モデル変遷、特別仕様車11車種を全て紹介し、詳細な年表も収録するなど、資料も充実いたしました。」'
変遷,'金沢・武蔵地区の建築にスポット当てた展覧会\u3000建築士が街の変遷振り返る https://t.co/dWLQ0SCMsB'
変遷,'@akinori_ito 正気に返って？損得を考えたら被害者であることが主観的に明確になり，もとより客観的には被害を受けているわけですね。満足も時間と状況によって変わっていくので評価が変遷するのは不思議ではない。'
変遷,'まあ007に至っては衝撃的な変遷を遂げてるしこれくらいの幅はな…………'
変遷,'金沢・武蔵地区の建築にスポット当てた展覧会\u3000建築士が街の変遷振り返る(みんなの経済新聞ネットワーク)\n#Yahooニュース\nhttps://t.co/pYmpnznInR'
変遷,'ただ、この「広告関連会社社長」の供述も変遷しているような嫌いもあり信用していいのか分からない。'
変遷,'金沢・武蔵地区の建築にスポット当てた展覧会\u3000建築士が街の変遷振り返る(みんなの経済新聞ネットワーク)\n#Yahooニュース\nhttps://t.co/OXF74Tuobz'
変遷,'うちの子ロクトくん（創作）変遷！\n\n一期前半\n何やかんやで高校に編入、なれない環境でメタ剣さんがいないと泣き虫に\n一期後半\n敵の手に落ちて契約変更、後頭部にテイルブレードを移植された\n一期終盤\n何もかも犠牲にして原初の災禍になる… https://t.co/IKS65fkeem'
変遷,'ネットワークプリント登録しました！ASさん変遷の3枚と、木曜日のきょむむです\nローソンとファミマで印刷いただけます✨\n\nユーザー番号：4EMKMKJNNU\n有効期限は3/5 20:00頃までです https://t.co/pDq81Q2QhA'
変遷,'史実云々はあれど\n戦人だが人の心を捨てきれずにいる光秀の苦悩の変遷の描き方が好きで\nだからコーエーの描く光秀主人公の大河ドラマコラボ無双めっちゃ楽しみにしてた'
変遷,'▲「昭和・平成 鉄道の時代」#ナレーション\n2月27日(土)4:00 #テレ朝チャンネル2\n#4[よみがえる鉄道風景②]\n\u3000#鹿島鉄道 #弘南鉄道 #黒石線 #深名線\n#5[新線の開通①]\n\u3000#東西線 #千代田線… https://t.co/azg26bbmng'
変遷,'そもそも馬車から鉄道への変遷～とは言うがそもそも日本は馬車すっ飛ばしていきなり鉄道になった稀有な国なのでな・・・'
変遷,'@karisuke_0 おお、勇ましい系でしたか！飲み方の変遷、笑ってしまいましたww😁'
変遷,'ロングにしたくてしばらく髪切ってないけど、ここ一年くらいでの髪型の変遷がなかなか激しい\n職場で久々に顔合わせる人に気づかれないことがちょいちょいある\u3000笑'
変遷,'熱血行進曲の格闘戦で負けなしだった、前田でｗ\n4人プレーで熱くなったの懐かしい。\nこのダウンタウンシリーズ全部だいたい全部遊んだな。\nロープレは育成自由度高いやつやり込んだ。\nTOPは時代の変遷を肌で感じたね。… https://t.co/QRJ2Q4L7Rp'
変遷,'ゼオアイの変遷\n【出会い】何だこいつ？敵？味方？\n【初期】興味も信用もないけど復讐のために手組みます\n【中期】あなたという人は❄️🌨️\n\u3000\u3000\u3000\u3000うるせーな💥\n【今】俺はアイリスを助ける。\n\u3000\u3000\u3000ゼオン、助けに来ました。\nとても好き。'
変遷,'まじで初期のメンバー(mixiまで遡れる)に関しては、たぶん知り合ったの10年くらい前。そうじゃなくても7～8年前から知ってるし、そのときわたし大学生だったし、変遷って感じだよなぁ。\nやから大家族みたいに思えるのだ'
変遷,'@nrk857 そーだったっけ？笑\nもう変遷しすぎて、わからんち🤣'
変遷,'音楽雑誌のスクラップで確認できたナカコーのビッグマフ変遷。\n1999年=アーミーグリーン\n2000〜2001年=黒マフ(バブルフォントどでか筐体)\n2004年=黒マフ(Ver.8 マイナスネジ)\n※2000年のNYレコーディング辺… https://t.co/nB5wtAVIXU'
変遷,'@katsuhi10801990 docomoとauまでは把握できたんですが、それ以外はよくわからないので、ごまかしました！笑\n\nこのあたりの勢力図の変遷は、要チェックですね！'
変遷,'【バスの車体高の変遷】低床化に伴いいったんは俗にティッシュ箱と呼ばれる低い屋根が主流となりましたが、俗にゲテモノと呼ばれるタイプに移行してゆき屋根が再び高くなってゆきました。'
変遷,'スプラwikiの武器変遷の記事読んでたらボトルガイザーフォイルが弱体化入って使用人口が減ったことを「ボトル人気のバブルが弾け〜」って表現しててやかましいわ！wってなった'
変遷,'apex変遷\n\n結構やってるのに上手くならない\n↓\n座学と反省をし始める\n↓\n対面勝てねえ当たらねえ\n↓\nkovaak楽しいンゴ\n↓\nまあまあ安定してきた'
変遷,'ここから今に至る変遷を一年刻みとかで見れないもんかな？🤔 https://t.co/f0UNWFi3d9'
変遷,'以降、武士は時代の変遷と共に名田を離れ、又は大名の奉公人になる為、苗字は地名を表さなくなった、と。\n\n#選択的夫婦別姓'
変遷,'迷列車で行こう 新潟編⑦～E653系茨城⇔新潟変遷物語～ https://t.co/8cgpGHneiA'
変遷,'@tfk6809 私もいくつか変遷がありましたが、今のが一番しっくりきて、もう20年くらいになります。アンプやスピーカーとの相性もあるのかもしれません。楽器や歌声がリアルに迫力たっぷり鳴っている感じがします。'
変遷,'あおちゃんって呼んでたはずなのにね。あおちゃん→あおちゃ→あおたゃ→たゃの変遷'
変遷,'現時点でも「コロナ禍における変化」として普通に書けるし、今後復活したらこの変遷を書けるけど、一瞬だけ花開き消えてしまったものというのは研究対象として面白いじゃないですか。あ、これは数十年後の未来の話をしています。'
変遷,'槍弓初夜、2回目、n回目、って皆様の変遷が見たいです先生'
