歩行者専用道路,'歩行者専用道路で老害チャリロケットに轢かれかけてびっくりしてたら追っかけてきたんだけど笑\n老若男女問わず治安と民度最悪な区って身をもって毎日感じられて新鮮だなクソが！！'
歩行者専用道路,'@mur130 さすがに自転車専用道路で自転車を優先する義務はあると思います（日本の歩行者専用道路でも歩行者を優先する義務が法定であるので、さすがにあるでしょう）。私はオランダ語が読めない（実は英語も読めない……）のでわかる人に解説していただけるとうれしいですね。'
歩行者専用道路,'@nhk_news 日本の道路、特に、自転車専用通路があまりにも少なすぎる💢💢💢😠😠😠！！！。せやから、自転車と歩行者との事故が増えるねん！！！。自転車も自転車で、自転車が車という意識が無さすぎ😠😠😠💢💢💢！！！。ホンマに矛盾しとるわ💢💢💢😠😠😠！！！。'
歩行者専用道路,'『怖い道路標識』\n\u3000「歩行者専用」の道路標識は、子供を誘拐する犯人の姿を元にデザインされた、というもの。'
歩行者専用道路,'@SeAf_NANAMl 代わりに暴言浴びせられる世の中✋世知辛いですわ泣きそう。うちの県道が狭すぎるので自転車専用道路なく、車道側か歩行者＆自転車専用の道通るしかないんで余計に道がギチギチなんですよねぇ…しかも車道側通ればよく分… https://t.co/dMhM2TjHVp'
歩行者専用道路,'2008年3月に廃止され譲渡された島原鉄道南線の跡地利用の話。\n2024年全面開通予定の32kmの自転車歩行者専用道路の整備事業費として、南島原市は5億円弱を計上。\n話が動き出すまでにずいぶんかかるものなのだな。\n\n長崎新聞:自転… https://t.co/QxFKnYfDzW'
歩行者専用道路,'長崎▶︎自転車道整備\u30004億7100万円\u3000南島原市は299億4100万円 #trafficlip\n長崎県南島原市は18日、2021年度一般会計当初予算案を発表。総額299億4100万円(前年比13.4％減)で、島原鉄道から譲渡された… https://t.co/KGu98wKooh'
歩行者専用道路,'『怖い道路標識』\n\u3000「歩行者専用」の道路標識は、子供を誘拐する犯人の姿を元にデザインされた、というもの。'
歩行者専用道路,'自分の目の前の課題に集中するだけ\n\n他の人がスーパーカーで瞬速で後ろからブチ抜いて消えていっても歩行者は歩行者専用道路をコツコツ歩いていくしかないからね'
歩行者専用道路,'@unyaaaaaa6969 山梨は電車少ないですから人口の割にかなり車多いですね、、、\nたしか歩行者がいたら止まる確率全国でトップクラスに悪いんですよね笑\n車に関しては治安悪いと思います笑\nグーグルナビは謎ですね。以前甲府の中心で歩行者専用道路に案内されました^_^'
歩行者専用道路,'インター入口は青色の『自動車専用』の標識が見られますが、ここの有料道路経由は標識満載です。\n二輪の自動車・原付通行止め(125CCを超えるものを除く)\n自転車以外の軽車両通行止め\n自転車通行止め\n歩行者通行止め\n先の急こう配は5.… https://t.co/OZSoA10rNu'
歩行者専用道路,'開業時にはもう橋脚あったのか\n歩行者専用道路の東側ってこの当時ではきちんとした用水路があったんだな。今は暗渠になってるけど。\n言わずもがな駅の周りは未開発な訳で。'
歩行者専用道路,'何故自転車専用道路に歩行者がいるのか、、轢くで😇'
歩行者専用道路,'「よかったこと」を貯めていく\n    #013\n駅までの道中、歩行者専用道路で、パパと息子が、かけっこ勝負をしていた。\n\nもちろん、パパは、手を抜いて走るのだけど、息子が早く走っている様子（子供の成長）に、朗らかな表情をしていた。\n\n微笑ましいぜ！\n朝からいいもん見た。'
歩行者専用道路,'で、早速ですが、良く聞かれる話を一つ。こちら神楽坂通りは結構トリッキーな挙動を示します。日曜日や祝日は時間帯により歩行者専用道路となり、車の通る場合は平日休日を問わず、時間帯によって一方通行の向きが逆転するのです。この時間帯による… https://t.co/8ELQPGnTqh'
歩行者専用道路,'理想的な自動運転で全ての人間がモータリゼーションを享受するなら、自転車とバイクを歩行者廃止して道路の大半を自動車専用道路に変更して、移動したければその辺を走っている自動車に拾ってもらえば、確実に事故は減らせそうだし、折角自動なのだからそういうアプローチができると信じている。'
歩行者専用道路,'@tafychip 多摩センターに住んじゃいましょう🤗\n自転車歩行者専用道路も張り巡らされ、車と交錯する事なくウォーキングやランニングが楽しめる街ですよ❤️\nCSPもあるし！'
歩行者専用道路,'地下に歩行者専用通路があるのに階段の上り下りが面倒くさいから道路を横断するのがシンガポール'
歩行者専用道路,'歩行者自転車専用道路上に小石が多くなってきてるんだけど、いたずらをした子供の親は責任を持って掃除してから帰るようにしてほしいね。\nそもそもここは自動車が通れないだけで道路だし、遊び場じゃないんだよなぁ'
歩行者専用道路,'@leia_shirotan あ、あそこ歩行者専用道路なんや（笑）'
歩行者専用道路,'路側帯または自転車専用道路走れ定期\n\nまあ交通量の多い道路とかなら致し方ないけど歩行者優先だし不用意な呼び鈴は道交法第54条に違反する https://t.co/hMl4gWa9rX'
歩行者専用道路,'@I6SfmoIQPXGOAqd 歩行者専用道路走るってw'
歩行者専用道路,'姫路(兵庫県)とは関係ないけど、京都の自転車は車の信号で渡り歩行者の信号でも渡る\n\n要は信号無視を普通にやってる糞チャリだらけ\n\nま、車も信号無視だらけの土地ですけどね\n\n自転車が危険運転\u3000車の間をすりぬけ蛇行\u3000自動車専用道路を走… https://t.co/Ecn7nJJzGO'
歩行者専用道路,'歩行者が歩かない自動運転車専用道路。\n\nトヨタの未来都市「ウーブン・シティ」\u3000２３日、裾野で着工｜静岡新聞アットエス https://t.co/Oe8WVobnka'
歩行者専用道路,'【LS】道路の上などに設けられた歩行者専用の通路をさす言葉\u3000ペデス→トリ→アンデ→ッキ'
歩行者専用道路,'今ニュースでやってた蛇行運転とか自動車専用道路運転してるチャリ、ぼかすなよ。顔はともかく背中と車体位は出しても良い所業だよ。弱者気取って調子に乗ってんだよ。他の車や歩行者巻き込まれないために捕まえて罪負わせなよ。'
歩行者専用道路,'@himaisan_nanoda 歩行者専用道路がたくさんあるから信号とか気にしないでいいのが良いのだ😌'
歩行者専用道路,'@aburano_1400GTR (*´･ω･)(･ω･｀*)ﾈｰ\n大型が通れるなら余裕ですわ\n\nGoogle先生には、立ち入り禁止ゾーンや歩行者専用道路も案内されましたからね'
歩行者専用道路,'大阪道頓堀\u3000歩行者専用道路でJRAの場外馬券売場の角に昼間いつも歩道を塞いで止めている乗用車\u3000歩道を塞いでますが取締りの人も輩か反社会の人なので黙認してるそうです。不公平ですよね？\u3000大阪道頓堀、難波周辺を歩いて昼間からこうした人ば… https://t.co/cR02qwzFhP'
歩行者専用道路,'クソ広自転車専用道路あるのに歩道走って歩行者様にチャリチャリベル鳴らすクソチャリ者何？我、歩行者様ぞ？'
歩行者専用道路,'歩行者専用道路のとこでチャリに乗ったおばさんがリンリン鳴らしてるから意地でも退かないであげた🥰'
歩行者専用道路,'目的地まで行き方が分からなかったからGoogleマップ使ってたら、あいつ凄く細い道指示してくるし、最終的に歩行者専用道路を指示してきたから、流石にダメだろってことで戻ろうと切り返ししてたら社用車ぶつけたんだけど、そんな道を指示した… https://t.co/PKjTWE6017'
歩行者専用道路,'仕事前のウォーキング\n冬の上着だとちょっと暑い\n糸田川の歩行者専用道路になる道が改修工事中 https://t.co/cKixzsGi3x'
歩行者専用道路,'『怖い道路標識』\n\u3000「歩行者専用」の道路標識は、子供を誘拐する犯人の姿を元にデザインされた、というもの。'
歩行者専用道路,'@n_namekuji あっ！！！\n通ってますよ！\nっていうか、\n特にホテルからの帰り道、他の道は、二人で歩くには、\n車と他の人もあって、歩きづらいんですよね、\nだから、そこは歩行者専用道路ですし、雰囲気も悪くないし、そこを歩いて… https://t.co/9CgEfXdPdy'
歩行者専用道路,'トヨタ：ウーブン・シティには「自動運転専用の道路」「歩行者と低速車両の道路」「歩行者専用の道路」という3種類の「道路」が、編み込まれたように交差して造られる予定です。\nでもでもでも\n中国 深セン https://t.co/83BKpjCIWG'
歩行者専用道路,'歩行者専用道路がある様に、上級国民専用道路があるのではないかと感じる日々。'
歩行者専用道路,'J27:\n21:16:52 完全自動運転の車が走る専用道路と、\n21:16:56 歩行者専用の道路など、３種類に分けます。'
歩行者専用道路,'トヨタが富士裾野に新都心計画。自動運転車専用道と歩行者専用道路を整備。\n\n自転車はどっち走らせるんですかね？\n#NHK'
歩行者専用道路,'J27:\n19:16:21 地上の道路は、完全自動運転の車が走る専用道路と、\n19:16:24 歩行者専用の道路など、３種類に分けます。'
歩行者専用道路,'@into_takuzo 時間帯にもよりますが、商店街は歩行者専用道路ですね。\n通行禁止の時間帯に迷い込んでしまったのなら降りてエンジンを切り押して通行しましょう。重たい車両ですが押せない重さではないでしょう笑 https://t.co/uWyhWULfE7'
歩行者専用道路,'@Mavis_Maybe 歩行者専用道路での車両横断注意の標識みたいです…！歩行者に注意していくスタイル！'
歩行者専用道路,'補助標識がよく見えないので時間帯の制限とかわかりませんから違法とは言えませんけど、歩行者専用道路の標識ありますね。普通に考えてその前のアーケード内って走るのは非常識ですわね。 https://t.co/Hn0JS8kAKy'
歩行者専用道路,'歩行者専用道路の通行許可証ってオタクのツイート印刷したので代用できるんだ'
歩行者専用道路,'感情はわかるが、この動画の悪い点は歩行者専用道路にバイクで入ったという一点しかない。音は調べないとわからないし、集団なことや大型バイクなことは関係無い'
歩行者専用道路,'『怖い道路標識』\n\u3000「歩行者専用」の道路標識は、子供を誘拐する犯人の姿を元にデザインされた、というもの。'
