ロマンチック,'ダーナちゃんクールビューティーと説明されてるからお仕事にストイックなキツめな感じに思わせておいて、スカウト条件に綺麗な夜空の話題とかロマンチックなの好きそうでギャップかわいい'
ロマンチック,'[スタッフの呟き]\n\nとわる初MV\nわっしょい\n→https://t.co/5uRg101z4O\n\n弥次喜多ロマンチック\n→https://t.co/qUwXMGofDd'
ロマンチック,'言葉を消して、名前を取り上げれば悪は滅びるて中々ロマンチックな信念ですね'
ロマンチック,'@rain_MHW おお、RISEは多分すぐにはやらないかもしれないです…😭泣\nプロポーズは普通でしたよ笑\n全然ロマンチックみたいなやつはなかったですwww'
ロマンチック,'@ari_pon_0721 ありちん♡ちょっと溜まってきちゃって放出🥺ロマンチックにみえるでしょ？ただ自分的に上手く撮れたから送ってきただけだと思うんだけど勝手になんだよもぉう😭って思ってた😅元気だったりおセンチになったり忙しい私をこれからもよろしくね🥺♡'
ロマンチック,'Ωの百ちゃんかわいいです🥰そして椎くんがかっこいいのにロマンチックで百ちゃんとは別の方向にかわいかったです🥰🥰🥰\n#SpicyWhip https://t.co/BBjzIIsWyB'
ロマンチック,'｢大半のロマンチックな関係が長続きしない理由とは｣∞9次元アクトゥリアン評議会～ダニエル・スクラントンさん経由 https://t.co/nsjf8hlJtS @YouTubeより'
ロマンチック,'配信お疲れ様です(&gt;_&lt;)\n都会に行く時にオシャレするのは分かる気がしました😃\nホームセンター便利ですね(^-^)\n\nポッと出なのにお誕生日もお祝いしてもらえて嬉しいです✨\nすごくロマンチックな日だったんですね❄️\nありがとうございました😌\n\n#涼み生放送  #感想くだちゃい'
ロマンチック,'森の場面の抒情も劇場うっとりでした。マチネの木村優里・奥村康祐組もロマンチックで、代演の初コンビでしたがシームレスなデュエットの相性の良さに驚きました。合う組み合わせって最初から合うものなのね～'
ロマンチック,'@pmmeKnSfSwWtThB 岡山には、あまり無いのでロマンチックな所に行ってみたいです😊\nでも性格上、電飾の配線の組み方とかが気になって全然ロマンチックでなくなるんですけど😥'
ロマンチック,'@nk_322k ありがとうございます😭🙏✨\n🦅さんのDプリンセスぶりに耐えきれず…！ロマンチックシーンが似合いすぎて映画を見返して泣きました😭😇✨'
ロマンチック,'@orangeyu3 私も前乗りして誘ってもらったキス会に参加してた。楽しかったなぁ。\n新幹線の中で誕生日の封筒開けるなんてロマンチック😍ラブレターみたい😊\n今年のLIVEはどうなるんだろうね。'
ロマンチック,'@mikurooon_srmn わぁー！星うさのライト？すごいですね✨ロマンチックっ(*´`)♡'
ロマンチック,'縦に回転する人体とかなんてロマンチックなんだろうな'
ロマンチック,'【悲報】小説家「ロマンチックな小説書いたよ」→ラノベみたいな表紙にされる https://t.co/4GHJkSrO4p'
ロマンチック,'バックステージの選曲に悪意しか感じん😹\n\nロマンチックが止まらないっ‼︎ふぅーっ🎶'
ロマンチック,'@CORONANA2 左京「夢見るお伽話が2人の愛で 実現をした\n魔法の絨毯で ロマンチックな夜を駆け巡ろう」\n\n鷹之助「たとえ暗い夜が来ても 高い空が怖くても 満月や星にそして 貴方が私を照らしてくれるでしょう」\n\n2人「愛と幸せはレルアバド」'
ロマンチック,'フジテレビ「ネタパレ」で披露したネタ！ スーパーメロディ ネタ『 いたずら 』 https://t.co/5mXFpotOdq @YouTubeより\n\nロマンチック部分との声の違いよ笑'
ロマンチック,'キャッチーな元ネタからとんだロマンチック！🐷 https://t.co/BuYkFYIRoC'
ロマンチック,'@Go14140310 でしょー？😆\n私、写真撮るの好きやから\n綺麗な景色はすぐに撮ってた🤗\n\n特に天保山の夜はロマンチックだよ〜😍💕'
ロマンチック,'小さい音符苦手な方で、ロマンチックなピアノ曲が弾きたい方は、グリンカのノクターン・別れ、なんかもいいですよ。'
ロマンチック,'抑えながらも溢れで熱い想い。\nただ美しく純粋さ…ある意味、理想化されたような恋心、郷愁への想いが過去のものだと感じてものがなしいのですが、もう少しだけ、そこにいたいと心から思う美しくロマンチックな演奏だった。\n第3楽章では軽快なリズムと美しい音で鼓舞され、現実に戻って来れました😊'
ロマンチック,'1989年4月、ドイツ、ロマンティック街道（ハイデルベルクからミュンヘン）旅の記録。その２８\nロマンチック街道に点在する古城。\n画面クリックで全体表示。 https://t.co/zF0IqJVsmP'
ロマンチック,'@Galaxy_Collect どっかのドラマの世界みたいね(♥ω♥*)ｷｭﾝｷｭﾝ♡*゜\n\nロマンチックぅん\n(/// ^///)💕💕💕'
ロマンチック,'1989年4月、ドイツ、ロマンティック街道（ハイデルベルクからミュンヘン）旅の記録。その２８\nロマンチック街道で見かけたバス停。ポスターがびっしり。\n画面クリックで全体表示。 https://t.co/0ADZz1pkkp'
ロマンチック,'しかも毎度ロマンチックな曲流してくれるのなんて1人しかいないだろ､､､'
ロマンチック,'景さん「『しね』と言うと乱暴だから、『お星さまになって空から見守ってほしい』と言えばほら、ロマンチックだろォ？」\nくぐはさん「しね」'
ロマンチック,'@chihiro__acnh このふたりのおかげでロマンチックなssが撮れたよ🙏❤️❤️\n空加工、加減が難しかった〜😭😭'
ロマンチック,'ロマンチックな恋だけが恋ではない。本物の恋とは、平凡で当たり前の事だ。'
ロマンチック,'ロマンチック逃飛行'
ロマンチック,'@kubire0411 @__01705__ いやロマンチック笑笑'
ロマンチック,'親友と彼氏くんと3人でカラオケ行ったりプリクラとったりした後に2人で夜の公園に行けることになった…！！\n\nなんか夜の公園に2人で行くの憧れてたから嬉しい(&gt;&lt;)♡\n\nなんかロマンチックじゃない？(え)'
ロマンチック,'【夢占い】&lt;宇宙人&gt;\u3000現実から逃避しがちなタイプ、ロマンチックな人が見る夢です'
ロマンチック,'ロマンチックといえばこの2人だと思いました'
ロマンチック,'@11_menon なんてロマンチック(* ´ ▽ ` *)'
ロマンチック,'ロマンチック乾杯１１３ https://t.co/Be42GLh6qB'
ロマンチック,'なんか本当ヴァイオレットが幸せになれてよかったなって、あの海のシーンでしてもらったようにあの後もたくさんギルベルトに抱きしめてもらったんだろなぁ。ほんとロマンチックで素敵、絶対幸せになって…'
ロマンチック,'【ゼロから一を生み出すために】夢ってそう簡単に叶えられないから「夢」なんですよね。僕は個人的に夢は「自分が生きている間に成し遂げられないかもしれないこと」だと思っています。ロマンチックな気がしてきませんか？'
ロマンチック,'@ren_nagase12322 そ-なんだ.！？！？\nクリスマスか~\nロマンチックだな.！'
ロマンチック,'クリスマス会話、トトくんが一番ロマンチックだった #九龍妖魔學園紀 #NintendoSwitch https://t.co/VHEfmHgOFL'
ロマンチック,'【悲報】小説家「ロマンチックな小説書いたよ」→ラノベみたいな表紙にされる  : 暇人＼(^o^)／速報\nhttps://t.co/RqE7XwCXx7'
ロマンチック,'ロマンチックな世界観すてき！ https://t.co/eXootEWNKG'
ロマンチック,'ロマンチックｗ #泥沼ラノベコラボ'
ロマンチック,'マーくん、ディズニー映画好きそう\nロマンチックで幸せなハッピーエンド、見た後にでも俺は…ってスーパーマスター葛藤タイムに突入しそうでさ 可愛いよ'
ロマンチック,'@pmmeKnSfSwWtThB 綺麗ですね😊\nロマンチックなところです😍👍'
ロマンチック,'@obaka93699iikin 見ましたー！！！\n閣下が暗闇指輪プロポーズしてるのカッコよくて美しいですー！\n閣下、明るい所でするより、暗い所で仲を育む方が似合いますしね！ロマンチック！\n\nお疲れ様でした！！'
ロマンチック,'@atsuko67786816 ロマンチック🖤'
ロマンチック,'私の人生複雑骨折、ドラマ型統合失調症。ヒステリックたが、ストイック\u3000ヒロイックパセティックでロマンチック'
ロマンチック,'今日だ〜ってあなたを〜思いながら〜\n歌歌いは〜歌うにゃ(₌ ꈍᆽꈍ₌)\nロマンチックな気分だにゃ。。。相手はいないにゃ！'
ロマンチック,'ロマンチック・アロー'
ロマンチック,'@yu_yu_yuti ロマンチックやな！！！\nえ、ドリンク光るの！？？？？やばない？？？'
ロマンチック,'@mamu0426 ね🥰！！芸能人がロマンチックなプロポーズ話とかテレビでしてたら、イイナ〜〜〜！(ﾁﾗﾁﾗ😏ってやっていじめてる✌🏻✨笑\n\nそうそう！だから新婚ラブラブとかは無かったけど、生活のことでモメたりもなかったかな🌟\nわ… https://t.co/PrWyu634ug'
ロマンチック,'月島のいごくさ〜といいありこおじさんの月〜といい、ロマンチックな男多いんだよな あ〜そんな男たちの綺麗な心がめためたに砕かれていく 美しい 悲しい…はあーっ'
ロマンチック,'秘密のたからばこって …？\n\nA.\n#ロマンチック で不思議な本の\nタイトルです🌸\nhttps://t.co/aPMkagHbto'
ロマンチック,'華やかでロマンチックな枠組みの中で、裏切り者の悪意を人の絆が覆す物語が展開する、ダブルクロスっぽいシナリオになったんじゃないでしょうか\u3000皆が楽しそうにしてくれたのが一番うれしかったです～\u3000かなかね総評でした\nhttps://t.co/3x9J06R4Wf'
ロマンチック,'デートみたいでロマンチックですよねっ！'
ロマンチック,'#ヘチ #ヘチ王座への道 みるきーが本当にロマンチックな部分があるのか、箱をすり替えられたとか？'
ロマンチック,"'You know, I am so romantic. Sometimes I think I should just marry myself.\n \n僕ってすごくロマンチックだろ。ときどき自分と結婚したほうがいいって思うぐらいだよ。\n(モンスターインク)'"
ロマンチック,'@aiairime16 あいちん、、、\nお家が近ければすぐにでも駆けつけてあげたい。\n大切な人に会える日常が戻る事を願うだけで🥺\nツラい時はココで吐き出してあいちんの心が少しでも軽くなればいいな。\n空で繋がってるあいちんとDｻﾏの… https://t.co/oHdMmm6bJZ'
ロマンチック,'え？まって二人の記念日流れたんですか？！激遅認知民なんですが？？？この時期流すの罪じゃ？ん？？？？（？）ラップがホント好きなんだよ~~~~情景がロマンチックだよね~~~~~！！！！！'
ロマンチック,'宝塚ポーのシーラとフランクの消滅の仕方は同時でとてもロマンチックで素敵だけど､外部ポーのマントがひるがえすといつの間にか消えてしまったシーラとマントを残して消えたフランクも好き｡'
ロマンチック,'すげええ！oukaeinさんにフォローしてもらった！これは光栄！\n\n話は変わってドクターストーン見始めたけど、これはなんてロマンチックな話なんだ🥰\nあの世界には行きたくないけどとにかくロマンチック'
ロマンチック,'踊って歌うThird。\nすっごく可愛いけど、告白の方法としてこれを「いいな」と思うあたり相当ロマンチックなのが好きだし、夢見がちな性格がうかがえる。\n#ทฤษฎีจีบเธอRerunEP2 \n#ออฟกัน'
ロマンチック,'@L_ucifer_mnsto そうなんじゃないかな…♪\nそういう考えロマンチックでいいと思うよ…♪'
ロマンチック,'今日はお星様がキレイだね！\n君も同じ空を見てるのかな？ってロマンチックなこと言っとく？🌟🤭'
ロマンチック,'@hihehen12 夕日が!眩しいぃぃぃぃ!!(奇麗でロマンチック…)'
ロマンチック,'@wolf_y00 ロワジールで2台並んで同時に降りてきてお久しぶりーってなるの、ロマンチック…\n私はレジェンド推しで( ˘ω˘ )\n\nあえて輸入してACURA TLXもいいぞ…'
ロマンチック,'どれどれ買うか悩んでる\u3000MMFRとフィルスは確定なんですけどせっかく香水だからロマンチック枠も欲しいな…'
ロマンチック,'@Koi_Mokusei_TL \nシリアスもギャクもロマンチックもいけます！！！！！！！！春坂みあ！！！！！！！、'
ロマンチック,'異成の才能一覧表✍️\n\n✔️好きなことを突き詰める才能\n✔️金魚すくいで大量捕獲できる才能\n✔️夜更かしの才能\n✔️ロマンチックな妄想をする才能\n✔️リサーチの才能\n\n#あなたの才能一覧表 #ホイミー \n\nhttps://t.co/hwNgjxZiXE \n徹夜苦手ｗ'
ロマンチック,'@kchan79980035 主人公はすごく大人びた高校1年生ですよねー。自分の進みたい道をもってるところは「耳をすませば」の天沢聖司くんみたい。万葉集の相聞歌によって繋がっていく二人の関係もロマンチックで好きです♥'
ロマンチック,'新国眠り。個も総合力も高くて真におもてなしされた。はーでも自分には全面的に渡邊王子デー。アカデミックかつロマンチック、いつにも増してぐぐっときた。ほんま好きです。'
ロマンチック,'@pjQ6u1dpQ8QcpL1 花嫁姿で夜の花火!!!!!!!!ロマンチック!!!!!!!!'
ロマンチック,'@matsu_ryu12 あああっ！！描きあがってる😳💕\n\nガバッと突然きつく抱きしめた感じ？？新ちゃんのポーズに旦那様の力の強さを感じます🥰ロマンチック胸キュン💕💕💕'
ロマンチック,'@shinononoS 飲みの約束じゃなければロマンチックだけどなぁ……'
ロマンチック,'@kirke_exist けどすごいロマンチックで憧れます🥺'
ロマンチック,'@BINTA_iropuso 今14話まで見終わってる！\nもうね、14話はヤバヤバのヤバでテバテバのテバだから覚悟して！🤣私とろけたから！世帯主ときゃーん🙈💕って叫んだから！\n8話！雪の中のシーンよね？あんなロマンチックな告白ある?!ウノちゃんヤバいよね?!'
ロマンチック,'さらけ合いの惰性を抜けて 地上の星は瞬いた\n\nロマンチック\n安藤裕子'
ロマンチック,'【銀色（シルバー）の抽象的イメージ】シンプル・機械・貴重・輝き・協調性・金属・高級・才能・殺菌・人工的・洗練・知性・品質・未来・冷たさ・宇宙・無機質・ロマンチック・風流・二番手・影 #ロゴ制作 #ロゴデザイン'
ロマンチック,'ロマンチック キス'
ロマンチック,'@X1Lst 星か♪\nなんだかロマンチックやね🌌'
ロマンチック,'@kitigai_Dai_bot うん!物凄くロマンチックで素敵！大ちゃんとチルノちゃんお幸せに!あはは♪'
ロマンチック,'ロマンチック キス'
ロマンチック,'あの日のパレード、いつも心に来る場面だったけど今日は特に涙をﾀﾞｧﾀﾞｧ流してしまった。\n子供の頃にパレードで顔を合わせていた記憶が重なり、運命を確信する二人。幾千万の群衆の中…よ。\nまかまどが出逢った奇跡とも重なってロマンチック😭'
ロマンチック,'【恋愛攻略】\n好きな人に告白する際、\n場所がとても重要です❗️\n\n場所によって、相手との\n雰囲気も変わったりします！\n\nオススメの場所は、観覧車です！\n観覧車なら、2人きりの空間と\n時間を過ごすので、\nとても上手くいきやすい。\n\nそして、ロマンチックな雰囲気を\n出すことができる！'
ロマンチック,'@kusodekanjoRINN オリジナル星夜の紬は良いですよ……🌃七夕が真ん中バースデーってほんと偶然だとしてもロマンチックすぎますよね…イチャイチャしすぎて天の神様に怒られて遠距離恋愛することになった織姫ねねと彦星るい……🤦\u200d♀️'
ロマンチック,'明日のための\nタロットメッセージ\n\nトートタロット\nワンドのプリンセス\n\n若さゆえの愛の暴走\nロマンチックな雰囲気に\nなりやすいけど\n不倫や三角関係は注意が必要\n\n浮かれて関係を人に漏らすと\n痛い目にあいますよ。 https://t.co/hr3XL0uD2z'
ロマンチック,'桜蘭ホスト部で環がハルヒと一緒にカボチャ畑に落ちるの今考えると全然ロマンチックじゃないな\n落ちるならやっぱ水'
ロマンチック,'@kokomittu いえいえいえいえ、うちの篠原中将はそんなロマンチックなことができる性分じゃない（）'
ロマンチック,'@wakaba_hyahho \n荒廃した国で二人きり…なーんて\n決してロマンチックな状況ではないけど、\nこうやって、武器を突き付けるあうような今の状況よりも\nドキドキすることなんてあるのかなぁっ？\nさぁ…どちらの心臓が先に止まるのか\nそれは、神のみぞ知るってね…！！！！'
ロマンチック,'@Snow_White1027 ロマンチックでしょ？'
ロマンチック,"""@MFs__yuk_yukm 大正ロマンチック！！！だいすき.｡.:*･'(*°∇°*)'･*:.｡.すご！！！"""
ロマンチック,'@runaNOakami 心臓の鼓動の音の変化に着目して、しっかり聞いてみようと思います。\n僕は、プロデューサーに出会う前の心境をうたっているのかなぁ、なんて思いました。\nそのあとに、新しいプラスチックの傘と出会うなんて、ロマンチックだなぁなんて'
ロマンチック,'【フサキビーチリゾート\u3000ホテル＆ヴィラズ】  ロマンチックな休日を過ごすなら、絶対ココ！  正に人気No.1のホテルです。  #石垣島旅行 #GoToトラベル  詳しくは↓ここ↓を見てね！ https://t.co/AsY8eOdKNp'
ロマンチック,'@mmmmogumogu 今日はお月さまも明るかったですね🌔露天風呂からなんてロマンチックです😊\nラブホ帰りの匂いチェックは大事ですね🎵'
ロマンチック,'【カネダ】卒業式にはタミヤくんと第二ボタン交換するんだ、ロマンチックだろ？'
ロマンチック,'告白、プロポーズなどのシーンで話す超ロマンチックなことばを考えるのが好きなんですが、使う機会が一切来ないですね......'
ロマンチック,'@A_azusa_cr オードリーヘップバーンをイメージしてくだせえ、腰がｷｭと細くてスカートが三角形に広がる、ガーリーでロマンチックな感じです！'
ロマンチック,'ワンライもまとめも放棄して書いた不思議ロマンチック影日\n元ネタに気づいた人教えて！！\n\n#影日\n(例のタグに便乗しそびれた) https://t.co/nHADz4EVnJ'
ロマンチック,'@_shu_txt_ox 2人で仲良くギネスとかロマンチックだね(?)💕💕\n言い方www初めて貰われました♡'
ロマンチック,'KEY何処居てきたの😊\nいい感じやん👍\nKEYと砂浜かロマンチックだね💖\nKEY砂浜歩いたらいい感じやろうなあ🥰 https://t.co/ktabLynVPM'
ロマンチック,'去年のうちだったらロマンチックな出会いも可能だったかもしれないけど\nそれこそ今更もう無理でしょう。無理にしたのはそちらだよね。私は誰とも添い寝もしてないし、夜遊びもしてない'
ロマンチック,'個人的に実に102日ぶりに生で見るみくりんセンターの憧憬れロマンチックは始まりから終わりまでずっとふわふわ夢見心地。あっという間の4分30秒でした。みくりんには見ている人を幸せにする力があるんですよ！本当に！\n\n躍動感溢れるみっき… https://t.co/AO7eHdwhNI'
ロマンチック,'今晩のNHK #ラジオ深夜便 、2時台は「〔ロマンチックコンサート〕ポピュラー・ヒット年代史 1988年の作品から」、3時台は「〔にっぽんの歌こころの歌〕昭和歌謡 スター・セレクション 野口五郎作品集」。https://t.co/zSyhGg3w7H'
ロマンチック,'福山機長♡お疲れさまです・・フライトのお時間になりますね・・♡今宵も素敵なお声、音楽、お話・・お聴きしながら・・目を閉じながら・・素敵な夢をみながら・・福山機長とご一緒に・・ロマンチックな夜間飛行・・♡今宵もよろしくお願いいたします♡♡♡\u3000＃福山雅治\u3000#JETSTREAM'
ロマンチック,'山下公園は横浜市中区にある海に面した公園で、カップルに人気が高い公園の一つです。ベイブリッジや港を行きかう船の眺めがとってもロマンチック。詳しくはこちら⇒ https://t.co/PJGMMAdBmI #横浜デート'
ロマンチック,'@ybhEpRc47lDcv62 どんぶりさん♪この淀んだ社会と渦の最中に、どんだけロマンチックな事を云えるんですか～☝️😝私が女なら、惚れてまうやろ～デス✨😁いつも感謝でございます🙏☺️🍀'
ロマンチック,'こしおかくん、少女漫画かと思うんだけど ロマンチックだよ〜〜怖いT_T'
ロマンチック,'@Ayu_satoniya__ うちの家の前車通り多いし夜中でもうるさいし街灯は明るすぎるし\n店の電気で周り見えるし真っ暗っていう環境が珍しいから羨ましいw\nしづかで何も無い空間で寝転びながら星空を見るというロマンチックなことしてみたいw'
ロマンチック,'GS2の氷上くんてさ、すごくすごく真面目でピュアだよね。\n別に特別推してるわけじゃないんだけど、星空好きなとことか、なんかロマンチックだし、多分社会人にあなったらモテるタイプ。'
ロマンチック,'浪漫系短歌アンソロジー「韻香律」です。\n8人の歌人（武田ひかさん、ネコノカナエさん、北夙川不可止さん、青時さん、日向彼方さん、深水遊脚さん、金森人浩さん、月岡烏情）がロマンチックな世界を詠い上げました。\n\nうっとり～。ぜひ！… https://t.co/1zNNSgf0j9'
ロマンチック,'観客が望む形にはしません。そんなに甘くはありません。ロマンチックやファンタジーの欠片もない感じ。そう、この現実に対しての毅然とした作り方がとても誠実だし優しいなぁと改めて好きになるのでした。立ち姿が美しい映画。'
ロマンチック,'@yyorushikaa いや、それが違うんだな〜\n毎日誰かの幸せを作り出せる22歳（ごめんテキトー）のゆめが毎日の出来事を日記風にしている本なんです！（←だれだよ）カフェに行ったり湖に行ったり、ロマンチックな話さ！'
ロマンチック,'なんかジェシーの恋愛観がロマンチック過ぎて、ジェシー少女説提唱したい。'
ロマンチック,'新妻監禁 / 山野辺 りり【著】 - 紀伊國屋書店ウェブストア｜オンライン書店｜本、雑誌の通販、電子書籍ストア https://t.co/HC8I4mQcO7\nほの暗い陰鬱な雰囲気とミステリーの様に二転三転する展開、掛け値無い悪役… https://t.co/yJqEExE8Zw'
ロマンチック,'@AI_LoveLove_YU そうやねんなぁ北海道と沖縄でも太陽と月は同じものが見えてる。\n何かロマンチックやなぁ😌'
ロマンチック,'Ａ摂津万里\n\n愛情豊かで一緒にいると安心できるような、自分をさらけ出しても受け入れてくれる優しい人と出会えそう。\nすでにお相手様がいる人は、ロマンチックな出来事があるかもしれません。\n自分自身も出会えて良かった✨と思えるような素敵… https://t.co/eVG4aWkXK6'
ロマンチック,'緊急🚨3/14にriverロマンチック日本代表が出演決定になりました！\n盛り上がりましょう！\nSAPPOROEXPLOSION4thanniversary&amp;今迄ありがとうスピリチュアルラウンジ大宴会\n▼3月14日(日)3/15(月… https://t.co/KBqIbW7ILo'
ロマンチック,'@inugamikorone あなたたちはとてもロマンチックです!!!!'
ロマンチック,'なんかロマンチックだと思ってツイートしてる自分うぜぇw'
ロマンチック,'元素Ｌ〜〜〜〜〜〜！！！！！！ロマンチックで大好きなんだ………🥺✨\n#cafein11'
ロマンチック,'【緊急決定!!!🔥】札幌EXPLOSION当初、3/14.15両日私のソロで出演させて貰う予定だったけど、急遽3/14はriverロマンチック日本代表!!!のバンド出演が決まりました🔥今年初のバンドGIGが札幌だなんて萌えるじゃな… https://t.co/BkKJCUo7pm'
ロマンチック,'@mobA_0218_ 場所も相まってめっちゃロマンチックで困ったわ'
ロマンチック,'【ジュエリー買うならブリランテ】ジュエリーには様々な物をモチーフにしたものがあります。「鍵」「ハート」「クロス」「馬蹄」「リボン」などなど。「鍵」は”あなたの心の扉をあける”意味があるそうです。ロマンチックですね。'
ロマンチック,'【恋愛攻略】男性の唇から判断するｂｙ人相学\n\n■上下唇が共に薄い男性\nあっさりしていてさばさばした性格\n\n■上下唇が共に分厚い男性\nロマンチックで情熱的\n\n■上唇が薄く、下唇が分厚い男性\n気になっている女性がいても自分からは好という感情を表に出せない奥手なタイプ'
ロマンチック,'ナル詩を書いてると\nロマンチックを感じるらしい'
ロマンチック,'( ]:U:[)諸君！ノヴァには『新星』と言う意味が込められている、なんだかロマンチックだな！'
ロマンチック,'草花に毎日優しく話しかけてあげると、その植物はきれいな花を咲かせて長生きするという話も有名ですが、見えない世界にも学ぶべきものはたくさんありますし、ロマンチックです。'
ロマンチック,'必要なもの：太陽かな！！ボク自然が好きで、朝起きて空が青くて太陽が出てるとすごい気持ちよくなる！！太陽の光って今ボクを照らしてくれるだけじゃなくて、世界のいろんなところを照らしてきた光なんだろうなってロマンチックなこととか考えちゃうくらい。【W誌2013年11月】'
ロマンチック,'@ciao_ohisama_46 ロマンチックでそ？()'
ロマンチック,'@raim_ii ぬぁ〜〜💕😭\nそんなロマンチックなクオズ見たい🐻🐥\n想像だけでも素敵'
ロマンチック,'1年に一回しか会えないなんてロマンチック…と思われがちな織姫と彦星。やつらは星であって、星の寿命は10億年くらい。それを人間の寿命100 歳で換算すると、3秒に1回は会ってることになる。同棲しててもここまで一緒にはいないもの。'
ロマンチック,'「天体観測、ロマンチックです」'
ロマンチック,'好きな人と結ばれるってロマンチックだなぁ'
ロマンチック,'とか敬意とかそんな世界がある感じ。\n新作は未だいろいろ探っている感じがあって、これは毎日通って観るのには最高です。次第に創られて磨かれていく過程の興味深さ。これも愛を巡る女の姿が描かれていて、広瀬さんのキャラがそこにかぶさって、裸身が綺麗でロマンチックな気分に。'
ロマンチック,'@hanetuki_sheep この二人、いつまでも初めての親友みたいな仲でいて欲しいですよね…\nかそりっくで恋愛の概念のパイオニア…と思うと何となく解るようなシルエット…？シスターっぽい格好なのかな？とか。私も不安定かと…とそん… https://t.co/TQMqci1YZ1'
ロマンチック,'柳「ロマンチックな御城\u3000宮殿だけどねーこれ」\n那「宮殿の城娘もいるんだからそんなこと言わない」\n#旅するためのドイツ語'
ロマンチック,'@meta_dot @kazuki_o3o4 街角のカフェで出会ってるからロマンチックやな😏すぐ脳内で曲流すやん笑'
ロマンチック,'【悲報】小説家「ロマンチックな小説書いたよ」→ラノベみたいな表紙にされブチ切れ https://t.co/CQ7JgquJqu'
ロマンチック,'「こら、男の人を外見で判断しちゃダメ\nあの憂いを帯びた歌声\nロマンチックな人なのよ\nラフに羽織った上着に\n無造作なヘアスタイル\nステキでしょ？」\n「髪を洗ってないだけ」\nーファン・インスク＆ペク・へジョンー\n「ラブレイン」第２話より'
ロマンチック,'@piropin___ おいやめろロマンチックに書いてるやろ'
ロマンチック,'@nox_k_TL それはそれとして実家の敷いたレールを蹴飛ばして、裸足で踊るように御言を巻き込みながら拉致……駆け落ち（？）する逞しいまりや嬢とかも見たい気持ちはある～～～～！！！！\n\n他者と関わる場所ではどちらも破綻してしまう… https://t.co/UQ44JRzEWN'
ロマンチック,"""@Sky_Rinne0423 付き合ってたらばか遠距離ですやん(  '-' )\nええ...これはロマンチックなのか...？\nうちも一心不乱好きでっせw"""
ロマンチック,'@sala_ykwkrn やーん好き…なんてこったい…🤦\u200d♀️💕💕\nめっちゃロマンチックやーん！😫事前に知らせることで会う前から強制的にドキドキを高めさせる焦らしプロポーズ……！！なんて子だ！答えはYESよ！！\n絶対行こうね😭🐭… https://t.co/xV2FcqfpVz'
ロマンチック,'#自作曲\u3000ロマンチックな歌\u3000#弾き語り https://t.co/oZxjlNG6rR @YouTubeより'
ロマンチック,'@F5S3FhpHc5kPY29 たしかにー、ペットボトルだとロマンチックかけらもない😅\nボトルのポテンシャル強い😁\n捨てない＋拾うでどんどんきれいになるはず！'
ロマンチック,'明日モルフォ若魚、何ペアか持って行き😊1ペアだけ早い者勝ち3000円\n\nロマンチック村で販売します❗️ https://t.co/rPYWE5bJM2'
ロマンチック,'ふっ ロマンチックすぎるか…？(河住丈太郎)'
ロマンチック,'@pandasanda92781 ｗｗあぁなるほど…いや私も昔は林とかに行ってたわ…納得🤭←全然ロマンチックでは無いけど\n運転中の車だったら音漏れしにくいしね〜！！カラオケの代わりですわ🥺\n一昨日キムチ鍋→昨日それでつけ麺だったからかもだけどまたか感強かったのかも😂'
ロマンチック,'ガチねおちぼ\nファイナルねおちぼ\n神聖なねおちぼ\nロマンチックねおちぼ'
ロマンチック,'①Aroだと気づいたきっかけは？\n私がロマンチック•アセクシャルだと自認したきっかけは、お付き合いをしていたパートナーの方とスキンシップの問題での喧嘩がたくさんあったり、同じ年代の人との恋バナの内容を自分に当てはめたら嫌悪感を感じ… https://t.co/1j0U0Bv3WO'
ロマンチック,'お茶を用意して博士の愛した数式を見た。\n\n原作のイメージを崩さない映画だった。\n\n数学ってロマンチックだって思う。 https://t.co/gEkg9UiWkl'
ロマンチック,'「白の奥にピンクがあるような…」\nこれだけだとなんかロマンチックだったのに言わんとした事が「さっと湯がいたササミみたいな色」という現実の残酷さ'
ロマンチック,'@jdgskszxnddlsue @kazuki_o3o4 うちらの出会いはロマンチックだからな！！！やばい次は気まぐれロマンティック流れてきた、、'
ロマンチック,'滑り込みごめん‼️‼️みゆう誕生日おめでと🔞みゆうの誕生日に再会はロマンチックだし多分運命の糸で私ら繋がっちゃってんね(^^♪やっぱり大橋くんといえばみゆうしかなのでまた宜しく頼む🥲🥲‼️18禁解禁したからって大橋くんのエッチなこ… https://t.co/jVV8BaIgjw'
ロマンチック,'ロレンスくぅあーーーー！！！！！可愛い！！可愛いーー！！！！可愛い可愛いーー！！！！！ロマンチックなんだねーー！！！#アラビアの女王キヨと宿命の日々'
ロマンチック,'今日は季節外れに暖かく、春の匂いがしたな。\n春の夜の匂いの中、街に出るのは俺の中でかなり幸せなんだ。\n\nちなみにチキンラーメンを買うための外出だ。目的とまでロマンチックに行かないんだ。'
ロマンチック,'@kazuki_o3o4 @meta_dot それはもうみんなで行こうや😏\n言うてそんなロマンチックな出会い方はしてないんよ笑'
ロマンチック,'@seni_ga_toboshi 月🌙.*·̩͙ロマンチックなエモエモです✨ムンラバ聴きたくなりました！！'
ロマンチック,'@luna_hanakazari 時にはね！\nでもＣＣＢの「ロマンチックが止まらない」は「毎度おさわがせします」ってエロいドラマの主題歌だったよ！笑'
ロマンチック,'Bluetooth スピーカー 可愛い レトロ レコード型 コンパクト microSD メモリーカード オーディオ 重低音 USB充電 無線 置物 小物 雑貨 個性的 ギフト プレゼント 贈り物 彼女 母 ホワイトデー クリスマス… https://t.co/XC1zErmA0C'
ロマンチック,'現実からロマンチック逃避行'
ロマンチック,'新作ジュエリーのセールストークコンテスト…\n今回で3回目だけど…\n優秀賞取れないなぁ…\nどっちかっていうと男性脳で、レア度とかこの仕組みが！とかが全面に出ちゃうから、スピリチュアルなトークとかロマンチックなトークとか苦手…だからダイヤ嫌いなんだよ…'
ロマンチック,'@SakuraSaku1018 ロマンチックさと恐ろしさと…'
ロマンチック,"'If love be blind, it agree with the night.（恋は盲目というのなら、なおさら夜こそ恋にふさわしい）ってロミオとジュリエットのフレーズ高校生の頃はふーんとしか思わんかったけど今聞くとめっちゃロマンチックやな'"
ロマンチック,'わぁー……。1面、星の海だね。内浦ってこんなに星が見えたんだ……。なんかふたりじめしてるのがもったいなく感じるね♪ ……こーんな美少女が隣にいるんだから、ロマンチックなセリフでも言ってみなさいよ？ なーんて、冗談よ♪ えへへ♪ https://t.co/B8XwGg7x0X'
ロマンチック,'《即納》【週間ランキング1位入賞】スタープロジェクターライト Bluetooth5.0/USBメモリに対応 21種点灯モード タイマー機能付き 星空ライト 音声制御 輝度/音量調整可 星空プロジェクター 家庭用 寝かしつけ用おもち… https://t.co/OeKmwZKjIg'
ロマンチック,'@canacanasacana フォロー、リプありがとうございます✨\nエンジェルナンバーって言うんですね😳！！なんとロマンチックな୧(୧ˊ͈ ³ ˋ͈)⋆ೄ\n\n（2を揃えたい、ただそれだけの浅い理由で🥲）'
ロマンチック,'マークbubble今見たけどオリオン座はっきり見えるし星送ってくんのロマンチックで可愛いな…オリオン座しかしらない…'
ロマンチック,"'4,カードゲーム\nUNOとかババ抜きとか坊主めくりとか好きで\n坊主めくりから派生して百人一首も好きですが\n覚えてはないです！\nでも、恋の歌が多いところ\n叶わない恋とか身分違いの恋とか\nすごいロマンチックですよね！'"
ロマンチック,'笠松「森山、部室の端のロッカー壊れてたろ。あれ直そうと思うんだけどお前今度の休み…」\n森山「すまん笠松。今集中してるんだ」\n笠松「あ、悪ぃ」\n森山「…」\n笠松「…」\n森山「ふむ…やはり女の子はロマンチックな演出に弱いはず。何がいけなかったのか…。なぁ笠松？」\n笠松「知らねえよ！」'
ロマンチック,'ロマンチックに振りたくなったのかな？あんまりうまくいってないような'
ロマンチック,'顔面ロマンチック街道/ミハエル・シューマッハ #furutachi_bot'
ロマンチック,'嫁もMT免許所有ですが\n坂道発進はどうしても苦手で\nその時、助手席の私が\nハンドブレーキを手伝ってた\n\nこんなロマンチックな場面ではないが\n共同作業的な楽しさはある https://t.co/bx74iLKagk'
ロマンチック,'@KOBAMETAL047 はぁ〜！！！素晴らしい！！！😭✨✨✨\nロマンチックな夕日が見られるなんて😭❤️'
ロマンチック,'ロマンチック キス'
ロマンチック,'ロマンチック キス'
ロマンチック,'これはもう何万回ロマンチックだよ！！！\n(他G失礼)'
ロマンチック,'夜明けの海なんてロマンチックだわ〜'
ロマンチック,'@pon_rgm バレンタインデーの前日とか誕生日ロマンチックじゃん、えそうなの⁉️ぽんちゃんもはやカレーじゃん'
ロマンチック,'いやなつかしーわ、おじいちゃんが若い頃に、綺麗な花が山に咲いてたからっておばあちゃんに持って帰ってきて、ほんの少しの間そのお花が庭に咲いていた話とか...\nロマンチックやろがい！\nトリカブトだったがな！！！！！！！！！、！！！！！、、！！！！！！'
ロマンチック,'スマートに、且つロマンチックに告白しようと色々準備したのに、セシルくんがことごとく想定外の事ばかり起こして引っ掻き回して計画してた物が台無しになるけど、結局ハッピーエンド！怪我の功名だ！ってなるのはカミュセシ王道パターンじゃないの？？？'
ロマンチック,'ホル「「しね」というと乱暴だからな、「お星さまになって空から見守ってほしい」って言えば…ほら、こんなにもロマンチックだぜ」\nHP「しね」'
ロマンチック,'@adgj1015 ロマンチックなんですね♡そうですか〜(*′皿`艸)\nお互いを尊重できるお付き合いが出来るならとても良きですね👍'
ロマンチック,'窓からUSJの夜景が！ロマンチックな眺めが楽しめるホテルあります！ https://t.co/7EALQZ9wta #USJ #ユニバ https://t.co/E7b48VlGVK'
ロマンチック,'世界線を越えても存在する縁ってとてもロマンチックだと思うので「マッキ」と「津田さん」が好きなのだけど、過酷な運命の成れの果て、いわばエミヤオルタみたいなものと考えると切ないですね。\n確かにイラストでもよく見ると面影がわかるように描かれてるのでしんみりとする'
ロマンチック,'@F5S3FhpHc5kPY29 浜に流れ着くボトルってロマンチックな気もするけど、海洋汚染は世界的な問題ですもんね。\nちゃんと拾って、えらいなぁ。\n人間みんなが捨てなければ汚れないのに😣'
ロマンチック,'夢小説はドリーーーィムなので？実はロマンチックなのも大好きです☕️'
ロマンチック,'ダルレークの恋\n花の小舟好きすぎて初演のお歌入ったCD買った\n花の小舟3番まである！！！\n歌詞が全部ロマンチック！\n春日野八千代の声が良い！\n再演の\n愛の小舟に銀の波\n今宵別れていつ会える\nの歌詞は元々2番と3番にあったのをくっつ… https://t.co/4cXhY6yHaV'
ロマンチック,'宇宙葬超ロマンチックでいいな……漂いたい'
ロマンチック,'嫁入りも婿入りも今はないのに、いつまで家制度を引きずるんだろう？古いものや伝統性にロマンチックや確かさを感じるんだろうけれど、そこにある野蛮さに気づかないのは罪深い。\nhttps://t.co/1wlsWL5GYq'
ロマンチック,'【フサキビーチリゾート\u3000ホテル＆ヴィラズ】  ロマンチックな休日を過ごすなら、絶対ココ！  正に人気No.1のホテルです。  #石垣島旅行 #GoToトラベル  詳しくは↓ここ↓を見てね！ https://t.co/AsY8eNW9oP'
ロマンチック,'@Rebe_Charizard ロマンチックやね！笑'
ロマンチック,'@muuuuuuutton 分かります…！ヒーローなんですけど、もちろんヒーロー的なかっこ良さとかもあるんですけど、ロマンチックな乙女的な要素も兼ね揃えてらっしゃって…ある日「ジオルド様はヒーローインなんだよ」と言われて納得しまし… https://t.co/pIl9GIwpoe'
ロマンチック,'ちょっと早いけど1日1紹介🐶\nこちらのイヤリング/ピアスは桑名くんイメージのと松井くんイメージのがあります🪴\n差し色ビーズは瞳の色と合わせています！ロマンチックなのが大好きなので…… https://t.co/sbx9ap4kNK'
ロマンチック,'みっくん、ロマンチックな曲でもちょっと表情ががオラオラしてて良い。のに、曲終了後1人バイバイって手を振る姿、小柄なのもあって可愛すぎる。\nLuv Bias / Kis-My-Ft2\n#キスマイ\n#KisMyFt2 \n#LuvBias \n#ラブバイ\n#ボス恋\n#CDTVライブライブ'
ロマンチック,'ゆみるさんのﾛﾏﾝﾁｯｸな美しいﾋﾟｱﾉが大好き\n\nいつからか始まった親子連弾\n初めは曲も 音符の感じも可愛らしくて微笑ましかったけど、もう今の連弾は本当にため息がでちゃう\n繊細さと壮大さ ﾊｰﾌﾟのようだったりｽﾄﾘﾝｸﾞｽのよ… https://t.co/7ZYNPMYYcI'
ロマンチック,'@v_i_l_S_ そうそう、甘々で…ロマンチックで、でもなんか大人で…！(手をわちわちさせながら)\nえっ、ぼ、僕…？僕の恋…っ？(自分に振られるとは思っておらず頬赤て)'
ロマンチック,'前回は濃紺×白で真冬のロマンチックな世界観\nそこから今回はベージュ衣装に花がパッと咲いたような七色の鮮やかな照明\nカメラ割も前回と変えつつメンバーが良く見えるようにしてくれて、CDTVはアーティストとファンを尊重してくれてるなって… https://t.co/VB5ouVntjD'
ロマンチック,'@crazymanila 2年越しの食べちゃいたい…ロマンチックですね❣️'
ロマンチック,'高尾「しね」って言うと乱暴だから、「お星さまになって空から見守ってほしい」て言えばロマンチックじゃないっすか？」\n宮地「パイナップル投げてやるからお星様になって空から見守れッ！！！！」'
ロマンチック,'都会の雪はロマンチックと思ってましたが、撤回。もう降らないでいいです(笑)＜治/こちら葛飾区亀有公園前派出所＞2013年13号'
ロマンチック,'♪*\n寂しくても 悲しくてもロマンチック\n 愛してしまう\n甘いあなたの唇にどっぷり\nはまってしまいたいの'
ロマンチック,"'結局、私の人生を生きるのは私だから, 現れないソウルメート(ロマンチックな関係以外にも)を探すよりは今おいしいご飯食べてよく寝た方がいいといういつもの結論になってる。'"
ロマンチック,'福山機長♡お疲れさまです・・フライトのお時間になりますね・・♡今宵も素敵なお声、音楽、お話・・お聴きしながら・・目を閉じながら・・素敵な夢をみながら・・福山機長とご一緒に・・ロマンチックな夜間飛行・・♡今宵もよろしくお願いいたします♡♡♡\u3000＃福山雅治\u3000#JETSTREAM'
ロマンチック,'まって！？！？子犬系男子がかなえるロマンチックな夜♡！？！？\nなにそれ変態的に考えることから逃れられない…\nなんだろ…なんとか祭り始まっちゃうかなあ…😚'
ロマンチック,'@munch_chan1412 💄きめきめロマンチック計画どおり実行したいのに🤐が途中で会ったメニーニさんのお悩み聞いちゃったりして計画がうまくいかなそうです😂😂😂(森の洞窟でスマホを打つごりちゃん🦍)'
ロマンチック,'ロマンチック会は真にロマンチックではないのがよかったのかもしれない。吉田山ヘビーユーザーと落ちてるもの拾うDJと私。'
ロマンチック,'大まるを好きになってもうすぐで1年だ！好きになったきっかけはコロナ休みの自粛期間でYouTube見てる時に公式の｢ロマンチックな季節｣を見てコメント欄で大まるという単語を見てから調べるようになって好きになりました(๑¯ㅁ¯๑)♡'
ロマンチック,'「何か普段よりも星の数が多いみたいだ」\n\n「やけに、ロマンチックだなぁ･･･」\n\n「ソガ隊員、さっきのアマチュマの観測データをください･･･\u3000おかしいな･･･」\n\n「何も発見されないじゃないか\u3000何がおかしいんだ？」\n\n「いや、星の… https://t.co/djl75h2XEF'
ロマンチック,'やけにロマンチックだなあ\n#ウルトラセブン\n#BS4K'
ロマンチック,'大学の頃ロマンチック会というのをしていてトロッコ列車乗って保津川下りしたけど、あれはロマンチックだったのだろうか。楽しかったけど。水の勢いがあるときにまた乗りたい。'
ロマンチック,'@184061l アンパンマンとか全然ロマンチックじゃなくて草'
ロマンチック,'「なあこれすごいけど結局何がしたかったんだ？」と言われてハッと気づく黒尾さん。本来もっとロマンチックなことになる予定だったけど音駒メンバーにも割と好評だったのと翔陽がすげー！って言ってたって研磨が楽しそうだったのでまあいいかという気持ちに。'
ロマンチック,'なんとロマンチックなんだ'
ロマンチック,"'""月が綺麗ですね""に対して、日本語では""死んでもいいわ""って返すけど、英語では""手を伸ばせば届くかも""って返すのめちゃくちゃロマンチックやない？'"
ロマンチック,'TOKYO FM “JET STREAM”\n\n今週金曜2月26日は、旧暦の正月を締めくくる元宵節。マレーシアでは、中国系の人々によってあるロマンチックな風習が受け継がれています。\n\nそして、ウィーンのホーフブルク宮殿の前に、本店を… https://t.co/9Mp4og50h3'
ロマンチック,'はぁ～\n🐙先輩に知らぬ間に好意を抱かれて付き合って、何年目かの記念日に先輩のご実家のめちゃくちゃいいレストランでめちゃくちゃロマンチックなプロポーズしてもらって一生幸せにしてほしい\n（ｱﾝﾀﾞｻﾞｼｰをBGMに）'
ロマンチック,'@luv_connection 今日チャイコフスキーのロマンチックなワルツから出るはずもない謎の調性を生み出したぜい🤤🤤笑'
ロマンチック,'少女漫画とか恋愛ドラマとかはあまり見ないけどロマンチックなのは好き'
ロマンチック,'@___mhrb perfect love...！！ロマンチックすぎて急に恥ずかしくなっちゃいました😆\n不安だったので助かりました！！'
ロマンチック,'@Ca__56n_ ダイナマイトの個数がロマンチックだけどど迫力すぎてさとにゃ滅亡しそう（？？？？？？）'
ロマンチック,'#ばと打って悪口が出たら悪口が好き見た人もやれ\n馬車\n\nロマンチックね'
ロマンチック,'ロマンチック！！！！！！さわやか！！！！！！！！最高！！！！！！！！！！わたしもオーロラ傘持ってるのでなんか嬉しくなった'
ロマンチック,'@i06OiRjFkWhdO8o あーー笑笑\nそうだったの！？めっちゃロマンチックじゃん笑'
ロマンチック,'藍川「「しね」って言うのは乱暴ですから、「お星さまになって空から見守ってほしい」と言えばほら、ロマンチックでしょう？優しい気持ちになりますよ」\n銀士郎「お星様になって空から見守れ、篠塚ァ！！」'
ロマンチック,'@hrn_yd わーよかったです...！！こんなスペルなんですね！\nそして思ったよりロマンチックな意味でなんだか照れくさいですね😆'
ロマンチック,'ロマンチックなのは、人間も動物も同じだね♪ https://t.co/qEoNMOB566'
ロマンチック,'ロマンチックな方向に行かない黒研かわいい'
ロマンチック,'そういえばデート周回途中で気付いたこと(バクか仕様かは判断つかない)\n\n通常のデートリザルト画面の背景は中庭だけど、3話題目に箒の話が来た時だけは星空になる🌌\nロマンチックですてき☺️ https://t.co/GLERt5BX70'
ロマンチック,'@osi___Treasure いいじゃん、チョウチンアンコウに見守られて永遠の愛を誓うんだろ？ロマンチックだな、おい。'
ロマンチック,'「彼女ではないけど……そう答えれば、簡単に教えてくれるんじゃないだろうか……？」とか「海に日が沈むロマンチックな光景を、君と眺めていたい気もするけれど……」とかは解釈一致だなという思いになった'
ロマンチック,'@gorigori_uhohoh モフ……モフ……てしすぎてしっぽビンタ食らうやくもな～～～おるもん\u3000触らせて！！！！！ね！！！！！いいでしょ！！！！ねえ！！！！！の応酬ですよ\n世界の終わりロマンチックでええやん\u3000世界終わるけど… https://t.co/jBWK9HgJTi'
ロマンチック,'気分がいい夜やなぁ(*´σｰ｀)ｴﾍﾍ🌃\nウチはウチで楽しい嬉しいあるしで微笑ましいありぃ～の熱い語りありぃ～のは見ててええこっちゃな🤗仲間ってええな友だちも😆\n音楽で繋がれた縁は楽譜みたいに繋がる線みたいやな♪とかロマンチックみ… https://t.co/Jo3Dcw40oX'
ロマンチック,'魚座さんはロマンチスト。だから、ムードのある場所やプラネタリウムが好きです。そんな雰囲気に包まれることで、ロマンチックな妄想がどんどん広がっていきますよ。'
ロマンチック,'†…エデンに咲く一輪のゼフィランサスに恋をした青年は、楽園喪失の罪を背負って尚、その花を手に入れる為に地獄から神を殺しに掛かった…。彼女が既に砂になっている事にも気付かぬまま…純白の想いは黒く染まり、彼の魂を蝕んでやがて化け物へと姿を変えたという…ふふ、ロマンチック、だろう？†'
ロマンチック,'あと短編集に入ってる『花にうずもれて』っていう読切の設定と終わり方がもうほんとロマンチックでずっと好き'
ロマンチック,'自分にはない小難しいロマンチックな感性持ってる男惹かれる'
ロマンチック,'応援定期♡慎みゆ(*´ω｀*)\n慎みゆはロマンチックで素敵なカップル♡\nみゆきちはアイコンやヘッダー提供してくれる優しい子です♡\n慎みゆもっとください！大好き♡＃慎みゆ'
ロマンチック,'七千はロマンチックな雰囲気になってくれない\u3000そこはかとなく闇を感じる\u3000でもハピエンになって欲しいんだ〜〜〜！！'
ロマンチック,'ねぇマスター🍸毎晩ごめんネ🍷アタシこれまで、此処までドラマチックでロマンチックでエロチックな作品に出会ったことがなかったのよ🍺超える作品に出会える気もしないの🍾当面は彼らの作品の余韻に浸って過ごすことになるわね🌟🍶え当面がいつまで… https://t.co/HKztxEoZZA'
ロマンチック,'@QTyUkari あ！もちろん💌みたいなロマンチックナンバーも大好きですよ🎵😆💕'
ロマンチック,'ロマンチックちゃんは今日も楽しそうでした。 ( ?-?-)むふふーー https://t.co/WQaQffnYMM'
ロマンチック,'ドラクエってどうしてこんなにロマンチックなの〜\n泣いてまうやろ〜 #堀井雄二先生ありがとうございます #すぎやまこういち先生ありがとうございます\n#鳥山明先生ありがとうございます #ククール様推しでした  #ドラクエは最高  #エンディングまで泣かすとは #ずっとついて行きます'
ロマンチック,'あまりにもすべてが美しすぎて衝撃受けすぎて最近毎日円盤流してる…音楽がやばい…脳みそ持っていかれる…💫カムパネラくんが銀河ステーションでもらった黒曜石でできた丸い板の銀河の地図とか烏瓜の灯りとかチョコレートよりおいしいお菓子の鷺とか出てくるアイテムが全部ロマンチックでたまらん…'
ロマンチック,'@ariyoshihiroiki わぁ、お花散らしてあるバスタブだなんてロマンチック！お言葉に甘えて裸になってゆっくり入るよね…冷たっ！一瞬で出るし！それに捕まる！'
ロマンチック,'24:00～ #福山雅治 機長の「#JETSTREAM✈️」\n今週金曜2月26日は、旧暦の正月を締めくくる『元宵節』。マレーシアでは、中国系の人々によってあるロマンチックな風習が受け継がれています。\nそして、ウィーンの老舗菓子店「… https://t.co/i2mc8a11J5'
ロマンチック,'宍道湖の夕日と嫁ヶ島✨\n雲が多くて太陽がちょっとかくれてたんだけど中々ロマンチック～ https://t.co/tMeTpev5aj'
ロマンチック,'#nowplaying あれ?ロマンチック - クマリデパート'
ロマンチック,'@mom_usagi 外出先で本当に飛ばされそうなぐらいの風吹いてたんですよね😇💕\n月が見える良い天気で良かったです✨\n本当にロマンチックですね！いつか夜のハーバーとかでやって欲しいくらいです🥰()'
ロマンチック,'レイニーデイ・イン・ニューヨーク観ました。\n偶然の重なり合いが必然となっていく、完璧でないけれど愛すべき人達と美しいNYの景色。\n劇中に流れるきれいなメロディに冴えない話がのっかってるEverything Happens To M… https://t.co/DLs1tFXkEX'
ロマンチック,'ダイヤモンドポルカのピンバッジを作ってたら星空を描きたいなぁとそんな気分になって...星空を映し込んだような、なんだかとてもロマンチックな淡水エイさんが生まれました。\n\n#いきものフェスオンライン にだす予定だよ。それではおやすみ… https://t.co/t7V3vNy8yz'
ロマンチック,'@yappo753 ありがとう！応援しててね😘😘😘😘\nまーじでロマンチックな彼すぎて期待しかない🌟笑\nいや、まじで聞き返すけど、大丈夫そ❔\n中身こどものまますぎてやばみwww\n確かに！！！！急に龍也出てくるから焦るね笑'
ロマンチック,'mixは恋人にケーキを買ったりサプライズをしてあげるロマンチックなタイプですもんね😌🎂\n\ncr.pea_yim(IGS)\n\n https://t.co/cFSMFwAUkS https://t.co/BIwomLvLPK'
ロマンチック,'@f_lucky_06 めっちゃ素敵ですね！！ロマンチック✨✨✨何度でもリヴァイさん見つけてあげてエレン😭エレンと恋人同士じゃなくても一つの人生を送っていたリヴァイさん、リヴァイさんらしいです❤️'
ロマンチック,'水平線に沈みかかる夕日が照らす浜辺で彼女とロマンチックな事したいと常日頃思うくらいには重症化してる、さも彼女がいるかのように話してるけどいないんですがそれは、てかそもそも彼女作れないんじゃくて作r'
ロマンチック,'@S___bucky @dozesheep @cos_aki @phople001 森の妖精の踊りの階段は、一歩ごとに森の香りが全身を包み込みます。 花が地面に咲き、ロマンチックな美しさを形成します。'
ロマンチック,'@mofumofu_toumin ロマンチックだよねーいいよねー❤\n脳内再生ありがとう❤'
ロマンチック,'@tokorotani_ @socrates_TL 愛情を示せと言われて示したのが現金で最悪だったけど相手の愛情の概念も同レベルだったから振られずに済みました\u3000みたいな話\u3000さすがそこに目を付けるとは、相当ＮＬがお好きでいらっしゃい… https://t.co/mBqBLHIhyK'
ロマンチック,'いると思うとロマンチックだけど、\nいない方が自由で好きかも。 \n\n#Peing #質問箱 https://t.co/O4UrKzQAV3'
ロマンチック,'赤い光点(@Netflix) を観ました\n\n雪山を逃げ惑う夫婦を描いたスウェーデンのスリラー映画。妻の妊娠発覚をきっかけに夫婦関係を再構築のため、スキー旅行へとやってきた夫婦。ロマンチックな旅は一転して悪夢へと変わっていく\n\n姿の… https://t.co/8GhqS3eb26'
ロマンチック,'@gorimi_j 森へ還るごりちゃん🤣🦍💕🦍💕\n雑誌を参考におしゃれさせてみました😆2人はこれからねあぽりすの夜景が見える素敵なレストランにデートですかね〜😍❤️（ロマンチック思考な💄の計画）'
ロマンチック,'@Ohmypopopo @socrates_TL 結婚でもする？て言われ面倒と思ったからの言い訳でもなんでもなくぽんと「俺は結婚できないと思う」て口にするとこも好き\u3000ボニーさんと一緒に居る時のナットさんキュートすぎるな\u3000結婚を口に… https://t.co/hIhwBVQZ3q'
ロマンチック,'@IO27jin りのさん、、、、、（ロマンチックにすな）'
ロマンチック,'【セリフで宣伝bot】「何よそれ、もっとロマンチックな返事を期待してたのに」（レイチェル）【魔幻の鐘】\u3000https://t.co/FAF4NE3kQ7\u3000 #narou #narouN5691A'
ロマンチック,'リッパーの強化、霧の都みたいなロマンチックなやつを期待してるよ〜〜〜〜ていうか霧の都がいいよ〜〜〜〜'
ロマンチック,'めちゃくちゃいい曲できたから、れいん17を応援してくれてた人達は期待しててください！重くてロマンチックで誰もが共感できるような、挑戦する人達の応援歌になるようなそんな楽曲です。 https://t.co/6UAdDLmoDA'
ロマンチック,'@shinyo424 なんかとてつもなくロマンチックなものが目に止まったと思ったら正体が羊羹でびっくりしてます😳✨\n白桃ゴロゴロなんて桃好きの僕はもうどうしたらいいんですか🤤'
ロマンチック,'@Lily_daien ありがとうございます｡ﾟ(ﾟ´ω`ﾟ)ﾟ｡\nLilyさんが、今日は大演くんのスクリーンデビューに相応しい風が強いツイートされてたのを思い出してふと夜空を見上げてみたのです😊✨\n月明かりでしっとり公演もロマンチックですよね！'
ロマンチック,'皆がよく知ってゆ牡羊座や乙女座といった星座は黄道１２星座といゆんでゆ！誕生日の時に太陽とかさなゆからなんでゆ！ロマンチックでゆね～'
ロマンチック,'パリに来るといつもロマンチックになる（ビューフォード）'
ロマンチック,"'LuvBiasのなにがすきって、恋人がすきなミルフィーユを一緒に食べに行くことも、お花を選んで帰ることも、全部、眠れない夜が有ることとか、新しい朝が来ることと同じ、""大したことない""な世界観なのよ そういうロマンチックな日常の中描かれるラブソングがたまらなく響く'"
ロマンチック,'それで最初はちょっとドキドキしてたスバルもすっかり慣れた頃に情熱的な言葉を伝えられて、「次の役はすっごいロマンチックなんだね。いい感じじゃん」とか言ったら「役とかじゃない」ってちょっと怒られる。(理不尽)'
ロマンチック,'@TamaLions 本当にロマンチックですネ🤗'
ロマンチック,'@tmg_Uo_oU とりあえずナイスロマンチックですって行ってきました()🥺'
ロマンチック,'@sugargod (`･ー･´)ドヤ！\nお菓子つくりが得意なお母さんやし、めっちゃロマンチックになるやろうな+ (0ﾟ･∀･) + ﾜｸﾜｸﾃｶﾃｶ +\n誕生日近くなったら振り込もうか？\nどれくらいのものか決まったら教えてな\n結婚記念日並みの額は出せんけど(;´▽｀A``'
ロマンチック,'ベルモット「『しね』って言うと乱暴だから、『お星さまになって空から見守ってほしい』と言えばほら、ロマンチックじゃない？」\nキャンティ「お星さまになって空から見守っておくれよ」'
ロマンチック,'@Kanauchan_suki ロマンチックとは https://t.co/82lYxyNSMH'
ロマンチック,'@sn___abe うそ、まるで映画のワンシーンみたいなロマンチックさよ。'
ロマンチック,'もちろん、ずっとこのままでなんてロマンチックなこと、俺には言えないよ'
ロマンチック,'わぁー……。1面、星の海だね。内浦ってこんなに星が見えたんだ……。なんかふたりじめしてるのがもったいなく感じるね♪ ……こーんな美少女が隣にいるんだから、ロマンチックなセリフでも言ってみなさいよ？ なーんて、冗談よ♪ えへへ♪ https://t.co/B8XwGg7x0X'
ロマンチック,'水平線に沈みかかる夕日が照らす浜辺で彼女とロマンチックな事したいと常日頃思うくらいには重症化してる、さも彼女がいるかのように話してるけどいないんですがそれは、てかそもそも彼女作れないんじゃくて作r'
ロマンチック,'別にロマンチックなモノに限らず\n見えない力に決められてる出会いってあると思うんですよね\n\nだからあなたの好きな\n○○さんと上手く行かなくても大丈夫なんですよ\n\n人生を信じる余裕が\nまたあなたに合う人を\nきっと連れてきます♪\n\n…とか言ってる僕\n独身ですけどね(笑)'
ロマンチック,'グレイワース「1年に1回しか会えないなんてロマンチック…と思われがちな織姫と彦星だが、奴らは星だ。星の寿命は100億年くらいだが、それを人間の寿命100歳で換算すると、3秒に1回は会ってることになる。同棲しててもここまで一緒にはいないだろう」\nカミト「ロマンぶち壊しのこと言うな」'
ロマンチック,'夏の夜は、どうしてこんなにロマンチックなのだろう\u3000by 持田香織'
ロマンチック,'最強神は物理のどのような所が好きだったり、面白いな〜とお考えになっていますか？ — 世界が作られているってところですかね…\n力学なり電磁気なり紙面で作られる世界\n支配する体系は古典力学\nとてもロマンチックではありませんか？（僕は…'
ロマンチック,'まって来週の番組表見たら\n\n「子犬系男子が願いを叶えるロマンチックな夜！」\n\nって書いてあるぞ😭😭😭\nってことはそうゆうことか😭😭😭😭\n\n#ボス恋\n#オーマイボス恋は別冊で'
ロマンチック,'@y_manamon 海賊組「「めちゃくちゃロマンチックじゃねぇか!?」」\nロー「かっこよすぎるだろう!?」'
ロマンチック,'ロマンチック〜'
ロマンチック,'@LVT_sng おついれでした〜!!💨\nしょうさん世界一かわいいしかっこいいので第2ボタンだけじゃなくて全部あげちゃいます𖦹 ·̫ 𖦹𖦹 ·̫ 𖦹\n私もしょうさんの第2ボタンが欲しいので交換してくださいっ!!(??)\nしょうさんナイスロマンチックです✧‧˚'
ロマンチック,'@Kanauchan_suki 愛の心中なんかロマンチックじゃん小説かけちゃいそうよ'
ロマンチック,'@teng0721 ロマンチック童貞いいですね胸を張って生きてください\n\n私は先日まで仲良くしていた既婚者とよくウォッチパーティーしていたので本当にエモい気持ちになりましたありがとうございます\n\n私はスパイダーマンを見ようと思います'
ロマンチック,'ロマンチック キス'
ロマンチック,'ロマンチック キス'
ロマンチック,'しょうさんナイスロマンチックです!!*̣̩⋆̩'
ロマンチック,'@oshirukotabeta1 こういうことは考えられるんですが、ほぼ童貞です。\n\nロマンチック童貞だと思ってください。宇宙兄弟見そうになってます。'
ロマンチック,'@y_manamon キッド「…………ロマンチックだな。」\nロー「えっ、なに、その、物語のような。」'
ロマンチック,'凛子が花のように生きたとしたら咲き言葉は「手を繋いで生きていく」、散り言葉は「さよならは言わない」、枯れ言葉（あなたの代りに残る言葉）は「涙」です。\n#咲き言葉と散り言葉と枯れ言葉 #shindanmaker… https://t.co/hPItUZmKSE'
ロマンチック,'今週末、宇都宮ロマンチック村で車の集まりあるみたい\n参加しようかな'
ロマンチック,'シズク:「しね」って言うと乱暴だから、「お星さまになって空から見守ってほしい」と言えばほら、ロマンチック。'
ロマンチック,'@oh_you_twst えんだ〜〜〜って脳内で流れた！！！😭薔薇の本数で告白してお返事するのロマンチックでほんと最高🌹❣️'
ロマンチック,'@TRAINROUGE_h ありがとうございました！！！\nまたトランルージュさんで歌えて\nロマンチックでしたーーー！\nもっともっとトランルージュさんが\n広まりますように！！！！！\n楽しかったです😍\nお疲れ様でした！！！'
ロマンチック,'@rcappy009 わー！いいねいいね。さすが文学部出身！笑\n辞書だと、\n「現実離れした甘美で理想的な雰囲気やなりゆきであるさま。」\nらしいんだけど、なんかもっとエモい定義ができそうじゃない？\nロマンチックを感じるものを集めてみようかしら。'
ロマンチック,'@fgxsk 迎えたい人以外はスルーしか見たことないから何かしら残すの新鮮で優しい〜\n魂なら夢やロマンチックだけど現実的にはガスそうな気はしてる。でも弱ってる時に思いを馳せれる点は有耶無耶も有難い21ｇ\n幽霊が触れたい相手出来て肉… https://t.co/EQh1vH7Dlt'
ロマンチック,'ロマンチック、、、///💕(????) https://t.co/ximM4zAc8B'
ロマンチック,'福山機長♡お疲れさまです・・フライトのお時間になりますね・・♡今宵も素敵なお声、音楽、お話・・お聴きしながら・・目を閉じながら・・素敵な夢をみながら・・福山機長とご一緒に・・ロマンチックな夜間飛行・・♡今宵もよろしくお願いいたします♡♡♡\u3000＃福山雅治\u3000#JETSTREAM'
ロマンチック,'ロマンチック！\n恋愛小説とかにありそうなセリフだね～😆💕💕 https://t.co/ynw7Ef16RU'
ロマンチック,'@yameta888 新しい計画の提案や、ロマンチックな出来事があるかも。'
ロマンチック,'@MinetteRin めっちゃロマンチックなこと言うじゃん( ⸝⸝⸝ᵒ̴̶̷ωᵒ̴̶̷⸝⸝⸝)💗りん💗'
ロマンチック,'Penser à [動詞]=〜しようと考える。それをmême（〜さえ）で強調しつつの、複合過去形。全体では\n「キスしようとなどとは思うことさえなかった」\n\n歌い踊るのに夢中で、全然ロマンチックな雰囲気ではなかった的なこと言ってますけど、まじ何言ってんだって感じ。'
ロマンチック,'@hbcrsc 月下美人美しいお花で大好きです😍🌸満月の日にしか咲かないってロマンチックですよね。夏目漱石みたいにアイラブユーを月がきれいですね。と訳したみたいに好きになったひとに曇り空のよぞらでも月が綺麗ですねって言われたい。おばさんの夢です😢'
ロマンチック,'@HugoCo4f ロマンチックな景色なのでカヲルくんが助けに来ます(謎理論)'
ロマンチック,'帰ったら体が焼肉くさい！は物理的な臭い成分のせいだから！！笑\n是非焼肉以外のロマンチック(？)な香りを味わってみて欲しいです。\nどういうメカニズムなんだろうね〜\n脳の不思議の1つなのか？'
ロマンチック,'それを見た師匠は感嘆して「これは美しい、お前に娘をやろう」と。\n\nとてもロマンチックで素敵だなと思ったし、ダイヤが石炭(事実ではあるけど)だとしても、それを手間をかけて磨く職人さんのお陰であの石は美しいんだと思えて呪いが解けたんだよなぁ。\n\nそういう意味で血の通った石だから好き。'
ロマンチック,'マーメイド・イン・パリ     …人魚姫とは違う、人魚は人にはなれないし 一緒の時間をすごせない。異なるものを理解する、そんな題材より ずっとロマンチックで愛に溢れる。フランス映画らしい\n\n私はさいたま市～… https://t.co/oQ7jE9ql6r'
ロマンチック,'ふたりで海に行って～砂浜を一緒に歩いて～波打ち際に立って～波が引いたときに「好きだー!」って砂に書くの(モジモジ)。でも波が打ち寄せると、その言葉が消えちゃうの(モジモジ)。あ～健人並みにロマンチック。でも、なんかよくない(笑)?(ポポロ2010年8月号:菊池風磨)'
ロマンチック,'@fxfx93069796 んー\n\nロマンチックだね。٩( ๑╹ ꇴ╹)۶\n\nそのまま寝てれば良かったのに。\n\n(◡‿◡ฺ✿)'
ロマンチック,'私の身内【従兄弟】が夢の国でプロポーズした馴れ初めを聞いたときの反応\n \n新婦側\n【夢がある～】\n【ロマンチック～】\n\n新郎側\n【ふざけんな！】\n【夢の国招待されてねぇ】\n【身内隠してプロポーズされた瞬間『えっ、まじ、やば』って言えなかった！】\n【誘えよ！】'
ロマンチック,'ロマンチックな恋だけが恋ではありません。 本物の恋とは、オートミールをかき混ぜる行為のように平凡で当たり前なのです。 /ロバート・ジョンソン'
ロマンチック,'@enorensyuu3 オ〜…ロマンチック……でも…ぅゔ……他のやつのものになってほしくないよぉ……'
ロマンチック,'@SE2__KO_ ロマンチックううう😚💖\nなにそれ優女かああああ？？？？！！'
ロマンチック,'@Ix6Vo あえて描写せずにいきやしょ....ロマンチック.....'
ロマンチック,'莉犬くんのToDoリストが海行きたいとかなのめっちゃロマンチックじゃない？'
ロマンチック,'「テクニシャンです！」とか、「ポルチオイキさせてあげます！」とか、「ロマンチックなセックスしてあげます！」とか、言うだけならいくらでも言えるじゃないですか。\n誰だってセックスしたい欲求があるんですから、なりふり構わずにセックスの相手を探す人が居るのも仕方ないことではあります。'
ロマンチック,'占いは興味ないけど上弦の月･下弦の月はロマンチックすぎた'
ロマンチック,'実は、私、忘れてたんですけど、\n\n日本をロマンチックで幸せにする「日本ロマンチック党」の党首なんです。\n\n#日本ロマンチック党'
ロマンチック,'光ぼけしてるような雰囲気がとってもロマンチック💕 https://t.co/nuQBcmipo2'
ロマンチック,'@subcul_sgr 何だかロマンチックだね'
ロマンチック,'初恋いつか覚えてないな〜\nでもさ、初恋が忘れられないって、なんかロマンチック！\nhttps://t.co/HE39tFs7Dn'
ロマンチック,'ロマンチックな雰囲気を取り戻したいと言ってたら\n耳元で「チョコ」とつぶやいてきた主人の感性ほんとおかしい'
ロマンチック,'やっぱりたかみざさんの作るロマンチック曲を歌うさくらいさんの歌声は最高'
ロマンチック,'@gela__2525 そうだと願い毎日過ごしますさ✨\nロマンチックな出会いがありますように🥺'
ロマンチック,'@Rmn__ooO 運命だね！！！ロマンチック♥️\nめんどくさいけどれもちゃんのためなら頑張っちゃうよ〜〜！！！'
ロマンチック,'「ぼくのかんがえたさいきょうのおどうぐセット」を作って発表しあうEDCというロマンチックな界隈があるのだけれど、自由の国アメリカでは「日常使いのちょっと便利な道具」として銃が平気でエントリーしている'
ロマンチック,'@INonameinoran 👏👏👏\n\nはっ8年前くらい前の月食🌕️なんですね🧐💗✨\nこんなに素敵な現象のタイミングとヤシの木とのコラボ写真は、棄てられないと思います👼✋\nthe永久保存版📷️✨(ロマンチック🎵)\n\nお陰さまで今晩はいい夢見れそうです🌃✨有難うございます😌'
ロマンチック,'@7L4TID 旅行業界的には「Love」なんですよね。\n\nたまーに「Juliett（Jack）」「Romeo（Roger）」って言っちゃうのですが、その方がロマンチックかも？'
ロマンチック,'君の夢を見たって言われたい。でも、でもこれはキモい。ロマンチックにキモい'
ロマンチック,'1年に一回しか会えないなんてロマンチック…と思われがちな織姫と彦星。やつらは星であって、星の寿命は10億年くらい。それを人間の寿命100 歳で換算すると、3秒に1回は会ってることになる。同棲しててもここまで一緒にはいないもの。'
ロマンチック,'@Ryuchan4125 なかなかロマンチック…逢えるといいね'
ロマンチック,'桜貝色は\n愛 ロマンチック 上品\n(・∀・)ほぉ？'
ロマンチック,'30年程前とは言えロマンチック街道〜スイス〜ウィーンの旅行に行ったのだけどほぼ何も覚えていない。勿体ない'
ロマンチック,'ロマンチックなチッスを期待していたが秒で舌を入れてきて、銀八に平手打ちする高杉～卒業～'
ロマンチック,'@simasima_30k アンフィシアターとてもいいですね☺️\n円形のぶん、わりとどこから見ても近いし見やすいです！\n夢の…いやねずみの国と隣接しているので、会場に向かうまでの道もロマンチックな雰囲気です😏'
ロマンチック,'FF12をロマンチック実況プレイ 01 https://t.co/YNGkA9l2Y9 #sm21938677 #ニコニコ動画 https://t.co/11mGB64AeB'
ロマンチック,'@VANJUNNIE 私ばんちゃんの強オタじゃね😘♡\nロマンチックからえちえちにもってくその思考が素晴らしい(?)🤣♡\n当たり前じゃんばんちゃんとドライブデートするまで死ねないかんな🦊🐿'
ロマンチック,'@kogetta_mou そんなの………弟すでに兄者のこと好きだけど更に即落ちLoveじゃん………ロマンチック止まらない'
ロマンチック,'@megbabazero ロマンチック夢かわファンタジー🐰🍭✨'
ロマンチック,'@tama_kkp 赤い薔薇の花言葉…ロマンチックですね💕\nジャイアンなところがまた素敵です🥰🌹'
ロマンチック,'@ShowAyanocozey 1.ブルー・ライト・ヨコハマ\n2.さらば恋人\n3.男の子女の子\n4.卒業\n5.E気持\n6.19:00の街\n7.ロマンチックが止まらない\n8.BE-BOP-HIGHSCHOOL\n9.泣かないぞェ\n10… https://t.co/qcyZrEHvuB'
ロマンチック,'今日の復習動画は #ito ！\nあなたは #運命の赤い糸 を信じますか？\nそんなロマンチックな #ボドゲ です🙋\u200d♀️\n大勢でやるとさらに楽しいので良かったらこの動画で復習して買ってみて！… https://t.co/FXFNGjT81S'
ロマンチック,'と、言いつつも、世間に流布するロマンチックなオーベー男性像とまではいかなくても、もうちょっと恋人感はあげたいのが本音なので、ちゃんと私が伝えなきゃな、と思う。\n自分の経験値の低さと自分の語学力でちゃんと伝えられるか不安もあるけど、言葉にしない限りは伝わらないし。'
ロマンチック,'XXXXの3人でローマの休日みたいなロマンチックで楽しくて旅の終わりは少しさみしいみたいな🇮🇹旅行してほしさ、プライスレス…。新婚旅行3人で行ってくれよ…たのむよ…'
ロマンチック,'私の気を引きたいのか、最近私が遅ればせながらハマってる鬼滅の刃の話を彼がよくして来る。もっとロマンチックな話をしてくれ🙄🙄'
ロマンチック,'@lai_wei_ling ロマンチック。\nあの仕様はみんなを四六時中メルカリに張り付かせるためのものだと思いますが笑\u3000消えた方が心の安定に繋がりますので早急にお願いしたいです。'
ロマンチック,'セベが胸の前で両手で薔薇を1本握りしめているとイデがその手の上から自分の手を握って数秒見つめ合ってからキスするみたいなロマンチックな瞬間を切り取りたい'
ロマンチック,'私自身は彼のことはすごく好きだし、今の関係も楽しんでいるけど、「欧米男性はロマンチックで素敵」とか「男性は本当に好きな相手なら行動で示す」とか見ると不安になる。「欧米」にしろ「男性」にしろ主語がデカすぎだよ。'
ロマンチック,'「家、ついて行ってイイですか？」の西荻窪の文通する男性の回、ロマンチック過ぎて良すぎる、、。永久保存でしょ。。'
ロマンチック,'何かBsさんがロマンチックなチームになりつつあるな。'
ロマンチック,'地球と月なんてロマンチック以外の何物でもないよね。なんでこんな素敵なグループ推してるんだろう幸せ…'
ロマンチック,'またロマンチックなことを #PS4share https://t.co/vpOIzQWZ1T'
ロマンチック,'また脳内お花畑のビョーキがアドレナリンを....ロマンチックがとまらない⭐︎（訳:燭へしがとめてくれない）'
ロマンチック,'朝焼け見よう〜って海辺行くのロマンチックやけど\n実際行くと潮風でベタベタなるんよな\nなんやねんほんましたことないけど'
ロマンチック,'部屋付きの露天風呂で、年下の恋人の色の濃い肌がお湯にあてられてピンク色に染まっていく様を隣でまじまじと見つめる妄想をして、仕事を乗り切る🍆さん。\nこの男、2人きりの♨️旅行で、かわいい恋人とロマンチックな初夜を迎える気満々なのである───( ˘ω˘ )🌟'
ロマンチック,'@MAR_zpt 色合いとか発光のところ見てくれて嬉しい😍✨\n今回メンズ出てよかったよね🤣🤣ww\n\nロマンチック万歳💓'
ロマンチック,'たちかわさんにはさ〜〜記念日でもない日に全然ロマンチックでもない状況で、何気ない会話をしている最中に「そろそろしとくか、結婚」ってプロポーズをしてほしいな〜〜〜（大声）'
ロマンチック,'まるで中世にタイムスリップしたかのような街並み・チェコ共和国のプラハ。\nプラハの街並みを見下ろせる、プラハ城の中で最も高くそびえる聖ヴィート大聖堂。\nステンドグラスが鮮やかな大聖堂で、夕日に沈むプラハを眺めながらロマンチックなひと… https://t.co/0OMoV7tCJl'
ロマンチック,'くるむくんの優しくて力強い歌声がライオン・キングの世界観に本当にぴったりだなぁ(*˘︶˘*).｡.:*♡\n夕焼けの大自然の中でのロマンチックな景色が目の前に広がってくる☺️\n歌い方も原曲のエルトン・ジョンさんの歌い方に近くて、本当にすごい！！\n#愛を感じて'
ロマンチック,'星降るロマンチックな夜だからこそ大切な人と過ごしてみてはどうでしょうか？\u3000＠ゆーな'
ロマンチック,'徹夜明けに10秒で描いたとはいえ、ちんの描き方完全に忘れててショック…(ショックを受けるな)\nそのうちロマンチック()()()な本番描きたいからちゃんと描く前に百本描き取りをするのでご安心ください(???)\nまたたまに載せるけどごめんなす'
ロマンチック,'ロマンチックな恋だけが恋ではありません。 本物の恋とは、平凡で当たり前なのです。'
ロマンチック,'ドドソソララソがジュンだったなんて、ロマンチック過ぎない？♡♬.*゜'
ロマンチック,'@QNEAvvafPRLZyuG 私には兄と弟がいます。 非常にgood broです👍 お互いに子供のように戦う。でも、必要なときは常にお互いをサポートします。この世界に兄弟姉妹がいるすべての人はそのようなものです。ロマンチックに… https://t.co/TXRCqBdAdM'
ロマンチック,'@soleil_Iyasaka 有り難う⛩👏\n爽やかにロマンチックにまいります！'
ロマンチック,'@Mattan_atumori 陸に上陸してきて、\n交流を深める為にお花ですか??\n\nロマンチック タコさんです(笑)'
ロマンチック,"'#yunamail\nあっ…祝ってくれてありがとうございます…感謝です…😭\n\n(今年""も""たくさん会いたいと書かれていますが、ミーグリ含めゆなちゃんと会ったことないんですよね僕…。あ、あれ…かな？夢の中で会ってるとかそういうロマンチックなやつかな？😅💦💦💦)'"
ロマンチック,'さっきまでのロマンチックは一体どこに行ってしもうたの..\n\n #SOL'
ロマンチック,'@oshideikiteru キャラとしては好きでも無理よw\n銀さんも矢印受けまくりだから辛いよね🤣w 銀魂は女キャラ多いから夢女はつらいす笑\n性癖一覧に追加♥️坂本のおかげで色んな発見が！！笑\n過激だけどロマンチックあいらぶゆー… https://t.co/HMncRavZFG'
ロマンチック,'@ayame13m うん。ロマンチック~😁'
ロマンチック,'ずっとしたいと思ってること：ロマンチックという言葉の定義'
ロマンチック,'@car_pan 結婚相手を\n\n『女性』\n\nではなく\n\n『お母さん』\n\nにした時点で結婚生活は終わります。\n\nわからない男には一生わからない。\n\nせめてたまにはロマンチックな事をしてくれたら、ね😑🐶💦\n\n誕生日、クリスマスくらいはサプライズを…🙏😭🐶💦'
ロマンチック,'シンデレラ城の前でガラスの靴を……とかロマンチックよね \n\n#Peing #質問箱 https://t.co/WpcrdDNP0Q'
ロマンチック,'ロマンチックにならないあいゆ大好き'
ロマンチック,'@Wairudo_boy (ﾋﾟﾄｯ)\nこうして星空を眺めると…ロマンチックだね(照)'
ロマンチック,'ふたり揃ってロマンチック色でいいなあ、良い水曜日の夜よ。とっても素敵よ。\n\n #SOL'
ロマンチック,'@kotone411megami ロマンチック😍💕'
ロマンチック,'「北の国から」第1話、黒板一家が麓郷に到着。純のモノローグ（恵子ちゃんへの手紙）で「北海道はロマンチックです」と言っていたのが、すぐに覆されるのが面白かった。そして、「もしも私たちがいなくなっても父さんここで一人で暮らしたい？」と… https://t.co/dVjUFqTXXf'
ロマンチック,'ロマンチックな言い方をすれば、仕事に恋すればいいのだ。恋人と違って、仕事は自分の努力で変えることができる。本人がどう取り組むかによって、理想の恋人になることもあれば、顔もみたくない天敵になることもある。'
ロマンチック,'@ashuchan_dao ありがとうございます😊\nロマンチックとは思いつきませんでしたー！笑'
ロマンチック,'ついにロマンチックなホテルを予約したった💦\n\nだって、人生は楽しむ為にあるはずでしょう？👑'
ロマンチック,'@kotochim_0205 こ‼️と‼️ち‼️今年で祝ってくれるの２回目だね、\n出逢って一年以上が経つんだね、、、ロマンチックっね、、、えちえちだね(??)\n一生友達でいてね愛してるよありがとう🦊🐿'
ロマンチック,'翼：「死ね」言うと乱暴だから「星になって空から見守ってほしい」って言えば…ほら、こんなにもロマンチック\n\nとか言うと思ったか死ね'
ロマンチック,'ロマンチック キス'
ロマンチック,'今日もロマンチック色が素敵ね、ダーリン。'
ロマンチック,'@05_ryona あの薪ストーブロマンチックだよな'
ロマンチック,'ロマンチック キス'
ロマンチック,'シンフォギアは\n流れ星来い！流れ星来い！\nってロマンチックな感じだけど\nモモキュンは\n桃子のおっぺぇ揺れるな！\n桃子のおっぺぇ揺れるな！\nっておっぺぇに無限の可能性を感じさせてくれる。\n自分でも何言ってるか良く分からん。'
ロマンチック,'@nazu2001 年なので痛くて膝がつけません！なずなちゃん🍆🌿♥どうやって🌹渡したらいいかなー？〠？ロマンチックかなー？🤣'
ロマンチック,'忘れないうちに。また杉ちゃんの「愛」の形を見せてもらった…杉ちゃんの考えていることは壮大でロマンチックで、Liveの中でテクニカルディレクターの方々がそれに応えようと一緒にいろんなアイデアをだしてくれるところが、とっても素敵だった。うまく言えないけど、'
ロマンチック,'陳情令、再会後無事に？魏無羨を雲深不知処に連れ帰った藍忘機。部屋で目覚めた時に彼が弾いていた曲は「忘羨」お前が好きをストレートで奏でている（彼以外分かりにくい）「醉夢」は以前ひとりで静室（閉じ込めたい）で弾いていたので、何となく「君を想う高揚感」ロマンチックで甘さを感じるとか妄想'
ロマンチック,'京都の大学生バンド猫戦の第三弾シングルが本日発売！\nAOR、ソウルの影響にインディポップ感も持った\nロマンチックでキュートで少し不思議な猫戦ポップス！\n二曲目のイントロなんて、ちょっぴりレトロな、とろけそうな極上AORサウンド！… https://t.co/6wZ3faTnco'
ロマンチック,'POPでHAPPYでロマンチックなラブストーリーな宮千デュエット楽しみすぎる...！！！いやしかし宮千のほのぼの感、癒される💜💙\n\n#Sen_Miya_Live'
ロマンチック,'赤ちゃんはコウノトリが運んでくるって話すごくロマンチックだよねー！'
ロマンチック,'私は 人生複雑骨折 ドラマ型統合失調症\nヒステリックだが ストイック ヒロイック、\nパセティックでロマンチック\n\nビューティフル/毛皮のマリーズ'
ロマンチック,'@meilegteitjes サハラ砂漠や黄砂という言葉は、ロマンチックなイメージなのに💧\n洗濯物が…💦'
ロマンチック,'(一度やってみたい告白のシチュエーションとセリフ)南の島の誰もいない海とかいいですね。ビーチのレストランで海を見ながら、セリフはそこに行ったときに自然にでる言葉が最高にロマンチックだと思います。'
ロマンチック,'ロマンチックになれていない【宿虎】 https://t.co/pEAz19Pba4 https://t.co/aSKqgSrZBU'
ロマンチック,'まりこ「『しね』って言うと乱暴だから、『お星さまになって空から見守ってほしい』と言えばほら、ロマンチック」\n\n百々子「……ロマンチック…？」'
ロマンチック,'確かに、日数換算とか数字ばかりに目がいきがちだけど、\n\nもっと大きく視野を広げて観たら、ロマンチックな物語なんだろうね💞\n\n一歩引いて見ると、逆に見えるものがある👀'
ロマンチック,'@mozorock ロマンチック！笑\nピザ食べたい…🤤🍕'
ロマンチック,'船の上の乙女…\u3000なんてロマンチック\u3000なのかしら…'
ロマンチック,"'【第3回ロマンチックなセリフ五十音💝表彰式】\n今回はハ〜マ行✨\n\n1,2枚目：それぞれの最優秀賞\n3枚目：特別賞\n\n有紗の独断と偏見とノリによる選出です❗️ご了承くだたい❗️\n参加してくれたみんなに超絶感謝🐬💓\nとうとうこの企画に… https://t.co/ji9tx1eJ3M'"
ロマンチック,'福山機長♡お疲れさまです・・フライトのお時間になりますね・・♡今宵も素敵なお声、音楽、お話・・お聴きしながら・・目を閉じながら・・素敵な夢をみながら・・福山機長とご一緒に・・ロマンチックな夜間飛行・・♡今宵もよろしくお願いいたします♡♡♡\u3000#福山雅治 \u3000#JETSTREAM'
ロマンチック,'夜景っていいよね。星空ももちろん好きだけど、夜景は人が作ったものだから。あの建物のひとつひとつに作った人の思いがある。そこに生活がある。人のぬくもりがあるだろ？そう思うとすごくロマンチックだ。そう思わないかい？'
ロマンチック,'三成が出なくても利三がいる時点でもう全然オッケ〜！みたいな気持ちになってるんだけど、めちゃくちゃロマンチックな別れ(山崎の戦い)になったらどうしよう'
ロマンチック,'1年に一回しか会えないなんてロマンチック…と思われがちな織姫と彦星ですが、やつらは星です。星の寿命は10億年くらいですが、それを人間の寿命100 歳で換算すると、3秒に1回は会ってることになります。同棲しててもここまで一緒にはいないでしょう。'
ロマンチック,'@nerukoydk アッシュったら思ってることを素直にぶつけちゃって！🤗\n実は私、2人で初めて見にいく映画の方が気になってます😝ロマンチックなやつかなあ💓👍'
ロマンチック,'@kiryuintw 翔さん(^-^)ニコ生✨おふざけ一切なしからの翔さんのキャンさんへ今夜は首太くない？って(笑)🤭つるりんキリちゃのおちり妄想してたよ皮膚が強くて安心しました🤗興味津々！翔さんのロマンチックな草食系男子の愛しい… https://t.co/6O9Ki0kp4Q'
ロマンチック,'＠TRPG_TL \nエンド1で生還となりました！！二人の技能の噛み合いが凄くてハチャメチャになったりしましたがロマンチックなシーンあり、しんみりしたシーンあり、で非常に楽しかったです！KP九曜さん、PL同行のおさきさんありがとうございました！'
ロマンチック,'ロマンチックなことができるの嬉しい'
ロマンチック,'#黒死館案件\u3000ドイツの言語学者だがロマンチックな文学「マリア姫」の作者でもある。 https://t.co/DNFnT6SQyP'
ロマンチック,'【ブライダルにぴったりの一曲】〝同じ月を見てた〟song by GOING UNDER GROUND\u3000曲のPVには、友人として新郎新婦に向けて歌う姿が。二人の出会いに感謝する格好良くてロマンチックな歌です☆ #結婚'
ロマンチック,'ロマンチックな恋だけが恋ではありません。 本物の恋とは、オートミールをかき混ぜる行為のように平凡で当たり前なのです。ロバート・ジョンソン'
ロマンチック,'純子「素敵❤ロマンチック」https://t.co/T4gLA5jHID'
ロマンチック,'友達がロマンチックなのはねw\nみたいな話しててみんな\n賛同してたんだけど\n\nえ？私だけ？ロマンチックなのが好きなのって\nめちゃキュンキュンせぇへんの？'
ロマンチック,'だいたい今の世のなか、ロマンチックな恋愛や偶然の出会い、ついでに性的なパートナーシップなんかが、あまりにも過大評価されすぎている。いつでも誰かとつきあって恋をしていなければ、男性(女性)失格だなんて思いこみは、生きかたを狭くするだけではないだろうか。「フリフリ」'
ロマンチック,'ロマンチックな話が最後は変態にw\nファンの「パンでも食ってろ」\n最高だったwww😂\n#月刊ゴールデンボンバー https://t.co/33ExlQ4JDQ'
ロマンチック,'@kfssm5_riri ありがとうございます〜！！\nSZ10TH改めてロマンチック魂楽しんできます！！笑'
ロマンチック,'【恋愛攻略】男性の唇から判断するｂｙ人相学\n\n■上下唇が共に薄い男性\nあっさりしていてさばさばした性格\n\n■上下唇が共に分厚い男性\nロマンチックで情熱的\n\n■上唇が薄く、下唇が分厚い男性\n気になっている女性がいても自分からは好という感情を表に出せない奥手なタイプ'
ロマンチック,'ナル詩を書いてると\nロマンチックを感じるらしい'
ロマンチック,'ロマンチックなタイトルとかキャプションとかつけられるようになりたい'
ロマンチック,'@BBtachibana 「まぁロマンチックさ堪能してなかったけどぉ…… \nへぇ、そぉなんだ……勝手なイメージだけどさぁ、一人のがいいのかなぁなんて思ってた。\nんはは、まぁそれはそぉだね………許せるかも、か…」'
ロマンチック,'https://t.co/vawE0g9zme\n「メーシア大陸戦記『王国の章』」更新しました！\n#narou #narouN5077EX  #小説家になろう \n\n次なる戦場を前に、再編を含めた一時の羽休め。\nロマンチックなタイトル… https://t.co/Q8Xp9WUq0E'
ロマンチック,'うるせー！たまにはロマンチックなこと言ってもいいだろ！'
ロマンチック,'その目も足も全部、俺が隣にいるんだからいらねーよな？あ、目だけはいるか…動かない手足に目と口しか動かないお前…なんかいいなぁ…儚くて、ロマンチックだろ…？'
ロマンチック,'@jaymayumi ロマンチックですねぇ~'
ロマンチック,'そういや以前ロマンスフェスティバルをロマンチック～と呟いていたような…\n面白ければええねん主義なので生温かい目で見てもらえば(;^ω^)\nメインでプレイしてる世帯のティーン絃が彼女のナナミちゃんと行ってたら後ろに離れて暮らす母ちゃ… https://t.co/kBq8BD26yQ'
ロマンチック,'【理系の彼氏を作るとこんなにロマンチック】\n物理系：愛する二人の「場」の作用を説いてくれる\n化学系：二人の愛の化学反応の可能性を教えてくれる\n生物系：生物の本能を越えた愛を語ってくれる\n地学系：今まで見つけたどんな鉱石より君が綺麗なことを教えてくれる\n数学系：積分がめっちゃ得意'
ロマンチック,'グレイワース「1年に1回しか会えないなんてロマンチック…と思われがちな織姫と彦星だが、奴らは星だ。星の寿命は100億年くらいだが、それを人間の寿命100歳で換算すると、3秒に1回は会ってることになる。同棲しててもここまで一緒にはいないだろう」\nカミト「ロマンぶち壊しのこと言うな」'
ロマンチック,'@idonum 失礼ながら、いどさんの話でこんなロマンチックな展開を見ることになるとは思いませんでした……けど最後の覗き組でやっぱりいどさんでしたｗ'
ロマンチック,'かけたてのパーマは ほつれてる 憧れのピアノも うまくない ロマンチックに ドラマチックに 長い道は 続いてる'
ロマンチック,'@ytkmsr1317 おめでとうございます🎉\n本当にロマンチックだねぇ🥰🌹'
ロマンチック,'Ω{誰かロマンチック止めて！'
ロマンチック,'@ytkmsr1317 わぁぁ！おめでとうございます！！\nロマンチック魂(名前変わってもうてる)楽しんでください✨'
ロマンチック,'@naayu_nabe115 え、違うのごめん!!!!!\n岩本さん帰っちゃったよ🥺\nロマンチックだよね？プロポーズに最適じゃん???'
ロマンチック,"'《2/25の日記》久々に月間金爆観た(^-^)""ロマンチック""がゲシュタルト崩壊(^_^;)『パンでも喰ってろ(;-Д-)』良い返しだなぁ(*´-`)ギャも含めて金爆ホント好き(*´ー｀*)久々大笑い(´▽｀)仕事はお粗末極まりな… https://t.co/VOD2SV8JXm'"
ロマンチック,'昔は今以上に雨降ると外に出られなかったから、雨を見ながら物思いに耽った結果こんなロマンチックな名前の雨が生まれたんだろうなと思うと感慨深い。'
ロマンチック,'ショスタコーヴィチ: 組曲｢馬あぶ｣ Op.97a：第8曲[ロマンス]［ナクソス・クラシック・キュレーション #ロマンチック］ \nhttps://t.co/ORA87AoiLJ\n\n優雅に優しく美しく\nショスタコーヴィチにはこんな穏やかな曲も'
ロマンチック,'#月刊ゴールデンボンバー\nロマンチックなキス💋動きのよい舌をお持ちの👹さんです👅👅✨🤣 https://t.co/MCckTfuinw'
ロマンチック,'この作品に出会えてよかったです。たくさんの宝物を見つけた気がします。\nすごい写真キレイ✨✨✨\nロマンチック。 https://t.co/EUdHIJJ9bl'
ロマンチック,'@kitamurasana 素敵…BGMでニューノーマル流してください♥️\n3年経つとロマンチックの欠けらも無いしな、隣にはただのオジサンがいて、老けたなあ…ってなる。(お前もな)'
ロマンチック,'ひな祭りが近づいてきたので歌先生に十二単を着てほしい今こそ大学で文学部に進学し源氏物語を専門にすると古文の先生に大学合格報告をするまで信じられていた古文の知識をフルに使ったロマンチックな五歌話を書くところでは？（※しかし日本史ではなく世界史選択）'
ロマンチック,'指揮官「結構な人が、ロマンチックなこと言って指輪渡すんだな。私はなんて言ったっけ」\n春田さん「大したことは言ってませんよ、私も覚えいないくらいです」\n指揮官「そうか、今からなんか一首送ろうか」\n春田さん「最期にくだされば、それで十分ですよ」\n指揮官「言うねえ」'
ロマンチック,'＜未婚男性に聞いた！憧れのプロポーズランキング＞①思い出の場所で\u3000②いつもの部屋でさりげなく\u3000③ロマンチックな夜景を背景に\u3000④旅先のすばらしい景色の中で\u3000⑤お洒落でちょっと高級なレストランで\u3000ステキ女子への処方箋♪https://t.co/JpjYtGAY0r'
ロマンチック,'@reida_zhibiki めちゃめちゃありがとう🥺💓💞\n愛が誰よりもおっきいのは知ってるほんとらぶ😌\n絶対会うなにがなんでも会う話したいことありすぎてる()\n嬉しいロマンチックだな楽しみにしてるわ🤤\nまじお互い色々あるけど頑張… https://t.co/c5i7NBBW8S'
ロマンチック,'@ytkmsr1317 あああ😭😭😭😭おめでとうございます！！ほんっっっとうにおめでとうございます！！！\nロマンチックすぎて、、沢山楽しんできてください😭💕'
ロマンチック,'@ytkmsr1317 わぁ🌹✨おめでとうございます🤩💕\nめちゃめちゃロマンチックです！笑'
ロマンチック,'@NO1175BU ロマンチックだねぇ(๑♡ᴗ♡๑)'
ロマンチック,'ロマンチックな父さんは……そうだね………………最高の父さんだと思うよ……………………………………………………………………………………………………………………………………………………………………………………………………(粉微塵)'
ロマンチック,'@IhoriIzum ほんとロマンチックだったなぁ✨シチュエーションが\nピアノと月と病院の窓だもんね（笑）\nIZUMIちゃんのリプみて思ったわ、ありがとう✨'
ロマンチック,'千ちゃんお疲れ様☺️\n宮っちとの天使コンビで一体何を！？って思ったら✨\nロマンチックな歌詞でポップな曲めちゃくちゃ楽しみ💕\n更新ありがと😊\n明日も楽しみにしてるね💙\n\n #Sen_Miya_Live\n #sengaism… https://t.co/A32BmG4opa'
ロマンチック,'あの、今日忙しかったのでめっちゃ時差ですが…一応ご報告。当たりました…🙏\nちゃんと開催されたら、1st魂ぶりに行くことになる…1stの次に10周年魂で再会ってロマンチックじゃない？(は？)'
ロマンチック,'「武器を片手に求婚」はあっちでは普通のことだったんだねぇ･･･。ロマンチックな意味合いじゃなくてその･･･政争的な事情で。\n嫁(王位)くれねえなら奪えばいい'
ロマンチック,'素敵な本買った～💕\n今まで特に意識してなかった言葉が次々ロマンチックに書きかえられてく感じ https://t.co/fWKWzYsUZt'
ロマンチック,'#EveLOCKS \nうわああああああああっっっ\nにやけるう\nすごいですねえええ\nロマンチックですねっっ'
ロマンチック,'星に願いを、かぁ。なんだかロマンチックだね。'
ロマンチック,'@ZoneLov ありますよー\nただし、花の時期は葉は枯れてて、葉の時期には花は散ってるのですよね\n花と葉は共存しないというか、同一個体なのに出会わないんですよね\n\nちょっとロマンチックじゃないですか？（寝言）'
ロマンチック,'ロマンチックな父さん…？'
ロマンチック,"'@Y0u_ @U0Nat \nユーウ、落し物。お前ってばほんとぼーっとしてんのね。真っ赤な薔薇の花弁、なんてロマンチックなモンどーするワケ？(指で挟んだ花弁を貴方へと向けひらひらと。)\n[ 固定既読,反応感謝 ]'"
ロマンチック,'@mztmrojisan @mzbn74kt まさしくごりごりのシンデレラ(クソデカボイス)フィットですよ！😉✨\n椿、意外と盲点的なところはありますよね、椿造形と色がだいすこです、わたしも(日本語下手か)\nそうですよねぇ〜！ロマン… https://t.co/X2faMTnvr3'
ロマンチック,'「君と月が並んでて\u3000僕を照らすんだ」\n\nってラインがロマンチックで好き。\n\n空中レジスター / the pillows https://t.co/D501iE985p'
ロマンチック,'ティリケに搭載されたロマンチック機能、対ヴぉるふだと全然発動しない…\u3000という展開もいいな'
ロマンチック,'ロマンはわかってくれないのにロマンチックはわかる皆さーん'
ロマンチック,'@yu_ta3218 冬キャンはなんかロマンチック感ある\n焚き火も暖かいしね！テンマクTC買ったから薪ストーブやるしかない(￣∇￣)'
ロマンチック,'@saku__yuki いやそれ、好きな人に連れ去られてみたい、そんなのロマンチックすぎて泣ける(泣くな)\nわかる、誰あんな神曲生み出したの、早く対面して土下座してお礼が言いたい、とにかく神'
ロマンチック,'@M22394739 ロマンチックできれいですね〜( *´︶`*)ほんとにバラみたいです!!'
ロマンチック,'あぁ！なんてロマンチックなんでしょう！！'
ロマンチック,'「ラブソングをきみに」狭山ハル著の伊東かやのさんによる書評です!\u3000ロマンチックでドキドキするラブストーリーです!\u3000#テキレボEX #テキレボ感想交換\nhttps://t.co/ZorLVQnxb0'
ロマンチック,"'""目が覚めたって忘れないように〜\n僕は今日も夜空を描くよ〜〜""ってめっっっちゃくちゃロマンチック、、。'"
ロマンチック,'台本だとロマンチックなキス大喜利のとこでもキャラ継続の予定だったん？？\n素材の味が死んでしまう気が…しないでも無いかもしれん…（？）'
ロマンチック,'@K_B__M ロマンチックで素敵ですね！ヴェノちゃんがいたらチョコだけ先に食べちゃいそうです…😄🍫'
ロマンチック,'必要なもの：太陽かな！！ボク自然が好きで、朝起きて空が青くて太陽が出てるとすごい気持ちよくなる！！太陽の光って今ボクを照らしてくれるだけじゃなくて、世界のいろんなところを照らしてきた光なんだろうなってロマンチックなこととか考えちゃうくらい。【W誌2013年11月】'
ロマンチック,'家康「『死ね』って言うと乱暴だから『星になって空から見守ってほしい』と言えば…ほら、こんなにもロマンチックだよ！」\n幸村「死ね」'
ロマンチック,'@petites_ailes ロマンチックな和歌だよね🌸\n今日は名前の由来が\n分かってよかったよ(*´ω`*)♪'
ロマンチック,'なにwwwwwwwwwなんで突然ロマンチックになるの'
ロマンチック,'【結婚式で人気の演出-クロージングキス編-】\n\n「クロージングキス」とは挙式終了後の退場の際に、チャペルの扉が閉まるその瞬間に新郎新婦がキスする演出のこと\nロマンチックな演出なのでゲストから歓声が沸き上がること間違いなしです♡\n\n#結婚式 #プレ花嫁 #キス #ロマンチック'
ロマンチック,'@badassceo @EcoLone1 フランスでは、男性がその女性を保護し、彼女をサポートし、その女性を誇りに思うことが重要です。 だから私は Eriko Yamaguchi をとても誇りに思っています。 彼女はとても美しい。… https://t.co/j2ivvpZLGJ'
ロマンチック,'@pastaraddd とってもロマンチック…🥺夜のお散歩デートの後nzさんがつくったのが好きな子と星空眺める曲だったりしてほし…😣'
ロマンチック,'@y_manamon フーズ、ササキ「「…………(こいつらが一番、ロマンチックだったわー…………)」」'
ロマンチック,'@c_ts_junshinMk 花言葉！！ロマンチック……調べよ……！'
ロマンチック,'@5ugarc02 しゅがたん×雪＝ロマンチック！！！'
ロマンチック,'ロマンチック キス'
ロマンチック,'@1993_tapi なんか、まいが玄関開けてくれないって拗ねてるけど、どんな状況？入れてあげな？？？()\nそれ最高、真夜中のジャニショね？？\nふーん、なんかロマンチックじゃん(どこが)'
ロマンチック,'ロマンチック キス'
ロマンチック,'100年後暇？宇宙行こーぜはあまりにロマンチックすぎる'
ロマンチック,'@BIOMED99 こんばんは٩(๑❛ᴗ❛๑)۶\nどういたしまして🙇\u200d♀️⤵️\n\nロマンチックですね😆🌟✨\n鉢花で色んなお花育てるのもアリですね👍'
ロマンチック,'@bb_sks 「まあ、ここでお酒？ロマンチックなのね…。\n楽しい事はこうやって皆が楽しいお話をしている事かしら…。ヘンな動機にヘンな事件も色々あったけど…こうやって生き返ったから全てを許せるかもしれないわ。そうじゃなかったらあんなこと、多分一生許せなかったでしょうし」'
ロマンチック,'まやめろんっていうメロンを食べた恋人二人は結ばれるんだってさ!ロマンチックだよね!えっちょっと待って皆どうしたの目が怖いちょっとやめて待って助けてごめんなさ\u3000#bot'
ロマンチック,'サハラの黄砂と言うか赤砂ってあるのね。なんとなくロマンチックに感じるのは他人事だから。\n日本の黄砂もこれから本番。 https://t.co/zQ0DREE5Dn'
ロマンチック,'やっぱり創作には大それたロマンチックとかはいらないなぁと思う\u3000つかれちゃう\u3000そんなことよりどうしようもない本当がほしいなぁと思ってしまう\u3000酒でも飲もうか'
ロマンチック,'からくりサーカスのアニメはあれでひとつの「からくりサーカス」という舞台として良かったけどそれはそれとしてアニメでロマンチックな父さんを見たかったので10クールでアニメ化してくれ頼む'
