随一,'態度のデカさならファーガス随一であるからな…'
随一,'【セーシェル共和国】デニス島 リゾートの国で、インド洋の真珠と呼ばれるセーシェルの中でも随一のビーチを持つ、サンゴ礁に囲まれた島唯一のラグジュアリーリゾート。\n\n同国*マヘ島から国内線：約30分(1日1便) https://t.co/WJU8ULTOSs'
随一,'アイは爆発力がメンタルと同期して随一だし、とっさの時の勘も良いけど信じやすい性格からか騙し討ちに弱い。\n予備動作のある攻撃は避けられるけど、2話4話ではノーモーションの騙し討ちを食らってたね。\n4話みたいにリカと組んで噛み合うとめっちゃ強い。'
随一,'名市大随一の行動型ツイッタラー'
随一,'ロコフィ in 大森町\n大田区随一のグルメバーガーの店。ハンバーガーはジューシーでとても美味しいです。ランチは、ドリンクがついていてお得( ^ω^ )タコスもオススメです！\n#グルメ #大森町 #大田区 https://t.co/DZCSSStFsO'
随一,'@youtoto238\n文学部随一のツイート数を誇る彼がなぜ、新入生にいまいち知られていないのか？\n\n↓↓↓↓↓↓↓↓↓↓↓↓↓↓↓↓↓↓↓\n\nA.怖くて「春から名大」のハッシュタグを使えないのやめてください！'
随一,'@ITG_doragari そうです。高火力の攻撃スキル、攻撃バフフィールド、攻撃防御デバフにある程度の回復と一人でこなせることが非常に多く、操作キャラとしてもかなり扱いやすい部類に入る闇随一のおすすめキャラです'
随一,'H2Aの打ち上げ能力はロケット業界随一の成功確率だからニュースネタには今更ならない。\n火星探査衛星の朗報はUAEの手柄として扱うのが妥当\n\n https://t.co/HBYAwPn8OI'
随一,'まあ月曜夜に自己紹介かねてキャスやりますわ()\n電波状況にもよるけど最速19時以降キャス開けときます(最長7時間位？w)\n東京随一のゲスボ聞きたい人はお越しください\nなお今朝みたいな事実上の顔出しはしないつもりﾃﾞｽ https://t.co/l8k2NWwCLu'
随一,'文学部随一のツイート数を誇る彼がなぜ、新入生にいまいち知られていないのか？\n\n↓↓↓↓↓↓↓↓↓↓↓↓↓↓↓↓↓↓↓\n\nA.怖くて「春から名大」のハッシュタグを使えなかったから \n\n#Peing #質問箱 https://t.co/nWw8JlS4oD'
随一,'万物に通じた当代随一の博学者さんは騎馬と相性が良いね'
随一,'【ボストン コンサルティング グループ】\n✔️グローバル案件の多さは業界随一 \nデジタルを強みに日本を変える\n\n#21卒\u3000#22卒\u3000#就活\nhttps://t.co/kW4OJkz0QW'
随一,'百花繚乱、紅月夜の嗚呼～～！もそうだし紅月いろは唄の咲き誇れ～～え～～！もそうだし紅月はサビ終わりのロングトーンとその余韻の美しさが随一だよな\u3000いろは唄の方なんて紅月の歌の中でもめちゃめちゃ高いトーンだからすごいよ本当に\u3000歌が上手すぎる'
随一,'@Shion_cat 完遂できたら、内政においてはこの20年くらいで随一のはたらきになりますね（\u3000；ω；）\n（当然が悲願になってしまうこのくにのげんじつ）'
随一,'◆Ｓ女性・Ｍ女性\u3000大募集中◆\n\nちょっとＳな女の子\nちょっとＭな女の子に\nぴったりなお仕事ですヽ(^o^)丿 \n\n北東北随一のSM・フェチ専門店\n競合店が無いので確実に稼げます！\nまったく経験のない方でも大丈夫\n\nまずは、 \nメー… https://t.co/jUV1KkxguI'
随一,'19才で…老年になっても、と言うか、一生パスしない者もいる、そういう人がほとんどである…科挙の予備試験に、「首席」でパスした、王維。\n\n王維はそういう人です。8世紀当時、西洋はまだ貧しく、まさに「世界の首都」であった長安のサロンの… https://t.co/IIqT3Po6k4'
随一,'我が名は宇田川あこ。宇田川族随一の魔法の使い手にして、闇の魔法を操りし者。我が力、見るがいい！エクスプローj'
随一,'大阪随一のメンズエステ「mens spa ZEN」の最新情報\nhttps://t.co/DyPfO2tA47'
随一,'石版をめぐるシリーズ随一の長編作！\u3000スマートフォン版『ドラゴンクエストVII\u3000エデンの戦士たち』の特別セールを実施！ https://t.co/zOBO02cBlq #DQポータル #ドラクエ'
随一,'@okometokaiko まゆはトーク力はこの界隈の同世代随一ですな'
随一,'@sakai_takamasa しかし中間部のロマンティックな歌はリード作品随一ですね！むずかしいけど…'
随一,'@deadmantgaj 宇宙随一カワイイ炭水化物としてもな'
随一,'@USG_1724 ハロ随一の人気、佐藤優樹も擁してるの強すぎです'
随一,'8DX沼るけどクソゲーよ。\n随一の売れ筋だけど、世界一のイライラゲーだし、この前の久方ぶりのメンテを除けば更新の兆しもない。\nやるならガチらないことを奨める。 https://t.co/Zt0SjtTVE1'
随一,'剣菱社長さんのキラー酵母の話とか杜氏さんに新酒の品評会で最下位取ってこい言う話とか面白すぎた！！\n濱田屋さんは関西随一のホンマモンの酒屋さんなので皆さんも是非参拝しましょう。 https://t.co/5GeCalsFLN'
随一,'待ってください！モヒカンじゃない方の周旨と万物に通じた当代随一の博学者の相性良くないですか？'
随一,'今までは現代日本随一の人種差別の温床だったのにな…'
随一,'R張華のカード裏の「万物に通じた当代随一の博学者。」が褒めまくりでじわる'
随一,'ホロライブ内でも随一だと思う。\n狂気的で見応えしかなかった。\n赤井はあと\u3000と\u3000はあちゃまの物語をアニメ化してほしい。'
随一,'今、作中随一に幸せになって欲しいの、いぽぷてちゃん'
随一,'@hyakutanaoki 金持ちが金を使い渋るから経済が回らない。\n豪快に金を使って下さいな日本随一のベストセラー作家様‼️'
随一,'@mio_kimonon 良かった❣️°˖✧◝(⁰▿⁰)◜✧˖°間に合った💡✨\n歌劇団随一の歌唱力を存分に満喫してくださいね😘➰💋'
随一,'曲聞き入って物語見つめてたらPV物凄く短く感じる。今までの中でも随一の良いPV。。。\n久々にロケ地探してしまった、豊洲なのね。\n\n🖤💜🧡💙💚\n関ジャニ∞\nキミトミタイセカイ/Sweet &amp; Bitter/青春ハードパンチャー\n🖤💜🧡💙💚\n\n#関ジャニ∞\n#キミトミタイセカイ'
随一,'ソニーは まさのりさん を\nグレープは しらきさん を\nお笑い芸人事務所の公式サイトは\n社内随一のキュートキャラを\n画面右下に固定するのが流行りらしい😘 https://t.co/iQQGEmfk9P'
随一,'@Akane__topia でなければルキイベんときあんだけ投げないよ…\n\nいままで色んな人の聴いてきたけど、随一すきです'
随一,'【スイス】リッフェル湖 スイス随一の山岳リゾート。湖面に映る“逆さマッターホルン”の美しさで知られている。 https://t.co/M6h1Qf2WSK'
随一,'@carro_pino デススティンガーはゾイドの歴史の中でも随一のかっこよさです。ピノちゃんが普段作ってるゾイドよりプラモっぽいので、難しいかも'
随一,'極上の泉質「W美肌の湯」\n\n福岡県内随一の「豊富な湯量」\n\n筑後川沿いという「ロケーション」\n\nそれが\u3000博多の奥座敷 「原鶴温泉」なんです♪\n\n⇒https://t.co/K3XKcwNdrc  https://t.co/tAoOTHJ9RL'
随一,'パガニーニ/リスト - ラ・カンパネラ (Paganini/Liszt - La Campanella) https://t.co/HgyJGySHai @YouTubeより\nピアノクラシックの中でも随一の意味わからん具合\nこいつ相当の変態だぜ？'
随一,'【日本の研究.com】国内随一の科学研究情報の検索サイト「日本の研究.com」\n 研究課題の詳細情報や共同研究者の相関関係などがわかります！ https://t.co/lBiZGjLQIn'
随一,'ルイス、俺はな……エピオテスの体力の無さはこの軍随一だと思うんだ'
随一,'@shiinami_quiz 界隈のエンカの神様。恐らく難易度随一の場所に居る自分ですがいつか会いたいです。'
随一,'ハングドマンってもしかしてアーカルムシリーズ随一のクソ星晶獣ですか？？？？\u3000気のせい……？？？？？'
随一,'@____mm513 @abebe_cute インテリイメージ随一でオファー待ちの気象予報士なのに、むっつりなのたまんないね'
随一,'だいたいテレビやらネットニュースやらがちゃんと報道しないからみんな知らんだけで\n失業手当とか、コロナ休業に対する手当とか補助金は先進国でも随一の手厚さやぞ日本。\nちゃんと調べて制度利用したら普通に生活できるのに、何もしてないだけやん？としか思わん。'
随一,'パワサカ界随一の破天荒師匠の誕生です。 https://t.co/kfMXoqOn79'
随一,'㊗️松浦果南さんお誕生日おめでとうございます🎉\n\n本日はAqours随一のダンスサーでお姉さん、果南さんのお誕生日ですね🐬\n\n流行りの感染症が止まらず大変な1年になるとは思いますが、今年も明るい笑顔が絶えない事を願っております🎂… https://t.co/YTTyyYTweq'
随一,'テヒョンくん載せられなくてごめんだけどみんなお顔が良すぎる………ケーポッピ随一の高顔面偏差値 めちゃくちゃ安心して聴ける歌声 アイドルの主食CD定期…… https://t.co/ZPxZPeSasS'
随一,'@Winter_Cherry_F ただ、『相手の打ち消しを封殺して一方的にパーミッションを強いる』という展開自体は青系のミラーでは決まり手になる展開なのは事実としてそうなので、コンセプトは強いけど時代に置いて行かれたカードと言う印… https://t.co/yisyM0KUtW'
随一,'金剛←随一の提督LOVEキャラで不動の人気を誇る\n榛名←献身的で天使のような性格で凄まじい人気を獲得\n\n霧島←武闘派にされたり、ヤクザメガネと言われるせいで人気は上記二人よりも...\n比叡←超メシマズ&amp;金剛LOVEのせいで人気は...\n\n....何故こうも差が生まれるのか...'
随一,'白瑛殿は眷属の数と戦力なら煌帝国随一ですね！'
随一,'キャス界随一の過疎配信トラックドライバーの暇潰し😂\u3000\nコメントくるまで無言放置 https://t.co/BPuCdl0jP5 #大型トラックドライバー'
随一,'@seiadd セイちゃんありがとう〜！迷うのは自由だけど随一報告しないでほしいって思っちゃったよ……😇'
随一,'全員で咲き誇る、櫻坂46……セント・フォース随一のアイドルオタク・吉田悠希がその魅力を解き明かす https://t.co/gl8ofETyeT @NEWSONLINE1242から'
随一,'超光属性なのにマリアンヌ随一の不遇キャラなのウケるよ～…(限界メンタル) https://t.co/ovB5Dw547n'
随一,'ワシは武骨の性格で、その秀でた武勇から鬼柴田と呼ばれていた。また織田軍でワシの隊は随一の突進力だったのでかかれ柴田とも呼ばわれていたのだ。'
随一,'@shiinami_quiz ごちうさ界隈随一の行動力を誇る人物。\nYouTubeに動画投稿などもしており、ジャンルの守備範囲は幅広い。\n何をしでかすかわからない人。'
随一,'大将のお腹の筋肉……！あんスタキャラ随一では……？'
随一,'全員B1レベルの選手で揃えられたのは素直に評価して良いと思う。次の宿題が強豪とのフィジカル差を埋める事。ディフェンスをB1随一にまで磨き上げたように地道にやるしかない'
随一,'気付けばこのゲームやり始めて1100日ぐらい経ってるのよね\nシリーズ随一推し鯖・セミラミス様実装のタイミングでやり始めたからもう3年以上か'
随一,'@monaperon 自分も今でも96がシリーズで一番好きです！\nゲームバランスや操作性はイマイチでしたが、キャラグラフィックや演出はシリーズ随一だと思っています。\nそれと、個人的に歴代ボスが勢揃いしたボスチームの参戦が凄く嬉しかったですね。'
随一,'渡瀬先生の猫転生の更新分読んできた！やっぱり「痒いところに手を届かせる文章」において随一だな...ファンタジーに向いてる...'
随一,'ヴィーナスギャラリ—福岡I\u3000ヴィーナスギャラリー福岡I＆II朝10時OPEN 東区随一の選べる5つのスタイル!!総台数1&amp;#44;000台OVER 抽選券配布は09:15から開始！ご来店心よりお待ちしてます\u3000https://t.co/gxDOKwS9GH'
随一,'闇の傍らで光を思い出し続けることはとても怖くて崩れそうになることだけど、それを為すことが出来ないと、私の自己は実現しないから私のあゆみたい道はそこしかない。それが唯一にして随一の光の道です。'
随一,'いかにも！我は紅魔族随一の魔法の使い手めぐみん！我が必殺の魔法は山をも崩し…岩をも…砕く… #このすば'
随一,'@sakura_iryucone 桜鯖随一の常識人こと恭司です😋\n\nよろしくお願いします👍'
随一,'タガタメちゃん随一の人払いコンテンツだから初心者さんはあんまり触っちゃだめよ(戒め) https://t.co/o2UYkMBaui'
随一,'@0SifQ6Kh5gRZ2Z2 @c4991 @yj_kubosan お〜読んで読んで〜（^-^/\\ ~♡\n五等分の花嫁と久保さんはまじで最高ですよ✌︎︎(´ °∀︎°`)✌︎︎\nラブコメの中でも随一です(^ω^)'
随一,'@_mairu_mairu_ \n\n来たなフォロワーの中でも随一の優男野郎！！\u3000絶対魂がTwitterよりインスタとかFacebookだと思うんだけどTwitterなんかやってていいの？（は？？？？？？）（失礼）'
随一,'めたるEnglish🔥 41\n\nStone Cold Crazy\n\nメタリカもカバーしたQueen随一のメタルソング！\n\nSleep soundly ぐっすり寝る\nstonecoldcrazy 全く狂ってるぜ\ncannot tak… https://t.co/R1TMyFl8jI'
随一,'吉田中学校は県内有数のマンモス校…と言えるほど大きくはないが、県内でも随一の生徒数を誇る中学校だ！\u3000最近は少子化の影響で人数も少なくなっているが、一学年に平均で7クラスはあるぞ！ #bot'
随一,'NEXON版けものフレンズで強敵を前にしてる時のBGM、シリーズ随一の緊迫感を表現できてると思うので、是非ともけもフレ３にアレンジ版みたいな形で逆輸入して欲しい。 https://t.co/oWcEiVhBcm'
随一,'立ち飲み屋についての嗅覚、同年代随一の自信があるな'
随一,'@raziumu777 勇者一家随一の跳ねっ返り\n弟妹達が父親の剣を学んでるなかレナだけは教わった剣術を攻撃的なものに改造してる\nこの前投下した作品でロレックスの剣術は若干攻撃的と登場人物が述べたがその比ではない\n壮大な家出経験あり'
随一,'@hise_10000 横田も東尾監督になったら勝ち始めましたからねー😊ロッテでは1勝だけしましたね。\n垣内はインパクトでは随一でしたが笑\n私はどんなに強くてもスマートなチームより、ちょっと不器用なチームが好きみたいです。'
随一,'メロエッタ\nアイリス\nヒカリ\nシロナさん\nベスウイシーズン2のPWTジュニアカップ編って歴代随一でヒロインの多いストーリーだよね'
随一,'層の厚さはリーグ随一！\n\n【石原慶幸’Ｓチェック】やっぱり層が厚い！楽しみな阪神投手陣/阪神タイガース/デイリースポーツ online https://t.co/iTU11U2J8v @Daily_Onlineより'
随一,'【＋500円で飲み放題種類UP！】ワンコインのご褒美♪ワインや焼酎・果実酒、カクテルも特別飲み放題♪銀座随一の種類の豊富さ！マッコリや地酒など珍し #銀座\u3000＃居酒屋\u3000＃天空庭園'
随一,'はー！これはしのぶちゃんが随一かわいい～！！！！ぎゆさん帽子のせいで幼児っぽいｗｗｗ\n煉獄さんはセーラーでも羽織…そこは波止場の男みたいに上着を肩にかけるのが見たかったな！（古い思考）'
随一,'@yukarinrin_0101 調子に乗ってええんやで…ゆかりんりんはヨメール随一のかけらあやからね…(ΦωΦ)'
随一,'ATのやれなさは6号機随一やけどATの面白さはガルパンのスロットみたいで楽しかったわ\nベル連打しても殴らないやつ\nあんまし打ってないけどなんとなくこうかな？ってのは\n・CGの抽選が長いほど当選しやすい\n・ATはバー揃いの引き方次第… https://t.co/RKZlDtVxZk'
随一,'しそのなかで一番怖いの正義さんなんですけど\u3000他はデカい強いカッコいい～いや正義さんもそうなんだけど一番目の前に立ってたら失禁しちゃう度は随一ですね'
随一,'～町田 メンズエステ情報 ～\nDIANISgirls町田\u3000高級メンズエステ\n☆町田随一の高級店☆【五つ星セラピストによる最高級の施術をご堪能下さい】※ディープリンパ＋パウダー込みの料金です。\nhttps://t.co/jdisXxRkTg\n#メンズエステ #メンエス'
随一,'あんスタ界随一の光なんだよなぁ'
随一,'＼作家募集中／\n\n会場は、東海地方で随一の立地と集客のあるタカシマヤゲートタワーモール8Fの三省堂書店名古屋本店！\n\n大きな書店内の中央レジそばで開催。布カバー5種、紙カバー15種(×2週で30種1ヶ月)、しおり30種を販売します… https://t.co/VmpVop2Ult'
随一,'やぱ万事屋のお話が1番だよなあ\n神楽きっかけで万事屋の絆を確かめられる傘のお話と携帯電話は随一だよね。銀さんのお嬢さんお嬢さんが優しすぎてインディペンデンスデイ嫌いになれんわ'
随一,'@yu__ma__ru 兄弟随一のキングオブ優男こと兄貴2。'
随一,'🔷電子書籍🔷\n『プリファブ・スプラウトの音楽\u3000永遠のポップ・ミュージックを求めて』\n\nプリンス、マイケル、マドンナと同時代を並走してきた現代随一のポップ・マエストロ、\nパディ・マクアルーンの音楽の魅力を解き明かす。\n\n各電子書店に… https://t.co/2uF3S5FQso'
随一,'@mineidon1987 とは言っても故障の少なさは国産が随一やろうのう'
随一,'セーシェル共和国・デニス島。セーシェルの中でも随一のビーチを持つリゾート地 https://t.co/SDnErOex88'
随一,'【限定特価】贅沢5品飲放付3500円⇒１９８８円！新宿随一の安さ★ぜひご利用ください♪ #新宿\u3000＃居酒屋\u3000＃百景'
随一,'この中にプリキュア界隈随一のデータバンクが含まれてるのめちゃくちゃ面白い'
随一,'【日本の研究.com】国内随一の科学研究情報の検索サイト「日本の研究.com」\n 研究課題の詳細情報や共同研究者の相関関係などがわかります！ https://t.co/lBiZGk3s6X'
随一,'@v7VekgrMy7QYjH7 ←\n韓国の、初期の武漢関連の患者が、市場の近くにあるファッションセンターと関係があるといわれていたんですね。\n武漢は、長江流域随一、北京-広州・香港間では最大の大都会ですね。武漢、大都会、北京も、… https://t.co/maaz4FpS9P'
随一,'居住者の代替わりや震災後の建て替え需要と家屋の更新期が重なったことで、この20年で街並みも様変わりしました。\n沿線随一の狭隘区だったこの場所。木造家屋が減りセットバックされクリアランスが増えています。キャロットタワーバックの撮影地… https://t.co/nr1imzvUc0'
随一,'温泉むすめ随一の腹黒さ、というと #爆誕リカチマル での上田瞳さんを思い出してしまう。\n上田さんは温むすのライブ皆勤とか\n\n#温泉むすめ放送部 第22回 【高画質＆ディレクターズ・カット版】 https://t.co/66f7ECN0TW @YouTubeより'
随一,'明日は８０随一のぶっ飛び回……\n#ウルトラマン80 https://t.co/vsRveXS7Rc'
随一,'【無限大】\n言わずと知れた千葉の名店。複数店舗があるが、津田沼本店が随一。おすすめはらーめんと油そば。他の同系店と比較しても背脂の質が抜群。卓上のニンニクは刻み且つタレに漬け込んであるスグレモノ。翌日がデートだとしても入れなきゃ損。 https://t.co/RljVLoPPZx'
随一,'なんたる、PS5入荷してます！仕事の合間にずっと探し求めていたPS5在庫GETできて本当にラッキーです！子供たちにもプレゼントできます。のんびりゲームして過ごすのがコロナ禍随一の幸せです！\n\n#ニンテンドースイッチ\n#どうぶつの森… https://t.co/fxzqd3gIaR'
随一,'ラクガキングダムは近年随一ぐらい良かった。２、３年前のでも言ったかもしれんけど更新してくる。'
随一,'@wxtPHikfLXgTn7O 勿論好みはありますが、僕の中では随一の作品だと思います。約束のネバーランドもそうですが、ひと昔前では到達できない高みにありますよ！'
随一,'我が名はめぐみん！アークウィザードにして、爆裂魔法を操る者！\nアクセル随一の魔法の使い手にして、いつか爆裂魔法を極める者！！'
随一,'浜風は駆逐艦随一の胸部装甲でも、その中身は提督に対して弱く脆く・・・あってほしいという妄想。'
随一,'@SAGAMIROJU シナリオはかなり複雑ですよね。せめてチュートリアルに記されている設定や世界観をもう少しストーリー内で説明することが出来てたら理解しやすかったかもしれませんが、あそこを任意にしてしまったのはさすがに厳しいかなと思います。自由度はシリーズ随一ですよね。'
随一,'今期随一のホラー演出\n#ゆるキャン'
随一,'@Porn_com3 \nそちん（join）\nコミュニティ内随一のきょこん(骨太）目指します！\ncommunityの人全員フォロバします！'
随一,'ゆるキャン△の中でも随一の危険回'
随一,'・ファラは比較的作画に恵まれてる。富野のお気に入りかもしれない。\n・カテジナさん、ワイも好きだが、狂気、場のかき乱し、悲劇性、これらをしっかり含んだ富野作品でも随一の名悪役だと思う。シャクティが渡したディスクは流石にまともな物じゃないかな。'
随一,'大阪随一のメンズエステ「mens spa ZEN」の最新情報\nhttps://t.co/IBZ179QTEH'
随一,'ワールドスプリガン\n左右両回転のバランスベイ\n左右両回転とアタックディフェンスの切替で4通りの戦い方が出来る、と見せかけてユナイトドライバーのシュート方法でなんと8通りの戦い方が出来る万能ベイ\nしっかりと使いこなせた時のカッコいい動きは随一！\nこいつも再販してるから買いやすい'
随一,'@tos #タカシロアナザー\n炎が美しかったらガソリンを注いじゃう高生くんのアクセル全開のRP、そういう雰囲気作らせたらこの界隈で随一だなって感じました。天才。'
随一,'ソドー島随一の良心であるエドワードを外に飛ばしたトップハムを許すな。\nスマジャーへの対応は残当 https://t.co/YU9IvHsW2B'
随一,'#女子ウケしない車を晒せ\n\n6リッターV12は漢の浪漫！\nオジ様受けは歴代所有車随一です😂 https://t.co/8a4S5L67gr'
随一,'@sthia01 ウイイレ界隈随一の有能手際激良サブリーダー目指そ♥'
随一,'またオリンピック関係者の各国参加者が感染したら各国トップクラスのサポートチームの欠かせない人材を失わせる危険性を与える事にもなりかねない極めて重大な人間の命と致命的な健康被害と各国随一の貴重なオリンピック選手育成者（様々なサポーター）としての生命を奪う危険性を与えてしまうという'
随一,'ドイツは本気でフットボールに外資を取り込まないと欧州随一の経済大国なのにフランスやイタリアに抜かれる。\n\nブンデスリーガ、文化崩壊の危機？ 「資本家を開放せよ」の声高まる https://t.co/svR3Edv5Jy'
随一,'《ホテル日航金沢30階からの眺望》\n\n久しぶりに気持ちの良い青空が広がり、北陸随一の高さを誇るホテル日航金沢の最上階から、青空に映える金沢市中心部を見渡すことができました☀️ https://t.co/SYARfI6mPQ'
随一,'@LHHAAA001 今日もお疲れ様です😆🎵🎵\n様々なシチュエーションを想像&amp;創造出来る力は、ウェザリンガー随一だと思っています😊'
随一,'【日本の研究.com】国内随一の科学研究情報の検索サイト「日本の研究.com」\n 研究課題の詳細情報や共同研究者の相関関係などがわかります！ https://t.co/lBiZGjLQIn'
随一,'スト5最後の参戦キャラがトゥエルヴの前身キャラだと・・・\u3000：\u3000ストⅢ随一の弱キャラ色物って感じで個人的にはめっさトゥエルヴ好きだったのでどうしよう\u3000今更スト5買うか・・・？'
随一,'大衆箱ヘル：保証6万～8万\u3000平均日給8万～9万\n\n高級箱ヘル：保証8万～10万\u3000平均日給10万～11万\n\nどの店舗も名古屋で随一稼げる店舗を御紹介させていただきます。\n\n稼ぎにお困りの方は一度御相談下さい✨'
随一,'@sabu94_1982 魚のコンディションが随一ですからね！\n\n環境を整えて下さっている関係者の方々に本当に感謝です。\n\n次回楽しみにしてます。'
随一,'@YNPianoduo ふむふむ。西川口蕨は埼玉随一のグローバルシティ！'
随一,"'銀座 新宿 DC\n\n客層は良いです。\n\n10時～26時\n\n女子給\n90分\n25,000～35,000\n\n120分\n33,000～45,000\n\n営業20年以上のかなりの老舗 会員数は都内随一な店舗です\n\n20代前半～20代後半までの清楚系な女性が特にウケます！'"
随一,'ちなみにうちの本丸でお酒が強いの随一で次郎ちゃんです 日本号がいい勝負'
随一,'パワースポット！恋愛の神様\n\nタイ随一の恋愛の神様に会って来ました。 \n\n#タイ\n#旅行\n\nhttps://t.co/iLjCfhlwsy'
随一,'シャゲミの嫌われっぷりはスマ界でも随一だと思う'
随一,'国内随一の酷道として名高い国道371号線の終点。(和歌山県串本町)\n\nR371をしっかりと走るのは後の機会に回すとして、今回は終点となる交差点のみ訪問しました。\nR371オニギリ、初ゲットです。\n#道路 https://t.co/yMBUP63UCD'
随一,'紅魔族随一の魔法使いこの私からすれば！睡魔なんてどうってことありません！どうってこと…ど…どう…どうってこ…と…( ˘ω˘)ｽﾔｧ'
随一,'都内随一のスクリューショップへ、βチタニウムのスクリューを購入するライドをした。\nこのスクリュー、本中日ドラゴンズの山本昌ばりに良いスクリューなのでオススメ。\n後、スクリューショップ推ししたらシャッチョさんに叱られました、多分知ら… https://t.co/ZiY0f1uTBD'
随一,'@Blood_Arthur @EwigkeitTraum 全肯定パパリモ、実はチャット性能が14勢の中では随一に高い。（おつ！）'
随一,'@PixivF_TL  #お宅のPFキャラの中でバレンタインの贈り物一番多く貰ってそうなの誰ですか\n義理も入れるとメクニオが一番もらえるんじゃない？お店の常連とかアンチェイン島の住人の人からとか。社交力とコミュ力はうちのPFキャラ… https://t.co/rOU7dKwyWf'
随一,'いかにも！\n我は紅魔族随一の魔法の使い手、めぐみん！\n我が必殺の魔法は山をも崩し、岩をも砕く…！\n\n#このすば'
随一,'（血鬼術の殺傷能力はそれ程でもないが煩わしさと厄介さは随一だな!!）'
随一,'平成７年には芸能界随一の絶倫王だった過去のボク。確かに凄いフリチンぶりだ。「このままだと芸能人絶倫ナンバーワンの座は今後２０年間、彼の独走となるのではないか」と、テリー伊藤レポート。 https://t.co/WCsDWmMd4b'
随一,'最終巻にて判明する本編随一の地獄 心臓かえせ…'
随一,'@akatsuki_73 一枚目→露出高すぎて彼氏がパーカー着せる\n二枚目→旦那の隠し撮り←\n三枚目→自撮り爆乳人魚（人妻子持ち）\n\n四枚目→童貞を殺せないニット！！←←←\n\n作中随一の\u3000貧\u3000・\u3000乳\u3000！！\n\n因みに妹はきょぬーです←'
随一,'ヒノエルートたぶん随一乙女ゲームでめちゃ恥ずかしくなるな'
随一,'そう思うと槇谷奏人いろんな要素持ってるな……自宅随一のシスコン……明るいのに絶望顔が自宅イチ映える……'
随一,'@Suo_Sango ガラル随一のちょうはつ、立派な天下人になれそうだねサルノリくん'
随一,'十天衆随一の萌えキャラなシスくんじゃん'
随一,'【＋500円で飲み放題種類UP！】ワンコインのご褒美♪ワインや焼酎・果実酒、カクテルも特別飲み放題♪銀座随一の種類の豊富さ！マッコリや地酒など珍し #銀座\u3000＃居酒屋\u3000＃天空庭園'
随一,'《急募》新人セラピストさん集まれ～🙋\n\n💗高待遇💗好条件💗\nオプションバック100%や掛け持ちOKなど、働きやすさ随一です‼️\n\n🔰未経験の方も1からレクチャー致しますのでご安心を🔰\n\n#セラピスト募集 #メンエス #メンズエステ #高待遇'
随一,'熊本随一の謎アングル。もう少し工夫すれば面白そうではあるが… https://t.co/8ZVCdAKlqa'
随一,'@TOUYANMAN3431 あの映画撮影時でしたら、さらに第二大隊関係の建物も遺っていたと思います。\n国内随一の兵営遺構が遺っていただけに残念です。'
随一,'プレミア歴代随一のミドルシューターでありながら、パスも一級品。(タックル、セットプレイのキック、キャプテンシー、カリスマ性もさることながら)'
随一,'【忍たま乱太郎\nお残しは許しま編】\n\n食堂のおばちゃんが鍵を握る大長編。シリーズ随一の重苦しい展開やスプラッタ描写が特徴的。\n彼女がお残しを許さない理由\u3000それは、あまりにも残酷なものであった…\n\n『アタシはいかなるお残しも許せへんの\nそれが…人の肉であろうと』'
随一,'knchkz優勝は厳しいだろうけど、前回と比べて成長幅だと随一だろうから、頑張ってほしい'
随一,'実際マスターの対応が全鯖随一で塩なんだけど、私マスターはアルターエゴ道満大好きでめっちゃ頼りにしてるし呪詛合戦もまってるくらいなんだけど、蘆屋道満が手に入れられなかった自分が活躍しまくる職場や自分を信頼する人間がいる場所にいるのが蘆屋道満の影法師でさえなくアルターエゴなのすき'
随一,'我が名はめぐみん！\n紅魔族随一のフォースの暗黒面の使い手にして、\n爆裂魔法を操る者！！！！！\n#このすば で #オモ写 https://t.co/1fXZ7BeIsQ'
随一,'ずっっとハロプロ内にいてあれほど深みのある事務所随一の歌姫が恋愛経験ゼロな方が想像できない'
随一,'@haise__07 飴界で随一の美味しさを誇るパインアメパイセンじゃないっすか'
随一,'ケイネスは聖杯戦争を放棄してでもソラウを助けようとした事実があるからあの参加者の中では随一の聖人枠だぞ(個人の感想です)'
随一,'安いスリッポンをオリジナルスリッポンに変更中\nタバコ愛は喫煙者の中でも随一な気がする🤪🤪 https://t.co/X50b06BUvg'
随一,'北条家随一の猛将・北条綱成は「地黄八幡」の幟を使用しているが、これが真田宝物館に保存されている。\n\nこれは武田信玄が真田幸隆の長男・源次郎昌輝（※幸村の叔父）に与えたもので「左衛門大夫(綱成)の武勇にあやかるように」と下賜された。敵に幟を奪われた綱成もこの話を聞いて感激したという'
随一,'我が県随一の有能市長'
随一,'こういうコンテンツ力の高さは彼女が随一よね'
随一,'@dq10_lilith @takamoproxy シリーズ随一イケメンと言おうしたらパーマの方かよ'
随一,'声を大にして言いたい。\nアップフロント様。juice=juiceに、ハロプロに、高木紗友希は必要です！ハロプロ随一の歌姫。こんなことで辞めさせないでください！！\n#高木紗友希 #juicejuice  #ハロプロ #アップフロント'
随一,'ら・ら・ら言えるかな？二十四騎のなまえ♪\u3000母里友信、「太兵衛」或いは「但馬」と言えばわかるだろう？\u3000福島のおじさんから日本号を飲み取った、黒田家随一の勇将だ。博多駅にも銅像があるぞ。何かと父上を辛辣な諫言や我儘で困らせる頑固者だが、俺のことは可愛がってくれたぞ。'
随一,'さっくんってオンバト初期からいてメンBでアンジャッシュとか陣内と一緒に売り出してたくらいキャリアも実力もあるからな。日谷のキャラも数あるネタの一つでしかないし。\n引き出しの多さと芸の幅はピン芸人随一でしょ。3.11がなければR-1… https://t.co/J71xOItWd3'
随一,'@rrc88T キラメイの女性陣のレベルの高さは随一ですわ‼️'
随一,'ふっ！\n次は我の番(ターン)！\n我が名はめぐみん。\n紅魔族随一の魔法使いにして―。\n\n#このすば'
随一,'デニス島\nリゾートの国で、インド洋の真珠と呼ばれるセーシェルの中でも随一のビーチを持つ、サンゴ礁に囲まれた島唯一のラグジュアリーリゾート◇◇ https://t.co/kPfsrr1fxZ感動する景色!!!'
随一,'#再読カフェ \nいらっしゃいませ……\n\n愛読書片手にオンライン授業をこなす学園随一の才女、夢限端依（むげん・たんい）様。\n\n『砂糖菓子の弾丸は撃ちぬけない』桜庭一樹\n悲しみと希望の一冊。感謝です……\n\n「気高い蜜蜂のハニートースト… https://t.co/8BttP2sm0f'
随一,'長野道姨捨サ（更埴JCT方面）から見る千曲市街の眺望はNEXCO東日本エリアのサぱの中でも随一だと思うんです。\nそして、タイルと段差で造られた長野県地図。見事です。\u3000#サぱ https://t.co/olgL6PSCNs'
随一,'F-MAX解散かー。老舗同盟が一つ無くなりましたね。\n\n課金力はガンジオ界随一だったと思うけどがんばの壁は崩せなかったか。\n何はともあれお疲れさまでした。\n\n#ガンジオ'
随一,'人妻専花で一緒に稼ぎませんか？？\nバック率業界随一！！\nご質問随時受付中です。\n是非ともお待ちしております。\n\nhttps://t.co/x1WFNQfow5\n#柏デリヘル求人\n#柏風俗求人\n#松戸デリヘル求人\n#松戸風俗求人… https://t.co/4DrydhZun0'
随一,'今日も一日お疲れ様です🌙*ﾟ\n\nゆっくりアクアちゃんねる随一のイケメンブセ🌿\nブセファランドラsp.レッドパールグレイの新芽が育ち、ピシッと決まりました(｡･ω´･｡)✨\n\n成長不良(大きくならない)を起こすことなく、ラメラメの葉… https://t.co/ytQXxbL5e3'
随一,'@amayamacaroon 新撰組随一の傾奇者に常識を説かれる⁉︎'
随一,'Amazonプライム・ビデオでS☆Sの49話を観ている\n地球が吹き飛ぶほどの激しいバトルはシリーズ随一だと思うw'
随一,'アイロンがけって家事の中でも随一のめんどくささ'
随一,"'「立命館慶祥高校」  意味:通学が困難な位置にある高校 学費の高さと立地の田舎さでは、札幌随一のレベルを誇っている 学校が手に入れた金は生徒の思惑通りには使用されず、""野外ライブステージ""等のよくわからないものに使われることで有名'"
随一,'カミラさんのビンタ（お尻ペンペン）の威力は弊旅団随一だしファビオは練習すれば飛び蹴りできるようになる'
随一,'賈詡「『「キリンさんが好きです。でもゾウさんの方がもーっと好きです」と言うけど、あれは「背が高くてシュッとした男も好きだけど、結局ゾウさんが大事だ」ということじゃないかなと私は思うんだ」と仕事中の俺に話しかけてくるこの男が我が軍随一の軍師だと信じたくない」'
随一,'会社は違うがスタートレーダーよりもプロジェネターをどうにかリメイクなりなんなりしてほしいのだ。輸送も戦闘も採掘もお任せの、光栄版ハン・ソロの織りなす宇宙を舞台にした90年代国内随一のスペオペゲームだ！(誇張有)'
随一,'【限定特価】贅沢7品飲放付4480円⇒2997円！池袋随一の安さ★ぜひご利用ください #池袋\u3000＃居酒屋\u3000＃蛍火'
随一,'7-3ハード星埋め\nマシロは壁に隠れてる敵には全く効かないけど、単体火力は随一って感じやね https://t.co/ppES1MMXPO'
随一,'【翔雪】\n魔法名：惰眠を貪る雪白の獣\n天涯司書の男性。付与された感情は怠惰。\nシロクマの着ぐるみ姿で大体どこでも眠っている眠り姫（）。\n占い能力はかなり高く過去も未来もきっちり見通す有能占い師でもある。\n実は大罪組随一の教育者でもある。弟子の数が一番多い。'
随一,'一昨日このすば劇場版観たオタク「我は布団族随一の寝る寝る詐欺の使い手……」'
随一,'ポチョムキンに挟まれたので私もポチョムキンになってしまうのかもしれない。\nギルティ随一の胸筋に挟まれてハトムネになってしまいます'
随一,'新京の繁華街と言えば吉野町、別名新京銀座。おでん屋や小料理屋、バーにカフェーもある、新京随一の歓楽街だぞ。'
随一,'キャラさんに長ズボンが似合わないのは、\nイメージとして作中随一の行動力を見せているからなのだろうか…'
随一,'上田チャンネル339回\n椅子1G選手権は近年で随一の面白さ'
随一,'現時点でのフリースロー試投数トップ5。1位は武士団マレー選手で、重戦車のような侵入はもはやファールしか手はない感はある。3位にエクセレンスクレイグ選手で、マレー選手ほどのスピードはないが技術は随一の印象。ここには出さないが2人とも… https://t.co/Kxg4c8xTwA'
随一,'ここめっちゃ好きなんよなあ(笑)\nこの人が剣盾随一の保護者枠になるとは誰が予想しただろうか… https://t.co/rwEQvfdQf4'
随一,'【限定特価】贅沢5品飲放付3500円⇒１９８８円！新宿随一の安さ★ぜひご利用ください♪ #新宿\u3000＃居酒屋\u3000＃百景'
随一,'みんなからの匿名質問を募集中！\n\nこんな質問に答えてるよ\n● 好きなアニメのキャラを1位〜3…\n● 我が名はめぐみん。紅魔族随一の…\n● 歌い手さん好きなんですか？…\n● 可愛いと言われた時のベストアン…\n#質問箱… https://t.co/zMP7csFFUy'
随一,'読めば安心！オンラインカジノ情報サイト、トレジャーフォース（https://t.co/2ECQ8VMygR）は、ルール説明＆ゲーム紹介など国内随一の充実ぶり！ #オンラインカジノ'
随一,'我が名はめぐみん！\n紅魔族随一の魔法使いにして最強の爆裂魔法を操りし者！'
随一,"'顔出し一切なしで高単価が出る高級デリヘル\n\nシステム\n90分36,000円～50,000円\n\n保証勤務可能（10万～20万）\n\n対象女性例\n北新地のキャバクラやクラブに在籍されてるような女性\n\n稼ぎは大阪で随一のお店です。\n\nhttps://t.co/zAQY6oOJRc'"
随一,'ヨッシーのフルーツだいさくせん、でTwitter検索したら、みんなブチ切れてた笑ったw\nほんとこのステージは理不尽な害悪ステージや！\n\nサンシャイン随一の害悪ステージ【スーパーマリオサンシャイン】#17 https://t.co/NpifnPqs6F @YouTubeより'
随一,'100円(n枚)を支払うことで思い出のBGMを大音響で愉しめるのが艦これアーケードの醍醐味だと考えているが、今回は歴代イベでも随一なエレポップで泣きメロも忘れない「礼号作戦」が大半の時間流れるのが俺のモチベーションになっている… https://t.co/4wcxwDxtfi'
随一,"'【スイス】リッフェル湖 —Riffelsee, Switzerland—\nGoogleMap： \n\nスイス随一の山岳リゾート。湖面に映る“逆さマッターホルン”の美しさで知られている https://t.co/HPehddcBWt'"
随一,'チーム随一の俊足(走力E)\n\n「大丈夫俺(作成してた主人公福留)走力あるから(追いつける)」\n\n直\u3000後\u3000落\u3000球'
随一,'ブロリーでの悟空がなあ\n最後まじで良かったんだよな\n紆余曲折、時を経て自分がカカロットでもあるって認めたシーンがもう今までドラゴンボールを見てきた中で随一に好き\n鳥肌しかない\nそこから映画タイトルEDに繋がるの最高としか言えない\nやっぱりドラゴンボールは最高だわ'
随一,'90分に0.71ゴールするエディはプレミア随一の生産性であると判明！\nあらためてこのひと🐈💕をもらい受けたユナイテッドのみんなどんな気持ちよ…！ https://t.co/Pxrfu8DrbM'
随一,'土倉さんはこの大会随一の癒し。ビューティフル部門はローザさんに1歩譲ってるけど、キュート部門ではグランプリ取ってる（錯乱）'
随一,'【舐めたくて辛抱たま乱】\n★のあちゃん★\n彼女の舐めの技術は当店でも随一！！\nこんな雰囲気の子がこんなエロいことすんの！？\nhttps://t.co/1lMVniKkIB'
随一,'何たってレティだからな。あの子はうちのPC3人の中でも随一で精神が強いというか図太い。'
随一,'そろそろソルブレインというかメタルヒーロー随一の個人的地雷回も来てしまう'
随一,'新京の繁華街と言えば吉野町、別名新京銀座。おでん屋や小料理屋、バーにカフェーもある、新京随一の歓楽街だぞ。'
随一,'Twitter随一の両生類 かえる 緊急会見か！？  #ミラティブ で #配信 中！  https://t.co/ASn6t2G2hb'
随一,'コロプラ、スマホで快適なマルチプレイを実現する技術に関しては本当に随一だと思うので余計な特許ビジネスに手出さんと素直にゲーム作りに集中すりゃいいのになあとずっと思ってる'
随一,'どうしてもガイアさんが入ってきてしまう……使いやすさが随一……幣ワットで一番つよい氷アタッカー……'
随一,'ロケット団随一の優遇ポケ\n\n#雑な説明で好きなポケモンを紹介する https://t.co/i1XTnXYSbJ'
随一,'ぶっちゃけ怪我してない小林が一軍に居るだけで、捕手の層の厚さは12球団随一だろう。\n\n小林を休ませられる相方としてやっとまともに機能する炭谷を獲得して、大城が育ったからこそだろう。\n\n今年はやれるはずだ。'
随一,'【限定特価】贅沢5品飲放付3500円⇒１９８８円！新宿随一の安さ★ぜひご利用ください♪ #新宿\u3000＃居酒屋\u3000＃百景'
随一,'大阪随一のメンズエステ「mens spa ZEN」の最新情報\nhttps://t.co/1ir2dbWz4C'
随一,'ルイス、俺はな……エピオテスの体力の無さはこの軍随一だと思うんだ'
随一,'@145CA870 前足の\n銃裁きは\nUMA界随一を\n目指してます(笑)'
随一,'そして私の名は近濠菜緒。お嬢様の付き人にして学園随一の『悪魔の頭脳』'
随一,'@ferrari_328 既にこれ三大秘法の随一なり。況や一閻浮提総体の本尊なる故なり。」\n（観心本尊抄文段）として、弘安二年の大御本尊を大聖人が御決定された本尊、出世の本懐を遂げられた本尊であるとされたわけです。\nこの日寛教学を… https://t.co/xcXsWBQFyu'
随一,'ギルベルトくん、王国随一（笑）の騎士なのなんとかしろ\u3000雷霆おばさん見習って'
随一,'烈海王は刃牙随一の萌えキャラ'
随一,'【Bombers選手録】LF Tomoaki Kanemoto：チーム随一の俊足を誇る外野手。（SB 6 Triple 6 AVG.333）をマークし、上位を打つことが多い。大方の予想に反して肩は普通程度。'
随一,'品の無さでは随一って感じだ'
随一,'mtg随一の美女が届きました。このサリアが4枚揃うならルーンの与えて＋石鍛冶の神秘家でデスタク組みたい https://t.co/gVKViMjExc'
随一,'ニル・スタイル・カフェ/浜の町\nきのこたっぷりハヤシライス(デザート、ドリンク、ピクルス付き)/750円\n\nアーケード内で随一しゃれおつで、コスパ良き＆メニュー豊富＆ランチ長い最強カフェ。\n下のフロアのお洋服や雑貨もぐうかわ。\nコ… https://t.co/soAHe9HcYU'
随一,'@ngV7NkE1TGo6kp8 @YouTube ジザメリ、マイブラ、ライドの系譜の中でハウスオブラブも混ぜてやってください笑\n当時のネッズの人気ってUKバンド随一だった気がするんですがね…'
随一,'あまんぐあすはやりたいけど明日も明後日も早起きなので…\n\n最近通常村でインポスターを全くやってないので村随一のキル速度を早く見せたい'
随一,'７部久しぶりに読んでたんですけど、やっぱ最高ですね。シリアス要素多くてちょっとムズイけど大河っぽくて壮大でカッコいいんだな～ジャイロはジョジョの中で随一に男前。'
随一,'スタプラのみんなはかわいくて努力しててパフォーマンス力が随一でグループごとに違うものを持ちつつも素敵なものをたくさん持ってて、こういうネット環境が整った今だからこそ動画なりなんなりパッと目に入ったところからどっぷり浸かってくれると嬉しいよね〜〜'
随一,'そうなるよなぁ…\n\nハロプロでも随一の歌唱力をもってるだけあって勿体ないと思うけど、ぜひ頑張ってほしい。 https://t.co/UYU3GQ8Obz'
随一,'@kv234n @stepforward04o1 これはこれは本島随一の景勝地ではないですか！\n2018年9月。 https://t.co/TVGcS4ntsI'
随一,'@moonrabbit_mel 歴代ボスのなかで随一の攻撃性が薄いのに特殊性が極めて高い一撃殺傷型。\n造形カッコよすぎる。 https://t.co/3lUNvaPh5Z'
随一,'今年随一のおもしろ少年が超難関校を全制覇した。力としては妥当なのだけどなんかそれすら面白い😂おめでとう🎉'
随一,'作中随一の名台詞だろ\n｢レッドゾーンでまわりつづけるロータリーエンジンになったみたい｣'
随一,'本日🥊2本目はCathy adlive。\n銀座st随一の脚力を誇るキャシ子のpgmはジャンラン、TDが多め。今日はジャンプも多く、イキリ勢には超絶オススメ☝️\n最前で受けるとかなり煽りに来るので気が抜けないw\n（そのマインドはMi… https://t.co/C51TxlM3zN'
随一,'この脇固めのみならず、松井選手の関節技の切れ味は増すばかり😎✨\n\nカラーズの選手と戦う時の鋼選手は正に無双❗️技のインパクトとパワフルさはJでも随一ではないかとっ(°▽°)🔥❗️\n\n#松井かわいい\n#ライディーン鋼… https://t.co/3yxJi7cQOb'
随一,'謎の彼女Ｘ Kindle\nhttps://t.co/ErvtiX9uDQ\n\n『ディスコミュニケーション』『夢使い』、一筋縄ではいかぬ「恋愛マンガ」を描かせれば当代随一！植芝理一が描く、すべてが謎に包まれた“正体不明”の恋愛マンガ！！'
随一,'@Gintoki0011 我が名はめぐみん。 紅魔族随一の魔法の使い手にして、 爆裂魔法を操りし者。 我が力、 見るがいい！エクスプロージョン！ https://t.co/Z8hQoh9dmg'
随一,'【レジ】名前の通り、うどんや天ぷらなどを目視で確認し、勘定するポジ。\nピーク時は洗い場の次くらいに辛いのでは。\nレジでの〆の集計作業の際、過不足が出ると顔がみるみる歪んでいくレジ担当の顔が見られる。\n売り上げ等を集計したものは、マネージャーに随一メールで報告しなければならない。'
随一,'⑫長所と短所\n\n意外に思うことだろうがふややは最強ではない。\nまた本人も不死ではないというから、定命の者である。\n最高の条件を用意し、得意な分野で力を発揮した時、城娘の中でも随一の輝きを見せてくれるというだけである。\nふややの輝き… https://t.co/RdxlLlwZot'
随一,'長野県の滝\n高森町の不動滝〜長野県下伊那郡高森町\n\nこの滝は長野県自然百選に選ばれているとても見応えがある滝です。\nその大きさは高さ50メートル、幅10メートルもあって\n伊那谷随一の規模です。 https://t.co/2XnVJ7oItV'
随一,'イオリンのやさしさは五大陸随一だなぁ！\n\nその後のラムチョップ美味しいよねぇが(笑)\n\n #どラ鯖マイクラ'
随一,'としきょんっていう、日向坂46随一の歌うまシンメがいるんですがそれは'
随一,'ヘルシング随一の陽キャことヤン・バレンタイン'
随一,'何という絶好のシチュエーション！感謝します、深く感謝しますよカズマ！\n・・・・・・我が名ははめぐみん！紅魔族随一の魔法の使い手にして、爆裂魔法の操りし者！\n魔王の部下、ベルティアよ！我が力、見るがいい！\n『エクスプロージョン』――――――――ッッ！'
随一,'今日の言語化選手「西川龍馬」\n\n→チーム随一のミート力を誇る選手。その類まれなバッティングセンスから天才と称される程。これまでのシーズン記録を見ていても大きな不振に陥った年は無く、高いパフォーマンスを発揮しているのが分かる。高打率… https://t.co/IzyYJ2PySy'
随一,'@morimastering ふふふ～、ありがとうございますっ🐾\n作曲VTuber界随一の多彩っぷり、名乗れるように精進です🐾'
随一,'母方の亡きおじいちゃん、沖永良部島の議員してた。亡き長男のおじさんも議員してた。島随一の地主で家業もしながら。遺伝というか地盤というか。'
随一,'@sugar4022 シンクロ序盤までのワクワク感は歴代随一だったと思う'
随一,'【限定特価】贅沢7品飲放付4480円⇒2997円！池袋随一の安さ★ぜひご利用ください #池袋\u3000＃居酒屋\u3000＃蛍火'
随一,'デューク、UK、UNCの陰に隠れてるけど、アリゾナステイト大もガッカリチームの1つだよな。西海岸随一のPGのレミー・マーティンが残って、ジョシュ・クリストファーとマーカス・バグリーが加入して、開幕前はAP18位だったのに今は6勝9敗で残り5試合...。'
随一,'@fumi_fuji @tokochan201910 党内随一は疑義があるような…笑'
随一,'@moru_pso コーナーの性能は随一と言われてたね👍ブレーキ性能も世界トップだった！流石に今は塗り替えられたかな？\n\nロータリーの独特なエンジンは病みつきになるわ🥳'
随一,'過酷を極めたその旅の先に待ち受ける深く暗い”希望”。己の無力・虚無感に光を差し伸べてくれた少女を男は如何にして守るのか。\n\nメイン2人に焦点を当てたきめ細かで繊細な心理描写に胸を打たれます。有痛性を伴うエンディングの切なさは随一で… https://t.co/dEk6I0DcEL'
随一,'A.O.Z Re-BOOT ガンダム•インレ-くろうさぎのみた夢-\n(機動戦士Zガンダム公式外伝。ヘイズルというガンダムに興味を持って、ちょうど本屋にあったので購入。ちょっとほわっとした作風ではあるが機体のデザインは随一と言ってい… https://t.co/UuDn8ktwED'
随一,'【舐めたくて辛抱たま乱】\n★のあちゃん★\n彼女の舐めの技術は当店でも随一！！\nこんな雰囲気の子がこんなエロいことすんの！？\nhttps://t.co/1lMVniKkIB'
随一,'#雑な説明で好きなポケモンを紹介する\n\n・ポケモン界随一の特攻野郎\n・泳ぐ手榴弾 https://t.co/JAcOTbVeZT'
随一,'三毛縞斑の顔面があんスタ随一の美形である事実についても触れたいんだよね'
随一,'Travis Japan、“ジャニーズ随一のダンス”を武器にさらなる飛躍へ\u3000『RIDE ON TIME』第2弾放送を機に考える昨今の活躍 https://t.co/jW59jr4wXC @realsoundjpより'
随一,'瀬戸港再生プロジェクト第二段は浜松市ワーケーション拠点づくり。この工事現場はホテル滞在客が利用できる浜名湖随一の絶景空間に生まれ変わります。 https://t.co/gXqNom0YUw'
随一,'更新です。\n\nアクション小説なので戦闘描写は凝ってます。\n特に今回は随一お気に入りです。\nよろしくお願いします。\n\n#OverDose\u3000\n#カクヨム\u3000#小説宣伝\u3000\n\nhttps://t.co/CUdPF2JXXU'
随一,'@KmK_pero 乱歩作品でも随一の特殊プレイ作品なので……！良かったら……！'
随一,'逆に事務所の対応は流石だとすら思える。\nグループの歌の要で人気メンでハロー随一の歌姫で\nなのにバレた翌日には活動終了報告。\nシングルの発売とか今後のコンサートとかイベントとか全てを後回しにしてまずはその発表を1番にしてくれたからフ… https://t.co/PMiZTg832l'
随一,'優里くん、やっぱめちゃくちゃ歌上手いわあ！\nドライフラワー好きだわあ！\n彼女の元Juice=Juice高木紗友希ちゃんもハロプロ随一の歌唱力だったけど、本当ナイスカップルだよね！\nでもさゆきは脱退処分になっちゃったんだよね。恋愛禁止で。\n悲しいよぉ(泣)'
随一,'安心と信頼のリアルサウンドさん\n\nTravis Japan、“ジャニーズ随一のダンス”を武器にさらなる飛躍へ\u3000『RIDE ON TIME』第2弾放送を機に考える昨今の活躍 @realsoundjpさんから https://t.co/BuoI8oUrI3'
随一,'@Keine_in_pnpi たぶんわたしが随一の引きの悪さなだけなので、きっといい会社に出会えます！就活中は縁結びで有名な神社に500円お賽銭してました😂\nフォロワーさんにも相性の良い会社に勤めてる方もいますし……\nでもほんと、… https://t.co/VPhTHz21QL'
随一,'嵐山の評価が作中随一の光属性の爽やか好青年から作中やばい奴NO.1に押し上げた話だよ………'
随一,'@angerme_upfront 上手に体力つくりしてくださいね\nハロプロのダンストレ、ボイトレは歌謡業界随一完全なバランス成長指導してますね\n細かいこともよくお話ししてトレーニング進めましょう'
随一,'@petit_san_5 ほんっとそれ！！！！\n才能なら今のハロ随一やったのにありえない…せめて卒コンしてくれ…'
随一,'賢者随一のマジキチエピソードだった'
随一,'ハロプロ随一の歌姫を恋愛バレただけで一発アウトにするなんて、、、'
随一,'#温泉むすめ 随一の腹黒キャラ #嵐山紫雨 さん。嵐山紫雨さんに親友やお付き合いの長い友達はいらっしゃるのかな？プロフカードの相関図によると福島県の #東山季利花 さんとは親密そうですが、他に親密な方は居るのかな？… https://t.co/4IZY3HqInX'
随一,'@syatomedore 個性ならにじさんじ随一のマッド理数系グウェル・オス・ガールをよろしくお願いします！'
随一,'@CV56300333 四魔貴族随一のインテリアウナスさん\n財布どころかスマホ(所持)を忘れる愉快なアウナスさんの巻(笑)'
随一,'バーレーン油田への長距離爆撃の立役者として知られる伊空軍随一の名爆撃機部隊指揮官/パイロットであり、短期間ながらファシスト党書記長を務めたエットレ・ムーティ中佐の伝記本。\nフンドシ姿で海水浴するムーティくんが見れるだけでも買う価値… https://t.co/GTmLqxf73v'
随一,'せっかくなんで続き\n④位\u3000ボクシング\n・パンチのスピードは格闘技随一。捕まれて倒される事がなければ素手では圧倒的な強さ。\n\n⑤位\u3000空手\n・手技、足技計四本の武器があるのが強み。ルール上顔面へのパンチが認められてないので喧嘩の場で顔面パンチを反射的に出せるかがポイント。'
随一,'@akikankeri ワシの網よけの技術は日本海随一'
随一,'党内随一の腹黒という説も。 https://t.co/AsydZQ9QWV'
随一,'人の受け止め方はいろいろあると思いますが、私がみたところ、この勝負、キリンビールの勝ちだね。百万都市随一の盛り場の玄関の、人通りの多い大きな横断歩道の前で、大勢の信号待ちの人の目を引くし、なんでここまで派手に宣伝するのかな、とよく見ると、アサヒビール館の前。即ち、アサヒビール館の'
随一,'良いな……普段は周りから｢まったくあんたは！｣って見られてる竺が実質白軍随一の戦果をあげるの｡政府軍である白軍の暗殺部隊は絶対に仕事が止むことが無さそう…'
随一,'ネタの広さはやはり随一やなあ'
随一,'歌は続けて欲しいんだけどな\n歌唱力は随一だと思ってるし'
随一,'「オレの親方はヒダ随一の名人とうたわれたタクミであったが、夜長の長者に招かれたのは、老病で死期の近づいた時だった」\n\n坂口安吾『夜長姫と耳男』\nhttps://t.co/GgYrqx4mDv'
随一,'@maimoto_k 汎用性の高さは随一'
随一,'Travis Japan、“ジャニーズ随一のダンス”を武器にさらなる飛躍へ\u3000『RIDE ON TIME』第2弾放送を機に考える昨今の活躍 https://t.co/wkuSYw9T76 @realsoundjpより\n\n素晴らしい記… https://t.co/ssjsCIQrN3'
随一,'敬愛する足立康史先輩がブログで、僕が強硬派だと言う印象操作をしておられますが、僕は党内随一の穏健派です。笑\nいずれにしても、不当な議事録削除要求は拒否するとともに、政党のスタンスによって質問時間の配分を恣意的に変えるような立憲民主… https://t.co/HSX36qNVhp'
随一,'【限定特価】贅沢5品飲放付3500円⇒１９８８円！新宿随一の安さ★ぜひご利用ください♪ #新宿\u3000＃居酒屋\u3000＃百景'
随一,'@HIBIYA_008 三国先輩は作中随一の人格者だから←\n\n栗松はねぇ、ポワイはネタ構成にするよ(化身ポーンW、プラズマシャドウDF)'
随一,"'""アイドルの自覚を欠いた人""が当代随一の実力を持っていたという事実をハロプロ運営はどのように消化するんだろうか。泣いて馬謖を斬ったって思えばいいのかな。'"
随一,'はじめちゃんの重さ、エミヤオルタと比べたら全然では？と思ったけどエミヤオルタは存在が随一に重い'
随一,'我が名はめぐみん！アークウィザードにして、爆裂魔法を操る者！\nアクセル随一の魔法の使い手にして、いつか爆裂魔法を極める者！！'
随一,'【みなみ】うちのお兄ちゃんのこと舐めないでください、言っておきますけど性格の悪さにかけては私が今まで知り合った人の中で随一です'
随一,'キャストオフしたら恐ろしいくらいにめちゃくちゃ身軽なのかもしれないし、主人公補正抜きにしてもメンバー随一の高い戦闘力を誇るのも普段のぼけぼっけぶりの賜物なのかもしれない。'
随一,'おかみさんの優しさに何度救われたことか 作中随一の聖人(基本みんないい人です！！)'
随一,'カブトはストーリーがわけわからんてだけでかっこよさだけは随一なんだよな https://t.co/2pgzk9QYXh'
随一,'謹慎も何もないということは報道全部がガチということなのか…ハロ随一のスキルメンが何という…。アイドルは難しくても、是非アーティストとして頑張ってもらいたいなぁ。'
随一,'@j_ai_0109 あのお方は紅魔族随一の爆裂魔法使いなのですよ💥'
随一,'今日の絶景写真は、スイス随一の山岳リゾート地、リッフェル湖とマッターホルンの眺めです。湖面に映る“逆さマッターホルン”の美しさで知られている https://t.co/3UBbHNlY4x'
随一,'MV 「深夜徘徊」/ GUMI #sm38262521 #ニコニコ動画 #vocanew シャノンさん随一のノリの良さで、シャノンさんの軌跡を振り返る https://t.co/2lzSnhYASm'
随一,'初春型随一のおっぱい'
随一,'【関連記事】Travis Japan、“ジャニーズ随一のダンス”を武器にさらなる飛躍へ\u3000『RIDE ON TIME』第2弾放送を機に考える昨今の活躍\n\nhttps://t.co/NNpDgjNiva'
随一,'ドスケベFAリスト内随一のイケボ（自社調べ）のアタクシが歌った校歌聴いて https://t.co/kR6Jp1S6wf'
随一,'【江島（えの-しま）】\n人口：48人\n面積：0.36㎢\n女川町東部に浮かぶ島。女川原子力発電所の正面にあり、江島列島唯一の有人離島。ウミネコやウトウの繁殖地であり、周囲の海は魚貝類の宝庫である。宮城県内随一の強風地点としても知られる。島へのアクセスは、女川港・出港からの高速船。'
随一,'週末、幼稚園の発表会がある年少の次女、\nいまちょっとお腹が痛いらしく\n「あさっておやすみしちゃいけないの！！😣」\nと泣くから、大丈夫だよってお腹あっためてる。\n\nさすが三姉妹随一のしっかり者、すごい責任感。\n大丈夫大丈夫〜！'
随一,'みなさまファン投票は明日まで！！お忘れなく〜！！！\n\nそして難波の太陽けいとちゃん率いる、バラエティに富んだNMB随一のハッピーチーム「きゅんmart」に清き一票をお願いしまーーーすっ🥺🤌🏻💛🧡'
随一,'仮面ライダーゴースト\u3000ムゲン魂\n「さよなら、俺...！」\n登場作品『劇場版仮面ライダーゴースト\u3000100の眼魂とゴースト運命の瞬間』\n変身者:天空寺タケル(演:西銘駿)\n必殺技:ゴッドオメガドライブ\u3000ムゲン\n備考:戦闘シーンのCGが… https://t.co/Gmnfwm9J6Q'
随一,'ヒンヤリどうくつの水晶の美しさは国随一と有名なのですよ。一度行ってみたいですねぇ'
随一,'あの最強コンビ復活！ドミ○オン社とバトる中のシドニーパ○エル弁護士の助っ人に「随一の有名弁護士」が参戦!?今後の展開に影響大？■文化人スタッフT... https://t.co/MM936iMUZZ @YouTubeより'
随一,'あの最強コンビ復活！ドミ○オン社とバトる中のシドニーパ○エル弁護士の助っ人に「随一の有名弁護士」が参戦!?今後の展開に影響大？■文化人スタッフTニュース #188 @文化人放送局 https://t.co/TchzdREwKC https://t.co/8cLWSbKWvO'
随一,'自然災害時の政府とか各媒体動きの速さはやっぱり随一だと思うし、何事も慣れと経験よなぁ。'
随一,'ラ…ナーに片想いしてるのが軍の仲間にバレたポのガリライ、周りからの余計な気遣いで寝室同じにされたり倉庫に突然2人で朝まで閉じ込められたり組み手毎回ペアにされたりするけどナーの鈍さとポのツンデレが随一なせいで何も進展ないまま時だけがすぎてそう'
随一,'@rinrin_FTG おなじく。\n能力は訳分からんかったけど、ジョジョシリーズ随一の格好いい人だ。'
随一,'大阪随一のメンズエステ「mens spa ZEN」の最新情報\nhttps://t.co/kcrA6gEhRb'
随一,'@1jrryjP3BdIhInD 良いものを教えて下さり、ありがとうございます😊\nこの感動はなかなかないですね〜❗️ミニフィギュア系では随一な気がします！'
随一,'変化は止められないってことはマモランティス勢ひいてはドラルに対して揶揄るために語ったけど、自分が追放され変化せざるを得なかったことを負い目に感じてそう（けど落ちぶれず尚随一レベルで戦闘力鍛えてきたのがかっこいいが）ながくんだからこそ絞り出されたような結論なんだろうな……'
随一,'デニス島リゾートの国で、インド洋の真珠と呼ばれるセーシェルの中でも随一のビーチを持つ、サンゴ礁に囲まれた島唯一のラグジュアリーリゾート☆☆ https://t.co/9HBFX9EtKU世界の絶景\u3000美しい'
随一,'美しい町並みに魅了される城壁都市！クロアチア「ドゥブロヴニク」 クロアチア随一の観光地として、多くの来訪者が訪れる「ドゥブロヴニク」。その魅力は何といっても「アドリア海の真珠」と呼ばれる城壁の街です。… https://t.co/QTtOmstq7a'
随一,'当駅の次の駅だった大志田駅までは十数キロございます。\nまた冬季は最短ルートの県道は道路閉鎖となりますので、ご注意ください。また県内随一のダートとなりますのでご注意ください。'
随一,'声優随一の美女ふたりと付き合ってた(1人は結婚した)とかなんて言う勝ち組？'
随一,'最近のは知らないけど\n転パネとかNo9とかは\n他のソシャゲと比べても\n随一でしょ'
随一,'あの最強コンビ復活！ドミ○オン社とバトる中のシドニーパ○エル弁護士の助っ人に「随一の有名弁護士」が参戦!?今後の展開に影響大？■文化人スタッフT... https://t.co/CIP5CfPbGn @YouTubeより #中日新聞 #琉球新報 #NHK名古屋'
随一,'あの最強コンビ復活！ドミ○オン社とバトる中のシドニーパ○エル弁護士の助っ人に「随一の有名弁護士」が参戦!?今後の展開に影響大？■文化人スタッフT... https://t.co/Gt83Cz7vZl @YouTubeより'
随一,'@redrelief1 一度同卓しただけなのでまだ余り分かりかねますが、少なくとも音楽センスは随一でしたよ（横から+再掲失礼'
随一,'@kai_19_ ナナミン…七海建人さんをどうぞよろしくお願いします…作中随一のデキる大人なので…ぜひとも…CVつだけんを…ぜひとも……'
随一,'岸君は在満三年で、商工次官として帰って行った。だが、帰って行った岸君は満州に来た時の岸君ではなかった。省内随一の俊秀ではあったが、来た時の岸君は、まだ一介の官僚、良吏であった。が帰って行った岸君は商工省を離れ、客観的に立派な日本の政治家に成長していた。(星野直樹)'
随一,'今日はバレンタインってことでチョコとレダイグ。レダイグ、好きだなぁ…アイラじゃないけどベンロマックとかでもない気分にピッタリ。G&amp;Mのエルミタージュのやつ欲しい🤤\nそして推しショコラティエなんですよね、ルノートル。ナッツのプラリネ… https://t.co/7qAGWAtZXX'
随一,'打ちのめされながらフラライ行った^_^\n第5人格初めてから長いけど初や〜ハンターセンスのなさは随一っすね。 https://t.co/iSHAy3xPZ9'
随一,'@hitomeido @sushiMakigai 名前の長さはメイちゃんが随一だしでマジで最高では🤔🤔🤔\nさんこいち(⑅•ᴗ•⑅)°♡'
随一,'本日22:30公開！\n\nあの最強コンビ復活！ドミ○オン社とバトる中のシドニーパ○エル弁護士の助っ人に「随一の有名弁護士」が参戦!?今後の展開に影響大？■スタッフTニュース #188\nhttps://t.co/Pz4fQmoicN… https://t.co/y4TKNKtnFs'
随一,'コスモス荘コラボにお付き合いいただきありがとうございました！\nメンバー内随一の平和主義を証明できたと思います。みんなバチバチで怖いね……😢でも楽しかった～'
随一,'@taktwi ご返信ありがとうございます。佐藤先生の授業、受けてみたいですね。いわゆる美術史の入門書の域を超えた大著だと思います。専門分野を掘り下げて頂けるのは、理解が深まる上に生の授業の臨場感があります。このような趣向の本はい… https://t.co/YcO9UAUqJT'
随一,'あの最強コンビ復活！ドミ○オン社とバトる中のシドニーパ○エル弁護士の助っ人に「随一の有名弁護士」が参戦!?今後の展開に影響大？■文化人スタッフT... https://t.co/FpSvijA6Al @YouTubeより'
随一,'あの最強コンビ復活！ドミ○オン社とバトる中のシドニーパ○エル弁護士の助っ人に「随一の有名弁護士」が参戦!?今後の展開に影響大？■文化人スタッフT... https://t.co/p0wwiaM4Df @YouTubeより'
随一,'あの最強コンビ復活！ドミ○オン社とバトる中のシドニーパ○エル弁護士の助っ人に「随一の有名弁護士」が参戦!?今後の展開に影響大？■文化人スタッフT... https://t.co/EYEM7kWa4y @YouTubeより\nリンウッド弁護士がパウエルさんの弁護を受諾。'
随一,'【日本の研究.com】国内随一の科学研究情報の検索サイト「日本の研究.com」\n 研究課題の詳細情報や共同研究者の相関関係などがわかります！ https://t.co/lBiZGjLQIn'
随一,'手持ちの写真集の中でも随一のお気に入りになった。本当に素晴らしいお写真ばかり。'
随一,'楽天トラベルから富山県 高岡・氷見・砺波 の\n食事の評価が高い旅館はこちら😉\n\n🏨雨晴温泉\u3000磯はなび\n\n☑食事評価：4.4\n☑レビュー：398件\n\n富山湾でとれた海の幸と北陸随一を誇る雨晴の絶景をお楽しみください。\n\nhttps://t.co/rhJ6pz61GR'
随一,'タンブルさんの司会進行は随一だと（勝手に）思ってるし公演に隠された実はね、みたいな話死ぬほど好きなのでそろそろタンブルを浴びたい'
随一,'@BAY03366543 泣けてきます✨\nさすがベイス監督です😎\n猫界随一気配りできる猫ですね🐱✨'
随一,'山の迫る土地に展開する電鉄風景はなんとなく近鉄沿線を彷彿とさせる印象がある。思えば小田急は西の近鉄と並び称される関東私鉄随一の特急街道でもある https://t.co/D4KdJc01vH'
随一,'\\\\ 広島スタッフnote紹介\u3000No.3//\n\n【旅に全力で情熱を注ぐ自他肯定感強め\u3000\u3000\u3000\u3000の集団、その一部になる。】\n\n広島支部でも随一の明るさと元気を持つ男、あきら（@_aki_baske )のtabippoへの思いとは、、… https://t.co/DjU6ywFtUz'
随一,'企画展は今月末までなので、みなさんぜひ！\n\n来場された方には僕から「感謝の思念」を送らせていただきます😇😇😇\n\n個人的な目玉展示は、福井県勝山市で見つかった大型植物食恐竜（竜脚類）の足跡化石。\n\nレプリカですが、竜脚類の足跡として… https://t.co/G3aQXgcBrY'
随一,'ACAHはゲームシステムの観点からめちゃくちゃ酷評されてたけど、カットシーンとか演出とかストーリーとか、ゲーム性以外の要素に関してはエスコン随一だったと思う…'
随一,'@zukin22935948 zukinさん、彼こそは、公国随一の剣の使い手マルセルです(。・ω・。)ゞ僕のお気に入り←'
随一,'ちょっとその駅は県内随一の事故の多さを誇る交差点を通過していかなきゃいけないからご遠慮ねがいたいなっ'
随一,'【舐めたくて辛抱たま乱】\n★のあちゃん★\n彼女の舐めの技術は当店でも随一！！\nこんな雰囲気の子がこんなエロいことすんの！？\nhttps://t.co/1lMVniKkIB'
随一,'多分今までの配信の中でも随一なくらいタイタンフォールのやつ好きかもです。\n\nショッピングカートと3D配信には勝てないけれどね！\n\n#ぐうたらいぶ'
随一,'高校卒業してからも会うけど日が経つと何が食べれなかったか忘れてきちゃって随一確認している\n何かあったら困るので、、、'
随一,'何という絶好のシチュエーション！感謝します、深く感謝しますよカズマ！\n・・・・・・我が名ははめぐみん！紅魔族随一の魔法の使い手にして、爆裂魔法の操りし者！\n魔王の部下、ベルティアよ！我が力、見るがいい！\n『エクスプロージョン』――――――――ッッ！'
随一,'リトルマックのキツさよ…………\n不利キャラの多さが随一'
随一,'@moka3d4 チーム内の呼吸感は随一だと思ってます🥳\n\n明日も頑張ってください😤'
随一,'大阪随一のメンズエステ「mens spa ZEN」の最新情報\nhttps://t.co/rjV87yeJPs'
随一,'ココ最近随一の美 https://t.co/7Bq8rCrOT8'
随一,'「DDZynth 2」の世界唯一のトリセツ完成。素晴らしさに溜息が出る。中坊時代にフェアライトの音聞いて想像してた未来のシンセ。FFT分解できるインストは随一。基本波形＋手描き波形モードが増え、FM/PMを整理。変調回路が新しく2… https://t.co/33ZdI1GEZB'
随一,'鎌倉随一の出世・開運の最強スポットで、ペットの健康祈願｜かわいい猫の絵馬がある「おめでたスポット」 https://t.co/BbbrOiYRlG'
随一,'各グループ追加メンバーは募集しませんが新規グループのメンバーとしては随一応募してたりします'
随一,'龍殺し楽しくてバーバラ最近使ってるけど、表情の作り込みは随一なんだよな♥\n\n#原神 https://t.co/31EsHuJyuh'
随一,'帝都随一のサウンドシステム！\n#アド街'
随一,'我が名はめぐみん！アークウィザードにして、爆裂魔法を操る者！アクセル随一の魔法の使い手にして、いつか爆裂魔法を極める者!!  #紅魔族随一の天才bot'
随一,'@conan_file 歴代随一の意味不明回。\n\nこの回を書いた人、二度とコナンの脚本、書かないでくれ。\n#名探偵コナン'
随一,'@SIGENIKI ケンプファーは作中随一の格好良さやで！\nクリスとバーニィのラストは涙物だけど、作品がアルの視点だからこそ泣ける'
随一,"'[円盤の円盤9]\nジャズ・パンク＋プログレが交錯するショートチューン41曲を41分で駆け抜ける悶絶の５人組初のプレスCD。g,b,ds,sax,clを核に様々な楽器が交錯する、鋭くはぐれもの感濃厚。その厄介な食えない捻りのバンド・… https://t.co/p4aaMnwFud'"
随一,'ご存知、ないのですか！！？彼女こそオタク会随一の超オタクシンデレラ、坂田ぜのんちゃんです！！！ https://t.co/BflrNW0ftU'
随一,'一般人からの食いつかれ方は管楽器の中でも随一。'
随一,'８本目\u3000マリオカート\u3000ダブルダッシュ！！（GC）\n\nゲームキューブのマリオカート。２人乗りなのでアイテムを２つ保持できる。これにより赤甲羅緑甲羅みだれうち、サンダーのあとにスター、加速キノコ連続使用などの派手なことができる。爽快感… https://t.co/J3NareZjGx'
随一,'ヤクザ実録物の漫画が妙に充実してた北九州市某区のブックオフ、市内随一の歴史ある文教地区というかおよそガラ悪さとは縁のなさそうな場所なのに何故ここにってなった記憶はあるｗ'
随一,'@sen_chicken 随一の一途キャラなのにどうしてあんな事になってしまったのかw\n\nでもまぁ…ハードなのも良いですよね……'
随一,'【ブログ更新】\n京都観光で随一の名所である伏見稲荷大社。見どころは千本鳥居だけではない！\nということで見どころをまとめました。\nぜひ今後の京都旅行の参考にしてください。\n#旅行好きな人と繋がりたい \n#国内旅行 #一人旅 \n#京都… https://t.co/8x5oUu5mDG'
随一,'これが、にじさんじ随一の顎の魔導師、剣持です。'
随一,'美しい町並みに魅了される城壁都市！クロアチア「ドゥブロヴニク」 クロアチア随一の観光地として、多くの来訪者が訪れる「ドゥブロヴニク」。その魅力は何といっても「アドリア海の真珠」と呼ばれる城壁の街です。… https://t.co/ExQo4ayTvd'
随一,'台湾のコロナ対策の透明性は世界随一だろうな！\nこんな信頼できる政府って世界でも珍しいのでは⁉︎🤔\n#世界ふしぎ発見'
随一,'頭の上のちっちゃいちっちゃいツノが本当に可愛い\nザザさんは全ドラフの中でも随一の立派なツノ持ってるから余計に……'
随一,'@carlnotes 京都のネズミ捕りは関西圏随一のコスぃやり方だと聞いとります。(うちのマッマ坂道で少し加速したところ何度もネズミ捕りに捕まってます。5キロオーバーとかで…)'
随一,'《急募》新人セラピストさん集まれ～🙋\n\n💗高待遇💗好条件💗\nオプションバック100%や掛け持ちOKなど、働きやすさ随一です‼️\n\n🔰未経験の方も1からレクチャー致しますのでご安心を🔰\n\n#セラピスト募集 #メンエス #メンズエステ #高待遇'
随一,'アド街いま思いっきり帝都随一のサウンドシステム(名曲喫茶ライオン店内)映ってたな'
随一,'NMB随一のボディを持っているすーちゃんがんばれ〜！！(*´∀｀*) https://t.co/TuZxPbLxqw'
随一,'我が名はめぐみん！\n紅魔族随一の魔法使いにして最強の爆裂魔法を操りし者！'
随一,'Dragonforce-Through the Fire and Flames : https://t.co/bIkyUb0OVS\nみんな大好きイケメンハーマン所属のイギリスのメロスピバンド！メタル界随一のスピードスター！全てが早い！鬼早い！文句なしのキラーチューン！'
随一,'嫌いになれないから、明智が自分を見てくれるように他の人から遠ざけようとしたり、明智に良くする者達の扱いを悪くしたり…けど最後まで明智は「織田家随一の武将」だったわけで、この矛盾に見えて一貫してるノッブの歪みが麒麟がくるの本能寺の変の全てだったなと'
随一,'声優に関しては｢とりあえず様子見で｣って言ってた💧\nいやさっくんスゲーし！\nとりあえずさっくんの情熱は弟にめっちゃ伝えて、｢お願いだから批判しないでね｣みたいな圧をかけてきた(コラ)\n(因みに弟はさっくん&amp;宮田クンがジャニーズ随一のアニヲタなのを知ってる)'
随一,'楽天トラベルから新潟県 佐渡 の\nお風呂の評価が高い旅館はこちら😉\n\n🏨佐渡随一の源泉かけ流し八幡温泉\u3000八幡館＜佐渡島＞\n\n☑お風呂評価：4.5\n☑レビュー：114件\n\n佐渡の中央にあり観光にもビジネスにも便利。佐渡屈指の名湯「八… https://t.co/ltp8HkgRgt'
随一,'志摩ちゃんとかレゼっぽい関城母とかキャラデザセンスは随一\n原作:山本亮平でキチエロコメやってほしい'
随一,'マキリが完成させた本来のシステムに、さらに独自のアレンジを加えてのけた貴方は、たしかに天才だわ。さすが降霊科随一の神童と謳われただけのことはあるわよね'
随一,'【⠀ぱー教⠀】とは\nぱーぷるのぱーぷるによるぱーぷるを崇める宗教である。\n派生宗教に【⠀ー教    】があり、ぱー教専門の宗教学校であるぱー学園高校は県内随一の偏差値を誇る学校である。(偏差値12) \n\n#Peing #質問箱 https://t.co/mrF4PMp530'
随一,'気分は違うけど、対外発表があるので作業量は随一だったりする'
随一,'Season1の試合あらためて見たけど紺野ぶるまさんやっぱアンサーの返し方が好きだな〜同じゆりやん戦の｢私は鬼になる｣｢サガミよりもオリジナル｣もめちゃくちゃアガったし個人的に番組中随一のバトルだと思ってるよ…。'
随一,'みんなからの匿名質問を募集中！\n\nこんな質問に答えてるよ\n● 好きなアニメのキャラを1位〜3…\n● 我が名はめぐみん。紅魔族随一の…\n● 歌い手さん好きなんですか？…\n● 可愛いと言われた時のベストアン…\n#質問箱… https://t.co/xanbunYn9X'
随一,'大分と宮崎の境に位置する日豊本線随一の秘境駅、宗太郎駅\n\n高速からのアクセスだと、佐伯インターから降りてから山という山を越えるのでそれなりに時間がかかります https://t.co/MjY4MAvpfu'
随一,"'""""アイドリッシュセブン随一のリアコ製造機の底力を見た""""って感じのツイートですね'"
随一,'🆕新着動画🆕\n【絶対覇王】\n💰1億4000万円ホスト‼️\n🕶️sena💋\n💫TOP DANDY-1st-💫\nhttps://t.co/df6OkGDtHn\n\n歌舞伎町随一のホストクラブ🥂\nTOP DANDY -1st-の\n2021… https://t.co/sCQFBjBj7a'
随一,'齋藤コーチカテコ覚え書き\n「間違ったメンタルをお持ちの方はぜひ僕にご相談下さい、一度壊してまっさらにして差し上げます！えー連絡先は090-(ここでくろべえと三船コーチに服を掴まれ下がらされる)」\n新テニミュ随一の天衣無縫が齋藤コーチであるという推測が確信に変わってゆく'
随一,'@negitoro4688 柱でも随一の人格者なのに'
随一,'花が好きなあるはる🌸\n7ORDERで随一の鼻炎持ちなあるはる😷'
随一,'高難度:絶対零度の狂想曲\n\n 作品 MH4G\n\n  王国随一の劇作家\n\n 音すら凍る極寒の地！\n ここに極限を迎えた水蛇竜！\n そして立ち向かうは、\n ここにおわす凄腕の狩人だ！\n どうだ！\u3000この脚本に\n 文句のある者はおるまい！\n 演じるのは君だよ、狩人君！'
随一,'サバゲー界随一の精鋭隊員育成コースを乗り越えられた事に敬意を表します。おめでとうございます！ https://t.co/iuc2zfR8Zb'
随一,'今期のドラマはほぼ全滅！\n「合格ライン」を引き下げないと、何一つ「女王様の評論ライン」引っかからないから。☠️\nそんな中で、相変わらず #テレ東 ドラマは頑張ってるわよね！\n民放随一と言ってもいいわ。\n#直ちゃんは小学三年生 はど… https://t.co/CCKpoPFgDG'
随一,'動画アップしました！\n\n【新・サクラ大戦 #28】悪いヤツには...神罰てきめん！\n\nhttps://t.co/POHPDSycMy\n\n今回は初穂さんでハンマーぶん回してます！\n花組随一の爽快感やぁ～！！\n\n#ゲーム実況… https://t.co/9EM2FlyjGe'
随一,'今回随一の爆弾になります\u3000#MADLIVE_EXP'
随一,'@9Crueltys 紅魔族随一の私にかかれば全てカンストに決まっています！ https://t.co/SeXFJOr77c'
随一,'ここは世界随一のワンダーランドです。 https://t.co/e7hSZMEUP6'
随一,'ページ152 edで満面の笑みのアレクドラ。もしかすると団長戦のことを話してるんだろうか。「やはりヴァンジャンス様の大規模攻撃魔法は随一です！」てきな。いずれにしろテンション高そうな推しが見れて幸せでした。ジュースにしか見えませんが、素面なのか多少酔ってるのか想像するのも楽しい。'
随一,'相手PA内へのパスもリヴァプールがリーグトップ、2位に80本差\nちなみに2位から見て同じ80本差は11位にまで開いてる\n\n攻めれているのに点が取れないもどかしさやストレスはプレミア随一'
随一,'@kisyuuuuuuu まあ大分県も広いですからねえ別府から上と下でまた違ったりするんですけどね\n食べ物に関しては九州地方随一なのでそこは保障できるし温泉もいっぱいあるし\nもしこちら方面にくることがあればぜひ堪能していただきたいと思います'
随一,'周郎は中国三千年の中でも随一のイケメン。\n\n#博士ちゃん'
随一,"'彼女が手掛けた王都をはじめとする\n\n数々のエルトナ数寄屋造りは\n\nシンプルでありながらも奥深い""わびさび""の空間\n\n当代随一の名工と名高い彼女の信念\n\n『自分の道を貫ける人になる』\n\nずっと探してた♪理想の自分て♪\n\nもうちょっと… https://t.co/Kgs6eXcNN9'"
随一,'@Ryock_Brandnew 赤衣の男「良いのかい、始まりの竜騎?\n貴公が向かわねば霊山竜は止められないのでは?」←キヴォトス上空で明と向かい合いながら\n明「舐めんなよ?\nウチの随一の太刀使いに千刃竜だぜ?\n並の古龍どころか・・… https://t.co/jXkNTHLMvh'
随一,'何という絶好のシチュエーション！感謝します、深く感謝しますよカズマ！\n・・・・・・我が名ははめぐみん！紅魔族随一の魔法の使い手にして、爆裂魔法の操りし者！\n魔王の部下、ベルティアよ！我が力、見るがいい！\n『エクスプロージョン』――――――――ッッ！'
随一,'牧物の中で最推しはディルカなんだけど、システム面とか総合で言うとわくアニが随一なんだよね😌\nあれを超える作品は私の中ではまだない'
随一,'大阪随一のメンズエステ「mens spa ZEN」の最新情報\nhttps://t.co/ZiycRLu1t7'
随一,'全部好きなんです柱随一の色男なのに顔芸チックなの多いの大好きなんですそりゃありがたい！のとこ絶対に絶対に絶対に見たいんです、てめーらこら！のところまじで好き、何なのその口ぶるぶる……口とんがらせるの好きだね宇さん、かわいいね………'
随一,'ロボ子さんの声のセクシーさは随一よ！！\n\n#ロボ子生放送'
随一,'＠TRPG_TL\n5陣の重さは随一だと思います'
随一,'フレッシュプリキュア1話から簡潔でテンポよくて面白いな〜🤗\nラブ兄貴すごい主人公感あるしイース様も評判通りの美しさでどうやって交わっていくか楽しみ…！\nこの作品のopすっごい音痴言われてるけどひたすら明るく盛り上がるし個人的にシリーズ随一で好きなんですよね〜。期待大。'
随一,'#紅魔族っぽい名乗りを考える見た人もやる\n我が名は薬災！このすば界隈随一のセシリー推しにして最強のサディストとなる者！！ https://t.co/XmklbqkkBT'
随一,'【スイス/ツェルマット】アルプス山中\n\nアルプスを代表するスイス随一の人気観光山岳リゾート。\n一般車の乗入れが禁止されているので、\n澄んだ空気と雄大な景色が楽しめる。\nhttps://t.co/I0WKGIHeg9'
随一,'東北随一の的中率を誇る #占い師\n\n#仙台の母 #上和野麗華\n\n時に優しく、時に厳しく、人生指南！\n最後は安心できます\n\n↓仙台の母 上和野麗華の #占い はこちら\nhttps://t.co/7LBgLJPayB'
随一,'新京の繁華街と言えば吉野町、別名新京銀座。おでん屋や小料理屋、バーにカフェーもある、新京随一の歓楽街だぞ。'
随一,'地元随一の桜の名所\n金比羅山の祀られている山一面が桜に覆われていて1歩山に足を踏み入れると桜のトンネルができていて壮観\nこじんまりとしたお社も魅力'
随一,'バレンタイン、まだまだあげてないチョコもたくさんあるんだけど今年随一に美味しかったTENTOさんのチョコを推しにあげました🥰💓(同じのあげたけどこっちは自分用)推しチョコとか久々すぎて恥ずかしいけど怪文書をかやかに送りつけたので満… https://t.co/hkYxNziX31'
随一,'たくみんのコミュのメンツ346プロ随一の強者揃いで草 https://t.co/xrssDUCuEY'
随一,'我が名はめぐみん！紅魔族随一の魔法の使い手にして爆裂魔法を操りしもの。我を差し置き最強を名乗る魔王。そんな存在は我が最強魔法で消し飛ばしてみせましょう！ #このすば'
随一,'@ss1418bob 過去の作品の中でも随一の出来'
随一,'@wildend_henka \nホラー系では随一の記事ですね\n一大事なので早々に何とかしないとなのですが……'
随一,'今日ユーさんにCD手渡ししたんだけど、そん時に、あのキスしたーカードは博物館に収納されてるんだよねって言い出して、滅茶苦茶笑った。\n※台湾随一の博物館は世界三大博物館の故宮博物院です'
随一,'夜中だけどいっぱい歩いて疲れたのでﾁｮｺ食べちゃう･･\n自分さんへのﾊﾞﾚﾝﾀｲﾝﾁｮｺは県下随一の生チョコレート、シルスマリア様のスノーベリー。ひさしぶりに食べたけどやっぱりめちゃうまぁぁぁぁ✨✨✨\nｲﾁﾏﾂ先生にいただいたﾁｮ… https://t.co/0ilSadotLI'
随一,'我が家随一のリア充・菜月ニキ、\n「宮尾って彼女いるん？👀」\n「いるよ🙂」（彼氏を彼女ということに抵抗がないゲイ）\n「えっマジ！？😳うちの学校？他校？」\n「他校っていうか年上？高卒の社会人🙂」\n「へーっ、マジかそうなんだ👀」\nって感じなので'
随一,'我が名はパチュリー。紅魔館随一の魔法の使い手にして、七種の魔法を操りし者。我が力、見るがいい！ロイヤルフレア！'
随一,'【Vivienne Westwood お売りください】ベクトル沖浜店・北島店ではヴィヴィアンウエストウッドの買取を強化しております。県内随一の買取実績！ぜひお持ちください！→https://t.co/C3KEsCFHET https://t.co/fGOMTF1O7X'
随一,'アレンジが違っていたらラブライブシリーズ随一の感動曲になっていた可能性をひしひしと感じる曲ランキング1位は……Super LOVE=Super LIVE!'
随一,'💜くんの配信聴けないので💗くんの話題出たら随一教えてくれると嬉しいです！！！！'
随一,'島根県eスポーツ連合の一翼を担ってる江津理工クラブ主催【江津ホビー祭り】\n例年数千人も集める県西随一のカルチャーイベント‼️もちろんeスポーツも予定。西部のゲーマー達❗️楽しみにしてて下さい‼️\n@52satc… https://t.co/PGQgi5847v'
随一,'でもアルちゃまは学園都市随一の天使なので'
随一,'@OPBakiyama 周りの動きが少ないからガードが仕方なく打つパターンもある(単発のシュートだから入っても流れがこない・入らないなら尚更)と思う\nビールはNBA随一のスコアラーだからそこは点取る事に集中させた方がいい\nんーやっ… https://t.co/RF2xHoUhVN'
随一,'あとね…私結構鬼の中で随一に堕姫さん大好きなんで、めちゃくちゃ描きたいですね\nキメ学梅ちゃんバージョンも好きですが…\nやっぱ美しいって最強だよ…'
随一,'@terako219 それ！！！！！！！！！！！！\n鬼滅随一の癒しほっこりペア見たい🥰'
随一,'手紙の変態さは珠嫁随一では？'
随一,'キャストリア、アルトリアシリーズ随一の可愛さ。\n（他がアレだとは言ってない）'
随一,'@hiromupomupomu 市内随一の不良の集まり中学だった\nなのに市内一番綺麗な学校という…'
随一,'美しい町並みに魅了される城壁都市！クロアチア「ドゥブロヴニク」 クロアチア随一の観光地として、多くの来訪者が訪れる「ドゥブロヴニク」。その魅力は何といっても「アドリア海の真珠」と呼ばれる城壁の街です。… https://t.co/mPilGmADWK'
随一,'🔰KOF02um🔰\u3000Max combo for beginners.④\n\n４人目は香澄ちんのコンボでございます♨\n発動後のどこキャンの繋ぎで、後半部分が割と忙しい所はありますが、キャンセル発動からの繋ぎ易さは随一です☆\n画面端は扇… https://t.co/8ApWciwQET'
随一,'【限定特価】贅沢5品飲放付3500円⇒１９８８円！新宿随一の安さ★ぜひご利用ください♪ #新宿\u3000＃居酒屋\u3000＃百景'
随一,'J随一のゴール裏弾幕賑やかさが完成されそうw\n\nその勢いでさらにゲーフラも増える予感✨'
随一,'@yu_shad_ かっこよさはシャドバ界で随一です(*´ω｀*)'
随一,'無限城決戦の際、宇髄さんを輝利哉さまの側にアドバイザーとして置いておいたら良かったのではないかと未だに思うことはある。\n鬼殺隊随一のフィールドコマンダーよ、この人。'
随一,'いかにも！\n我は紅魔族随一の魔法の使い手、めぐみん！\n我が必殺の魔法は山をも崩し、岩をも砕く…！\n\n#このすば'
随一,'地震への対策の強さは静岡県が随一だったはずなのに、誇りだったのに、今じゃどこもかしこも震度6強で笑ってやがる......'
随一,'@nana7powers (うん。テレビのレギュラーも嬉しいけど、ファンとしてはみんなのことがちゃんと伝わってくるラジオがありがたい。そこは事務所随一のラジオ数なのかな？WESTの自力で成り立ってるお仕事やね✨)'
随一,'@yasmetal07121 メインストーリー、サブイベ、ミニゲームなどなど完成度はシリーズ随一だと思いますよ。\n一応シリーズ全部やりましたから😊'
随一,'こゝろは今年やった卓の中でも随一に拗らせハマるかもしれない'
随一,'遊郭編、鬼いちゃんが出てきたときの絶望は作中でも随一'
随一,'またネットのクソ見出しのクソ記事見つけてしもたけど、割とメンバー皆のことを褒めてくれてたしジャニーズ随一の仲良いグループですエピソードも入れてくれたのでまあ見出しの件に関しては事実無根なので許してやろう気分でいます'
随一,'@byden__ 可愛いよね〜\nにじさんじ随一の不憫な子です'
随一,'#ビビリ代表りと\n#DbD\n#DeadbyDaylight \n\n数あるDbD動画チャンネルの中でも\n随一の面白編集で仕上げてくる\n配信者さんの、りとさんです！\n\n戦犯シリーズめちゃくちゃ好きです。\n\n参加型DbD開催しているとの事… https://t.co/GjcjYKiihD'
随一,'@dontore_UE3 うえさん😭リプありがとうゴザマス😭✨\n\nお久しぶりです。😊\u3000うえさんの紳士力は秋葉、随一だと思うので、防御力に全振りに萌えます😁'
随一,'#指揮官と艦船のバレンタイン\n今年は原点回帰という事で、この艦隊随一の戦力かつ再推しのこの人から！ https://t.co/pscDIQIqfW'
随一,'もちろんカメクラ随一の常識人として名を馳せるまこちんさんなので、「初手大判の術」「ジナーは救い」「ペッツヴァールを信じろ」「ハイスピードレンズの勝利」などとは言わず、極々普通に35mm判一眼レフカメラをオススメしました'
随一,'ルイス、俺はな……エピオテスの体力の無さはこの軍随一だと思うんだ'
随一,'CS ・星組公演『ロックオペラ\u3000モーツァルト』\nこのぐらい歌えればロックオペラに偽りなし。\nBrilliaホールの記憶が蘇る。\n先週まで「ブロードウェイミュージカル」演ってたどこかの2人とは歌のレベルが違う。\n歌劇団かくあるべし。\n娘1のダンスレベルは随一だし。'
随一,'ワヒロのバレンタインの治安の悪さはソシャゲ界随一'
随一,'ロミジュリ初日雑感。\n・バレンタインに初日ありがとう。\n・幕あがって直後。愛が美しい。裾さばきに気をつけたらきっとさらに美しい。\n・ティボルトは歴代随一キャラ合ってると思う。いつキレるともしれない危険な男感するー\n・出てきて速攻ナイフを落とすティボさん。かわいい。'
随一,'柱随一の常識人、宇随さんだ！！やったぜ！！！'
随一,'頼れる相棒の鴉の名前は虹丸です……鎹鴉界随一のお洒落鴉です……仲間の生き物達にお揃いの額当てを作ってあげる愛情深くて頼れる優しいあんちゃん、宇髄天元さんをみんな見て………'
随一,'きめつ界随一の謎生物ムキムキねずみ'
随一,'【舐めたくて辛抱たま乱】\n★のあちゃん★\n彼女の舐めの技術は当店でも随一！！\nこんな雰囲気の子がこんなエロいことすんの！？\nhttps://t.co/1lMVniKkIB'
随一,'既にMaxTulと信頼関係を築いている@mtsupportersjpがあるのに新しいJFC作る必要ある？\n出演·配信情報も翻訳もやっていらっしゃるし、サポート活動もしている。\nしかも、ご本人たち、マネージャーにも認識されてるから交… https://t.co/Bls7qK0GXF'
随一,'昨日放送の渡邉美穂さんの恐怖ドッキリは、土田兄が言うように、素晴らしく魅力的に映っていて、坂道でも随一のドッキリだったかな。'
随一,'@nagkirio 初期雄山は作品内随一の老害ですから……'
随一,'@RED__TL 謹慎中だから逆にチョコの効果について知らないとかあんのかな\u3000チョコ貰ったら食べるしドキドキしたら勘違いしそうではある\u3000自宅随一の愉快な男なので…'
随一,'毎日息を吸うように怒られて息を吐くようにインシデント出してる👍まるで呼吸☆全集中とか使えなくてもインシデントは出せる！炭治郎もビックリ☆私のインシデント生産量は院内でも随一！多分もう柱！いつ柱合会議に呼ばれるかドキドキが止まらない🤗'
随一,'きめつでは遊郭随一にすきなので！！！'
随一,'ちなみにｷﾒﾂ随一の推しカプは嫁宇です'
随一,'柱随一のイケメン登場✨ https://t.co/OJPqSKYX1h'
随一,'ムサシはポケモン随一の良い女だ！ https://t.co/xGG1XNHmW2'
随一,"'Grandia Xtreme OST \n全曲収録でないのに注意。前二作からどこか映画音楽的になったのは時代の流れだろうか。それ故に比較的に余り印象に残らなくなったが、それでも""幻想の草原""は美しいし""Jolly Life""は親しみ… https://t.co/5axZGhPZkf'"
随一,'ふっ！\n次は我の番(ターン)！\n我が名はめぐみん。\n紅魔族随一の魔法使いにして―。\n\n#このすば'
随一,'Dさんの球団運営のうまさは随一だなぁと思うのでほんと各球団見習ってくれよな…とはおもう'
随一,'我が名はめぐみん！アークウィザードにして、爆裂魔法を操る者！アクセル随一の魔法の使い手にして、いつか爆裂魔法を極める者!!  #紅魔族随一の天才bot'
随一,'裏地界でも随一の、シリアルの見づらさ🤣\n\n麻雀卓とかビリヤード台の感じです。笑\n\n#ルイヴィトン #LouisVuitton #ソナチネ #バッグ #M51902 https://t.co/i1dYVUSPYy'
随一,'一番ギャグが多い話だけど戦闘シーンのアツさは随一でしょ。それがあの鬼作画となると期待しかない。'
随一,'「カトラミナ(四鞘盾)」\n\n神に挑んだ剣帝の側近たる四名。何れも神魔であり、随一の戦闘性能を誇っていた。'
随一,'我が名はめぐみん！アークウィザードにして、爆裂魔法を操る者！\nアクセル随一の魔法の使い手にして、いつか爆裂魔法を極める者！！'
随一,'@nhk_seiten 300年の永きに渡って戦乱の無かった江戸時代\n欧州を中心に再評価の気運が高まっています\n\nまた、家康が手掛けた初期の江戸市街は、当時のパリ、ロンドンをも上回る人口を誇り\n衛生、治安の両面においても\n世界随一でした'
随一,'作中随一のイケメンが痛い目に遭うのを楽しく書く私はもしかしてサイコなのかもしれない……とちょっと思いましたけど、愛です。'
随一,'フィッシュボーン随一の頭脳派、ひでろうさんは考えることが違う'
随一,'@mikuka_3818 花家先生、非合法な医者だけあり\n盤外戦術や駆け引きとか、洞察や精神力\nに長けてて戦闘も強いけど、なぜかメンバー随一\nの脳筋気質ですからね…事前に人事を尽くすけど\n開幕後それでゴリ押すみたいな('
随一,'東京上野ジャイアントパンダズ\n中島田道一(31) 右投右打 捕\n率220本6点41\nインサイドワークとキャッチングは球界随一。今年もいぶし銀の渋すぎる活躍が期待されるが、球界ナンバーワン捕手へは打撃向上が求められる。トレードマークはメガネ。'
随一,'僕達礁国の科学技術は大空陸随一だ。それでも、雲より高く飛ぶ飛行機は実現できないし、落雷がガスに引火すればこの飛行船は一瞬に燃え上がる。その危険を承知で、僕達は征かなくてはならない。波濤の向こうへ───'
随一,'【シンガポール】マレー半島の先端に位置する都市国家であるとともに、東南アジア随一の世界都市。マリーナ・ベイ・サンズやマーライオンといた名所から、開発の進むセントーサ島などリゾートも存在する。チャイナ・タウンやアラブ・ストリート、リトル・インディアなどエキゾチックな地区がある。'
随一,'渋沢栄一の渋さは随一'
随一,'ただ今年の大河、マジでスタート5分のTwitter映えは随一の感がありますね。どうも徳川家康ですじゃないんだよ'
随一,'これもゼルダの為に買ったんだよね\nふしぎのぼうしの終盤の難易度はシリーズ随一だと思う（セレクトボタンの機能を忘れていたのが悪い）'
随一,'@toriatamadori プレイ済のフォロワーさんから勧められたキャラでした。不器用ですがヒロインへの愛は攻略キャラ随一だと思いました。'
随一,'@35351010cat そうなんですよ！\nサムのメンタルの強さ、数ある登場人物の中でも随一です。\nサムの脳内構造はどうなってるんですかね?'
随一,'kさん:中の人の(2)。主にRPGを得意とし、たとえエキスパートであっても颯爽と攻略してしまう。レパートリーが遊戯部内では随一広いため、どの部員であろうと会話が噛み合う。スマホを出しっぱなしにしてしまいYouTubeの履歴を部員に漁られるなどお茶目な一面もある'
随一,'@Aoi_gintoki10 我が名はこめっこ！紅魔族随一の魔性の娘にして、我が家のお留守番係を任されしもの！これから宜しくねっ'
随一,'@mgn0805 （こんにちは…）ベルセリア、プレイしたのが昔すぎて詳細の記憶が薄いのですが最終的にエレノアの強さに涙した覚えがあります、でも確かにシリーズ随一の重さですよね…！まだまだ重い展開が続くと思いますが頑張って下さい！'
随一,'パキってしまえば最後、二度と目覚めることはないかもしれない\nたとえ危険な道でもガァルルの意思を尊重したいと決意を固める2人\n3人の絆の深さはプリパラ随一といっても良いくらいだね… https://t.co/0Ygkc2WEjs'
随一,'カルデア随一の常識人みたいなポジションになってるカーマちゃんとかジャンヌオルタとかが好きです'
随一,'【スイス】リッフェル湖\nスイス随一の山岳リゾート。湖面に映る“逆さマッターホルン”の美しさで知られている。\nhttps://t.co/lgVPXtL72t'
随一,'シスさん、悪女風をよそおっていて、んぴ界隈で随一の人が良すぎる人だと勝手におもてる'
随一,'DQ2イベントとのことで、ロンダルキアと聞くだけで鬼畜だった終盤を思い出すねw\n\nサマルトリアの王子はすけさんじゃないんだなw\n\nサマルトリアもムーンブルクも強そうだけど、シリーズ随一の超脳筋王子のローレシアがどうなるか非常に気になるところ\n\n#ドラクエタクト\n#トンヌラ'
随一,'@Denzi_Chainsaw お迎えに来てくれてありがとう！ごほんっ…我が名はこめっこ！紅魔族随一の魔性の娘にして、我が家のお留守番係を任されしもの… ！'
随一,'墓使徒は今はバレンタインネタよりも『にゃんとにお』とチートリュとハロウィンで妄想が忙しくて……ってあれ？\u3000チートリュが墓使徒バレンタインじゃん。チートリュはね、R18だからさ……ってよりもチー冷もR18だな。チー守は弊荘園の墓守内で随一の性欲の高さを誇るからなぁ……仕方ないね'
随一,'@DQ_TACT 最高難易度だった2ですね！\nザラキが出てこなくて良かった。\nあれはファミコン随一のトラウマだった・・・\n懐かしい。\n2イベント、めいっぱい楽しみます☺️\n#ドラクエタクト\n#トンヌラ'
随一,'「晴天を衝け」。\n渋沢栄一は別段興味無いんだけど、藍色が目を引く画面に惹かれてついつい最後まで観てしもた。\nあと未だ出て来てないけど、吉沢亮は私の顔の好み一点に於いて当代随一の俳優なので、それでちょっと観たいような感じはしてる。'
随一,'びださんを語るうえでノリ以外ある？？？？？？しょっぱなからの糧飯とのやりとり見たことある？？？マジ異常ｄぜ？？？（）あのやわらかい絵柄から想像できないノリの良さは随一。ここ最近で出会った人で一位です。'
